sale_id,store_id,customer_id,employee_id,sale_datetime,payment_method
1,4,656,67,2026-05-08 19:00:00,Debit
2,3,639,51,2026-06-01 19:00:00,Credit
3,1,254,7,2026-02-04 15:00:00,Credit
4,2,125,32,2026-07-15 15:00:00,Debit
5,2,560,31,2026-03-08 19:00:00,Cash
6,3,150,45,2026-07-20 11:00:00,Credit
7,1,560,7,2026-06-08 11:00:00,Debit
8,2,505,34,2026-04-04 19:00:00,Cash
9,2,427,36,2026-04-26 11:00:00,Credit
10,1,595,10,2026-05-19 15:00:00,Credit
11,3,364,49,2026-07-20 15:00:00,Debit
12,4,367,69,2026-05-01 19:00:00,Debit
13,5,672,83,2026-05-17 09:00:00,Debit
14,3,144,53,2026-05-15 17:00:00,Cash
15,2,386,38,2026-04-27 17:00:00,Cash
16,3,539,53,2026-05-17 17:00:00,Credit
17,3,633,57,2026-06-19 13:00:00,Credit
18,1,682,4,2026-07-06 13:00:00,Debit
19,5,243,82,2026-05-25 13:00:00,Credit
20,4,64,71,2026-04-14 19:00:00,Credit
21,1,622,21,2026-06-15 17:00:00,Credit
22,5,137,85,2026-04-23 15:00:00,Credit
23,2,166,36,2026-05-10 13:00:00,Cash
24,4,685,66,2026-03-19 09:00:00,Credit
25,1,418,19,2026-02-01 13:00:00,Cash
26,4,658,78,2026-04-22 17:00:00,Credit
27,4,366,67,2026-05-16 15:00:00,Credit
28,2,81,27,2026-06-28 09:00:00,Cash
29,2,554,33,2026-02-08 09:00:00,Credit
30,1,367,3,2026-07-27 13:00:00,Credit
31,5,531,88,2026-01-19 13:00:00,Debit
32,3,270,45,2026-05-04 17:00:00,Credit
33,2,61,27,2026-03-11 19:00:00,Credit
34,2,64,30,2026-06-25 17:00:00,Debit
35,1,37,12,2026-07-20 17:00:00,Credit
36,5,565,94,2026-06-20 19:00:00,Credit
37,2,231,43,2026-01-02 15:00:00,Debit
38,2,234,23,2026-04-28 19:00:00,Credit
39,1,389,22,2026-07-07 15:00:00,Cash
40,4,387,67,2026-05-02 15:00:00,Debit
41,3,631,56,2026-05-04 15:00:00,Debit
42,1,95,19,2026-05-02 13:00:00,Credit
43,1,582,2,2026-06-26 19:00:00,Credit
44,4,130,77,2026-03-02 09:00:00,Credit
45,2,251,32,2026-04-20 17:00:00,Credit
46,3,79,53,2026-05-04 17:00:00,Cash
47,1,226,15,2026-06-27 13:00:00,Cash
48,2,670,30,2026-04-18 13:00:00,Cash
49,5,56,90,2026-04-18 15:00:00,Debit
50,3,141,61,2026-06-09 09:00:00,Credit
51,2,146,24,2026-05-04 13:00:00,Credit
52,3,22,60,2026-06-15 19:00:00,Credit
53,2,87,24,2026-06-10 19:00:00,Debit
54,4,394,77,2026-04-01 19:00:00,Credit
55,1,54,22,2026-04-22 15:00:00,Debit
56,1,345,9,2026-06-01 19:00:00,Cash
57,1,445,14,2026-01-24 19:00:00,Cash
58,5,398,88,2026-06-26 11:00:00,Cash
59,2,267,28,2026-05-19 17:00:00,Debit
60,2,16,31,2026-07-08 11:00:00,Cash
61,5,303,89,2026-02-08 17:00:00,Cash
62,2,257,43,2026-06-12 13:00:00,Cash
63,1,271,6,2026-04-22 13:00:00,Debit
64,2,368,38,2026-05-15 09:00:00,Cash
65,4,82,71,2026-03-02 17:00:00,Cash
66,2,283,31,2026-07-15 11:00:00,Debit
67,1,672,2,2026-06-05 19:00:00,Credit
68,1,451,19,2026-01-22 15:00:00,Debit
69,1,266,9,2026-06-02 19:00:00,Credit
70,3,46,52,2026-07-12 17:00:00,Debit
71,1,243,7,2026-05-04 15:00:00,Debit
72,2,658,36,2026-07-22 15:00:00,Debit
73,1,418,21,2026-04-26 13:00:00,Debit
74,2,378,24,2026-07-20 09:00:00,Debit
75,5,217,89,2026-07-01 11:00:00,Cash
76,3,353,51,2026-06-26 17:00:00,Debit
77,4,665,65,2026-01-24 11:00:00,Credit
78,5,589,92,2026-07-19 15:00:00,Cash
79,4,622,78,2026-07-17 19:00:00,Cash
80,2,590,32,2026-05-09 11:00:00,Credit
81,2,323,26,2026-07-12 13:00:00,Cash
82,2,361,40,2026-06-14 13:00:00,Cash
83,1,460,14,2026-04-16 17:00:00,Credit
84,2,251,36,2026-07-05 19:00:00,Cash
85,3,350,55,2026-02-09 19:00:00,Credit
86,1,648,7,2026-04-05 17:00:00,Credit
87,4,568,78,2026-01-04 15:00:00,Cash
88,1,171,3,2026-07-27 15:00:00,Credit
89,2,363,27,2026-05-13 19:00:00,Debit
90,3,345,48,2026-03-10 11:00:00,Cash
91,1,419,21,2026-06-12 19:00:00,Debit
92,4,138,68,2026-05-25 15:00:00,Cash
93,4,8,74,2026-07-17 11:00:00,Cash
94,3,603,53,2026-04-15 11:00:00,Credit
95,1,538,19,2026-05-02 17:00:00,Cash
96,4,183,67,2026-05-11 15:00:00,Credit
97,4,532,71,2026-06-24 13:00:00,Cash
98,4,122,72,2026-04-12 13:00:00,Debit
99,2,266,42,2026-03-06 13:00:00,Credit
100,5,566,84,2026-06-05 11:00:00,Credit
101,3,200,45,2026-01-18 15:00:00,Debit
102,4,585,76,2026-01-07 13:00:00,Cash
103,2,113,26,2026-02-15 13:00:00,Debit
104,4,286,66,2026-05-03 19:00:00,Debit
105,4,335,68,2026-06-08 17:00:00,Cash
106,2,76,33,2026-05-24 15:00:00,Credit
107,2,195,40,2026-07-26 15:00:00,Cash
108,4,252,67,2026-06-21 17:00:00,Cash
109,2,482,27,2026-07-22 11:00:00,Debit
110,4,651,65,2026-06-10 11:00:00,Cash
111,4,503,69,2026-06-01 15:00:00,Cash
112,1,647,19,2026-04-09 17:00:00,Credit
113,3,308,52,2026-05-22 19:00:00,Debit
114,3,366,62,2026-05-21 15:00:00,Debit
115,2,430,37,2026-03-25 17:00:00,Debit
116,2,327,44,2026-05-06 15:00:00,Credit
117,2,496,38,2026-04-05 17:00:00,Cash
118,2,221,36,2026-03-10 13:00:00,Credit
119,2,401,37,2026-04-22 13:00:00,Debit
120,2,225,33,2026-07-09 15:00:00,Cash
121,4,171,69,2026-04-14 13:00:00,Cash
122,1,620,18,2026-07-20 13:00:00,Credit
123,5,342,90,2026-01-13 11:00:00,Cash
124,1,204,6,2026-01-07 13:00:00,Cash
125,2,383,33,2026-06-10 19:00:00,Debit
126,1,21,17,2026-06-01 09:00:00,Credit
127,2,309,23,2026-07-02 11:00:00,Credit
128,3,127,57,2026-06-02 13:00:00,Cash
129,2,79,25,2026-07-09 19:00:00,Cash
130,4,555,67,2026-06-14 09:00:00,Credit
131,4,320,73,2026-07-07 19:00:00,Debit
132,2,103,31,2026-01-09 15:00:00,Cash
133,2,417,40,2026-04-14 11:00:00,Debit
134,2,392,23,2026-07-18 15:00:00,Debit
135,4,111,77,2026-07-25 17:00:00,Credit
136,2,379,38,2026-01-25 13:00:00,Cash
137,1,86,4,2026-04-05 19:00:00,Cash
138,1,86,5,2026-07-16 17:00:00,Debit
139,3,239,46,2026-05-24 19:00:00,Debit
140,2,38,33,2026-04-11 19:00:00,Cash
141,2,215,40,2026-04-01 13:00:00,Debit
142,2,473,38,2026-04-21 13:00:00,Cash
143,2,108,36,2026-06-24 11:00:00,Cash
144,1,125,6,2026-02-01 11:00:00,Credit
145,2,508,28,2026-07-02 19:00:00,Cash
146,4,429,75,2026-05-24 19:00:00,Credit
147,2,693,31,2026-05-10 17:00:00,Cash
148,2,145,32,2026-07-19 17:00:00,Cash
149,3,620,53,2026-07-23 13:00:00,Debit
150,2,139,28,2026-07-24 17:00:00,Cash
151,3,154,60,2026-05-11 15:00:00,Credit
152,5,97,93,2026-01-23 11:00:00,Debit
153,1,359,21,2026-06-20 11:00:00,Cash
154,4,282,72,2026-04-01 19:00:00,Debit
155,3,261,62,2026-04-20 17:00:00,Cash
156,3,222,53,2026-03-19 11:00:00,Credit
157,2,661,35,2026-02-26 15:00:00,Debit
158,2,631,44,2026-07-20 13:00:00,Debit
159,1,94,20,2026-01-08 19:00:00,Credit
160,1,54,5,2026-05-01 13:00:00,Cash
161,4,513,66,2026-05-16 13:00:00,Credit
162,2,364,32,2026-04-13 17:00:00,Cash
163,2,171,43,2026-02-20 19:00:00,Debit
164,3,257,48,2026-07-18 15:00:00,Cash
165,5,375,93,2026-06-06 09:00:00,Cash
166,2,196,35,2026-05-20 17:00:00,Debit
167,1,370,17,2026-06-01 11:00:00,Credit
168,1,260,17,2026-04-04 19:00:00,Credit
169,3,408,46,2026-01-09 17:00:00,Cash
170,3,32,60,2026-03-02 19:00:00,Cash
171,3,664,62,2026-05-16 17:00:00,Credit
172,1,182,5,2026-01-23 11:00:00,Credit
173,2,64,33,2026-07-02 15:00:00,Credit
174,4,629,63,2026-03-28 11:00:00,Debit
175,4,174,74,2026-07-11 19:00:00,Cash
176,1,686,2,2026-06-14 19:00:00,Credit
177,1,86,6,2026-06-05 17:00:00,Debit
178,1,178,21,2026-06-23 15:00:00,Cash
179,4,360,66,2026-07-10 13:00:00,Debit
180,2,475,25,2026-07-03 17:00:00,Credit
181,5,606,79,2026-03-03 11:00:00,Credit
182,4,253,72,2026-03-12 15:00:00,Cash
183,3,136,54,2026-07-07 17:00:00,Credit
184,2,324,36,2026-03-09 11:00:00,Credit
185,4,303,71,2026-03-07 11:00:00,Cash
186,2,358,43,2026-02-12 17:00:00,Cash
187,2,600,35,2026-06-27 11:00:00,Credit
188,2,662,44,2026-03-23 15:00:00,Debit
189,1,276,3,2026-06-17 17:00:00,Cash
190,4,119,68,2026-03-15 13:00:00,Debit
191,1,675,19,2026-06-12 17:00:00,Credit
192,2,9,28,2026-02-12 19:00:00,Debit
193,2,367,32,2026-04-04 11:00:00,Credit
194,2,632,37,2026-03-01 15:00:00,Cash
195,2,250,31,2026-05-13 15:00:00,Cash
196,2,42,30,2026-04-22 15:00:00,Cash
197,1,411,19,2026-05-09 19:00:00,Credit
198,1,537,7,2026-02-10 19:00:00,Cash
199,4,56,65,2026-02-11 17:00:00,Debit
200,4,170,77,2026-02-12 15:00:00,Credit
201,3,83,50,2026-03-06 13:00:00,Credit
202,4,569,74,2026-05-24 13:00:00,Credit
203,2,404,29,2026-04-16 17:00:00,Debit
204,3,99,57,2026-07-23 13:00:00,Credit
205,2,290,44,2026-07-13 17:00:00,Cash
206,4,501,63,2026-06-18 09:00:00,Credit
207,4,349,63,2026-03-08 13:00:00,Cash
208,3,142,60,2026-04-03 17:00:00,Credit
209,1,670,6,2026-04-03 13:00:00,Debit
210,1,36,9,2026-04-22 19:00:00,Debit
211,1,477,3,2026-04-17 19:00:00,Debit
212,3,13,50,2026-02-28 15:00:00,Debit
213,1,498,21,2026-05-22 15:00:00,Cash
214,2,650,26,2026-07-10 15:00:00,Cash
215,4,485,73,2026-07-17 13:00:00,Cash
216,5,545,91,2026-02-06 19:00:00,Cash
217,1,203,17,2026-01-23 17:00:00,Cash
218,4,41,66,2026-05-02 15:00:00,Debit
219,2,259,36,2026-01-20 17:00:00,Debit
220,3,184,54,2026-06-01 17:00:00,Debit
221,2,611,26,2026-05-10 17:00:00,Debit
222,4,87,66,2026-05-13 13:00:00,Credit
223,4,354,77,2026-06-14 19:00:00,Cash
224,3,537,59,2026-07-27 19:00:00,Credit
225,1,654,4,2026-04-05 17:00:00,Debit
226,2,310,36,2026-06-11 19:00:00,Debit
227,1,82,14,2026-07-09 17:00:00,Credit
228,4,553,70,2026-05-10 17:00:00,Cash
229,4,448,71,2026-04-16 13:00:00,Cash
230,3,620,57,2026-03-17 17:00:00,Credit
231,3,425,49,2026-03-14 13:00:00,Debit
232,2,227,30,2026-06-21 13:00:00,Credit
233,3,624,59,2026-03-20 13:00:00,Cash
234,2,572,23,2026-06-18 15:00:00,Debit
235,2,511,29,2026-04-15 11:00:00,Cash
236,3,677,47,2026-06-09 15:00:00,Cash
237,2,543,34,2026-07-03 13:00:00,Debit
238,2,160,42,2026-04-22 15:00:00,Cash
239,1,24,10,2026-04-14 15:00:00,Cash
240,4,135,75,2026-07-13 19:00:00,Cash
241,5,114,88,2026-02-13 13:00:00,Credit
242,4,564,76,2026-06-24 19:00:00,Debit
243,4,372,66,2026-04-20 13:00:00,Cash
244,4,515,75,2026-07-25 17:00:00,Credit
245,4,461,68,2026-05-15 13:00:00,Credit
246,2,476,43,2026-01-27 13:00:00,Credit
247,3,429,58,2026-02-19 17:00:00,Credit
248,3,516,47,2026-06-05 17:00:00,Cash
249,2,256,28,2026-04-01 13:00:00,Cash
250,3,616,57,2026-06-12 09:00:00,Cash
251,2,246,28,2026-03-06 15:00:00,Debit
252,5,67,79,2026-07-11 11:00:00,Credit
253,2,248,28,2026-05-22 17:00:00,Debit
254,2,164,30,2026-02-20 19:00:00,Debit
255,4,694,76,2026-01-24 09:00:00,Cash
256,5,267,82,2026-07-03 17:00:00,Cash
257,4,450,78,2026-06-18 17:00:00,Cash
258,1,41,12,2026-07-27 19:00:00,Debit
259,3,128,48,2026-05-21 15:00:00,Credit
260,4,115,68,2026-06-19 17:00:00,Debit
261,2,216,31,2026-04-08 19:00:00,Credit
262,2,504,30,2026-06-15 19:00:00,Debit
263,2,265,41,2026-06-11 17:00:00,Debit
264,3,27,52,2026-06-05 15:00:00,Debit
265,2,163,41,2026-06-10 19:00:00,Cash
266,2,132,27,2026-06-22 13:00:00,Cash
267,2,217,41,2026-04-21 13:00:00,Debit
268,1,530,13,2026-01-12 17:00:00,Debit
269,3,602,61,2026-02-12 17:00:00,Debit
270,2,538,38,2026-04-16 17:00:00,Credit
271,2,351,30,2026-04-22 19:00:00,Debit
272,1,123,21,2026-02-20 17:00:00,Credit
273,2,537,30,2026-05-21 19:00:00,Cash
274,1,338,17,2026-06-13 17:00:00,Credit
275,2,82,24,2026-07-28 17:00:00,Debit
276,2,188,43,2026-03-09 19:00:00,Credit
277,1,624,9,2026-06-06 09:00:00,Cash
278,2,66,27,2026-06-24 19:00:00,Cash
279,2,596,38,2026-03-08 17:00:00,Debit
280,1,650,3,2026-07-02 13:00:00,Credit
281,2,556,41,2026-05-16 11:00:00,Credit
282,3,115,59,2026-04-01 17:00:00,Cash
283,1,1,9,2026-07-20 17:00:00,Debit
284,3,495,61,2026-05-06 13:00:00,Debit
285,5,350,87,2026-04-28 15:00:00,Cash
286,2,187,38,2026-04-15 11:00:00,Credit
287,2,184,25,2026-07-16 15:00:00,Debit
288,3,654,62,2026-02-28 15:00:00,Credit
289,1,514,10,2026-02-08 13:00:00,Debit
290,4,625,69,2026-05-22 13:00:00,Cash
291,3,176,50,2026-04-07 17:00:00,Cash
292,3,670,58,2026-04-17 19:00:00,Cash
293,2,311,34,2026-07-16 19:00:00,Credit
294,2,461,32,2026-06-27 17:00:00,Debit
295,2,414,24,2026-06-01 17:00:00,Debit
296,2,20,29,2026-07-15 17:00:00,Credit
297,3,330,58,2026-03-27 13:00:00,Debit
298,2,633,39,2026-05-07 19:00:00,Debit
299,4,492,78,2026-02-08 11:00:00,Credit
300,4,287,75,2026-04-23 15:00:00,Credit
301,1,449,10,2026-06-09 15:00:00,Credit
302,2,424,27,2026-07-03 13:00:00,Credit
303,3,252,55,2026-05-18 11:00:00,Cash
304,2,299,23,2026-06-18 15:00:00,Credit
305,4,322,74,2026-01-26 17:00:00,Debit
306,4,472,74,2026-03-11 15:00:00,Debit
307,1,24,5,2026-07-09 13:00:00,Credit
308,3,50,61,2026-05-26 15:00:00,Credit
309,5,33,89,2026-05-01 17:00:00,Cash
310,2,78,41,2026-05-21 09:00:00,Credit
311,5,526,81,2026-07-18 11:00:00,Cash
312,5,442,87,2026-06-07 17:00:00,Debit
313,2,339,25,2026-07-24 11:00:00,Credit
314,3,443,45,2026-04-17 17:00:00,Debit
315,2,9,30,2026-01-27 15:00:00,Debit
316,2,335,40,2026-03-08 17:00:00,Debit
317,3,364,49,2026-03-27 17:00:00,Credit
318,4,547,64,2026-03-06 11:00:00,Credit
319,2,236,44,2026-07-11 19:00:00,Credit
320,1,223,12,2026-02-09 13:00:00,Credit
321,1,385,1,2026-07-15 11:00:00,Debit
322,4,458,77,2026-07-07 15:00:00,Debit
323,1,96,6,2026-07-19 19:00:00,Cash
324,5,215,82,2026-06-04 11:00:00,Debit
325,4,216,65,2026-04-11 15:00:00,Cash
326,2,17,23,2026-03-04 19:00:00,Debit
327,4,370,72,2026-04-28 11:00:00,Credit
328,2,87,43,2026-07-10 13:00:00,Cash
329,4,282,73,2026-07-01 19:00:00,Credit
330,1,532,5,2026-03-19 09:00:00,Credit
331,3,215,54,2026-06-02 17:00:00,Debit
332,3,532,49,2026-07-14 11:00:00,Cash
333,4,113,68,2026-06-12 19:00:00,Credit
334,2,272,42,2026-04-21 13:00:00,Debit
335,1,36,5,2026-01-01 19:00:00,Debit
336,1,174,6,2026-04-20 17:00:00,Credit
337,1,68,4,2026-07-03 15:00:00,Debit
338,2,618,43,2026-04-18 15:00:00,Credit
339,2,673,40,2026-05-09 11:00:00,Debit
340,5,585,85,2026-06-04 15:00:00,Credit
341,1,85,4,2026-02-05 13:00:00,Cash
342,2,257,28,2026-07-04 13:00:00,Cash
343,3,533,61,2026-04-15 17:00:00,Cash
344,5,384,83,2026-03-05 13:00:00,Cash
345,4,395,64,2026-07-24 19:00:00,Credit
346,5,244,84,2026-01-21 09:00:00,Debit
347,2,193,43,2026-05-16 19:00:00,Cash
348,2,559,37,2026-07-15 17:00:00,Credit
349,4,346,68,2026-06-17 19:00:00,Debit
350,2,680,26,2026-07-25 17:00:00,Cash
351,4,375,76,2026-06-09 09:00:00,Cash
352,1,469,4,2026-05-04 13:00:00,Credit
353,2,464,36,2026-04-28 13:00:00,Cash
354,5,187,91,2026-02-28 19:00:00,Cash
355,1,204,12,2026-07-08 17:00:00,Cash
356,3,49,62,2026-02-28 15:00:00,Debit
357,2,163,26,2026-06-17 11:00:00,Cash
358,1,156,18,2026-06-20 13:00:00,Cash
359,2,411,32,2026-03-02 19:00:00,Debit
360,5,140,88,2026-07-16 15:00:00,Credit
361,1,628,20,2026-06-22 13:00:00,Credit
362,1,165,8,2026-04-05 15:00:00,Debit
363,4,255,74,2026-06-13 17:00:00,Credit
364,1,127,19,2026-07-05 19:00:00,Cash
365,1,336,1,2026-05-22 13:00:00,Cash
366,1,613,16,2026-04-04 17:00:00,Credit
367,3,625,59,2026-04-04 17:00:00,Credit
368,1,279,2,2026-07-24 13:00:00,Debit
369,4,600,68,2026-03-21 15:00:00,Cash
370,3,536,48,2026-07-25 13:00:00,Credit
371,5,248,94,2026-06-20 19:00:00,Cash
372,5,287,87,2026-04-21 11:00:00,Debit
373,3,366,47,2026-04-22 19:00:00,Credit
374,1,227,19,2026-07-08 17:00:00,Debit
375,3,500,62,2026-02-25 19:00:00,Cash
376,4,684,75,2026-04-17 19:00:00,Credit
377,3,101,48,2026-06-26 17:00:00,Credit
378,5,619,92,2026-03-19 17:00:00,Debit
379,3,472,61,2026-01-21 17:00:00,Credit
380,5,443,79,2026-07-21 17:00:00,Credit
381,2,423,23,2026-01-11 11:00:00,Cash
382,2,353,34,2026-07-12 19:00:00,Credit
383,2,651,31,2026-07-11 15:00:00,Credit
384,1,411,12,2026-07-18 17:00:00,Credit
385,4,552,70,2026-07-11 13:00:00,Debit
386,4,416,73,2026-02-24 11:00:00,Cash
387,2,498,34,2026-03-13 13:00:00,Debit
388,4,173,73,2026-07-25 11:00:00,Credit
389,1,574,10,2026-05-17 17:00:00,Cash
390,2,96,25,2026-04-23 09:00:00,Cash
391,3,150,55,2026-07-13 19:00:00,Cash
392,2,301,42,2026-02-13 11:00:00,Cash
393,5,42,86,2026-04-08 15:00:00,Cash
394,1,225,8,2026-07-01 15:00:00,Credit
395,2,250,23,2026-07-05 09:00:00,Cash
396,2,582,29,2026-05-18 17:00:00,Debit
397,1,397,9,2026-05-13 17:00:00,Cash
398,4,380,74,2026-04-26 13:00:00,Credit
399,2,253,40,2026-04-23 11:00:00,Cash
400,1,488,18,2026-07-26 19:00:00,Debit
401,1,661,18,2026-07-08 17:00:00,Credit
402,2,449,38,2026-05-02 15:00:00,Cash
403,2,460,40,2026-07-06 09:00:00,Cash
404,1,66,22,2026-04-28 17:00:00,Debit
405,1,29,20,2026-06-19 13:00:00,Debit
406,2,221,44,2026-06-05 19:00:00,Debit
407,2,584,39,2026-06-10 13:00:00,Debit
408,1,7,20,2026-05-22 17:00:00,Credit
409,3,73,47,2026-04-04 17:00:00,Cash
410,2,616,28,2026-02-07 13:00:00,Credit
411,1,92,4,2026-07-24 11:00:00,Debit
412,2,391,38,2026-07-13 19:00:00,Credit
413,4,441,71,2026-03-10 13:00:00,Debit
414,1,663,21,2026-03-07 13:00:00,Credit
415,2,621,24,2026-06-17 13:00:00,Cash
416,1,542,1,2026-04-06 09:00:00,Credit
417,2,577,34,2026-04-26 19:00:00,Credit
418,5,549,85,2026-03-20 15:00:00,Debit
419,1,588,6,2026-06-05 17:00:00,Debit
420,3,456,45,2026-07-06 15:00:00,Cash
421,1,320,10,2026-05-26 19:00:00,Credit
422,2,103,38,2026-03-17 11:00:00,Credit
423,3,675,62,2026-07-11 19:00:00,Debit
424,4,347,70,2026-07-22 17:00:00,Debit
425,1,414,2,2026-07-16 11:00:00,Debit
426,1,676,19,2026-07-16 19:00:00,Credit
427,4,540,75,2026-02-21 13:00:00,Cash
428,3,203,54,2026-03-05 15:00:00,Cash
429,2,504,26,2026-05-03 15:00:00,Debit
430,2,295,44,2026-06-10 15:00:00,Cash
431,1,315,19,2026-07-07 19:00:00,Cash
432,5,50,79,2026-05-21 13:00:00,Credit
433,5,54,92,2026-04-12 19:00:00,Cash
434,2,46,29,2026-07-17 13:00:00,Credit
435,2,75,29,2026-03-08 17:00:00,Debit
436,1,391,7,2026-06-01 09:00:00,Cash
437,1,339,6,2026-04-08 17:00:00,Debit
438,4,160,67,2026-04-27 15:00:00,Cash
439,2,642,32,2026-06-14 17:00:00,Credit
440,5,11,92,2026-06-09 15:00:00,Debit
441,2,500,31,2026-07-07 19:00:00,Cash
442,1,460,5,2026-06-02 17:00:00,Cash
443,3,501,47,2026-01-04 11:00:00,Credit
444,2,698,35,2026-02-24 13:00:00,Debit
445,2,123,35,2026-03-19 13:00:00,Credit
446,5,531,80,2026-05-16 13:00:00,Debit
447,2,189,25,2026-02-02 19:00:00,Cash
448,4,147,77,2026-03-20 13:00:00,Cash
449,4,194,69,2026-06-17 17:00:00,Cash
450,2,257,28,2026-05-05 13:00:00,Debit
451,2,157,32,2026-07-02 15:00:00,Cash
452,1,450,1,2026-03-07 13:00:00,Debit
453,1,165,5,2026-03-17 13:00:00,Cash
454,5,531,79,2026-01-22 09:00:00,Cash
455,4,147,66,2026-06-11 13:00:00,Cash
456,1,397,19,2026-04-19 09:00:00,Credit
457,4,76,63,2026-06-02 17:00:00,Cash
458,4,290,75,2026-05-19 17:00:00,Debit
459,5,354,93,2026-03-16 17:00:00,Debit
460,5,230,83,2026-02-18 19:00:00,Debit
461,3,165,56,2026-03-13 19:00:00,Cash
462,1,421,18,2026-07-05 09:00:00,Credit
463,5,416,92,2026-02-21 13:00:00,Debit
464,2,346,33,2026-05-13 15:00:00,Cash
465,2,196,41,2026-06-07 13:00:00,Credit
466,5,475,92,2026-06-26 17:00:00,Debit
467,3,556,59,2026-03-05 15:00:00,Debit
468,5,53,85,2026-07-28 17:00:00,Credit
469,2,530,36,2026-07-22 15:00:00,Credit
470,5,684,84,2026-01-07 15:00:00,Debit
471,5,412,85,2026-06-25 11:00:00,Credit
472,2,499,33,2026-05-28 17:00:00,Cash
473,5,37,82,2026-06-24 17:00:00,Credit
474,1,340,3,2026-01-28 19:00:00,Debit
475,5,219,88,2026-04-24 11:00:00,Credit
476,2,458,38,2026-07-19 19:00:00,Debit
477,3,164,49,2026-04-04 19:00:00,Credit
478,2,576,40,2026-05-20 15:00:00,Cash
479,2,256,26,2026-07-23 19:00:00,Cash
480,5,139,91,2026-07-04 17:00:00,Debit
481,2,372,37,2026-02-01 17:00:00,Cash
482,2,688,41,2026-05-01 19:00:00,Debit
483,4,139,72,2026-07-12 09:00:00,Cash
484,2,202,43,2026-02-26 19:00:00,Debit
485,2,618,38,2026-07-26 11:00:00,Credit
486,3,259,51,2026-06-06 13:00:00,Cash
487,2,171,24,2026-05-01 15:00:00,Cash
488,1,346,2,2026-04-15 19:00:00,Debit
489,4,341,64,2026-06-15 17:00:00,Credit
490,4,20,72,2026-07-01 17:00:00,Debit
491,1,689,9,2026-05-13 09:00:00,Cash
492,2,435,36,2026-04-17 19:00:00,Cash
493,2,198,38,2026-07-24 13:00:00,Debit
494,2,683,33,2026-07-22 11:00:00,Cash
495,5,110,86,2026-01-05 19:00:00,Credit
496,1,90,3,2026-01-19 19:00:00,Credit
497,4,633,65,2026-06-11 19:00:00,Credit
498,3,339,48,2026-07-15 17:00:00,Cash
499,1,84,6,2026-06-07 19:00:00,Credit
500,3,239,51,2026-02-14 19:00:00,Credit
501,3,488,51,2026-04-21 15:00:00,Cash
502,5,693,80,2026-06-06 15:00:00,Debit
503,1,270,5,2026-01-06 19:00:00,Cash
504,2,78,29,2026-03-04 17:00:00,Credit
505,4,651,72,2026-06-08 11:00:00,Cash
506,2,354,30,2026-06-07 15:00:00,Cash
507,1,166,3,2026-07-22 13:00:00,Credit
508,1,441,3,2026-04-24 09:00:00,Cash
509,4,691,65,2026-06-01 19:00:00,Debit
510,3,621,47,2026-07-12 17:00:00,Cash
511,2,492,34,2026-07-15 13:00:00,Debit
512,2,195,30,2026-05-18 19:00:00,Cash
513,1,473,11,2026-06-14 15:00:00,Debit
514,2,395,36,2026-07-15 11:00:00,Credit
515,4,648,67,2026-07-13 19:00:00,Debit
516,2,177,27,2026-05-27 17:00:00,Cash
517,5,154,87,2026-03-01 15:00:00,Debit
518,1,563,9,2026-05-06 13:00:00,Credit
519,1,164,16,2026-06-16 15:00:00,Cash
520,1,489,20,2026-07-03 19:00:00,Debit
521,1,427,16,2026-05-16 19:00:00,Credit
522,5,634,92,2026-06-11 17:00:00,Cash
523,1,383,5,2026-02-10 13:00:00,Debit
524,2,428,30,2026-05-01 15:00:00,Credit
525,5,650,94,2026-06-28 19:00:00,Debit
526,2,131,33,2026-05-11 17:00:00,Cash
527,2,243,30,2026-07-23 17:00:00,Debit
528,2,98,35,2026-07-11 15:00:00,Credit
529,3,273,47,2026-02-16 15:00:00,Debit
530,2,147,34,2026-03-25 13:00:00,Credit
531,2,636,38,2026-03-01 13:00:00,Cash
532,1,322,20,2026-03-11 15:00:00,Cash
533,1,612,20,2026-07-07 19:00:00,Credit
534,2,517,32,2026-01-07 15:00:00,Credit
535,4,306,71,2026-04-27 19:00:00,Credit
536,1,432,3,2026-01-21 17:00:00,Debit
537,2,392,40,2026-07-05 15:00:00,Credit
538,3,467,53,2026-06-04 19:00:00,Credit
539,3,331,45,2026-05-06 17:00:00,Credit
540,1,323,13,2026-04-16 13:00:00,Cash
541,1,335,20,2026-05-11 15:00:00,Credit
542,3,524,46,2026-04-25 17:00:00,Cash
543,3,144,49,2026-02-03 19:00:00,Credit
544,2,369,34,2026-07-08 11:00:00,Debit
545,1,559,2,2026-04-03 15:00:00,Cash
546,2,92,29,2026-07-23 11:00:00,Debit
547,1,246,2,2026-06-28 13:00:00,Cash
548,3,231,60,2026-01-21 19:00:00,Credit
549,1,141,17,2026-06-05 19:00:00,Debit
550,2,523,32,2026-06-22 15:00:00,Debit
551,1,42,7,2026-06-14 17:00:00,Cash
552,1,83,19,2026-03-16 09:00:00,Debit
553,2,550,23,2026-07-13 13:00:00,Cash
554,4,398,68,2026-03-18 13:00:00,Credit
555,4,267,75,2026-03-07 13:00:00,Credit
556,3,668,61,2026-05-15 17:00:00,Debit
557,1,211,7,2026-02-13 19:00:00,Cash
558,4,608,72,2026-04-23 17:00:00,Debit
559,2,259,29,2026-06-08 17:00:00,Cash
560,1,342,7,2026-01-27 11:00:00,Debit
561,5,401,84,2026-04-11 15:00:00,Debit
562,2,255,25,2026-06-26 19:00:00,Cash
563,1,12,9,2026-01-01 17:00:00,Credit
564,2,100,24,2026-04-19 19:00:00,Debit
565,1,382,3,2026-03-14 17:00:00,Debit
566,2,123,32,2026-01-25 09:00:00,Credit
567,2,124,43,2026-07-26 19:00:00,Cash
568,5,116,81,2026-07-16 11:00:00,Cash
569,1,280,9,2026-07-19 17:00:00,Credit
570,3,221,47,2026-05-24 17:00:00,Debit
571,3,477,58,2026-01-16 15:00:00,Credit
572,5,288,88,2026-05-02 17:00:00,Cash
573,2,193,30,2026-07-01 17:00:00,Cash
574,2,577,36,2026-01-21 09:00:00,Cash
575,5,49,88,2026-05-08 17:00:00,Debit
576,1,168,12,2026-04-27 15:00:00,Cash
577,5,655,90,2026-06-18 11:00:00,Debit
578,1,300,5,2026-04-15 19:00:00,Cash
579,4,443,65,2026-05-18 15:00:00,Cash
580,2,462,40,2026-02-12 17:00:00,Cash
581,1,641,5,2026-01-17 19:00:00,Cash
582,2,588,27,2026-06-24 11:00:00,Credit
583,4,115,64,2026-04-27 15:00:00,Cash
584,1,169,8,2026-01-18 17:00:00,Cash
585,3,383,62,2026-04-04 13:00:00,Debit
586,2,418,26,2026-07-08 17:00:00,Credit
587,3,193,45,2026-05-27 17:00:00,Cash
588,4,314,70,2026-05-03 17:00:00,Debit
589,2,196,23,2026-03-21 11:00:00,Credit
590,1,697,3,2026-02-06 19:00:00,Credit
591,2,678,35,2026-07-14 19:00:00,Credit
592,3,312,58,2026-04-13 13:00:00,Cash
593,3,696,60,2026-05-20 17:00:00,Credit
594,2,393,40,2026-04-09 17:00:00,Credit
595,2,503,23,2026-06-12 19:00:00,Debit
596,1,557,3,2026-05-03 15:00:00,Credit
597,2,466,35,2026-07-21 19:00:00,Cash
598,2,318,40,2026-06-16 09:00:00,Cash
599,4,132,63,2026-03-14 11:00:00,Cash
600,2,579,35,2026-05-15 13:00:00,Cash
601,3,530,60,2026-01-19 11:00:00,Credit
602,5,616,89,2026-04-06 09:00:00,Debit
603,1,494,16,2026-02-27 09:00:00,Credit
604,1,181,13,2026-07-26 17:00:00,Credit
605,2,506,30,2026-03-28 17:00:00,Cash
606,2,143,27,2026-06-04 11:00:00,Cash
607,5,376,92,2026-06-01 15:00:00,Credit
608,3,109,58,2026-07-12 17:00:00,Debit
609,1,67,3,2026-05-23 15:00:00,Debit
610,4,250,67,2026-06-16 15:00:00,Credit
611,1,457,22,2026-02-06 17:00:00,Cash
612,2,673,28,2026-03-03 19:00:00,Cash
613,2,308,27,2026-05-08 13:00:00,Cash
614,3,13,48,2026-01-02 15:00:00,Cash
615,3,141,55,2026-05-01 13:00:00,Credit
616,4,490,78,2026-07-07 17:00:00,Credit
617,1,73,5,2026-04-21 17:00:00,Cash
618,1,490,17,2026-05-28 17:00:00,Credit
619,2,641,34,2026-03-25 15:00:00,Credit
620,4,329,75,2026-04-25 15:00:00,Credit
621,1,621,8,2026-06-12 15:00:00,Cash
622,5,417,84,2026-05-26 15:00:00,Credit
623,3,615,45,2026-03-25 09:00:00,Debit
624,1,657,2,2026-02-25 11:00:00,Debit
625,2,350,32,2026-03-21 19:00:00,Cash
626,3,524,60,2026-07-28 19:00:00,Debit
627,4,699,67,2026-07-19 17:00:00,Debit
628,2,632,43,2026-06-11 15:00:00,Credit
629,2,609,39,2026-03-09 19:00:00,Credit
630,2,357,32,2026-07-08 17:00:00,Credit
631,4,613,76,2026-05-14 13:00:00,Cash
632,3,303,51,2026-06-26 11:00:00,Cash
633,3,474,61,2026-06-18 13:00:00,Credit
634,1,211,20,2026-06-10 17:00:00,Cash
635,4,384,70,2026-03-21 19:00:00,Debit
636,2,350,27,2026-03-19 15:00:00,Debit
637,3,403,45,2026-03-13 19:00:00,Credit
638,1,564,19,2026-07-16 15:00:00,Debit
639,2,438,43,2026-04-09 09:00:00,Debit
640,3,144,50,2026-05-13 13:00:00,Credit
641,2,72,31,2026-07-02 09:00:00,Credit
642,2,434,29,2026-03-26 11:00:00,Credit
643,5,640,87,2026-05-01 11:00:00,Debit
644,2,274,40,2026-03-20 17:00:00,Debit
645,4,226,68,2026-02-18 17:00:00,Debit
646,1,629,9,2026-06-06 11:00:00,Debit
647,1,471,20,2026-03-14 13:00:00,Credit
648,5,245,88,2026-07-09 11:00:00,Debit
649,2,238,26,2026-06-13 15:00:00,Credit
650,2,394,42,2026-05-05 17:00:00,Debit
651,1,504,14,2026-06-07 19:00:00,Cash
652,2,453,42,2026-01-17 17:00:00,Credit
653,2,700,35,2026-06-20 19:00:00,Credit
654,4,281,70,2026-03-11 13:00:00,Cash
655,2,25,44,2026-03-20 19:00:00,Cash
656,2,23,35,2026-06-15 17:00:00,Cash
657,2,457,36,2026-04-16 15:00:00,Credit
658,2,267,38,2026-04-09 13:00:00,Credit
659,1,544,7,2026-07-21 15:00:00,Credit
660,5,163,81,2026-04-25 13:00:00,Cash
661,3,262,59,2026-01-03 15:00:00,Credit
662,2,191,30,2026-07-09 19:00:00,Debit
663,2,636,24,2026-05-08 19:00:00,Cash
664,3,181,54,2026-07-28 19:00:00,Cash
665,2,201,42,2026-05-06 13:00:00,Cash
666,1,184,18,2026-07-09 19:00:00,Credit
667,4,157,68,2026-05-12 17:00:00,Credit
668,4,526,63,2026-04-06 17:00:00,Cash
669,2,481,27,2026-01-05 11:00:00,Credit
670,2,286,37,2026-06-12 17:00:00,Credit
671,2,656,42,2026-06-23 13:00:00,Credit
672,1,542,16,2026-04-01 13:00:00,Cash
673,4,538,77,2026-05-24 15:00:00,Cash
674,5,415,87,2026-04-20 17:00:00,Cash
675,5,38,85,2026-02-28 15:00:00,Credit
676,3,423,57,2026-04-10 11:00:00,Debit
677,2,17,29,2026-01-16 11:00:00,Debit
678,4,144,72,2026-06-15 19:00:00,Debit
679,2,259,38,2026-01-08 19:00:00,Debit
680,2,426,24,2026-05-07 15:00:00,Credit
681,5,55,90,2026-07-04 13:00:00,Debit
682,5,613,88,2026-07-28 15:00:00,Debit
683,4,491,65,2026-05-02 19:00:00,Debit
684,2,104,27,2026-04-17 11:00:00,Cash
685,3,646,61,2026-03-01 15:00:00,Debit
686,1,356,20,2026-04-26 17:00:00,Debit
687,2,449,38,2026-01-17 17:00:00,Debit
688,4,580,65,2026-01-25 17:00:00,Credit
689,5,651,87,2026-04-22 17:00:00,Credit
690,1,283,13,2026-07-03 17:00:00,Credit
691,1,583,7,2026-04-05 11:00:00,Debit
692,4,262,69,2026-07-14 17:00:00,Credit
693,5,495,81,2026-02-02 13:00:00,Credit
694,2,82,44,2026-07-22 15:00:00,Debit
695,4,481,71,2026-04-24 19:00:00,Cash
696,2,647,44,2026-07-27 17:00:00,Debit
697,2,533,44,2026-06-27 17:00:00,Debit
698,4,23,76,2026-07-08 13:00:00,Debit
699,2,415,24,2026-07-10 15:00:00,Cash
700,2,569,30,2026-07-04 19:00:00,Credit
701,4,556,74,2026-03-05 19:00:00,Debit
702,4,249,68,2026-04-11 13:00:00,Cash
703,2,59,36,2026-07-03 17:00:00,Debit
704,4,342,74,2026-02-16 19:00:00,Credit
705,2,406,41,2026-05-16 19:00:00,Credit
706,2,169,33,2026-07-10 13:00:00,Credit
707,3,85,47,2026-06-28 11:00:00,Cash
708,1,664,5,2026-05-16 19:00:00,Credit
709,1,376,22,2026-03-05 13:00:00,Cash
710,5,42,84,2026-06-22 17:00:00,Debit
711,2,41,42,2026-01-19 11:00:00,Credit
712,4,503,66,2026-03-06 19:00:00,Debit
713,3,628,54,2026-06-17 09:00:00,Credit
714,1,528,4,2026-06-09 11:00:00,Debit
715,3,347,50,2026-06-02 15:00:00,Cash
716,2,670,35,2026-05-17 13:00:00,Debit
717,4,335,69,2026-03-28 13:00:00,Credit
718,2,602,26,2026-06-02 09:00:00,Credit
719,1,290,11,2026-05-05 17:00:00,Cash
720,2,126,43,2026-03-16 15:00:00,Cash
721,5,215,94,2026-05-19 13:00:00,Cash
722,1,51,2,2026-02-07 13:00:00,Debit
723,2,408,33,2026-07-15 17:00:00,Debit
724,1,323,19,2026-04-23 15:00:00,Cash
725,1,426,3,2026-07-06 19:00:00,Debit
726,4,246,78,2026-04-02 19:00:00,Debit
727,5,10,90,2026-06-14 09:00:00,Cash
728,2,495,39,2026-06-11 09:00:00,Credit
729,1,518,9,2026-04-22 19:00:00,Cash
730,2,627,29,2026-05-19 17:00:00,Debit
731,4,606,72,2026-06-02 15:00:00,Cash
732,5,418,81,2026-05-10 13:00:00,Debit
733,4,624,70,2026-04-15 19:00:00,Debit
734,4,668,64,2026-03-09 13:00:00,Credit
735,3,544,52,2026-05-13 13:00:00,Credit
736,1,441,2,2026-07-08 15:00:00,Credit
737,4,427,63,2026-03-27 19:00:00,Cash
738,4,314,64,2026-06-25 17:00:00,Debit
739,5,119,86,2026-03-22 17:00:00,Debit
740,2,15,44,2026-04-18 17:00:00,Debit
741,1,133,9,2026-06-16 09:00:00,Credit
742,3,437,51,2026-06-14 11:00:00,Cash
743,1,556,18,2026-02-10 13:00:00,Cash
744,1,4,8,2026-07-28 11:00:00,Credit
745,4,117,77,2026-07-09 19:00:00,Debit
746,1,524,4,2026-06-25 15:00:00,Debit
747,3,95,56,2026-03-03 13:00:00,Credit
748,2,636,25,2026-03-09 17:00:00,Credit
749,1,548,7,2026-04-17 19:00:00,Debit
750,5,399,92,2026-06-12 09:00:00,Credit
751,4,195,78,2026-07-13 13:00:00,Cash
752,4,673,78,2026-01-24 13:00:00,Cash
753,4,43,64,2026-04-21 13:00:00,Debit
754,1,382,21,2026-05-01 19:00:00,Debit
755,2,88,27,2026-07-11 19:00:00,Credit
756,3,485,60,2026-05-04 17:00:00,Cash
757,5,34,89,2026-06-11 11:00:00,Credit
758,2,110,24,2026-07-10 09:00:00,Debit
759,3,389,49,2026-07-23 13:00:00,Debit
760,2,373,25,2026-04-03 19:00:00,Debit
761,2,292,33,2026-04-01 09:00:00,Credit
762,3,103,56,2026-07-17 17:00:00,Credit
763,1,127,6,2026-03-11 13:00:00,Cash
764,1,319,18,2026-07-08 09:00:00,Cash
765,5,592,88,2026-02-23 17:00:00,Cash
766,3,42,54,2026-02-13 17:00:00,Debit
767,1,71,4,2026-04-24 09:00:00,Cash
768,1,370,13,2026-07-02 15:00:00,Cash
769,1,254,3,2026-02-18 19:00:00,Debit
770,1,107,21,2026-06-19 17:00:00,Credit
771,2,699,39,2026-06-05 11:00:00,Credit
772,5,591,85,2026-01-17 19:00:00,Debit
773,2,398,29,2026-01-07 17:00:00,Cash
774,2,593,32,2026-02-19 15:00:00,Debit
775,2,262,43,2026-07-04 17:00:00,Cash
776,2,260,27,2026-07-13 17:00:00,Cash
777,1,255,5,2026-06-04 19:00:00,Cash
778,1,74,22,2026-07-24 09:00:00,Debit
779,1,668,7,2026-03-04 17:00:00,Cash
780,1,212,15,2026-06-14 11:00:00,Credit
781,1,333,14,2026-06-04 19:00:00,Debit
782,3,651,49,2026-06-15 17:00:00,Credit
783,2,679,30,2026-03-22 19:00:00,Debit
784,2,444,37,2026-03-02 13:00:00,Credit
785,1,537,10,2026-07-02 17:00:00,Credit
786,2,182,36,2026-07-05 13:00:00,Credit
787,2,357,32,2026-06-03 17:00:00,Cash
788,1,489,13,2026-03-28 13:00:00,Debit
789,1,241,21,2026-03-05 09:00:00,Debit
790,2,149,26,2026-07-18 15:00:00,Debit
791,4,675,72,2026-05-23 11:00:00,Cash
792,2,290,31,2026-01-04 13:00:00,Credit
793,4,589,68,2026-06-18 19:00:00,Cash
794,2,336,40,2026-05-05 19:00:00,Debit
795,2,314,36,2026-01-07 11:00:00,Debit
796,3,686,56,2026-03-07 17:00:00,Credit
797,2,345,34,2026-06-08 13:00:00,Debit
798,4,576,63,2026-05-16 13:00:00,Cash
799,1,45,7,2026-05-05 13:00:00,Debit
800,2,562,37,2026-07-03 11:00:00,Cash
801,1,38,9,2026-06-07 13:00:00,Credit
802,5,461,85,2026-04-09 17:00:00,Credit
803,2,257,42,2026-03-04 11:00:00,Cash
804,4,284,68,2026-07-08 09:00:00,Cash
805,4,222,76,2026-06-27 15:00:00,Debit
806,1,285,1,2026-05-08 19:00:00,Debit
807,3,169,45,2026-07-25 15:00:00,Cash
808,1,198,6,2026-06-01 17:00:00,Credit
809,1,215,7,2026-01-06 11:00:00,Credit
810,2,138,24,2026-01-15 13:00:00,Credit
811,4,307,76,2026-06-12 17:00:00,Credit
812,3,8,50,2026-07-06 15:00:00,Debit
813,1,112,3,2026-03-27 19:00:00,Credit
814,1,171,9,2026-02-04 15:00:00,Cash
815,2,606,41,2026-05-22 15:00:00,Debit
816,4,581,69,2026-02-20 15:00:00,Debit
817,2,324,31,2026-06-26 15:00:00,Cash
818,1,201,13,2026-06-25 19:00:00,Debit
819,2,119,27,2026-05-03 19:00:00,Credit
820,1,491,13,2026-06-28 11:00:00,Cash
821,3,185,62,2026-06-05 09:00:00,Credit
822,4,622,65,2026-03-02 15:00:00,Credit
823,2,266,31,2026-02-17 15:00:00,Debit
824,2,211,27,2026-07-02 15:00:00,Credit
825,3,74,58,2026-02-05 17:00:00,Cash
826,3,169,53,2026-02-25 13:00:00,Debit
827,1,681,1,2026-06-25 09:00:00,Cash
828,1,653,19,2026-04-25 17:00:00,Credit
829,1,552,21,2026-03-26 11:00:00,Debit
830,1,154,12,2026-06-20 09:00:00,Debit
831,2,300,31,2026-02-17 17:00:00,Credit
832,1,553,16,2026-07-20 17:00:00,Debit
833,2,296,39,2026-07-03 11:00:00,Cash
834,4,446,77,2026-04-16 09:00:00,Credit
835,1,252,13,2026-01-22 13:00:00,Debit
836,3,543,49,2026-02-24 15:00:00,Debit
837,2,276,39,2026-02-14 11:00:00,Credit
838,5,175,91,2026-04-02 13:00:00,Cash
839,1,417,7,2026-06-21 15:00:00,Credit
840,2,364,23,2026-07-18 15:00:00,Cash
841,4,190,67,2026-07-28 19:00:00,Credit
842,1,259,17,2026-07-04 19:00:00,Credit
843,5,641,87,2026-07-24 09:00:00,Cash
844,1,255,17,2026-07-16 19:00:00,Credit
845,2,410,31,2026-06-17 17:00:00,Credit
846,1,695,10,2026-01-23 15:00:00,Cash
847,1,315,14,2026-05-22 17:00:00,Debit
848,1,134,12,2026-03-14 17:00:00,Cash
849,4,258,65,2026-05-07 11:00:00,Debit
850,4,647,75,2026-07-10 19:00:00,Credit
851,2,44,28,2026-06-25 13:00:00,Debit
852,4,700,68,2026-06-12 13:00:00,Debit
853,1,87,16,2026-07-24 09:00:00,Debit
854,2,590,39,2026-07-28 13:00:00,Cash
855,5,378,86,2026-01-08 17:00:00,Cash
856,3,340,49,2026-05-27 19:00:00,Debit
857,3,39,54,2026-06-22 17:00:00,Cash
858,3,222,51,2026-07-10 13:00:00,Debit
859,1,126,13,2026-05-19 13:00:00,Cash
860,1,615,15,2026-02-04 11:00:00,Cash
861,2,622,29,2026-07-04 17:00:00,Credit
862,3,138,57,2026-06-07 15:00:00,Cash
863,2,79,25,2026-03-14 19:00:00,Cash
864,4,98,77,2026-05-11 19:00:00,Cash
865,4,9,63,2026-07-24 19:00:00,Credit
866,1,110,11,2026-01-26 09:00:00,Debit
867,1,14,8,2026-02-20 15:00:00,Cash
868,2,291,42,2026-05-23 15:00:00,Credit
869,5,697,85,2026-07-01 19:00:00,Debit
870,2,79,32,2026-07-05 19:00:00,Cash
871,1,589,10,2026-02-17 17:00:00,Credit
872,2,352,23,2026-03-13 15:00:00,Cash
873,1,162,7,2026-07-07 11:00:00,Cash
874,3,344,55,2026-02-08 15:00:00,Debit
875,1,302,5,2026-03-02 17:00:00,Cash
876,2,646,23,2026-07-02 19:00:00,Debit
877,1,48,17,2026-07-14 15:00:00,Cash
878,1,19,2,2026-06-14 17:00:00,Credit
879,4,408,65,2026-01-07 13:00:00,Credit
880,2,218,26,2026-06-03 13:00:00,Credit
881,4,441,68,2026-03-11 13:00:00,Debit
882,2,575,43,2026-05-28 15:00:00,Credit
883,3,42,48,2026-07-27 13:00:00,Credit
884,2,459,29,2026-05-26 15:00:00,Debit
885,2,542,27,2026-05-22 19:00:00,Debit
886,1,128,2,2026-03-12 17:00:00,Credit
887,3,49,61,2026-05-23 09:00:00,Debit
888,5,293,84,2026-05-03 19:00:00,Credit
889,3,170,57,2026-05-09 17:00:00,Cash
890,3,640,57,2026-06-21 15:00:00,Cash
891,2,693,44,2026-05-20 17:00:00,Debit
892,1,375,19,2026-05-05 15:00:00,Debit
893,3,106,54,2026-05-05 13:00:00,Credit
894,4,200,68,2026-07-19 17:00:00,Credit
895,1,302,5,2026-07-26 19:00:00,Debit
896,2,24,40,2026-05-02 15:00:00,Debit
897,1,32,21,2026-06-15 17:00:00,Debit
898,1,234,17,2026-03-18 19:00:00,Cash
899,1,666,8,2026-06-20 19:00:00,Cash
900,1,292,1,2026-07-25 09:00:00,Debit
901,5,580,92,2026-07-04 19:00:00,Debit
902,1,605,12,2026-07-26 11:00:00,Cash
903,3,564,57,2026-05-09 11:00:00,Cash
904,2,222,23,2026-04-03 19:00:00,Cash
905,2,150,29,2026-05-22 19:00:00,Cash
906,2,197,31,2026-04-25 11:00:00,Debit
907,2,522,31,2026-03-26 17:00:00,Cash
908,5,490,86,2026-07-27 19:00:00,Credit
909,1,399,3,2026-07-14 17:00:00,Credit
910,1,77,3,2026-07-13 15:00:00,Cash
911,1,27,2,2026-06-27 19:00:00,Credit
912,2,301,43,2026-01-21 13:00:00,Cash
913,1,182,21,2026-06-02 15:00:00,Cash
914,1,643,5,2026-05-15 17:00:00,Credit
915,4,508,77,2026-03-09 13:00:00,Debit
916,3,460,49,2026-04-02 17:00:00,Cash
917,2,141,34,2026-07-22 11:00:00,Credit
918,2,641,38,2026-02-28 15:00:00,Debit
919,5,617,81,2026-07-19 17:00:00,Debit
920,1,69,7,2026-07-22 15:00:00,Credit
921,1,322,12,2026-03-05 19:00:00,Cash
922,5,558,81,2026-03-13 11:00:00,Debit
923,1,81,20,2026-07-06 17:00:00,Credit
924,1,526,22,2026-02-25 15:00:00,Debit
925,1,386,4,2026-05-19 19:00:00,Credit
926,1,315,9,2026-01-22 17:00:00,Cash
927,1,49,5,2026-07-28 17:00:00,Debit
928,2,283,32,2026-01-27 11:00:00,Credit
929,1,408,16,2026-03-09 19:00:00,Cash
930,1,512,22,2026-02-15 17:00:00,Cash
931,1,655,3,2026-03-01 19:00:00,Debit
932,5,644,85,2026-06-27 11:00:00,Debit
933,2,349,38,2026-07-06 17:00:00,Cash
934,3,238,62,2026-05-25 15:00:00,Credit
935,4,327,76,2026-07-06 17:00:00,Credit
936,2,24,38,2026-05-15 19:00:00,Cash
937,3,122,59,2026-06-14 15:00:00,Debit
938,3,415,61,2026-04-16 13:00:00,Credit
939,4,554,67,2026-01-25 09:00:00,Credit
940,3,336,50,2026-02-08 17:00:00,Credit
941,5,344,93,2026-06-22 13:00:00,Credit
942,3,536,50,2026-04-05 17:00:00,Credit
943,5,468,80,2026-02-19 15:00:00,Cash
944,3,639,62,2026-07-09 13:00:00,Debit
945,4,39,73,2026-07-06 11:00:00,Credit
946,5,556,92,2026-06-08 17:00:00,Cash
947,3,664,49,2026-06-17 19:00:00,Debit
948,4,567,65,2026-04-24 17:00:00,Cash
949,1,469,2,2026-04-21 17:00:00,Cash
950,3,558,57,2026-02-06 13:00:00,Debit
951,2,192,23,2026-03-25 19:00:00,Cash
952,2,66,43,2026-04-03 19:00:00,Cash
953,5,555,83,2026-05-18 15:00:00,Cash
954,2,158,27,2026-05-16 17:00:00,Debit
955,2,659,40,2026-03-24 09:00:00,Debit
956,3,641,52,2026-01-21 11:00:00,Debit
957,1,370,13,2026-03-01 17:00:00,Debit
958,4,32,66,2026-04-15 17:00:00,Credit
959,2,384,31,2026-05-25 17:00:00,Debit
960,1,201,5,2026-05-15 17:00:00,Debit
961,4,650,67,2026-06-06 17:00:00,Cash
962,2,228,29,2026-05-09 17:00:00,Cash
963,5,169,87,2026-07-04 13:00:00,Credit
964,3,346,60,2026-07-06 15:00:00,Credit
965,5,176,91,2026-04-06 19:00:00,Cash
966,1,379,4,2026-06-11 15:00:00,Credit
967,4,401,74,2026-07-04 17:00:00,Debit
968,1,396,18,2026-06-17 13:00:00,Debit
969,1,295,9,2026-04-16 17:00:00,Credit
970,1,692,17,2026-04-20 11:00:00,Cash
971,1,169,2,2026-07-16 17:00:00,Credit
972,2,39,25,2026-06-19 13:00:00,Debit
973,1,111,11,2026-04-11 13:00:00,Debit
974,1,220,14,2026-03-06 13:00:00,Debit
975,4,437,77,2026-07-04 13:00:00,Debit
976,1,154,21,2026-07-09 19:00:00,Credit
977,2,363,28,2026-07-03 09:00:00,Debit
978,2,537,38,2026-05-04 17:00:00,Cash
979,1,7,9,2026-06-05 17:00:00,Debit
980,1,357,13,2026-07-17 17:00:00,Credit
981,5,439,92,2026-07-18 19:00:00,Credit
982,5,461,93,2026-07-19 15:00:00,Debit
983,2,523,33,2026-02-16 17:00:00,Cash
984,5,603,92,2026-03-21 13:00:00,Debit
985,4,295,68,2026-04-23 19:00:00,Cash
986,1,439,11,2026-07-04 19:00:00,Credit
987,1,315,12,2026-07-02 09:00:00,Cash
988,1,243,5,2026-06-08 09:00:00,Cash
989,4,334,73,2026-07-27 11:00:00,Credit
990,1,209,21,2026-04-16 09:00:00,Cash
991,2,311,32,2026-06-22 11:00:00,Cash
992,2,503,27,2026-04-19 17:00:00,Debit
993,5,653,93,2026-06-08 15:00:00,Cash
994,5,133,90,2026-06-05 17:00:00,Cash
995,5,72,85,2026-06-12 13:00:00,Credit
996,3,195,47,2026-07-04 17:00:00,Credit
997,1,642,10,2026-02-27 17:00:00,Cash
998,1,533,8,2026-04-01 19:00:00,Debit
999,2,354,23,2026-02-23 17:00:00,Cash
1000,1,682,15,2026-05-17 17:00:00,Credit
1001,4,267,74,2026-07-16 15:00:00,Cash
1002,3,585,46,2026-05-13 11:00:00,Debit
1003,1,686,15,2026-02-27 17:00:00,Debit
1004,5,55,84,2026-05-24 11:00:00,Cash
1005,2,469,44,2026-02-16 11:00:00,Credit
1006,1,579,21,2026-07-24 13:00:00,Cash
1007,5,177,83,2026-07-01 13:00:00,Cash
1008,5,176,82,2026-07-07 17:00:00,Cash
1009,2,656,32,2026-04-28 17:00:00,Credit
1010,2,373,30,2026-02-06 13:00:00,Cash
1011,4,316,71,2026-05-11 17:00:00,Debit
1012,1,505,8,2026-06-15 17:00:00,Credit
1013,4,268,71,2026-04-01 17:00:00,Cash
1014,4,120,68,2026-07-20 17:00:00,Debit
1015,3,192,50,2026-07-19 15:00:00,Debit
1016,1,611,15,2026-01-08 17:00:00,Cash
1017,5,335,83,2026-06-07 15:00:00,Cash
1018,5,153,79,2026-07-17 13:00:00,Cash
1019,4,56,69,2026-02-26 13:00:00,Credit
1020,1,622,22,2026-01-25 17:00:00,Debit
1021,2,216,34,2026-05-19 15:00:00,Cash
1022,2,63,24,2026-03-21 15:00:00,Credit
1023,1,661,3,2026-07-08 19:00:00,Cash
1024,4,356,68,2026-05-04 15:00:00,Credit
1025,4,153,68,2026-05-28 11:00:00,Cash
1026,5,311,85,2026-06-22 09:00:00,Debit
1027,2,627,29,2026-07-17 11:00:00,Credit
1028,2,608,38,2026-07-03 13:00:00,Credit
1029,3,155,49,2026-02-13 09:00:00,Credit
1030,1,472,14,2026-02-22 19:00:00,Debit
1031,4,690,65,2026-02-04 17:00:00,Credit
1032,1,43,4,2026-04-05 19:00:00,Cash
1033,4,542,77,2026-05-24 13:00:00,Credit
1034,1,301,19,2026-06-24 13:00:00,Credit
1035,2,184,37,2026-04-18 09:00:00,Cash
1036,4,154,72,2026-07-25 15:00:00,Credit
1037,1,405,21,2026-03-26 17:00:00,Cash
1038,1,335,5,2026-04-01 17:00:00,Credit
1039,3,606,51,2026-04-01 19:00:00,Cash
1040,4,68,63,2026-07-12 17:00:00,Credit
1041,3,598,60,2026-05-12 11:00:00,Credit
1042,4,283,69,2026-03-15 11:00:00,Debit
1043,5,315,83,2026-05-18 13:00:00,Credit
1044,4,160,63,2026-03-03 19:00:00,Credit
1045,5,629,84,2026-07-14 11:00:00,Debit
1046,1,635,2,2026-05-02 11:00:00,Debit
1047,3,605,45,2026-07-14 15:00:00,Debit
1048,1,110,11,2026-02-10 15:00:00,Debit
1049,2,647,43,2026-07-27 19:00:00,Credit
1050,1,61,4,2026-06-10 09:00:00,Credit
1051,3,578,59,2026-07-13 19:00:00,Debit
1052,2,454,41,2026-07-20 09:00:00,Cash
1053,4,177,70,2026-04-10 15:00:00,Debit
1054,2,473,36,2026-02-27 19:00:00,Credit
1055,1,527,4,2026-05-25 11:00:00,Credit
1056,1,568,8,2026-07-24 19:00:00,Credit
1057,2,434,39,2026-03-03 15:00:00,Credit
1058,2,376,37,2026-05-26 17:00:00,Credit
1059,1,351,2,2026-01-24 11:00:00,Debit
1060,1,253,2,2026-05-14 15:00:00,Debit
1061,3,295,56,2026-04-02 19:00:00,Cash
1062,5,180,82,2026-05-07 19:00:00,Cash
1063,1,545,17,2026-01-14 11:00:00,Cash
1064,2,509,23,2026-05-14 17:00:00,Credit
1065,1,206,20,2026-01-07 19:00:00,Debit
1066,1,448,13,2026-07-15 19:00:00,Debit
1067,4,247,67,2026-02-19 09:00:00,Cash
1068,4,413,76,2026-01-02 19:00:00,Debit
1069,1,70,4,2026-07-21 17:00:00,Credit
1070,2,259,24,2026-05-15 11:00:00,Credit
1071,4,566,65,2026-03-08 17:00:00,Cash
1072,2,277,41,2026-06-23 17:00:00,Credit
1073,2,177,24,2026-06-23 09:00:00,Debit
1074,3,663,60,2026-05-26 17:00:00,Debit
1075,4,664,65,2026-05-16 17:00:00,Credit
1076,2,392,42,2026-05-04 19:00:00,Cash
1077,4,153,69,2026-02-13 19:00:00,Debit
1078,2,255,30,2026-01-16 17:00:00,Credit
1079,4,528,72,2026-05-07 17:00:00,Cash
1080,2,16,25,2026-02-20 15:00:00,Cash
1081,4,677,67,2026-03-14 19:00:00,Credit
1082,1,554,6,2026-01-15 19:00:00,Credit
1083,1,676,1,2026-01-06 17:00:00,Cash
1084,4,559,65,2026-06-04 19:00:00,Credit
1085,2,610,39,2026-06-20 17:00:00,Cash
1086,2,456,23,2026-02-04 11:00:00,Cash
1087,4,678,63,2026-05-19 19:00:00,Credit
1088,5,142,84,2026-07-09 13:00:00,Credit
1089,2,239,41,2026-07-12 15:00:00,Debit
1090,5,64,79,2026-04-01 15:00:00,Debit
1091,2,96,28,2026-04-11 15:00:00,Credit
1092,2,664,44,2026-02-20 15:00:00,Credit
1093,5,605,87,2026-05-16 17:00:00,Credit
1094,3,402,60,2026-05-17 11:00:00,Cash
1095,3,121,53,2026-03-19 13:00:00,Credit
1096,4,507,70,2026-05-12 15:00:00,Credit
1097,2,572,30,2026-06-26 17:00:00,Debit
1098,4,595,75,2026-04-25 19:00:00,Credit
1099,2,656,32,2026-01-20 19:00:00,Cash
1100,2,627,36,2026-05-24 13:00:00,Credit
1101,2,12,27,2026-05-05 09:00:00,Cash
1102,2,365,41,2026-04-06 19:00:00,Credit
1103,4,1,70,2026-04-18 17:00:00,Debit
1104,2,43,36,2026-05-17 13:00:00,Credit
1105,5,540,93,2026-04-05 19:00:00,Cash
1106,2,92,32,2026-05-20 19:00:00,Credit
1107,1,255,12,2026-07-19 19:00:00,Cash
1108,4,210,76,2026-06-27 11:00:00,Credit
1109,1,350,6,2026-05-14 19:00:00,Credit
1110,1,411,11,2026-03-18 15:00:00,Cash
1111,1,508,5,2026-02-09 17:00:00,Debit
1112,1,198,10,2026-02-11 17:00:00,Debit
1113,1,482,16,2026-05-13 19:00:00,Cash
1114,1,552,19,2026-05-23 13:00:00,Cash
1115,3,411,59,2026-05-24 09:00:00,Cash
1116,1,530,4,2026-03-15 13:00:00,Credit
1117,4,272,76,2026-06-13 17:00:00,Cash
1118,3,596,57,2026-06-08 17:00:00,Cash
1119,3,320,47,2026-05-17 15:00:00,Debit
1120,2,51,26,2026-03-11 19:00:00,Credit
1121,3,490,56,2026-06-22 11:00:00,Credit
1122,3,117,47,2026-04-23 09:00:00,Debit
1123,1,611,18,2026-06-02 13:00:00,Cash
1124,4,664,67,2026-03-11 13:00:00,Credit
1125,2,389,38,2026-03-12 17:00:00,Credit
1126,1,140,10,2026-06-21 17:00:00,Cash
1127,5,386,91,2026-03-02 13:00:00,Cash
1128,4,629,76,2026-07-24 19:00:00,Debit
1129,2,166,23,2026-01-26 15:00:00,Debit
1130,2,349,40,2026-07-16 17:00:00,Credit
1131,2,227,29,2026-07-10 17:00:00,Cash
1132,4,379,71,2026-01-05 13:00:00,Debit
1133,4,429,73,2026-07-28 17:00:00,Cash
1134,2,623,34,2026-02-21 13:00:00,Credit
1135,5,192,82,2026-01-22 15:00:00,Credit
1136,1,439,16,2026-03-25 19:00:00,Cash
1137,3,628,47,2026-04-05 17:00:00,Debit
1138,1,103,3,2026-02-09 17:00:00,Debit
1139,5,547,91,2026-07-27 19:00:00,Credit
1140,1,486,19,2026-07-18 09:00:00,Cash
1141,5,131,85,2026-05-16 19:00:00,Credit
1142,1,14,9,2026-06-12 15:00:00,Debit
1143,1,169,21,2026-06-26 13:00:00,Debit
1144,1,542,9,2026-06-06 09:00:00,Credit
1145,4,355,75,2026-07-11 13:00:00,Cash
1146,1,378,9,2026-05-27 17:00:00,Cash
1147,1,239,17,2026-02-22 17:00:00,Debit
1148,4,275,64,2026-04-25 19:00:00,Credit
1149,3,293,59,2026-05-10 17:00:00,Debit
1150,4,115,67,2026-07-28 19:00:00,Credit
1151,1,551,20,2026-06-15 13:00:00,Cash
1152,4,87,77,2026-05-20 17:00:00,Debit
1153,5,301,84,2026-04-07 13:00:00,Debit
1154,1,389,22,2026-03-27 17:00:00,Credit
1155,4,671,64,2026-07-12 17:00:00,Credit
1156,3,262,55,2026-04-08 19:00:00,Cash
1157,3,236,55,2026-01-20 19:00:00,Cash
1158,2,235,33,2026-07-09 17:00:00,Credit
1159,4,650,66,2026-01-28 19:00:00,Cash
1160,1,294,17,2026-07-15 15:00:00,Credit
1161,4,261,74,2026-04-06 13:00:00,Debit
1162,2,548,34,2026-01-18 13:00:00,Cash
1163,1,566,4,2026-06-07 15:00:00,Credit
1164,3,329,52,2026-06-26 17:00:00,Cash
1165,3,525,53,2026-02-15 19:00:00,Cash
1166,4,601,67,2026-07-19 17:00:00,Cash
1167,3,137,60,2026-04-11 15:00:00,Credit
1168,2,239,24,2026-05-05 13:00:00,Credit
1169,4,391,71,2026-07-18 17:00:00,Credit
1170,2,232,41,2026-07-27 17:00:00,Debit
1171,1,155,4,2026-03-19 19:00:00,Cash
1172,3,161,51,2026-05-13 19:00:00,Credit
1173,2,571,29,2026-05-02 17:00:00,Credit
1174,1,236,6,2026-01-04 09:00:00,Credit
1175,1,389,4,2026-06-13 15:00:00,Credit
1176,5,572,94,2026-05-21 17:00:00,Cash
1177,2,194,34,2026-01-03 19:00:00,Debit
1178,4,567,72,2026-04-24 13:00:00,Debit
1179,3,49,60,2026-06-03 17:00:00,Debit
1180,2,142,29,2026-06-28 17:00:00,Debit
1181,2,693,26,2026-07-19 13:00:00,Credit
1182,1,414,6,2026-06-01 15:00:00,Credit
1183,2,603,35,2026-07-11 19:00:00,Debit
1184,4,444,75,2026-04-23 09:00:00,Debit
1185,2,380,32,2026-01-21 15:00:00,Credit
1186,3,2,59,2026-06-08 19:00:00,Cash
1187,2,606,31,2026-04-27 19:00:00,Cash
1188,2,576,29,2026-05-01 13:00:00,Debit
1189,2,548,41,2026-03-18 11:00:00,Cash
1190,3,16,61,2026-02-20 15:00:00,Credit
1191,2,580,26,2026-05-17 19:00:00,Debit
1192,2,630,25,2026-06-21 15:00:00,Debit
1193,1,465,3,2026-07-14 11:00:00,Cash
1194,2,130,23,2026-04-23 17:00:00,Credit
1195,1,466,21,2026-07-25 19:00:00,Cash
1196,2,310,25,2026-07-06 15:00:00,Cash
1197,4,143,65,2026-06-19 13:00:00,Debit
1198,2,468,32,2026-05-04 15:00:00,Cash
1199,1,617,6,2026-06-16 13:00:00,Credit
1200,1,149,9,2026-06-27 17:00:00,Credit
1201,3,182,50,2026-06-05 15:00:00,Credit
1202,3,461,46,2026-05-17 17:00:00,Cash
1203,4,376,71,2026-07-09 17:00:00,Credit
1204,1,498,2,2026-05-22 13:00:00,Debit
1205,2,145,27,2026-05-01 19:00:00,Debit
1206,2,51,25,2026-01-19 09:00:00,Cash
1207,2,55,37,2026-07-11 15:00:00,Credit
1208,1,182,17,2026-02-28 19:00:00,Credit
1209,5,287,79,2026-06-24 19:00:00,Credit
1210,1,165,9,2026-05-27 15:00:00,Cash
1211,2,556,34,2026-02-14 09:00:00,Credit
1212,2,657,24,2026-01-12 19:00:00,Credit
1213,1,475,4,2026-04-01 17:00:00,Cash
1214,1,45,12,2026-03-03 17:00:00,Credit
1215,5,584,83,2026-07-15 09:00:00,Credit
1216,1,322,22,2026-05-26 15:00:00,Credit
1217,1,670,3,2026-05-23 19:00:00,Cash
1218,2,301,30,2026-04-23 13:00:00,Cash
1219,1,569,19,2026-05-15 15:00:00,Credit
1220,4,286,78,2026-04-05 17:00:00,Credit
1221,2,528,27,2026-06-20 19:00:00,Debit
1222,1,73,2,2026-04-18 11:00:00,Debit
1223,2,626,35,2026-02-25 17:00:00,Credit
1224,3,369,59,2026-01-10 13:00:00,Debit
1225,2,156,36,2026-07-08 13:00:00,Cash
1226,1,440,15,2026-07-18 15:00:00,Credit
1227,3,307,62,2026-03-23 19:00:00,Cash
1228,1,234,13,2026-04-06 13:00:00,Cash
1229,5,339,89,2026-04-05 17:00:00,Credit
1230,2,403,34,2026-05-09 17:00:00,Debit
1231,3,164,51,2026-04-12 19:00:00,Cash
1232,1,342,11,2026-07-20 09:00:00,Credit
1233,1,683,20,2026-06-10 17:00:00,Credit
1234,4,474,75,2026-02-03 19:00:00,Credit
1235,3,303,59,2026-06-05 13:00:00,Cash
1236,2,25,35,2026-06-06 11:00:00,Cash
1237,3,275,47,2026-07-11 19:00:00,Cash
1238,1,187,15,2026-01-03 17:00:00,Debit
1239,4,61,63,2026-07-12 19:00:00,Credit
1240,4,81,73,2026-06-23 19:00:00,Credit
1241,2,356,43,2026-07-06 19:00:00,Cash
1242,3,348,46,2026-03-21 19:00:00,Debit
1243,2,454,29,2026-07-16 11:00:00,Credit
1244,2,605,44,2026-05-12 17:00:00,Debit
1245,3,68,46,2026-07-22 17:00:00,Credit
1246,5,312,79,2026-03-22 17:00:00,Credit
1247,3,130,46,2026-05-01 13:00:00,Credit
1248,2,292,25,2026-05-23 19:00:00,Credit
1249,2,670,33,2026-06-04 19:00:00,Cash
1250,3,250,56,2026-03-18 13:00:00,Cash
1251,2,35,24,2026-02-12 15:00:00,Debit
1252,5,20,91,2026-05-19 09:00:00,Cash
1253,2,76,40,2026-07-27 17:00:00,Debit
1254,3,248,60,2026-05-02 17:00:00,Cash
1255,2,224,44,2026-06-23 19:00:00,Credit
1256,2,384,30,2026-04-19 17:00:00,Credit
1257,1,161,11,2026-05-13 17:00:00,Debit
1258,1,75,16,2026-02-12 19:00:00,Credit
1259,5,189,88,2026-04-05 19:00:00,Credit
1260,2,192,44,2026-03-19 09:00:00,Cash
1261,3,339,48,2026-02-26 13:00:00,Credit
1262,1,432,22,2026-07-19 09:00:00,Credit
1263,2,570,36,2026-01-25 19:00:00,Cash
1264,2,403,37,2026-01-04 11:00:00,Credit
1265,4,695,73,2026-06-01 13:00:00,Debit
1266,2,557,37,2026-07-19 17:00:00,Debit
1267,4,608,76,2026-07-03 11:00:00,Debit
1268,1,688,6,2026-01-27 13:00:00,Credit
1269,4,192,65,2026-02-12 13:00:00,Debit
1270,2,130,23,2026-05-01 17:00:00,Debit
1271,1,564,1,2026-07-27 11:00:00,Credit
1272,1,623,22,2026-06-06 11:00:00,Credit
1273,1,535,19,2026-07-17 17:00:00,Debit
1274,4,109,66,2026-06-19 11:00:00,Cash
1275,2,84,41,2026-05-11 17:00:00,Debit
1276,2,97,35,2026-05-16 11:00:00,Cash
1277,2,348,30,2026-06-25 19:00:00,Debit
1278,2,69,40,2026-07-20 19:00:00,Debit
1279,3,177,61,2026-02-19 15:00:00,Debit
1280,2,99,39,2026-07-28 09:00:00,Credit
1281,1,182,18,2026-06-06 09:00:00,Credit
1282,3,235,49,2026-05-21 19:00:00,Cash
1283,5,499,87,2026-01-03 13:00:00,Cash
1284,1,113,3,2026-02-24 19:00:00,Debit
1285,5,201,79,2026-07-19 17:00:00,Cash
1286,1,650,7,2026-06-01 11:00:00,Credit
1287,2,135,27,2026-06-05 13:00:00,Cash
1288,2,106,30,2026-04-05 17:00:00,Debit
1289,3,516,47,2026-01-25 17:00:00,Debit
1290,2,3,44,2026-01-09 15:00:00,Credit
1291,2,451,37,2026-07-08 19:00:00,Debit
1292,2,230,27,2026-07-04 17:00:00,Credit
1293,3,700,47,2026-06-20 11:00:00,Debit
1294,2,163,41,2026-07-02 19:00:00,Cash
1295,5,254,87,2026-03-26 09:00:00,Credit
1296,3,208,48,2026-04-05 17:00:00,Debit
1297,2,378,36,2026-05-12 15:00:00,Debit
1298,2,404,27,2026-06-02 15:00:00,Credit
1299,2,311,41,2026-07-12 13:00:00,Debit
1300,4,452,76,2026-07-10 17:00:00,Debit
1301,5,231,92,2026-06-20 17:00:00,Debit
1302,1,195,5,2026-06-13 11:00:00,Credit
1303,2,303,27,2026-05-27 11:00:00,Debit
1304,1,352,21,2026-04-05 19:00:00,Cash
1305,3,528,61,2026-03-05 11:00:00,Cash
1306,4,609,66,2026-01-24 15:00:00,Cash
1307,3,319,47,2026-04-21 13:00:00,Cash
1308,3,574,55,2026-06-09 13:00:00,Credit
1309,4,192,74,2026-06-10 19:00:00,Cash
1310,1,208,2,2026-05-08 13:00:00,Cash
1311,2,685,39,2026-02-27 13:00:00,Debit
1312,2,479,35,2026-04-24 13:00:00,Cash
1313,2,412,41,2026-03-11 19:00:00,Cash
1314,5,651,89,2026-07-09 17:00:00,Credit
1315,2,278,35,2026-03-12 17:00:00,Debit
1316,5,66,92,2026-06-17 15:00:00,Credit
1317,5,379,79,2026-02-06 13:00:00,Cash
1318,3,634,54,2026-01-11 19:00:00,Cash
1319,1,147,11,2026-04-25 15:00:00,Debit
1320,2,116,30,2026-04-28 15:00:00,Credit
1321,2,603,26,2026-07-05 13:00:00,Debit
1322,1,684,9,2026-02-27 13:00:00,Cash
1323,2,426,26,2026-03-26 19:00:00,Debit
1324,4,58,77,2026-07-07 17:00:00,Cash
1325,2,698,23,2026-06-15 13:00:00,Credit
1326,2,544,34,2026-06-04 15:00:00,Credit
1327,1,458,3,2026-02-12 17:00:00,Cash
1328,2,674,31,2026-02-12 19:00:00,Cash
1329,5,266,87,2026-05-17 19:00:00,Cash
1330,3,199,50,2026-06-02 11:00:00,Cash
1331,5,350,83,2026-06-23 15:00:00,Credit
1332,5,410,89,2026-05-05 17:00:00,Debit
1333,1,64,21,2026-05-04 13:00:00,Credit
1334,5,450,81,2026-06-12 19:00:00,Credit
1335,5,47,80,2026-04-21 15:00:00,Credit
1336,5,132,81,2026-05-22 11:00:00,Debit
1337,1,123,14,2026-05-28 19:00:00,Credit
1338,3,127,51,2026-03-19 17:00:00,Debit
1339,2,169,24,2026-06-03 15:00:00,Credit
1340,1,158,17,2026-04-12 13:00:00,Debit
1341,1,590,21,2026-06-20 17:00:00,Debit
1342,4,631,74,2026-04-24 13:00:00,Cash
1343,3,656,59,2026-07-05 11:00:00,Credit
1344,3,179,45,2026-03-17 17:00:00,Debit
1345,2,228,34,2026-05-23 19:00:00,Credit
1346,1,36,16,2026-05-03 15:00:00,Debit
1347,1,192,13,2026-01-15 09:00:00,Cash
1348,2,163,29,2026-07-25 15:00:00,Debit
1349,1,103,12,2026-01-04 11:00:00,Cash
1350,4,572,68,2026-07-18 13:00:00,Cash
1351,1,646,14,2026-07-22 19:00:00,Cash
1352,4,490,69,2026-05-09 17:00:00,Debit
1353,2,222,27,2026-03-05 13:00:00,Credit
1354,5,109,88,2026-07-17 09:00:00,Debit
1355,5,580,83,2026-04-22 19:00:00,Cash
1356,4,183,74,2026-07-21 19:00:00,Debit
1357,1,346,7,2026-03-20 19:00:00,Debit
1358,3,651,60,2026-07-08 19:00:00,Credit
1359,1,407,22,2026-06-18 09:00:00,Debit
1360,2,323,30,2026-07-01 15:00:00,Cash
1361,5,153,79,2026-07-21 17:00:00,Cash
1362,1,59,17,2026-07-06 15:00:00,Debit
1363,3,673,56,2026-03-27 17:00:00,Debit
1364,1,371,11,2026-06-26 15:00:00,Debit
1365,2,378,25,2026-07-21 17:00:00,Debit
1366,5,690,89,2026-03-03 17:00:00,Debit
1367,2,385,41,2026-01-22 11:00:00,Credit
1368,3,190,46,2026-05-16 13:00:00,Debit
1369,4,446,68,2026-07-01 13:00:00,Cash
1370,1,140,22,2026-06-21 15:00:00,Credit
1371,1,441,20,2026-01-07 17:00:00,Debit
1372,2,580,39,2026-05-15 15:00:00,Debit
1373,1,237,3,2026-02-16 19:00:00,Cash
1374,5,692,79,2026-03-15 17:00:00,Debit
1375,5,487,92,2026-06-17 15:00:00,Debit
1376,1,586,10,2026-06-07 19:00:00,Credit
1377,1,317,7,2026-02-25 15:00:00,Credit
1378,5,343,84,2026-06-26 17:00:00,Credit
1379,1,361,1,2026-01-04 17:00:00,Debit
1380,2,468,32,2026-04-10 17:00:00,Debit
1381,1,575,15,2026-01-05 15:00:00,Debit
1382,2,411,32,2026-05-25 15:00:00,Cash
1383,2,92,36,2026-05-10 19:00:00,Credit
1384,2,264,33,2026-04-23 19:00:00,Credit
1385,1,482,7,2026-03-11 17:00:00,Credit
1386,3,632,50,2026-04-09 17:00:00,Debit
1387,2,367,27,2026-02-21 17:00:00,Cash
1388,3,380,59,2026-03-07 09:00:00,Cash
1389,1,165,15,2026-04-04 11:00:00,Debit
1390,3,322,54,2026-05-08 19:00:00,Cash
1391,3,627,57,2026-05-19 17:00:00,Debit
1392,5,339,87,2026-04-14 13:00:00,Debit
1393,4,313,66,2026-04-09 17:00:00,Debit
1394,2,249,31,2026-06-08 17:00:00,Debit
1395,2,420,31,2026-03-19 19:00:00,Credit
1396,2,176,27,2026-06-22 17:00:00,Credit
1397,1,489,7,2026-04-14 11:00:00,Cash
1398,3,597,53,2026-05-25 19:00:00,Credit
1399,2,585,37,2026-02-01 19:00:00,Credit
1400,1,45,16,2026-03-28 15:00:00,Debit
1401,2,646,36,2026-07-12 11:00:00,Debit
1402,2,129,24,2026-07-05 19:00:00,Credit
1403,1,312,13,2026-04-19 15:00:00,Credit
1404,1,29,5,2026-06-19 09:00:00,Cash
1405,4,473,73,2026-02-25 11:00:00,Debit
1406,4,339,73,2026-05-20 15:00:00,Cash
1407,3,441,47,2026-05-01 17:00:00,Cash
1408,3,566,54,2026-07-09 17:00:00,Credit
1409,2,75,30,2026-04-13 13:00:00,Cash
1410,2,188,29,2026-01-07 13:00:00,Debit
1411,1,255,7,2026-06-05 09:00:00,Debit
1412,2,111,23,2026-03-14 13:00:00,Debit
1413,1,691,22,2026-05-19 15:00:00,Debit
1414,4,667,73,2026-05-01 09:00:00,Cash
1415,3,597,46,2026-02-28 13:00:00,Credit
1416,4,499,77,2026-06-21 17:00:00,Debit
1417,1,327,2,2026-03-02 13:00:00,Credit
1418,1,49,6,2026-07-27 13:00:00,Credit
1419,4,347,68,2026-06-09 15:00:00,Debit
1420,4,164,69,2026-06-25 19:00:00,Credit
1421,1,10,5,2026-07-20 19:00:00,Credit
1422,1,11,8,2026-04-04 13:00:00,Credit
1423,1,126,22,2026-03-15 15:00:00,Debit
1424,4,438,67,2026-04-27 09:00:00,Debit
1425,3,59,50,2026-04-27 13:00:00,Debit
1426,3,178,52,2026-03-03 19:00:00,Cash
1427,3,241,45,2026-07-27 15:00:00,Credit
1428,2,131,40,2026-07-26 11:00:00,Debit
1429,2,17,25,2026-07-26 17:00:00,Debit
1430,3,300,46,2026-07-22 19:00:00,Debit
1431,1,266,22,2026-07-24 15:00:00,Cash
1432,2,488,43,2026-07-04 19:00:00,Cash
1433,3,638,50,2026-04-09 15:00:00,Debit
1434,1,452,5,2026-04-18 13:00:00,Cash
1435,2,66,28,2026-02-17 19:00:00,Credit
1436,2,352,35,2026-01-19 17:00:00,Debit
1437,4,151,70,2026-03-09 19:00:00,Debit
1438,2,79,28,2026-03-19 17:00:00,Credit
1439,1,469,17,2026-02-02 11:00:00,Credit
1440,1,629,2,2026-04-23 17:00:00,Cash
1441,5,51,94,2026-07-03 15:00:00,Debit
1442,3,361,48,2026-07-08 17:00:00,Cash
1443,5,613,89,2026-06-23 13:00:00,Cash
1444,4,180,67,2026-06-16 11:00:00,Debit
1445,5,466,84,2026-06-08 13:00:00,Credit
1446,1,385,6,2026-07-05 11:00:00,Debit
1447,3,662,57,2026-06-09 17:00:00,Credit
1448,5,201,85,2026-06-01 17:00:00,Debit
1449,2,515,39,2026-05-27 09:00:00,Debit
1450,2,476,23,2026-05-11 09:00:00,Credit
1451,1,520,22,2026-04-22 13:00:00,Debit
1452,1,699,15,2026-06-11 11:00:00,Debit
1453,2,650,44,2026-06-06 15:00:00,Credit
1454,1,239,9,2026-07-24 13:00:00,Credit
1455,2,164,34,2026-05-11 19:00:00,Cash
1456,1,86,5,2026-04-13 13:00:00,Cash
1457,1,162,5,2026-06-19 17:00:00,Cash
1458,2,421,29,2026-01-28 19:00:00,Credit
1459,1,596,13,2026-04-25 17:00:00,Credit
1460,2,662,36,2026-05-24 19:00:00,Credit
1461,4,185,64,2026-06-22 17:00:00,Debit
1462,2,28,43,2026-04-09 17:00:00,Cash
1463,2,229,43,2026-02-07 17:00:00,Cash
1464,4,230,68,2026-01-09 17:00:00,Credit
1465,4,178,65,2026-02-28 11:00:00,Debit
1466,4,552,67,2026-05-04 17:00:00,Debit
1467,2,9,26,2026-05-13 13:00:00,Cash
1468,1,399,10,2026-04-18 15:00:00,Debit
1469,4,398,68,2026-07-22 09:00:00,Cash
1470,5,538,94,2026-07-16 15:00:00,Credit
1471,4,398,75,2026-05-25 17:00:00,Debit
1472,5,122,92,2026-04-10 17:00:00,Cash
1473,1,145,14,2026-04-06 11:00:00,Credit
1474,1,66,2,2026-03-01 13:00:00,Debit
1475,1,116,10,2026-03-07 19:00:00,Cash
1476,2,115,25,2026-05-19 17:00:00,Debit
1477,4,603,71,2026-05-27 17:00:00,Cash
1478,3,204,48,2026-02-06 15:00:00,Cash
1479,2,22,28,2026-01-14 15:00:00,Cash
1480,1,553,11,2026-01-07 17:00:00,Credit
1481,2,647,24,2026-03-04 09:00:00,Debit
1482,4,564,63,2026-03-17 19:00:00,Debit
1483,2,631,28,2026-02-14 19:00:00,Cash
1484,4,408,76,2026-06-02 09:00:00,Credit
1485,4,182,69,2026-06-08 19:00:00,Cash
1486,3,209,51,2026-04-26 19:00:00,Debit
1487,2,117,43,2026-06-17 13:00:00,Cash
1488,5,408,93,2026-06-25 15:00:00,Credit
1489,2,77,29,2026-05-25 11:00:00,Credit
1490,3,624,49,2026-07-07 19:00:00,Credit
1491,3,358,50,2026-07-24 19:00:00,Debit
1492,4,334,63,2026-06-03 15:00:00,Debit
1493,5,45,92,2026-05-13 11:00:00,Cash
1494,4,552,66,2026-07-06 09:00:00,Cash
1495,4,479,77,2026-03-03 17:00:00,Debit
1496,1,608,14,2026-07-23 11:00:00,Cash
1497,4,359,78,2026-06-18 17:00:00,Credit
1498,4,155,75,2026-01-23 19:00:00,Debit
1499,2,175,42,2026-07-13 15:00:00,Debit
1500,2,316,42,2026-02-11 15:00:00,Cash
1501,3,229,53,2026-07-06 13:00:00,Cash
1502,2,306,27,2026-06-25 15:00:00,Cash
1503,4,147,76,2026-01-09 17:00:00,Debit
1504,3,588,57,2026-07-03 17:00:00,Debit
1505,1,315,22,2026-01-26 17:00:00,Cash
1506,2,585,32,2026-05-22 17:00:00,Debit
1507,2,517,32,2026-07-07 19:00:00,Credit
1508,2,646,33,2026-03-27 15:00:00,Credit
1509,2,390,32,2026-05-26 15:00:00,Cash
1510,2,620,28,2026-03-11 09:00:00,Cash
1511,3,176,48,2026-07-01 13:00:00,Credit
1512,1,410,10,2026-02-15 09:00:00,Cash
1513,3,278,62,2026-01-27 17:00:00,Debit
1514,2,553,41,2026-02-08 09:00:00,Cash
1515,1,313,22,2026-06-02 13:00:00,Cash
1516,2,109,40,2026-06-24 15:00:00,Debit
1517,2,458,34,2026-07-01 11:00:00,Credit
1518,1,400,22,2026-03-22 13:00:00,Debit
1519,1,661,7,2026-07-25 17:00:00,Credit
1520,5,572,87,2026-07-13 13:00:00,Cash
1521,1,302,14,2026-05-18 17:00:00,Debit
1522,2,20,43,2026-05-16 19:00:00,Credit
1523,2,32,26,2026-02-21 19:00:00,Cash
1524,4,237,71,2026-05-23 11:00:00,Debit
1525,2,45,35,2026-07-05 17:00:00,Debit
1526,2,411,34,2026-04-14 17:00:00,Credit
1527,2,130,26,2026-01-05 17:00:00,Debit
1528,5,141,89,2026-06-14 19:00:00,Debit
1529,4,624,63,2026-03-28 11:00:00,Debit
1530,1,451,1,2026-07-21 17:00:00,Debit
1531,2,296,44,2026-05-13 13:00:00,Debit
1532,2,99,30,2026-03-14 13:00:00,Cash
1533,1,141,10,2026-01-27 11:00:00,Debit
1534,4,611,64,2026-03-06 17:00:00,Credit
1535,4,94,65,2026-04-22 11:00:00,Cash
1536,4,649,77,2026-03-25 17:00:00,Debit
1537,1,253,20,2026-07-18 17:00:00,Debit
1538,2,176,28,2026-06-11 17:00:00,Cash
1539,3,321,48,2026-02-27 13:00:00,Debit
1540,1,87,15,2026-05-16 13:00:00,Credit
1541,1,49,12,2026-07-17 19:00:00,Debit
1542,3,483,52,2026-03-15 13:00:00,Debit
1543,3,542,54,2026-04-05 13:00:00,Credit
1544,4,308,77,2026-07-04 13:00:00,Credit
1545,2,342,30,2026-07-20 13:00:00,Debit
1546,2,223,36,2026-01-07 11:00:00,Credit
1547,4,660,68,2026-01-07 13:00:00,Debit
1548,5,180,81,2026-05-17 15:00:00,Debit
1549,4,293,76,2026-05-16 11:00:00,Credit
1550,2,314,36,2026-01-06 11:00:00,Debit
1551,4,495,64,2026-03-11 17:00:00,Credit
1552,2,490,29,2026-07-12 15:00:00,Debit
1553,2,454,35,2026-04-03 17:00:00,Credit
1554,3,230,51,2026-04-03 19:00:00,Debit
1555,1,645,14,2026-06-09 19:00:00,Debit
1556,5,600,79,2026-04-20 17:00:00,Cash
1557,1,492,8,2026-01-20 17:00:00,Cash
1558,1,349,6,2026-07-27 19:00:00,Credit
1559,3,298,54,2026-05-14 17:00:00,Credit
1560,3,530,54,2026-04-24 19:00:00,Cash
1561,4,469,74,2026-07-22 17:00:00,Debit
1562,1,503,11,2026-07-12 19:00:00,Cash
1563,3,531,48,2026-04-17 11:00:00,Cash
1564,1,474,18,2026-02-15 17:00:00,Cash
1565,3,141,54,2026-06-21 19:00:00,Cash
1566,2,84,37,2026-06-28 15:00:00,Credit
1567,5,269,89,2026-06-17 13:00:00,Credit
1568,4,164,75,2026-07-07 15:00:00,Cash
1569,1,215,17,2026-03-07 17:00:00,Cash
1570,2,84,41,2026-05-18 11:00:00,Credit
1571,3,282,55,2026-07-27 15:00:00,Cash
1572,1,673,19,2026-07-24 19:00:00,Cash
1573,4,49,74,2026-07-15 15:00:00,Debit
1574,1,227,12,2026-07-14 17:00:00,Credit
1575,3,22,59,2026-06-24 15:00:00,Cash
1576,1,690,13,2026-07-11 11:00:00,Credit
1577,4,599,65,2026-02-19 13:00:00,Credit
1578,2,486,32,2026-07-05 19:00:00,Credit
1579,3,437,46,2026-04-04 13:00:00,Cash
1580,1,104,17,2026-05-27 15:00:00,Cash
1581,1,307,7,2026-03-02 19:00:00,Cash
1582,2,544,38,2026-04-11 19:00:00,Credit
1583,2,358,39,2026-04-15 09:00:00,Cash
1584,3,634,46,2026-05-07 13:00:00,Cash
1585,1,441,3,2026-04-11 19:00:00,Debit
1586,3,667,55,2026-04-22 13:00:00,Debit
1587,4,366,74,2026-03-16 17:00:00,Credit
1588,1,629,2,2026-04-13 19:00:00,Cash
1589,1,187,15,2026-05-08 15:00:00,Credit
1590,4,666,75,2026-05-14 19:00:00,Debit
1591,1,85,13,2026-07-10 11:00:00,Debit
1592,2,36,26,2026-07-22 15:00:00,Cash
1593,5,210,89,2026-05-11 17:00:00,Cash
1594,4,272,64,2026-06-10 15:00:00,Debit
1595,5,2,83,2026-01-22 17:00:00,Debit
1596,5,214,92,2026-01-05 15:00:00,Credit
1597,5,266,87,2026-05-04 13:00:00,Debit
1598,1,217,1,2026-06-08 17:00:00,Cash
1599,2,267,44,2026-07-14 15:00:00,Cash
1600,3,178,61,2026-06-01 17:00:00,Cash
1601,4,277,73,2026-03-20 15:00:00,Debit
1602,1,337,18,2026-06-27 19:00:00,Cash
1603,5,273,85,2026-02-16 11:00:00,Credit
1604,3,123,48,2026-05-18 19:00:00,Debit
1605,4,36,69,2026-07-25 17:00:00,Debit
1606,5,67,94,2026-06-25 15:00:00,Credit
1607,2,525,30,2026-05-24 13:00:00,Cash
1608,1,15,9,2026-04-25 15:00:00,Credit
1609,1,116,12,2026-01-01 17:00:00,Credit
1610,2,191,40,2026-06-14 19:00:00,Credit
1611,2,41,31,2026-04-26 11:00:00,Credit
1612,3,88,46,2026-02-28 13:00:00,Cash
1613,3,287,47,2026-05-05 09:00:00,Credit
1614,1,279,4,2026-06-23 17:00:00,Cash
1615,1,565,21,2026-03-25 13:00:00,Credit
1616,1,650,5,2026-05-20 13:00:00,Credit
1617,4,572,78,2026-05-15 09:00:00,Credit
1618,4,417,69,2026-07-28 19:00:00,Credit
1619,1,148,6,2026-02-16 19:00:00,Debit
1620,1,220,6,2026-07-23 17:00:00,Debit
1621,1,198,10,2026-05-20 09:00:00,Debit
1622,2,487,23,2026-02-13 13:00:00,Credit
1623,2,156,24,2026-05-21 11:00:00,Credit
1624,3,425,49,2026-07-08 15:00:00,Credit
1625,2,11,33,2026-03-18 17:00:00,Debit
1626,2,250,27,2026-04-02 11:00:00,Debit
1627,5,473,85,2026-05-01 09:00:00,Cash
1628,2,463,28,2026-03-25 09:00:00,Credit
1629,1,43,17,2026-03-27 15:00:00,Debit
1630,4,123,63,2026-06-16 11:00:00,Debit
1631,2,418,26,2026-07-25 13:00:00,Debit
1632,1,71,16,2026-02-26 19:00:00,Credit
1633,2,149,30,2026-04-14 09:00:00,Debit
1634,2,148,25,2026-07-05 11:00:00,Cash
1635,2,602,31,2026-02-06 13:00:00,Credit
1636,1,598,9,2026-06-22 17:00:00,Debit
1637,4,185,75,2026-05-27 15:00:00,Cash
1638,1,362,11,2026-06-14 17:00:00,Credit
1639,1,477,20,2026-02-14 09:00:00,Debit
1640,4,354,74,2026-01-22 11:00:00,Cash
1641,2,109,41,2026-02-02 11:00:00,Cash
1642,1,94,6,2026-07-18 17:00:00,Debit
1643,2,622,40,2026-04-25 17:00:00,Debit
1644,2,527,44,2026-05-26 19:00:00,Debit
1645,1,513,17,2026-05-02 19:00:00,Debit
1646,2,449,44,2026-03-17 17:00:00,Cash
1647,5,503,88,2026-07-04 17:00:00,Cash
1648,4,52,75,2026-02-14 13:00:00,Cash
1649,4,207,75,2026-06-27 17:00:00,Cash
1650,5,334,86,2026-06-27 11:00:00,Debit
1651,2,41,39,2026-05-09 15:00:00,Credit
1652,1,281,14,2026-05-17 15:00:00,Credit
1653,1,171,7,2026-07-06 09:00:00,Cash
1654,4,15,74,2026-06-24 11:00:00,Debit
1655,1,22,1,2026-03-07 09:00:00,Cash
1656,2,413,37,2026-03-10 17:00:00,Credit
1657,3,586,47,2026-06-01 15:00:00,Credit
1658,2,95,35,2026-04-01 09:00:00,Cash
1659,4,507,69,2026-06-27 13:00:00,Debit
1660,4,592,77,2026-05-18 19:00:00,Cash
1661,3,345,54,2026-01-01 17:00:00,Cash
1662,5,561,92,2026-07-28 19:00:00,Debit
1663,5,612,87,2026-04-02 09:00:00,Cash
1664,1,251,15,2026-05-04 17:00:00,Credit
1665,5,679,90,2026-05-03 13:00:00,Cash
1666,2,317,27,2026-05-25 17:00:00,Credit
1667,1,71,12,2026-03-28 17:00:00,Credit
1668,2,458,33,2026-03-14 15:00:00,Debit
1669,5,280,91,2026-06-09 13:00:00,Debit
1670,2,142,31,2026-06-04 09:00:00,Cash
1671,4,94,67,2026-07-23 17:00:00,Credit
1672,3,296,45,2026-05-20 19:00:00,Credit
1673,5,513,81,2026-04-02 15:00:00,Debit
1674,2,368,43,2026-04-05 15:00:00,Credit
1675,2,466,23,2026-02-08 13:00:00,Credit
1676,2,574,27,2026-02-04 19:00:00,Cash
1677,3,72,50,2026-02-04 17:00:00,Cash
1678,5,408,82,2026-04-01 13:00:00,Credit
1679,1,437,14,2026-06-08 09:00:00,Credit
1680,1,470,3,2026-02-08 15:00:00,Credit
1681,1,131,19,2026-07-06 13:00:00,Cash
1682,5,129,79,2026-06-03 13:00:00,Cash
1683,5,510,92,2026-07-23 13:00:00,Debit
1684,4,265,72,2026-03-27 17:00:00,Debit
1685,4,148,77,2026-07-10 17:00:00,Debit
1686,5,26,82,2026-07-10 15:00:00,Cash
1687,1,641,7,2026-03-12 15:00:00,Cash
1688,2,572,36,2026-07-09 13:00:00,Credit
1689,2,326,26,2026-04-06 11:00:00,Cash
1690,3,404,59,2026-07-22 19:00:00,Credit
1691,2,360,35,2026-07-23 19:00:00,Credit
1692,4,637,77,2026-03-03 19:00:00,Debit
1693,4,639,72,2026-05-28 19:00:00,Debit
1694,2,655,29,2026-02-06 17:00:00,Debit
1695,1,311,17,2026-04-04 19:00:00,Cash
1696,2,321,31,2026-04-05 11:00:00,Credit
1697,2,388,40,2026-04-14 19:00:00,Credit
1698,5,444,87,2026-02-11 19:00:00,Cash
1699,4,177,63,2026-04-12 13:00:00,Debit
1700,3,91,48,2026-03-10 17:00:00,Credit
1701,3,564,47,2026-06-25 11:00:00,Cash
1702,1,240,10,2026-03-28 17:00:00,Credit
1703,2,515,28,2026-06-10 15:00:00,Cash
1704,1,550,1,2026-05-19 19:00:00,Debit
1705,2,101,26,2026-07-01 13:00:00,Credit
1706,1,673,9,2026-02-12 13:00:00,Credit
1707,4,412,64,2026-03-28 09:00:00,Debit
1708,3,246,60,2026-07-14 09:00:00,Credit
1709,1,55,2,2026-06-28 15:00:00,Credit
1710,1,458,18,2026-07-07 11:00:00,Cash
1711,3,283,46,2026-07-02 11:00:00,Credit
1712,1,247,4,2026-07-16 19:00:00,Cash
1713,2,668,40,2026-02-27 15:00:00,Debit
1714,1,160,12,2026-06-21 17:00:00,Cash
1715,3,265,48,2026-07-02 17:00:00,Cash
1716,3,537,55,2026-07-21 15:00:00,Debit
1717,5,449,89,2026-06-03 13:00:00,Credit
1718,2,171,40,2026-02-04 09:00:00,Cash
1719,3,483,49,2026-07-17 17:00:00,Debit
1720,3,426,48,2026-01-08 15:00:00,Debit
1721,1,482,5,2026-06-04 17:00:00,Credit
1722,5,394,87,2026-06-25 17:00:00,Debit
1723,2,233,24,2026-02-07 15:00:00,Debit
1724,4,8,68,2026-05-04 19:00:00,Debit
1725,2,361,37,2026-06-23 17:00:00,Cash
1726,1,301,7,2026-02-09 17:00:00,Credit
1727,1,125,13,2026-04-06 11:00:00,Cash
1728,1,392,18,2026-07-20 17:00:00,Debit
1729,4,399,77,2026-03-22 15:00:00,Cash
1730,3,252,56,2026-01-20 17:00:00,Cash
1731,4,57,66,2026-07-05 11:00:00,Debit
1732,5,492,79,2026-07-13 09:00:00,Credit
1733,1,265,6,2026-01-27 17:00:00,Debit
1734,4,552,70,2026-06-23 11:00:00,Cash
1735,1,226,1,2026-05-10 15:00:00,Credit
1736,2,77,23,2026-02-14 17:00:00,Debit
1737,4,73,75,2026-01-04 13:00:00,Debit
1738,3,398,54,2026-06-23 17:00:00,Debit
1739,3,630,55,2026-03-22 19:00:00,Credit
1740,2,122,31,2026-02-01 13:00:00,Debit
1741,2,600,36,2026-06-05 15:00:00,Credit
1742,2,114,27,2026-03-11 13:00:00,Cash
1743,4,101,67,2026-07-16 13:00:00,Credit
1744,3,350,56,2026-06-16 15:00:00,Debit
1745,1,688,20,2026-07-21 09:00:00,Debit
1746,1,300,14,2026-06-01 11:00:00,Cash
1747,4,474,77,2026-04-09 15:00:00,Credit
1748,1,209,2,2026-01-04 09:00:00,Cash
1749,2,668,38,2026-04-26 13:00:00,Cash
1750,5,63,85,2026-06-16 17:00:00,Credit
1751,2,191,37,2026-04-08 15:00:00,Debit
1752,4,471,68,2026-07-17 19:00:00,Debit
1753,1,404,22,2026-05-11 13:00:00,Cash
1754,2,529,32,2026-02-15 11:00:00,Credit
1755,2,669,35,2026-05-05 09:00:00,Cash
1756,1,212,11,2026-05-03 19:00:00,Credit
1757,4,142,74,2026-07-13 15:00:00,Cash
1758,1,487,20,2026-07-14 17:00:00,Credit
1759,2,530,39,2026-06-01 19:00:00,Debit
1760,3,380,52,2026-03-02 17:00:00,Debit
1761,1,619,5,2026-07-22 15:00:00,Debit
1762,1,336,20,2026-04-03 19:00:00,Debit
1763,2,699,43,2026-03-01 13:00:00,Cash
1764,2,610,37,2026-05-24 15:00:00,Debit
1765,3,79,45,2026-04-06 15:00:00,Credit
1766,4,489,69,2026-05-05 19:00:00,Debit
1767,4,62,68,2026-02-24 13:00:00,Credit
1768,5,77,93,2026-02-04 11:00:00,Debit
1769,3,504,48,2026-05-20 11:00:00,Debit
1770,1,557,12,2026-07-06 17:00:00,Credit
1771,2,239,24,2026-07-13 17:00:00,Debit
1772,1,9,7,2026-02-14 19:00:00,Cash
1773,4,424,63,2026-03-01 19:00:00,Credit
1774,5,276,94,2026-07-06 17:00:00,Credit
1775,1,476,1,2026-05-28 09:00:00,Credit
1776,4,41,73,2026-02-07 15:00:00,Cash
1777,1,190,14,2026-01-19 11:00:00,Debit
1778,1,116,15,2026-07-13 17:00:00,Credit
1779,2,569,23,2026-07-14 19:00:00,Cash
1780,1,333,9,2026-05-24 15:00:00,Credit
1781,1,564,11,2026-04-24 17:00:00,Credit
1782,3,474,50,2026-03-20 13:00:00,Debit
1783,1,121,13,2026-07-06 19:00:00,Credit
1784,2,440,24,2026-01-25 17:00:00,Credit
1785,4,340,68,2026-06-15 15:00:00,Debit
1786,4,211,78,2026-05-10 13:00:00,Debit
1787,3,1,61,2026-06-12 09:00:00,Cash
1788,2,373,36,2026-07-14 17:00:00,Credit
1789,1,106,19,2026-05-22 17:00:00,Credit
1790,3,381,54,2026-02-25 09:00:00,Credit
1791,3,36,52,2026-03-18 17:00:00,Credit
1792,5,178,79,2026-04-07 13:00:00,Credit
1793,2,668,33,2026-01-05 19:00:00,Debit
1794,4,232,73,2026-01-20 19:00:00,Debit
1795,2,415,41,2026-06-02 13:00:00,Cash
1796,4,214,69,2026-07-10 17:00:00,Credit
1797,1,168,19,2026-02-28 13:00:00,Debit
1798,1,552,21,2026-07-01 13:00:00,Credit
1799,1,277,3,2026-07-26 13:00:00,Credit
1800,4,613,75,2026-01-25 13:00:00,Debit
1801,5,58,82,2026-06-20 11:00:00,Credit
1802,2,471,32,2026-05-07 09:00:00,Cash
1803,2,610,31,2026-02-01 15:00:00,Cash
1804,1,101,19,2026-03-15 13:00:00,Credit
1805,1,494,12,2026-05-23 13:00:00,Credit
1806,4,281,78,2026-02-14 19:00:00,Debit
1807,1,258,13,2026-07-21 19:00:00,Credit
1808,5,436,82,2026-02-01 19:00:00,Debit
1809,4,163,71,2026-03-01 17:00:00,Debit
1810,4,109,65,2026-03-07 11:00:00,Debit
1811,3,97,53,2026-07-12 09:00:00,Credit
1812,3,307,52,2026-02-19 17:00:00,Cash
1813,4,606,77,2026-05-15 15:00:00,Cash
1814,1,258,5,2026-05-05 13:00:00,Credit
1815,5,261,89,2026-05-08 17:00:00,Cash
1816,5,8,88,2026-07-19 11:00:00,Cash
1817,2,589,29,2026-01-16 17:00:00,Credit
1818,4,572,76,2026-06-19 17:00:00,Debit
1819,1,479,18,2026-07-02 11:00:00,Cash
1820,2,342,43,2026-05-02 19:00:00,Cash
1821,4,555,68,2026-04-17 15:00:00,Debit
1822,3,177,45,2026-06-16 11:00:00,Cash
1823,2,173,34,2026-04-05 17:00:00,Debit
1824,5,383,81,2026-07-21 19:00:00,Cash
1825,2,359,23,2026-05-06 11:00:00,Credit
1826,2,651,35,2026-04-26 17:00:00,Credit
1827,4,422,69,2026-07-15 11:00:00,Cash
1828,4,174,68,2026-07-21 09:00:00,Credit
1829,5,609,79,2026-02-19 17:00:00,Credit
1830,3,455,46,2026-06-13 11:00:00,Credit
1831,2,54,41,2026-01-27 19:00:00,Debit
1832,2,663,24,2026-03-16 19:00:00,Credit
1833,3,87,52,2026-06-02 17:00:00,Credit
1834,2,165,32,2026-03-20 11:00:00,Debit
1835,1,6,2,2026-07-08 15:00:00,Debit
1836,5,675,80,2026-07-05 15:00:00,Debit
1837,2,57,38,2026-04-22 17:00:00,Debit
1838,4,363,63,2026-04-07 17:00:00,Credit
1839,2,434,25,2026-03-06 11:00:00,Debit
1840,4,114,69,2026-06-28 13:00:00,Credit
1841,4,633,71,2026-02-21 19:00:00,Debit
1842,3,205,48,2026-07-10 11:00:00,Debit
1843,2,202,37,2026-07-10 11:00:00,Credit
1844,2,489,36,2026-06-13 15:00:00,Credit
1845,2,300,28,2026-06-26 13:00:00,Cash
1846,5,485,89,2026-07-14 19:00:00,Debit
1847,1,507,20,2026-05-01 19:00:00,Cash
1848,2,173,32,2026-02-23 11:00:00,Cash
1849,1,509,6,2026-04-25 13:00:00,Credit
1850,2,514,35,2026-05-11 19:00:00,Cash
1851,2,301,40,2026-05-01 11:00:00,Debit
1852,4,573,64,2026-04-25 11:00:00,Debit
1853,3,273,47,2026-02-17 15:00:00,Cash
1854,1,513,11,2026-07-20 13:00:00,Cash
1855,4,401,71,2026-05-09 11:00:00,Credit
1856,2,34,41,2026-06-01 19:00:00,Credit
1857,2,313,38,2026-02-22 15:00:00,Cash
1858,3,518,61,2026-06-10 13:00:00,Debit
1859,2,85,40,2026-05-13 17:00:00,Debit
1860,4,263,76,2026-07-12 19:00:00,Debit
1861,1,567,3,2026-07-25 13:00:00,Debit
1862,3,530,46,2026-07-03 15:00:00,Credit
1863,1,113,1,2026-05-23 11:00:00,Cash
1864,2,576,35,2026-01-15 17:00:00,Credit
1865,2,439,24,2026-03-14 17:00:00,Debit
1866,5,436,86,2026-03-08 15:00:00,Credit
1867,1,23,13,2026-05-15 17:00:00,Debit
1868,3,139,50,2026-07-04 17:00:00,Cash
1869,1,589,21,2026-04-28 15:00:00,Debit
1870,4,521,76,2026-06-25 15:00:00,Debit
1871,1,48,13,2026-06-22 17:00:00,Debit
1872,4,174,78,2026-05-07 13:00:00,Debit
1873,1,331,1,2026-07-26 19:00:00,Cash
1874,3,467,46,2026-05-05 19:00:00,Debit
1875,3,80,62,2026-05-25 17:00:00,Debit
1876,3,192,46,2026-05-14 15:00:00,Credit
1877,2,16,38,2026-02-22 19:00:00,Credit
1878,5,522,81,2026-05-06 17:00:00,Cash
1879,5,576,83,2026-07-06 15:00:00,Debit
1880,3,239,59,2026-07-25 13:00:00,Credit
1881,2,316,42,2026-07-01 15:00:00,Debit
1882,1,606,18,2026-06-06 09:00:00,Cash
1883,5,244,89,2026-03-03 17:00:00,Debit
1884,3,290,56,2026-06-23 09:00:00,Cash
1885,3,614,50,2026-04-01 19:00:00,Credit
1886,3,377,53,2026-07-15 11:00:00,Cash
1887,2,525,31,2026-07-09 13:00:00,Cash
1888,4,695,65,2026-07-23 11:00:00,Debit
1889,4,6,75,2026-02-16 15:00:00,Cash
1890,2,117,33,2026-06-22 13:00:00,Cash
1891,2,54,26,2026-07-25 19:00:00,Debit
1892,3,674,49,2026-03-25 17:00:00,Cash
1893,2,48,26,2026-04-07 19:00:00,Debit
1894,1,306,2,2026-06-05 15:00:00,Debit
1895,4,33,65,2026-03-17 17:00:00,Debit
1896,1,425,18,2026-02-06 17:00:00,Credit
1897,3,540,55,2026-07-27 13:00:00,Credit
1898,3,676,55,2026-01-05 15:00:00,Cash
1899,1,78,14,2026-06-21 13:00:00,Cash
1900,1,615,13,2026-07-22 11:00:00,Credit
1901,1,571,2,2026-05-13 11:00:00,Cash
1902,1,59,21,2026-01-20 11:00:00,Credit
1903,5,271,87,2026-04-22 19:00:00,Debit
1904,1,189,21,2026-07-13 17:00:00,Debit
1905,2,7,25,2026-05-27 19:00:00,Credit
1906,1,674,5,2026-06-26 17:00:00,Debit
1907,1,20,19,2026-07-07 15:00:00,Credit
1908,5,255,79,2026-02-08 15:00:00,Credit
1909,2,61,30,2026-03-15 15:00:00,Cash
1910,2,301,30,2026-06-01 11:00:00,Debit
1911,2,361,34,2026-07-23 13:00:00,Credit
1912,3,546,59,2026-05-17 17:00:00,Debit
1913,4,410,71,2026-03-01 19:00:00,Cash
1914,2,463,38,2026-02-28 17:00:00,Credit
1915,2,156,29,2026-03-23 15:00:00,Credit
1916,1,619,20,2026-01-13 19:00:00,Cash
1917,2,318,41,2026-05-05 13:00:00,Debit
1918,5,139,80,2026-07-22 19:00:00,Debit
1919,1,421,19,2026-05-06 11:00:00,Cash
1920,1,465,19,2026-04-13 09:00:00,Cash
1921,2,605,42,2026-03-12 13:00:00,Cash
1922,4,562,70,2026-06-24 17:00:00,Credit
1923,2,410,40,2026-05-16 19:00:00,Cash
1924,2,445,23,2026-05-20 11:00:00,Debit
1925,1,258,20,2026-03-06 09:00:00,Credit
1926,1,614,3,2026-03-17 17:00:00,Credit
1927,5,69,88,2026-04-01 09:00:00,Debit
1928,1,409,5,2026-07-23 15:00:00,Cash
1929,4,668,70,2026-07-26 13:00:00,Credit
1930,4,308,66,2026-06-19 09:00:00,Credit
1931,1,651,18,2026-07-16 13:00:00,Debit
1932,1,336,22,2026-06-18 15:00:00,Debit
1933,2,139,32,2026-06-22 19:00:00,Credit
1934,2,532,28,2026-07-21 11:00:00,Credit
1935,2,437,36,2026-03-19 19:00:00,Cash
1936,5,636,91,2026-02-09 17:00:00,Credit
1937,5,35,90,2026-05-27 17:00:00,Debit
1938,2,374,30,2026-07-03 15:00:00,Cash
1939,5,539,92,2026-05-14 15:00:00,Cash
1940,2,658,32,2026-05-25 17:00:00,Credit
1941,2,124,28,2026-07-10 15:00:00,Debit
1942,1,634,11,2026-01-07 15:00:00,Debit
1943,1,658,6,2026-01-16 15:00:00,Credit
1944,2,89,41,2026-07-02 13:00:00,Cash
1945,1,637,19,2026-01-23 13:00:00,Cash
1946,4,216,77,2026-06-17 15:00:00,Credit
1947,1,318,9,2026-06-26 13:00:00,Debit
1948,2,442,23,2026-06-25 13:00:00,Debit
1949,4,231,73,2026-05-28 11:00:00,Credit
1950,5,424,89,2026-07-23 19:00:00,Credit
1951,4,35,74,2026-06-26 15:00:00,Credit
1952,2,552,41,2026-03-22 11:00:00,Debit
1953,1,38,20,2026-04-07 19:00:00,Credit
1954,2,558,25,2026-04-01 13:00:00,Cash
1955,4,278,75,2026-02-27 15:00:00,Cash
1956,2,49,43,2026-06-04 19:00:00,Debit
1957,4,252,63,2026-01-10 09:00:00,Cash
1958,2,19,30,2026-07-04 15:00:00,Cash
1959,5,553,79,2026-06-05 11:00:00,Cash
1960,1,41,8,2026-04-25 11:00:00,Cash
1961,2,286,43,2026-07-18 15:00:00,Cash
1962,4,156,75,2026-06-18 17:00:00,Debit
1963,1,392,10,2026-06-03 19:00:00,Cash
1964,2,243,33,2026-06-28 13:00:00,Cash
1965,2,480,32,2026-03-07 17:00:00,Debit
1966,4,443,78,2026-05-17 19:00:00,Credit
1967,2,44,42,2026-07-18 15:00:00,Credit
1968,1,630,3,2026-06-04 17:00:00,Cash
1969,4,289,70,2026-07-21 19:00:00,Credit
1970,1,388,4,2026-06-05 19:00:00,Credit
1971,2,352,28,2026-03-11 17:00:00,Debit
1972,2,413,24,2026-06-04 17:00:00,Debit
1973,5,151,79,2026-07-22 19:00:00,Debit
1974,1,489,9,2026-07-22 09:00:00,Debit
1975,3,59,62,2026-04-24 17:00:00,Cash
1976,5,82,93,2026-07-21 19:00:00,Credit
1977,2,348,30,2026-06-27 17:00:00,Cash
1978,2,418,27,2026-07-16 19:00:00,Debit
1979,1,3,12,2026-04-25 17:00:00,Credit
1980,5,548,88,2026-02-13 09:00:00,Credit
1981,1,7,7,2026-05-18 19:00:00,Debit
1982,2,243,24,2026-01-27 09:00:00,Debit
1983,2,133,39,2026-05-01 13:00:00,Cash
1984,1,639,18,2026-06-09 19:00:00,Cash
1985,1,122,6,2026-07-19 09:00:00,Credit
1986,4,139,63,2026-03-01 11:00:00,Cash
1987,2,472,34,2026-02-07 17:00:00,Cash
1988,2,589,43,2026-06-08 19:00:00,Credit
1989,5,441,80,2026-01-20 17:00:00,Credit
1990,4,303,73,2026-05-27 19:00:00,Debit
1991,4,45,73,2026-07-19 19:00:00,Debit
1992,4,338,70,2026-07-10 17:00:00,Cash
1993,1,562,20,2026-05-21 17:00:00,Debit
1994,2,290,33,2026-04-07 13:00:00,Debit
1995,5,380,83,2026-02-06 17:00:00,Credit
1996,2,390,23,2026-05-11 17:00:00,Credit
1997,5,143,88,2026-04-26 15:00:00,Cash
1998,2,656,27,2026-05-10 15:00:00,Debit
1999,5,65,90,2026-04-05 11:00:00,Cash
2000,2,70,37,2026-01-07 17:00:00,Credit
2001,3,97,55,2026-06-03 15:00:00,Debit
2002,1,133,6,2026-05-19 09:00:00,Debit
2003,2,453,41,2026-03-19 13:00:00,Debit
2004,1,375,7,2026-04-09 17:00:00,Credit
2005,3,327,59,2026-04-15 17:00:00,Credit
2006,2,538,43,2026-06-25 17:00:00,Cash
2007,2,415,41,2026-05-24 19:00:00,Credit
2008,2,200,33,2026-04-04 17:00:00,Cash
2009,3,406,62,2026-03-22 17:00:00,Credit
2010,2,249,38,2026-05-25 11:00:00,Debit
2011,4,7,66,2026-02-09 13:00:00,Cash
2012,1,248,7,2026-01-12 15:00:00,Credit
2013,4,491,69,2026-02-23 17:00:00,Cash
2014,1,266,2,2026-05-28 15:00:00,Credit
2015,4,168,75,2026-07-11 13:00:00,Debit
2016,2,170,37,2026-07-21 11:00:00,Debit
2017,5,548,89,2026-06-23 11:00:00,Cash
2018,1,590,4,2026-02-22 11:00:00,Debit
2019,3,234,50,2026-01-14 17:00:00,Cash
2020,2,73,42,2026-02-10 15:00:00,Cash
2021,2,495,33,2026-07-01 19:00:00,Debit
2022,4,130,75,2026-04-09 17:00:00,Credit
2023,5,624,81,2026-05-14 17:00:00,Credit
2024,2,403,32,2026-03-01 09:00:00,Credit
2025,1,641,5,2026-02-25 17:00:00,Credit
2026,2,78,36,2026-05-07 13:00:00,Cash
2027,2,306,38,2026-07-13 15:00:00,Credit
2028,5,54,86,2026-05-07 17:00:00,Debit
2029,4,516,72,2026-04-11 11:00:00,Credit
2030,3,485,54,2026-02-27 09:00:00,Cash
2031,1,664,14,2026-07-09 09:00:00,Debit
2032,4,431,67,2026-04-06 15:00:00,Debit
2033,2,15,24,2026-01-14 19:00:00,Credit
2034,3,366,57,2026-03-17 17:00:00,Debit
2035,5,274,89,2026-06-10 17:00:00,Cash
2036,2,223,41,2026-05-04 15:00:00,Cash
2037,4,555,71,2026-06-24 17:00:00,Cash
2038,4,36,73,2026-03-23 15:00:00,Debit
2039,1,213,5,2026-03-23 19:00:00,Debit
2040,4,228,71,2026-05-07 11:00:00,Debit
2041,1,547,21,2026-02-23 17:00:00,Credit
2042,3,576,55,2026-07-11 17:00:00,Credit
2043,2,462,36,2026-01-03 11:00:00,Cash
2044,3,198,61,2026-07-06 11:00:00,Cash
2045,5,653,84,2026-07-10 11:00:00,Debit
2046,2,66,39,2026-05-17 17:00:00,Cash
2047,2,539,43,2026-07-05 13:00:00,Cash
2048,3,298,47,2026-01-22 17:00:00,Debit
2049,2,205,31,2026-04-03 19:00:00,Cash
2050,3,589,62,2026-04-15 17:00:00,Debit
2051,2,455,42,2026-06-11 15:00:00,Debit
2052,2,555,30,2026-07-07 19:00:00,Credit
2053,4,405,66,2026-07-15 11:00:00,Credit
2054,4,394,75,2026-01-05 15:00:00,Credit
2055,1,461,22,2026-04-12 19:00:00,Cash
2056,2,536,35,2026-03-16 17:00:00,Debit
2057,2,177,31,2026-06-16 13:00:00,Debit
2058,2,458,33,2026-01-02 15:00:00,Cash
2059,4,299,64,2026-04-17 19:00:00,Debit
2060,1,158,6,2026-04-09 13:00:00,Debit
2061,4,627,78,2026-03-25 15:00:00,Debit
2062,1,542,14,2026-07-27 13:00:00,Cash
2063,5,326,94,2026-01-25 13:00:00,Credit
2064,4,47,72,2026-05-08 15:00:00,Debit
2065,1,178,2,2026-03-21 15:00:00,Cash
2066,2,229,23,2026-01-20 17:00:00,Cash
2067,4,685,63,2026-03-03 13:00:00,Cash
2068,4,611,78,2026-06-27 17:00:00,Cash
2069,4,157,71,2026-02-09 13:00:00,Credit
2070,1,306,11,2026-04-09 15:00:00,Credit
2071,2,504,32,2026-04-25 13:00:00,Cash
2072,5,655,86,2026-01-11 15:00:00,Cash
2073,2,644,40,2026-01-11 17:00:00,Credit
2074,1,632,9,2026-07-01 11:00:00,Debit
2075,1,239,3,2026-07-28 09:00:00,Debit
2076,5,534,87,2026-06-25 11:00:00,Cash
2077,4,158,64,2026-01-07 19:00:00,Credit
2078,1,293,18,2026-06-22 15:00:00,Debit
2079,2,69,39,2026-06-04 17:00:00,Debit
2080,4,163,69,2026-07-22 15:00:00,Credit
2081,2,328,43,2026-06-05 19:00:00,Cash
2082,4,109,76,2026-06-26 19:00:00,Credit
2083,2,440,23,2026-06-06 19:00:00,Cash
2084,3,287,50,2026-06-13 17:00:00,Debit
2085,2,455,29,2026-05-17 13:00:00,Cash
2086,1,673,21,2026-04-27 17:00:00,Cash
2087,1,93,15,2026-02-26 15:00:00,Cash
2088,2,371,33,2026-04-05 19:00:00,Cash
2089,2,431,27,2026-06-19 19:00:00,Credit
2090,1,122,15,2026-06-08 17:00:00,Cash
2091,2,234,38,2026-05-05 19:00:00,Cash
2092,4,439,73,2026-01-23 19:00:00,Debit
2093,4,57,71,2026-06-21 17:00:00,Debit
2094,5,643,93,2026-05-23 13:00:00,Debit
2095,2,558,40,2026-04-19 15:00:00,Cash
2096,3,527,47,2026-07-24 13:00:00,Debit
2097,3,595,54,2026-04-20 09:00:00,Debit
2098,2,172,35,2026-06-23 17:00:00,Cash
2099,1,211,17,2026-03-17 15:00:00,Credit
2100,4,82,67,2026-07-22 15:00:00,Credit
2101,3,647,45,2026-06-06 11:00:00,Cash
2102,4,560,66,2026-06-18 19:00:00,Credit
2103,5,397,82,2026-06-18 15:00:00,Cash
2104,4,501,63,2026-07-01 17:00:00,Debit
2105,2,122,24,2026-06-20 09:00:00,Debit
2106,3,569,49,2026-03-25 11:00:00,Debit
2107,2,524,44,2026-07-08 13:00:00,Debit
2108,3,249,55,2026-06-15 19:00:00,Credit
2109,2,532,30,2026-04-17 17:00:00,Credit
2110,2,453,30,2026-06-01 19:00:00,Cash
2111,1,224,4,2026-02-26 17:00:00,Debit
2112,2,326,37,2026-06-22 19:00:00,Cash
2113,5,490,86,2026-04-21 11:00:00,Cash
2114,2,377,39,2026-07-09 09:00:00,Cash
2115,1,495,2,2026-07-10 09:00:00,Cash
2116,5,664,89,2026-02-05 19:00:00,Credit
2117,1,643,13,2026-05-15 11:00:00,Cash
2118,3,462,59,2026-06-19 17:00:00,Cash
2119,1,310,21,2026-07-08 17:00:00,Debit
2120,2,485,41,2026-05-09 15:00:00,Debit
2121,1,434,14,2026-06-08 19:00:00,Debit
2122,4,628,73,2026-01-07 19:00:00,Debit
2123,1,122,12,2026-05-22 13:00:00,Cash
2124,5,616,83,2026-04-23 19:00:00,Cash
2125,2,214,24,2026-02-13 19:00:00,Credit
2126,2,678,32,2026-02-18 13:00:00,Cash
2127,1,93,13,2026-07-08 11:00:00,Cash
2128,2,551,30,2026-05-21 17:00:00,Cash
2129,2,308,32,2026-04-15 19:00:00,Debit
2130,4,126,74,2026-06-13 11:00:00,Cash
2131,3,643,60,2026-04-10 17:00:00,Debit
2132,4,66,77,2026-07-20 11:00:00,Credit
2133,2,681,26,2026-07-06 09:00:00,Debit
2134,2,102,30,2026-01-27 19:00:00,Debit
2135,4,60,71,2026-06-13 17:00:00,Cash
2136,1,132,19,2026-05-15 13:00:00,Cash
2137,4,248,69,2026-05-10 17:00:00,Credit
2138,4,31,75,2026-05-28 17:00:00,Cash
2139,4,464,77,2026-02-07 15:00:00,Credit
2140,3,80,45,2026-04-14 15:00:00,Credit
2141,5,33,83,2026-06-08 13:00:00,Credit
2142,1,603,18,2026-06-08 13:00:00,Credit
2143,1,434,18,2026-07-24 15:00:00,Credit
2144,5,97,94,2026-05-20 17:00:00,Debit
2145,3,414,48,2026-04-21 13:00:00,Debit
2146,2,359,25,2026-06-07 13:00:00,Debit
2147,2,315,27,2026-04-12 15:00:00,Debit
2148,4,132,75,2026-02-13 13:00:00,Credit
2149,1,659,13,2026-05-25 13:00:00,Cash
2150,3,188,60,2026-04-25 11:00:00,Cash
2151,2,306,42,2026-07-09 19:00:00,Credit
2152,1,561,11,2026-07-26 19:00:00,Credit
2153,5,214,87,2026-06-11 13:00:00,Debit
2154,5,145,84,2026-03-18 15:00:00,Cash
2155,5,247,86,2026-03-01 13:00:00,Credit
2156,2,86,34,2026-04-13 17:00:00,Cash
2157,2,96,26,2026-05-07 11:00:00,Debit
2158,3,604,55,2026-06-17 15:00:00,Credit
2159,1,598,11,2026-07-01 13:00:00,Debit
2160,2,527,29,2026-05-14 15:00:00,Credit
2161,3,103,62,2026-07-17 09:00:00,Debit
2162,5,333,81,2026-02-07 17:00:00,Credit
2163,2,647,26,2026-05-18 15:00:00,Credit
2164,2,47,42,2026-05-18 15:00:00,Cash
2165,2,339,37,2026-05-14 13:00:00,Credit
2166,2,439,41,2026-05-27 09:00:00,Cash
2167,1,270,6,2026-07-24 09:00:00,Cash
2168,4,200,64,2026-01-02 09:00:00,Credit
2169,5,344,79,2026-05-11 19:00:00,Cash
2170,2,98,26,2026-07-06 13:00:00,Debit
2171,4,106,73,2026-01-14 15:00:00,Credit
2172,2,98,35,2026-06-19 11:00:00,Debit
2173,5,132,83,2026-03-24 15:00:00,Credit
2174,2,602,27,2026-01-11 13:00:00,Credit
2175,3,29,48,2026-01-13 11:00:00,Cash
2176,4,213,71,2026-06-28 09:00:00,Cash
2177,2,658,28,2026-03-04 11:00:00,Debit
2178,1,163,8,2026-04-04 19:00:00,Cash
2179,3,291,55,2026-04-28 15:00:00,Credit
2180,1,306,20,2026-03-13 13:00:00,Debit
2181,2,441,36,2026-01-09 17:00:00,Credit
2182,2,366,30,2026-06-24 19:00:00,Debit
2183,4,249,71,2026-06-16 17:00:00,Cash
2184,2,484,30,2026-06-12 11:00:00,Debit
2185,2,393,35,2026-07-11 17:00:00,Debit
2186,4,400,68,2026-05-03 13:00:00,Debit
2187,4,427,76,2026-07-17 09:00:00,Debit
2188,1,415,19,2026-05-12 13:00:00,Cash
2189,2,278,35,2026-04-15 17:00:00,Debit
2190,3,595,58,2026-06-11 13:00:00,Credit
2191,4,348,70,2026-07-19 17:00:00,Credit
2192,2,398,38,2026-07-23 17:00:00,Cash
2193,1,657,15,2026-02-16 11:00:00,Cash
2194,3,561,52,2026-04-07 17:00:00,Debit
2195,2,337,39,2026-07-10 15:00:00,Cash
2196,2,104,35,2026-06-01 15:00:00,Cash
2197,2,243,42,2026-04-16 17:00:00,Cash
2198,4,426,66,2026-06-26 17:00:00,Debit
2199,4,404,69,2026-06-17 11:00:00,Cash
2200,2,214,38,2026-01-01 15:00:00,Credit
2201,2,5,26,2026-05-06 17:00:00,Debit
2202,2,20,40,2026-05-16 19:00:00,Credit
2203,2,126,32,2026-03-07 11:00:00,Debit
2204,4,453,75,2026-06-10 17:00:00,Credit
2205,2,649,28,2026-03-05 17:00:00,Debit
2206,4,196,66,2026-04-25 15:00:00,Debit
2207,1,646,10,2026-07-28 19:00:00,Credit
2208,1,681,3,2026-07-09 15:00:00,Cash
2209,1,300,19,2026-06-23 19:00:00,Debit
2210,1,699,18,2026-04-22 09:00:00,Credit
2211,1,399,4,2026-03-04 09:00:00,Credit
2212,2,253,41,2026-07-01 11:00:00,Cash
2213,2,200,30,2026-05-25 17:00:00,Credit
2214,2,430,38,2026-03-16 19:00:00,Cash
2215,4,103,72,2026-07-09 15:00:00,Credit
2216,4,64,65,2026-05-23 13:00:00,Debit
2217,2,558,25,2026-03-03 19:00:00,Credit
2218,2,605,44,2026-07-19 17:00:00,Cash
2219,1,166,2,2026-01-28 13:00:00,Credit
2220,2,122,35,2026-07-14 19:00:00,Cash
2221,5,617,80,2026-06-03 19:00:00,Credit
2222,2,265,39,2026-02-28 17:00:00,Cash
2223,5,62,85,2026-04-09 19:00:00,Debit
2224,1,688,4,2026-05-23 15:00:00,Debit
2225,4,557,75,2026-07-04 13:00:00,Credit
2226,1,89,16,2026-07-04 19:00:00,Credit
2227,1,699,10,2026-02-23 11:00:00,Credit
2228,5,5,84,2026-04-15 17:00:00,Cash
2229,2,136,40,2026-06-10 11:00:00,Debit
2230,4,77,69,2026-04-05 19:00:00,Debit
2231,2,439,29,2026-05-16 15:00:00,Cash
2232,1,653,16,2026-05-03 09:00:00,Debit
2233,3,592,54,2026-02-13 11:00:00,Credit
2234,2,50,25,2026-02-12 13:00:00,Cash
2235,1,421,20,2026-07-07 13:00:00,Cash
2236,2,562,31,2026-06-13 09:00:00,Debit
2237,2,509,32,2026-07-06 17:00:00,Credit
2238,1,67,15,2026-06-10 15:00:00,Cash
2239,2,368,36,2026-06-09 15:00:00,Debit
2240,3,60,45,2026-05-20 13:00:00,Debit
2241,1,444,15,2026-07-23 17:00:00,Debit
2242,5,517,88,2026-07-07 13:00:00,Credit
2243,4,467,67,2026-03-21 17:00:00,Debit
2244,2,27,31,2026-06-12 15:00:00,Debit
2245,4,302,71,2026-05-22 09:00:00,Credit
2246,4,664,76,2026-01-27 13:00:00,Credit
2247,2,106,23,2026-07-17 15:00:00,Credit
2248,5,614,80,2026-07-14 15:00:00,Cash
2249,2,139,40,2026-07-25 11:00:00,Credit
2250,1,114,4,2026-04-07 15:00:00,Debit
2251,4,566,67,2026-06-05 13:00:00,Credit
2252,1,483,11,2026-02-01 15:00:00,Credit
2253,2,305,24,2026-04-20 17:00:00,Credit
2254,2,464,42,2026-01-25 17:00:00,Credit
2255,1,253,12,2026-07-04 17:00:00,Cash
2256,1,327,15,2026-07-25 13:00:00,Credit
2257,1,8,14,2026-06-19 11:00:00,Debit
2258,1,502,18,2026-06-22 13:00:00,Credit
2259,3,554,45,2026-05-08 09:00:00,Credit
2260,1,338,8,2026-04-20 13:00:00,Debit
2261,1,523,4,2026-04-25 11:00:00,Cash
2262,2,295,43,2026-05-14 19:00:00,Credit
2263,2,569,42,2026-03-21 15:00:00,Credit
2264,1,573,21,2026-03-12 15:00:00,Cash
2265,5,600,82,2026-06-08 15:00:00,Cash
2266,1,456,9,2026-03-22 17:00:00,Credit
2267,4,340,73,2026-04-19 09:00:00,Debit
2268,5,22,87,2026-07-19 17:00:00,Credit
2269,2,441,41,2026-06-27 15:00:00,Cash
2270,1,557,14,2026-04-05 15:00:00,Credit
2271,2,471,30,2026-06-13 13:00:00,Credit
2272,2,85,35,2026-03-15 19:00:00,Debit
2273,1,574,3,2026-04-08 15:00:00,Debit
2274,3,651,45,2026-05-05 13:00:00,Cash
2275,2,165,43,2026-05-13 17:00:00,Cash
2276,4,511,68,2026-04-10 15:00:00,Debit
2277,4,189,70,2026-07-18 13:00:00,Cash
2278,1,5,2,2026-03-07 13:00:00,Debit
2279,1,339,11,2026-06-10 11:00:00,Credit
2280,5,347,89,2026-04-04 13:00:00,Debit
2281,2,511,41,2026-07-01 15:00:00,Debit
2282,1,245,7,2026-03-12 15:00:00,Credit
2283,3,299,56,2026-06-11 17:00:00,Credit
2284,5,143,91,2026-07-11 17:00:00,Credit
2285,1,446,13,2026-01-27 11:00:00,Credit
2286,5,162,82,2026-06-20 11:00:00,Debit
2287,2,28,32,2026-02-05 19:00:00,Credit
2288,2,123,34,2026-05-25 11:00:00,Cash
2289,2,215,38,2026-03-13 15:00:00,Credit
2290,2,34,29,2026-07-27 13:00:00,Credit
2291,4,545,74,2026-05-17 09:00:00,Credit
2292,1,50,4,2026-01-04 17:00:00,Cash
2293,1,502,20,2026-03-12 17:00:00,Debit
2294,1,189,19,2026-01-02 17:00:00,Cash
2295,2,349,35,2026-02-05 11:00:00,Cash
2296,3,378,56,2026-03-16 09:00:00,Cash
2297,2,147,30,2026-06-19 19:00:00,Credit
2298,2,223,27,2026-07-24 19:00:00,Cash
2299,1,477,18,2026-07-21 17:00:00,Credit
2300,2,251,37,2026-04-15 17:00:00,Credit
2301,4,362,69,2026-02-10 19:00:00,Cash
2302,3,511,58,2026-07-03 17:00:00,Debit
2303,3,483,58,2026-04-12 11:00:00,Credit
2304,1,664,11,2026-07-06 17:00:00,Debit
2305,2,640,24,2026-04-03 19:00:00,Credit
2306,1,642,18,2026-01-04 15:00:00,Cash
2307,5,648,92,2026-01-21 19:00:00,Credit
2308,2,127,40,2026-02-07 17:00:00,Debit
2309,3,652,61,2026-01-05 13:00:00,Cash
2310,2,510,25,2026-05-14 13:00:00,Credit
2311,2,42,23,2026-02-10 11:00:00,Cash
2312,2,584,40,2026-07-25 19:00:00,Cash
2313,5,75,85,2026-02-08 17:00:00,Credit
2314,2,390,35,2026-04-22 17:00:00,Cash
2315,1,265,4,2026-07-25 19:00:00,Debit
2316,3,351,47,2026-03-22 15:00:00,Debit
2317,5,101,87,2026-07-05 09:00:00,Cash
2318,4,439,75,2026-07-26 13:00:00,Debit
2319,1,378,3,2026-05-26 19:00:00,Credit
2320,2,226,30,2026-07-11 19:00:00,Debit
2321,5,396,94,2026-04-13 13:00:00,Debit
2322,2,164,28,2026-05-10 17:00:00,Debit
2323,4,124,63,2026-05-23 13:00:00,Debit
2324,2,593,27,2026-02-01 19:00:00,Cash
2325,2,147,44,2026-04-11 19:00:00,Credit
2326,4,428,78,2026-06-25 15:00:00,Credit
2327,3,629,59,2026-03-11 17:00:00,Cash
2328,4,75,67,2026-03-09 19:00:00,Cash
2329,1,5,6,2026-05-26 17:00:00,Credit
2330,4,685,63,2026-04-16 15:00:00,Debit
2331,5,141,90,2026-07-24 17:00:00,Credit
2332,4,25,69,2026-04-21 09:00:00,Credit
2333,3,569,49,2026-05-03 13:00:00,Credit
2334,1,582,9,2026-06-05 17:00:00,Debit
2335,1,456,1,2026-07-16 15:00:00,Debit
2336,1,533,14,2026-06-22 11:00:00,Credit
2337,1,156,1,2026-01-05 19:00:00,Credit
2338,5,275,83,2026-06-17 13:00:00,Debit
2339,4,210,69,2026-07-28 17:00:00,Debit
2340,4,522,68,2026-06-13 09:00:00,Cash
2341,2,88,29,2026-04-24 17:00:00,Debit
2342,1,293,14,2026-04-22 13:00:00,Cash
2343,1,287,19,2026-05-12 19:00:00,Cash
2344,4,637,74,2026-02-07 11:00:00,Credit
2345,5,669,79,2026-07-12 09:00:00,Credit
2346,1,354,17,2026-04-13 11:00:00,Cash
2347,3,50,51,2026-06-02 17:00:00,Cash
2348,4,37,72,2026-05-25 17:00:00,Debit
2349,3,66,56,2026-01-02 13:00:00,Debit
2350,2,339,29,2026-05-03 17:00:00,Cash
2351,3,489,54,2026-02-17 17:00:00,Debit
2352,2,655,23,2026-05-07 09:00:00,Credit
2353,5,459,82,2026-05-11 15:00:00,Debit
2354,4,623,64,2026-05-09 09:00:00,Credit
2355,4,621,69,2026-07-22 11:00:00,Debit
2356,3,399,58,2026-05-04 13:00:00,Cash
2357,5,395,93,2026-02-19 17:00:00,Debit
2358,2,164,36,2026-06-07 17:00:00,Credit
2359,2,341,40,2026-01-11 19:00:00,Credit
2360,2,603,34,2026-03-21 15:00:00,Debit
2361,2,374,30,2026-06-18 13:00:00,Credit
2362,2,290,28,2026-06-25 15:00:00,Debit
2363,2,494,33,2026-02-15 19:00:00,Cash
2364,1,436,14,2026-06-18 19:00:00,Cash
2365,2,208,23,2026-07-01 19:00:00,Credit
2366,4,474,68,2026-04-06 19:00:00,Debit
2367,4,228,71,2026-05-18 19:00:00,Debit
2368,1,169,11,2026-04-24 17:00:00,Credit
2369,4,245,63,2026-04-10 15:00:00,Cash
2370,2,578,38,2026-03-01 15:00:00,Credit
2371,4,230,68,2026-07-21 15:00:00,Debit
2372,4,119,66,2026-05-24 19:00:00,Cash
2373,2,669,39,2026-04-23 17:00:00,Debit
2374,1,85,5,2026-07-02 09:00:00,Credit
2375,1,199,10,2026-02-28 13:00:00,Cash
2376,2,358,44,2026-03-22 19:00:00,Debit
2377,4,97,76,2026-06-15 19:00:00,Credit
2378,3,374,58,2026-05-16 11:00:00,Debit
2379,4,42,75,2026-04-15 15:00:00,Cash
2380,4,18,74,2026-03-25 13:00:00,Credit
2381,1,691,13,2026-07-10 19:00:00,Cash
2382,3,187,49,2026-03-15 17:00:00,Credit
2383,2,14,37,2026-06-08 19:00:00,Credit
2384,2,52,26,2026-03-22 13:00:00,Debit
2385,2,337,24,2026-06-04 11:00:00,Cash
2386,3,156,58,2026-01-13 17:00:00,Credit
2387,1,586,7,2026-01-13 13:00:00,Cash
2388,2,570,29,2026-05-11 17:00:00,Credit
2389,2,504,25,2026-05-23 13:00:00,Cash
2390,1,94,9,2026-03-13 15:00:00,Debit
2391,2,649,35,2026-07-17 19:00:00,Debit
2392,3,213,47,2026-03-05 09:00:00,Debit
2393,3,150,61,2026-07-14 15:00:00,Credit
2394,2,607,28,2026-05-09 19:00:00,Cash
2395,2,36,44,2026-02-01 09:00:00,Cash
2396,1,312,22,2026-05-22 09:00:00,Cash
2397,2,573,33,2026-01-03 17:00:00,Debit
2398,1,668,7,2026-02-04 15:00:00,Cash
2399,1,241,11,2026-06-24 11:00:00,Debit
2400,4,206,63,2026-07-13 17:00:00,Credit
2401,5,539,86,2026-01-02 17:00:00,Credit
2402,2,318,40,2026-05-24 09:00:00,Credit
2403,1,286,3,2026-06-08 13:00:00,Debit
2404,2,700,24,2026-07-25 11:00:00,Cash
2405,4,649,77,2026-01-09 17:00:00,Debit
2406,2,547,43,2026-03-14 15:00:00,Credit
2407,2,691,43,2026-07-05 19:00:00,Debit
2408,2,311,37,2026-04-28 17:00:00,Cash
2409,5,356,86,2026-06-28 09:00:00,Credit
2410,5,358,85,2026-07-03 09:00:00,Cash
2411,4,510,69,2026-03-28 17:00:00,Cash
2412,2,599,26,2026-05-05 11:00:00,Cash
2413,2,418,34,2026-06-20 13:00:00,Cash
2414,1,438,16,2026-06-13 19:00:00,Cash
2415,4,129,69,2026-05-16 15:00:00,Debit
2416,5,683,90,2026-05-17 19:00:00,Credit
2417,1,166,15,2026-06-25 17:00:00,Debit
2418,1,455,17,2026-02-14 15:00:00,Cash
2419,2,660,35,2026-05-23 11:00:00,Credit
2420,5,564,79,2026-07-11 11:00:00,Debit
2421,2,549,26,2026-05-26 13:00:00,Credit
2422,2,445,33,2026-06-16 15:00:00,Cash
2423,4,193,74,2026-04-01 17:00:00,Cash
2424,2,298,26,2026-04-03 19:00:00,Debit
2425,1,565,19,2026-07-13 13:00:00,Credit
2426,2,361,35,2026-07-05 17:00:00,Debit
2427,4,117,72,2026-05-15 11:00:00,Cash
2428,2,45,23,2026-01-21 13:00:00,Cash
2429,3,186,61,2026-03-20 17:00:00,Debit
2430,2,51,43,2026-07-12 17:00:00,Credit
2431,3,127,48,2026-07-19 11:00:00,Cash
2432,4,520,75,2026-04-01 09:00:00,Cash
2433,1,24,13,2026-03-19 17:00:00,Cash
2434,3,194,58,2026-04-06 11:00:00,Cash
2435,1,173,2,2026-02-18 09:00:00,Credit
2436,4,140,71,2026-05-07 09:00:00,Credit
2437,5,588,93,2026-06-14 11:00:00,Debit
2438,1,26,11,2026-07-24 17:00:00,Debit
2439,4,284,72,2026-06-26 17:00:00,Debit
2440,5,695,94,2026-07-12 19:00:00,Debit
2441,1,371,21,2026-04-16 17:00:00,Debit
2442,2,68,31,2026-04-09 13:00:00,Debit
2443,3,429,56,2026-07-18 17:00:00,Cash
2444,1,304,18,2026-06-09 15:00:00,Cash
2445,4,440,68,2026-06-12 17:00:00,Debit
2446,4,531,73,2026-03-13 19:00:00,Credit
2447,1,374,17,2026-07-26 15:00:00,Debit
2448,1,163,21,2026-05-20 13:00:00,Debit
2449,4,665,71,2026-06-07 17:00:00,Debit
2450,2,346,40,2026-07-14 19:00:00,Credit
2451,2,62,34,2026-06-26 13:00:00,Cash
2452,1,170,1,2026-03-09 15:00:00,Credit
2453,2,201,41,2026-03-25 17:00:00,Credit
2454,3,146,55,2026-05-24 15:00:00,Debit
2455,3,5,52,2026-07-22 17:00:00,Cash
2456,5,360,82,2026-01-05 13:00:00,Debit
2457,1,308,11,2026-02-23 17:00:00,Credit
2458,3,352,52,2026-07-04 13:00:00,Credit
2459,1,689,22,2026-05-09 17:00:00,Credit
2460,4,339,69,2026-06-20 19:00:00,Credit
2461,4,245,74,2026-06-04 11:00:00,Cash
2462,1,190,15,2026-07-06 15:00:00,Debit
2463,1,188,22,2026-05-22 15:00:00,Debit
2464,1,542,7,2026-01-12 15:00:00,Cash
2465,3,83,53,2026-04-10 13:00:00,Cash
2466,4,641,65,2026-07-26 17:00:00,Cash
2467,1,312,12,2026-02-16 17:00:00,Debit
2468,2,33,36,2026-06-23 15:00:00,Credit
2469,2,205,30,2026-05-04 15:00:00,Debit
2470,2,89,44,2026-02-27 11:00:00,Debit
2471,4,171,76,2026-04-14 17:00:00,Debit
2472,4,264,66,2026-03-14 09:00:00,Cash
2473,5,604,80,2026-06-13 11:00:00,Debit
2474,2,21,30,2026-02-27 15:00:00,Cash
2475,3,61,54,2026-07-14 17:00:00,Debit
2476,1,553,5,2026-04-20 19:00:00,Credit
2477,5,693,82,2026-06-14 15:00:00,Credit
2478,5,544,80,2026-03-26 13:00:00,Debit
2479,2,666,27,2026-07-03 17:00:00,Credit
2480,1,376,2,2026-06-08 15:00:00,Cash
2481,1,253,9,2026-03-24 13:00:00,Credit
2482,2,190,42,2026-06-15 13:00:00,Cash
2483,1,293,21,2026-06-10 17:00:00,Debit
2484,1,663,10,2026-02-28 17:00:00,Credit
2485,2,87,24,2026-06-08 19:00:00,Cash
2486,3,122,48,2026-02-19 15:00:00,Debit
2487,1,690,15,2026-02-19 11:00:00,Cash
2488,1,463,7,2026-07-11 19:00:00,Credit
2489,2,86,24,2026-07-05 17:00:00,Cash
2490,2,101,41,2026-03-20 11:00:00,Cash
2491,2,454,29,2026-05-03 17:00:00,Cash
2492,2,368,27,2026-07-04 17:00:00,Cash
2493,2,300,34,2026-05-01 15:00:00,Cash
2494,4,202,64,2026-07-03 13:00:00,Debit
2495,2,7,27,2026-01-26 19:00:00,Cash
2496,2,569,42,2026-07-08 17:00:00,Credit
2497,4,57,68,2026-06-10 17:00:00,Cash
2498,2,244,43,2026-04-25 15:00:00,Credit
2499,2,280,36,2026-06-24 17:00:00,Cash
2500,3,550,49,2026-06-10 17:00:00,Credit
2501,4,250,67,2026-05-04 09:00:00,Debit
2502,1,250,8,2026-01-25 13:00:00,Debit
2503,2,3,26,2026-02-10 11:00:00,Credit
2504,2,178,24,2026-05-12 19:00:00,Cash
2505,4,689,75,2026-06-03 19:00:00,Cash
2506,1,10,8,2026-07-14 13:00:00,Cash
2507,2,491,30,2026-06-03 17:00:00,Cash
2508,2,314,43,2026-01-24 15:00:00,Debit
2509,2,133,25,2026-03-02 09:00:00,Debit
2510,3,10,59,2026-02-02 19:00:00,Credit
2511,2,29,43,2026-03-12 19:00:00,Cash
2512,2,470,23,2026-06-04 11:00:00,Cash
2513,2,83,42,2026-06-25 17:00:00,Debit
2514,4,431,78,2026-04-09 19:00:00,Credit
2515,3,615,50,2026-04-13 19:00:00,Debit
2516,2,120,44,2026-02-15 15:00:00,Cash
2517,2,599,34,2026-06-28 15:00:00,Debit
2518,1,452,18,2026-06-25 19:00:00,Credit
2519,5,101,85,2026-04-16 13:00:00,Cash
2520,4,48,68,2026-05-24 13:00:00,Cash
2521,1,296,22,2026-06-23 17:00:00,Debit
2522,5,391,84,2026-04-26 15:00:00,Debit
2523,2,697,26,2026-06-01 13:00:00,Credit
2524,4,179,66,2026-04-04 17:00:00,Debit
2525,1,545,14,2026-05-04 17:00:00,Credit
2526,4,257,75,2026-04-16 09:00:00,Debit
2527,2,495,23,2026-07-13 17:00:00,Credit
2528,2,285,40,2026-05-08 09:00:00,Credit
2529,2,233,25,2026-06-21 13:00:00,Debit
2530,2,609,26,2026-03-05 17:00:00,Cash
2531,3,613,52,2026-05-02 15:00:00,Debit
2532,1,149,19,2026-07-02 13:00:00,Credit
2533,1,288,16,2026-05-05 15:00:00,Credit
2534,2,598,35,2026-01-18 11:00:00,Cash
2535,1,539,20,2026-07-11 17:00:00,Cash
2536,4,591,78,2026-06-21 13:00:00,Debit
2537,3,166,49,2026-05-20 09:00:00,Credit
2538,2,344,36,2026-02-18 19:00:00,Debit
2539,2,105,23,2026-02-20 15:00:00,Debit
2540,1,321,14,2026-03-26 17:00:00,Credit
2541,1,611,15,2026-04-27 11:00:00,Debit
2542,4,425,66,2026-05-06 17:00:00,Debit
2543,3,575,61,2026-06-07 15:00:00,Credit
2544,1,605,21,2026-07-07 15:00:00,Cash
2545,4,171,64,2026-01-17 19:00:00,Credit
2546,4,437,78,2026-06-01 15:00:00,Debit
2547,1,228,7,2026-06-06 11:00:00,Debit
2548,5,629,89,2026-07-08 09:00:00,Debit
2549,2,617,24,2026-06-02 13:00:00,Credit
2550,2,381,39,2026-02-12 17:00:00,Debit
2551,2,241,44,2026-04-14 19:00:00,Cash
2552,5,494,87,2026-05-27 11:00:00,Cash
2553,1,351,4,2026-06-05 19:00:00,Debit
2554,4,189,73,2026-01-20 17:00:00,Cash
2555,4,261,78,2026-01-24 19:00:00,Debit
2556,5,187,85,2026-07-04 19:00:00,Debit
2557,4,586,71,2026-02-18 15:00:00,Debit
2558,2,258,33,2026-07-24 17:00:00,Credit
2559,1,249,1,2026-04-25 09:00:00,Debit
2560,3,637,46,2026-05-24 13:00:00,Cash
2561,3,594,62,2026-06-10 13:00:00,Debit
2562,1,626,20,2026-03-24 09:00:00,Credit
2563,3,193,55,2026-05-21 17:00:00,Cash
2564,5,66,81,2026-07-14 15:00:00,Credit
2565,1,464,1,2026-06-07 19:00:00,Debit
2566,3,301,45,2026-02-22 13:00:00,Cash
2567,5,175,87,2026-04-21 11:00:00,Credit
2568,3,236,46,2026-05-26 19:00:00,Debit
2569,3,321,54,2026-03-24 13:00:00,Credit
2570,1,298,9,2026-05-21 19:00:00,Credit
2571,2,160,44,2026-07-28 19:00:00,Cash
2572,1,377,1,2026-06-08 19:00:00,Cash
2573,3,94,48,2026-05-12 17:00:00,Cash
2574,4,427,71,2026-05-03 19:00:00,Credit
2575,3,360,51,2026-05-04 13:00:00,Cash
2576,2,328,32,2026-06-07 15:00:00,Cash
2577,1,639,2,2026-07-03 17:00:00,Cash
2578,5,73,79,2026-03-28 09:00:00,Cash
2579,1,592,19,2026-04-20 13:00:00,Credit
2580,1,391,14,2026-07-08 15:00:00,Cash
2581,3,172,56,2026-07-20 11:00:00,Credit
2582,1,67,21,2026-04-19 13:00:00,Cash
2583,4,637,70,2026-03-22 09:00:00,Debit
2584,1,3,13,2026-06-28 11:00:00,Debit
2585,3,196,51,2026-05-07 13:00:00,Debit
2586,3,264,51,2026-05-08 19:00:00,Debit
2587,2,447,42,2026-07-24 15:00:00,Debit
2588,4,295,68,2026-05-25 19:00:00,Debit
2589,2,137,40,2026-05-13 19:00:00,Debit
2590,2,23,41,2026-05-07 13:00:00,Debit
2591,1,536,20,2026-06-18 17:00:00,Debit
2592,3,9,52,2026-07-16 19:00:00,Cash
2593,2,291,33,2026-07-28 19:00:00,Credit
2594,2,337,24,2026-02-28 15:00:00,Debit
2595,2,39,41,2026-07-17 13:00:00,Cash
2596,2,218,31,2026-02-17 19:00:00,Debit
2597,4,529,76,2026-06-13 17:00:00,Debit
2598,2,17,36,2026-05-19 13:00:00,Cash
2599,1,444,19,2026-06-28 17:00:00,Credit
2600,1,83,1,2026-03-15 19:00:00,Credit
2601,4,459,66,2026-03-23 19:00:00,Debit
2602,2,334,23,2026-07-14 15:00:00,Cash
2603,2,21,44,2026-05-17 15:00:00,Credit
2604,2,700,28,2026-06-09 17:00:00,Credit
2605,2,656,36,2026-03-12 17:00:00,Cash
2606,2,18,43,2026-01-09 13:00:00,Debit
2607,4,235,78,2026-04-23 17:00:00,Debit
2608,2,271,28,2026-02-23 17:00:00,Cash
2609,2,172,33,2026-05-23 15:00:00,Debit
2610,1,58,22,2026-07-28 11:00:00,Credit
2611,2,177,35,2026-07-16 15:00:00,Debit
2612,2,256,39,2026-07-21 15:00:00,Cash
2613,2,573,24,2026-03-24 15:00:00,Cash
2614,2,87,23,2026-04-12 13:00:00,Credit
2615,4,616,73,2026-02-18 17:00:00,Credit
2616,5,302,90,2026-06-07 09:00:00,Credit
2617,5,537,91,2026-07-16 15:00:00,Debit
2618,1,53,7,2026-03-11 15:00:00,Cash
2619,2,644,42,2026-03-22 13:00:00,Debit
2620,2,251,30,2026-07-13 17:00:00,Credit
2621,2,380,37,2026-06-05 11:00:00,Cash
2622,2,49,37,2026-05-27 17:00:00,Credit
2623,4,366,77,2026-07-10 13:00:00,Debit
2624,4,398,70,2026-02-14 19:00:00,Debit
2625,2,568,42,2026-04-02 15:00:00,Debit
2626,4,384,71,2026-03-16 19:00:00,Cash
2627,2,343,27,2026-03-10 19:00:00,Cash
2628,2,260,23,2026-03-24 15:00:00,Credit
2629,2,26,31,2026-05-18 15:00:00,Credit
2630,1,83,10,2026-07-14 15:00:00,Cash
2631,2,483,29,2026-03-03 09:00:00,Cash
2632,4,34,64,2026-01-19 09:00:00,Cash
2633,4,408,74,2026-06-26 15:00:00,Cash
2634,2,352,30,2026-03-10 17:00:00,Cash
2635,5,375,86,2026-07-21 17:00:00,Debit
2636,5,422,92,2026-07-28 17:00:00,Credit
2637,3,38,53,2026-07-22 17:00:00,Debit
2638,1,62,8,2026-07-24 09:00:00,Debit
2639,3,80,47,2026-06-12 19:00:00,Cash
2640,3,409,55,2026-06-19 17:00:00,Credit
2641,1,459,9,2026-02-11 15:00:00,Debit
2642,2,436,25,2026-04-10 15:00:00,Cash
2643,3,1,53,2026-06-17 15:00:00,Cash
2644,2,393,40,2026-05-13 17:00:00,Credit
2645,3,378,57,2026-01-12 17:00:00,Debit
2646,5,634,81,2026-05-01 15:00:00,Debit
2647,3,185,50,2026-06-23 13:00:00,Debit
2648,2,493,44,2026-03-01 13:00:00,Credit
2649,3,57,56,2026-04-05 09:00:00,Credit
2650,1,316,16,2026-02-13 13:00:00,Debit
2651,2,93,31,2026-03-18 17:00:00,Debit
2652,4,307,72,2026-05-06 13:00:00,Credit
2653,1,18,22,2026-04-09 13:00:00,Credit
2654,5,232,90,2026-03-17 15:00:00,Credit
2655,2,417,36,2026-06-23 17:00:00,Debit
2656,5,209,81,2026-07-16 13:00:00,Credit
2657,5,145,90,2026-01-22 11:00:00,Cash
2658,2,548,25,2026-03-14 17:00:00,Debit
2659,1,374,21,2026-06-17 17:00:00,Credit
2660,3,638,46,2026-05-20 13:00:00,Cash
2661,2,78,28,2026-06-22 19:00:00,Cash
2662,5,114,91,2026-04-26 15:00:00,Debit
2663,2,100,41,2026-06-07 15:00:00,Credit
2664,2,43,24,2026-06-19 11:00:00,Credit
2665,5,194,87,2026-01-09 19:00:00,Credit
2666,3,161,48,2026-07-06 13:00:00,Cash
2667,3,248,46,2026-04-15 17:00:00,Cash
2668,4,159,78,2026-02-03 15:00:00,Credit
2669,2,91,29,2026-07-10 17:00:00,Credit
2670,1,56,3,2026-07-12 13:00:00,Debit
2671,1,11,15,2026-03-26 13:00:00,Debit
2672,2,632,36,2026-06-04 19:00:00,Debit
2673,3,468,58,2026-04-25 13:00:00,Cash
2674,4,334,72,2026-05-24 19:00:00,Credit
2675,4,101,67,2026-06-06 17:00:00,Debit
2676,5,157,80,2026-07-20 13:00:00,Debit
2677,2,106,23,2026-02-20 19:00:00,Debit
2678,5,657,91,2026-07-24 15:00:00,Cash
2679,3,540,49,2026-01-25 19:00:00,Credit
2680,3,549,49,2026-02-24 11:00:00,Debit
2681,4,649,78,2026-07-05 17:00:00,Debit
2682,5,634,91,2026-04-21 17:00:00,Credit
2683,1,89,1,2026-03-09 15:00:00,Credit
2684,2,649,43,2026-03-22 19:00:00,Debit
2685,2,51,29,2026-06-18 17:00:00,Credit
2686,1,274,18,2026-01-21 17:00:00,Debit
2687,3,570,59,2026-06-09 19:00:00,Credit
2688,1,46,11,2026-04-10 13:00:00,Cash
2689,5,151,91,2026-07-26 17:00:00,Credit
2690,4,187,71,2026-01-18 09:00:00,Credit
2691,2,270,37,2026-04-10 19:00:00,Debit
2692,3,594,45,2026-06-11 09:00:00,Debit
2693,4,339,76,2026-06-24 17:00:00,Debit
2694,5,399,89,2026-03-02 11:00:00,Cash
2695,4,573,78,2026-05-05 13:00:00,Cash
2696,2,356,36,2026-05-24 19:00:00,Cash
2697,5,76,85,2026-07-20 19:00:00,Debit
2698,3,142,45,2026-01-21 11:00:00,Credit
2699,5,392,79,2026-07-28 11:00:00,Debit
2700,2,82,41,2026-06-22 17:00:00,Cash
2701,1,263,17,2026-05-07 13:00:00,Cash
2702,4,173,72,2026-06-24 13:00:00,Debit
2703,1,577,2,2026-06-04 13:00:00,Debit
2704,1,368,3,2026-05-18 13:00:00,Cash
2705,2,340,30,2026-03-02 19:00:00,Credit
2706,3,262,61,2026-04-01 19:00:00,Cash
2707,2,340,35,2026-06-24 17:00:00,Cash
2708,3,680,62,2026-06-06 13:00:00,Cash
2709,1,550,1,2026-07-17 19:00:00,Credit
2710,2,448,39,2026-02-12 13:00:00,Cash
2711,2,433,38,2026-05-10 17:00:00,Debit
2712,3,286,55,2026-05-20 19:00:00,Cash
2713,1,334,19,2026-07-24 13:00:00,Debit
2714,2,84,38,2026-02-12 17:00:00,Debit
2715,5,644,84,2026-06-23 13:00:00,Cash
2716,3,284,47,2026-05-18 17:00:00,Cash
2717,1,161,14,2026-06-17 15:00:00,Debit
2718,2,632,42,2026-02-24 17:00:00,Debit
2719,2,365,33,2026-04-09 17:00:00,Credit
2720,4,115,75,2026-07-14 13:00:00,Debit
2721,2,52,41,2026-05-24 09:00:00,Credit
2722,2,113,35,2026-05-06 09:00:00,Credit
2723,4,487,67,2026-02-24 13:00:00,Credit
2724,5,555,85,2026-02-17 13:00:00,Debit
2725,4,567,64,2026-06-16 15:00:00,Cash
2726,3,51,47,2026-06-14 17:00:00,Cash
2727,4,209,69,2026-07-09 09:00:00,Debit
2728,2,225,37,2026-01-28 13:00:00,Cash
2729,2,498,26,2026-07-17 15:00:00,Debit
2730,2,600,27,2026-03-01 13:00:00,Debit
2731,1,413,21,2026-07-16 19:00:00,Cash
2732,1,212,13,2026-02-21 13:00:00,Cash
2733,4,614,67,2026-04-19 09:00:00,Cash
2734,2,642,44,2026-07-14 15:00:00,Credit
2735,4,88,74,2026-04-02 11:00:00,Debit
2736,4,223,70,2026-07-21 19:00:00,Credit
2737,3,143,47,2026-05-28 13:00:00,Credit
2738,2,380,35,2026-04-07 19:00:00,Debit
2739,3,457,62,2026-03-24 15:00:00,Cash
2740,4,85,66,2026-01-16 19:00:00,Cash
2741,2,157,41,2026-05-12 13:00:00,Cash
2742,3,170,55,2026-04-26 13:00:00,Credit
2743,3,183,61,2026-05-09 17:00:00,Cash
2744,4,585,78,2026-05-21 13:00:00,Debit
2745,2,597,24,2026-05-13 17:00:00,Debit
2746,1,665,7,2026-04-24 17:00:00,Cash
2747,4,483,78,2026-03-25 15:00:00,Credit
2748,2,145,23,2026-04-19 11:00:00,Cash
2749,2,247,32,2026-06-02 15:00:00,Credit
2750,2,53,44,2026-04-15 15:00:00,Credit
2751,1,466,8,2026-07-21 13:00:00,Debit
2752,3,676,53,2026-03-22 09:00:00,Cash
2753,2,480,39,2026-02-12 19:00:00,Debit
2754,2,650,38,2026-02-11 13:00:00,Debit
2755,1,220,20,2026-05-21 13:00:00,Cash
2756,2,382,34,2026-03-05 15:00:00,Cash
2757,1,353,16,2026-07-24 17:00:00,Cash
2758,3,101,58,2026-07-12 19:00:00,Debit
2759,1,269,21,2026-07-17 17:00:00,Cash
2760,1,671,21,2026-03-06 13:00:00,Debit
2761,2,411,41,2026-04-15 11:00:00,Debit
2762,3,686,60,2026-02-24 19:00:00,Cash
2763,4,128,74,2026-07-08 19:00:00,Cash
2764,2,222,38,2026-04-02 15:00:00,Debit
2765,2,27,29,2026-06-02 11:00:00,Cash
2766,4,631,63,2026-02-03 15:00:00,Cash
2767,4,393,77,2026-06-15 17:00:00,Cash
2768,4,443,68,2026-03-02 15:00:00,Cash
2769,2,160,26,2026-06-13 19:00:00,Cash
2770,4,563,76,2026-05-25 13:00:00,Debit
2771,2,499,30,2026-03-07 19:00:00,Debit
2772,4,418,64,2026-07-23 15:00:00,Debit
2773,1,277,3,2026-02-18 15:00:00,Credit
2774,1,627,1,2026-04-04 17:00:00,Credit
2775,2,318,28,2026-01-15 19:00:00,Debit
2776,3,689,52,2026-07-08 15:00:00,Debit
2777,2,65,31,2026-07-19 15:00:00,Cash
2778,5,684,79,2026-03-25 19:00:00,Cash
2779,1,373,21,2026-05-24 13:00:00,Debit
2780,4,26,68,2026-05-05 15:00:00,Debit
2781,1,483,19,2026-07-14 13:00:00,Debit
2782,3,536,57,2026-07-05 19:00:00,Debit
2783,5,132,85,2026-02-26 11:00:00,Credit
2784,1,163,13,2026-06-06 13:00:00,Credit
2785,5,582,83,2026-05-26 17:00:00,Debit
2786,4,327,77,2026-07-13 19:00:00,Debit
2787,3,186,56,2026-03-12 17:00:00,Cash
2788,4,100,73,2026-03-03 11:00:00,Credit
2789,1,19,22,2026-07-07 15:00:00,Debit
2790,1,553,4,2026-03-27 17:00:00,Cash
2791,3,309,48,2026-05-24 15:00:00,Cash
2792,4,267,75,2026-03-16 19:00:00,Cash
2793,1,535,8,2026-01-03 13:00:00,Credit
2794,2,114,28,2026-03-02 19:00:00,Debit
2795,1,2,17,2026-03-13 09:00:00,Debit
2796,4,495,64,2026-04-10 15:00:00,Cash
2797,2,446,26,2026-07-22 17:00:00,Cash
2798,1,383,1,2026-05-05 17:00:00,Debit
2799,2,427,28,2026-05-27 09:00:00,Credit
2800,2,529,35,2026-01-18 15:00:00,Cash
2801,1,589,8,2026-04-17 15:00:00,Credit
2802,1,305,21,2026-07-06 15:00:00,Debit
2803,4,112,65,2026-03-14 15:00:00,Debit
2804,1,624,22,2026-06-22 17:00:00,Credit
2805,2,34,41,2026-07-26 19:00:00,Cash
2806,3,134,55,2026-05-01 13:00:00,Cash
2807,5,55,82,2026-06-20 15:00:00,Cash
2808,1,193,13,2026-07-18 17:00:00,Cash
2809,1,180,4,2026-04-01 15:00:00,Debit
2810,5,408,83,2026-01-08 17:00:00,Debit
2811,5,116,92,2026-04-01 11:00:00,Cash
2812,4,467,74,2026-06-18 17:00:00,Debit
2813,2,238,29,2026-02-27 19:00:00,Debit
2814,2,699,42,2026-06-27 13:00:00,Cash
2815,1,335,3,2026-04-15 13:00:00,Debit
2816,2,354,26,2026-07-13 17:00:00,Credit
2817,4,91,67,2026-06-10 09:00:00,Cash
2818,2,651,41,2026-02-11 13:00:00,Cash
2819,2,618,37,2026-05-08 13:00:00,Credit
2820,2,28,29,2026-05-28 15:00:00,Credit
2821,2,311,25,2026-05-02 19:00:00,Credit
2822,2,96,35,2026-07-13 09:00:00,Debit
2823,2,605,33,2026-03-21 17:00:00,Credit
2824,1,571,15,2026-04-09 11:00:00,Debit
2825,2,10,35,2026-07-14 19:00:00,Debit
2826,1,602,15,2026-04-21 19:00:00,Cash
2827,3,484,52,2026-07-27 11:00:00,Credit
2828,1,463,11,2026-03-19 19:00:00,Debit
2829,5,1,88,2026-03-28 13:00:00,Cash
2830,2,450,29,2026-05-02 17:00:00,Credit
2831,2,350,32,2026-07-13 09:00:00,Credit
2832,2,369,41,2026-05-25 19:00:00,Cash
2833,4,108,66,2026-07-14 19:00:00,Credit
2834,2,461,34,2026-07-16 15:00:00,Debit
2835,3,525,59,2026-04-11 15:00:00,Credit
2836,1,346,9,2026-06-07 13:00:00,Cash
2837,1,265,22,2026-03-01 17:00:00,Debit
2838,2,445,35,2026-04-14 09:00:00,Cash
2839,3,418,47,2026-06-28 19:00:00,Credit
2840,2,35,42,2026-07-26 17:00:00,Debit
2841,4,480,64,2026-07-15 17:00:00,Cash
2842,1,386,8,2026-05-27 15:00:00,Debit
2843,2,455,25,2026-03-24 19:00:00,Cash
2844,4,367,66,2026-01-15 17:00:00,Credit
2845,2,34,36,2026-04-06 17:00:00,Cash
2846,5,168,86,2026-06-06 13:00:00,Credit
2847,3,221,52,2026-07-02 17:00:00,Debit
2848,2,29,35,2026-01-13 19:00:00,Cash
2849,5,3,91,2026-03-08 17:00:00,Cash
2850,2,402,33,2026-02-11 15:00:00,Credit
2851,3,494,46,2026-02-17 13:00:00,Credit
2852,4,570,73,2026-07-09 13:00:00,Debit
2853,2,120,41,2026-07-11 13:00:00,Cash
2854,4,171,74,2026-07-26 09:00:00,Debit
2855,5,332,86,2026-07-17 19:00:00,Debit
2856,2,31,38,2026-07-05 13:00:00,Cash
2857,4,458,75,2026-07-18 15:00:00,Credit
2858,3,134,50,2026-01-24 17:00:00,Credit
2859,2,96,42,2026-01-16 09:00:00,Cash
2860,5,607,83,2026-05-14 19:00:00,Cash
2861,4,532,78,2026-05-25 15:00:00,Credit
2862,4,318,74,2026-06-09 19:00:00,Debit
2863,1,592,13,2026-07-16 19:00:00,Debit
2864,2,188,40,2026-05-08 11:00:00,Cash
2865,2,43,28,2026-05-01 13:00:00,Cash
2866,2,22,27,2026-04-03 11:00:00,Cash
2867,1,501,12,2026-06-25 09:00:00,Debit
2868,2,511,42,2026-03-13 13:00:00,Credit
2869,3,276,57,2026-06-02 19:00:00,Debit
2870,1,101,12,2026-05-21 17:00:00,Credit
2871,2,175,24,2026-06-15 13:00:00,Credit
2872,4,350,72,2026-04-16 15:00:00,Cash
2873,2,587,34,2026-07-07 13:00:00,Cash
2874,5,222,91,2026-02-08 17:00:00,Cash
2875,3,266,55,2026-01-02 19:00:00,Debit
2876,5,78,87,2026-02-05 15:00:00,Cash
2877,3,650,59,2026-04-23 11:00:00,Credit
2878,1,509,20,2026-01-04 17:00:00,Debit
2879,3,586,49,2026-01-05 13:00:00,Credit
2880,1,362,5,2026-05-18 17:00:00,Credit
2881,1,4,9,2026-02-19 15:00:00,Cash
2882,3,518,50,2026-03-16 17:00:00,Cash
2883,5,331,82,2026-04-21 19:00:00,Credit
2884,2,86,32,2026-03-20 17:00:00,Cash
2885,1,471,10,2026-01-26 15:00:00,Cash
2886,4,307,77,2026-07-10 19:00:00,Credit
2887,3,82,61,2026-02-05 13:00:00,Cash
2888,1,482,15,2026-01-10 17:00:00,Credit
2889,4,492,68,2026-06-23 17:00:00,Debit
2890,2,351,32,2026-06-07 17:00:00,Cash
2891,5,386,90,2026-05-06 17:00:00,Debit
2892,1,315,8,2026-07-25 17:00:00,Cash
2893,4,586,64,2026-06-27 11:00:00,Credit
2894,2,129,32,2026-05-01 17:00:00,Debit
2895,3,52,54,2026-04-02 17:00:00,Credit
2896,3,490,58,2026-04-12 15:00:00,Credit
2897,2,142,27,2026-02-13 17:00:00,Debit
2898,2,614,30,2026-02-02 13:00:00,Credit
2899,3,645,46,2026-02-09 19:00:00,Credit
2900,3,117,59,2026-02-08 11:00:00,Credit
2901,4,337,76,2026-04-03 13:00:00,Cash
2902,5,535,87,2026-01-01 17:00:00,Credit
2903,5,626,87,2026-07-07 19:00:00,Debit
2904,4,249,73,2026-02-19 15:00:00,Cash
2905,2,489,25,2026-04-23 15:00:00,Debit
2906,2,442,28,2026-06-26 11:00:00,Cash
2907,2,11,24,2026-06-08 15:00:00,Cash
2908,1,652,2,2026-06-01 17:00:00,Debit
2909,2,661,32,2026-05-03 19:00:00,Debit
2910,1,333,11,2026-05-08 19:00:00,Debit
2911,3,255,48,2026-01-10 11:00:00,Debit
2912,3,63,58,2026-06-24 17:00:00,Debit
2913,5,231,85,2026-07-09 19:00:00,Debit
2914,5,284,89,2026-06-13 17:00:00,Credit
2915,4,356,68,2026-06-28 11:00:00,Cash
2916,2,255,39,2026-06-11 15:00:00,Credit
2917,5,349,86,2026-03-16 13:00:00,Cash
2918,5,236,92,2026-06-02 11:00:00,Debit
2919,1,260,1,2026-03-10 17:00:00,Cash
2920,2,162,24,2026-04-23 19:00:00,Credit
2921,1,129,8,2026-01-03 15:00:00,Credit
2922,2,375,34,2026-07-16 17:00:00,Debit
2923,2,274,43,2026-05-26 17:00:00,Cash
2924,1,692,10,2026-02-21 19:00:00,Debit
2925,2,381,34,2026-01-19 17:00:00,Credit
2926,1,498,17,2026-03-26 19:00:00,Credit
2927,3,354,45,2026-07-27 19:00:00,Debit
2928,3,261,47,2026-03-23 13:00:00,Cash
2929,3,322,56,2026-05-11 17:00:00,Debit
2930,5,237,84,2026-07-13 15:00:00,Cash
2931,3,18,58,2026-02-09 15:00:00,Credit
2932,4,686,74,2026-02-28 09:00:00,Cash
2933,2,1,37,2026-04-01 19:00:00,Debit
2934,5,322,91,2026-04-10 11:00:00,Cash
2935,4,472,65,2026-06-14 17:00:00,Debit
2936,1,518,2,2026-03-14 09:00:00,Cash
2937,4,292,76,2026-01-02 09:00:00,Cash
2938,1,498,17,2026-01-07 17:00:00,Cash
2939,2,288,35,2026-02-20 13:00:00,Cash
2940,1,418,17,2026-07-18 15:00:00,Debit
2941,3,362,58,2026-06-03 15:00:00,Cash
2942,1,391,11,2026-04-02 17:00:00,Debit
2943,4,181,64,2026-05-06 15:00:00,Credit
2944,2,2,43,2026-02-16 11:00:00,Cash
2945,1,159,21,2026-06-28 13:00:00,Credit
2946,2,529,30,2026-04-10 09:00:00,Cash
2947,4,410,77,2026-07-18 13:00:00,Cash
2948,4,657,71,2026-05-19 13:00:00,Debit
2949,5,82,87,2026-06-07 15:00:00,Debit
2950,2,528,36,2026-05-14 13:00:00,Debit
2951,2,104,25,2026-07-11 17:00:00,Debit
2952,2,375,35,2026-05-12 17:00:00,Credit
2953,5,50,93,2026-03-25 11:00:00,Credit
2954,3,358,61,2026-02-24 09:00:00,Debit
2955,2,481,38,2026-06-07 13:00:00,Debit
2956,4,508,78,2026-01-07 11:00:00,Credit
2957,3,290,62,2026-02-14 11:00:00,Debit
2958,3,681,46,2026-01-04 11:00:00,Credit
2959,5,25,80,2026-07-10 13:00:00,Debit
2960,2,38,44,2026-07-17 19:00:00,Cash
2961,3,508,57,2026-05-07 17:00:00,Cash
2962,2,387,26,2026-05-16 11:00:00,Debit
2963,1,255,17,2026-03-26 17:00:00,Credit
2964,4,299,70,2026-01-01 17:00:00,Debit
2965,1,504,9,2026-04-08 19:00:00,Credit
2966,2,278,36,2026-05-21 15:00:00,Debit
2967,1,103,17,2026-06-23 11:00:00,Cash
2968,4,336,75,2026-02-11 11:00:00,Credit
2969,1,294,2,2026-02-02 11:00:00,Debit
2970,2,105,28,2026-05-28 19:00:00,Debit
2971,1,269,4,2026-04-19 17:00:00,Cash
2972,4,13,73,2026-02-28 15:00:00,Credit
2973,2,118,28,2026-05-23 17:00:00,Credit
2974,2,283,38,2026-05-18 13:00:00,Cash
2975,3,427,47,2026-05-13 19:00:00,Debit
2976,1,289,10,2026-04-11 19:00:00,Debit
2977,1,569,5,2026-02-26 19:00:00,Debit
2978,2,251,37,2026-07-07 17:00:00,Credit
2979,2,76,26,2026-04-02 13:00:00,Cash
2980,1,602,4,2026-02-22 15:00:00,Debit
2981,4,419,63,2026-06-08 17:00:00,Debit
2982,1,514,19,2026-03-26 17:00:00,Cash
2983,1,631,5,2026-02-19 19:00:00,Cash
2984,2,147,32,2026-07-22 17:00:00,Cash
2985,2,297,25,2026-05-22 17:00:00,Credit
2986,1,72,17,2026-02-03 11:00:00,Credit
2987,1,107,10,2026-07-28 17:00:00,Credit
2988,5,238,84,2026-04-03 17:00:00,Debit
2989,3,318,54,2026-05-19 17:00:00,Debit
2990,1,282,2,2026-04-01 17:00:00,Debit
2991,2,540,29,2026-04-27 15:00:00,Credit
2992,1,400,9,2026-02-26 19:00:00,Debit
2993,2,678,38,2026-07-05 15:00:00,Cash
2994,2,228,29,2026-01-24 13:00:00,Debit
2995,2,538,37,2026-06-19 17:00:00,Credit
2996,3,235,57,2026-03-20 11:00:00,Cash
2997,5,646,91,2026-06-03 11:00:00,Debit
2998,1,437,15,2026-07-01 13:00:00,Debit
2999,1,357,16,2026-01-21 17:00:00,Debit
3000,2,547,42,2026-06-02 11:00:00,Debit
3001,3,330,52,2026-04-26 11:00:00,Debit
3002,1,452,10,2026-07-01 09:00:00,Cash
3003,2,651,43,2026-06-18 13:00:00,Cash
3004,4,72,77,2026-06-17 13:00:00,Credit
3005,5,55,93,2026-03-26 11:00:00,Debit
3006,1,228,21,2026-01-16 19:00:00,Debit
3007,2,207,24,2026-07-20 11:00:00,Debit
3008,2,588,36,2026-02-03 15:00:00,Credit
3009,5,96,87,2026-03-01 11:00:00,Debit
3010,2,607,36,2026-07-26 13:00:00,Debit
3011,2,311,44,2026-03-22 17:00:00,Cash
3012,4,166,70,2026-07-11 13:00:00,Cash
3013,5,217,86,2026-05-22 09:00:00,Debit
3014,2,633,41,2026-01-25 09:00:00,Cash
3015,1,396,4,2026-06-12 13:00:00,Cash
3016,3,466,51,2026-06-15 13:00:00,Cash
3017,4,280,78,2026-06-23 19:00:00,Cash
3018,4,574,74,2026-07-07 19:00:00,Cash
3019,2,637,27,2026-04-22 13:00:00,Debit
3020,3,268,47,2026-04-15 17:00:00,Credit
3021,2,494,42,2026-03-04 19:00:00,Debit
3022,2,573,43,2026-01-01 13:00:00,Credit
3023,2,129,26,2026-03-11 15:00:00,Cash
3024,1,602,18,2026-02-01 15:00:00,Cash
3025,1,310,13,2026-07-25 13:00:00,Credit
3026,4,105,72,2026-05-20 15:00:00,Cash
3027,5,237,86,2026-06-12 15:00:00,Debit
3028,3,554,57,2026-05-27 19:00:00,Debit
3029,5,130,80,2026-05-05 13:00:00,Debit
3030,1,8,2,2026-07-13 19:00:00,Cash
3031,1,57,3,2026-07-27 11:00:00,Debit
3032,2,198,40,2026-04-28 17:00:00,Debit
3033,4,527,65,2026-07-24 17:00:00,Credit
3034,5,570,83,2026-07-01 09:00:00,Cash
3035,4,385,64,2026-05-10 17:00:00,Cash
3036,3,415,60,2026-07-23 19:00:00,Credit
3037,1,682,9,2026-07-03 09:00:00,Cash
3038,1,251,21,2026-06-15 19:00:00,Debit
3039,4,72,67,2026-07-11 17:00:00,Credit
3040,5,144,79,2026-07-17 17:00:00,Debit
3041,1,295,4,2026-02-24 19:00:00,Debit
3042,2,229,23,2026-06-21 19:00:00,Credit
3043,1,447,20,2026-03-04 17:00:00,Credit
3044,2,68,36,2026-03-21 17:00:00,Debit
3045,2,592,44,2026-01-08 11:00:00,Credit
3046,3,352,49,2026-06-22 11:00:00,Cash
3047,1,466,4,2026-07-26 15:00:00,Credit
3048,2,620,42,2026-06-15 17:00:00,Cash
3049,2,630,36,2026-07-06 13:00:00,Debit
3050,2,255,43,2026-06-09 17:00:00,Debit
3051,4,119,65,2026-06-14 15:00:00,Debit
3052,4,25,63,2026-03-02 15:00:00,Debit
3053,2,357,42,2026-05-27 13:00:00,Cash
3054,3,398,50,2026-06-25 17:00:00,Debit
3055,2,365,41,2026-07-02 11:00:00,Credit
3056,3,400,52,2026-01-24 13:00:00,Debit
3057,1,405,1,2026-04-24 19:00:00,Credit
3058,1,7,6,2026-04-10 09:00:00,Cash
3059,2,502,37,2026-06-19 17:00:00,Credit
3060,4,617,74,2026-07-26 17:00:00,Debit
3061,4,659,67,2026-04-12 09:00:00,Debit
3062,3,491,51,2026-03-03 09:00:00,Debit
3063,5,436,83,2026-05-07 17:00:00,Debit
3064,2,106,28,2026-06-28 15:00:00,Debit
3065,5,213,79,2026-04-28 11:00:00,Credit
3066,2,521,27,2026-04-08 09:00:00,Cash
3067,5,524,93,2026-06-21 17:00:00,Credit
3068,5,41,94,2026-07-06 19:00:00,Cash
3069,3,452,52,2026-05-03 11:00:00,Cash
3070,2,153,28,2026-04-10 17:00:00,Credit
3071,2,24,40,2026-01-20 15:00:00,Debit
3072,1,448,22,2026-05-27 17:00:00,Cash
3073,1,215,21,2026-06-14 17:00:00,Debit
3074,2,362,33,2026-02-24 17:00:00,Credit
3075,3,34,61,2026-01-12 19:00:00,Credit
3076,3,132,49,2026-06-25 13:00:00,Debit
3077,4,429,63,2026-03-02 09:00:00,Debit
3078,1,670,17,2026-03-02 11:00:00,Credit
3079,1,146,21,2026-07-22 13:00:00,Debit
3080,1,118,14,2026-05-26 13:00:00,Cash
3081,1,115,14,2026-07-01 19:00:00,Cash
3082,2,437,42,2026-02-27 19:00:00,Debit
3083,4,255,69,2026-05-22 13:00:00,Credit
3084,2,20,35,2026-03-09 09:00:00,Credit
3085,2,560,32,2026-03-15 09:00:00,Debit
3086,4,672,66,2026-04-01 11:00:00,Debit
3087,2,175,39,2026-02-14 19:00:00,Credit
3088,3,326,45,2026-04-04 13:00:00,Cash
3089,3,426,48,2026-07-20 17:00:00,Cash
3090,3,340,56,2026-03-11 19:00:00,Credit
3091,3,566,46,2026-06-05 17:00:00,Debit
3092,2,652,32,2026-05-15 17:00:00,Credit
3093,2,314,38,2026-03-02 19:00:00,Debit
3094,1,611,12,2026-04-28 17:00:00,Credit
3095,4,333,73,2026-02-11 17:00:00,Cash
3096,3,557,62,2026-07-15 15:00:00,Cash
3097,1,283,18,2026-01-03 19:00:00,Cash
3098,1,368,18,2026-03-09 19:00:00,Cash
3099,1,557,14,2026-06-16 11:00:00,Credit
3100,4,135,68,2026-07-10 19:00:00,Cash
3101,5,303,90,2026-03-23 13:00:00,Cash
3102,4,578,76,2026-01-24 19:00:00,Debit
3103,2,91,26,2026-05-20 19:00:00,Cash
3104,1,229,1,2026-05-19 19:00:00,Cash
3105,2,453,31,2026-04-14 19:00:00,Debit
3106,4,1,74,2026-06-03 19:00:00,Cash
3107,2,112,34,2026-07-02 19:00:00,Cash
3108,5,207,91,2026-02-04 17:00:00,Cash
3109,2,527,29,2026-07-02 09:00:00,Debit
3110,2,520,43,2026-06-03 11:00:00,Cash
3111,4,508,71,2026-06-24 13:00:00,Debit
3112,5,586,94,2026-06-24 13:00:00,Cash
3113,4,649,73,2026-07-05 15:00:00,Cash
3114,2,226,29,2026-01-26 19:00:00,Cash
3115,3,150,61,2026-06-17 17:00:00,Debit
3116,4,525,75,2026-07-18 19:00:00,Cash
3117,3,241,59,2026-05-25 13:00:00,Debit
3118,3,5,60,2026-01-19 09:00:00,Credit
3119,2,670,32,2026-03-19 19:00:00,Debit
3120,2,318,31,2026-06-21 17:00:00,Credit
3121,4,175,76,2026-01-13 17:00:00,Credit
3122,2,238,32,2026-07-11 13:00:00,Debit
3123,4,32,71,2026-07-04 17:00:00,Credit
3124,2,626,39,2026-06-17 13:00:00,Debit
3125,5,56,93,2026-06-28 17:00:00,Cash
3126,3,322,59,2026-05-14 13:00:00,Cash
3127,4,682,65,2026-07-16 13:00:00,Debit
3128,2,314,44,2026-04-27 13:00:00,Credit
3129,2,454,43,2026-07-07 09:00:00,Cash
3130,1,398,4,2026-06-15 15:00:00,Cash
3131,3,642,45,2026-03-22 09:00:00,Debit
3132,2,196,29,2026-03-19 11:00:00,Cash
3133,3,194,58,2026-04-01 13:00:00,Cash
3134,3,45,50,2026-04-18 13:00:00,Credit
3135,1,700,13,2026-07-05 19:00:00,Debit
3136,1,339,4,2026-05-11 17:00:00,Debit
3137,3,193,49,2026-02-20 17:00:00,Credit
3138,2,628,33,2026-05-03 13:00:00,Credit
3139,3,463,46,2026-06-11 13:00:00,Credit
3140,1,200,14,2026-04-16 13:00:00,Debit
3141,2,482,35,2026-07-12 17:00:00,Credit
3142,4,679,65,2026-02-19 13:00:00,Cash
3143,1,429,11,2026-06-25 17:00:00,Credit
3144,2,154,40,2026-04-05 11:00:00,Cash
3145,1,304,10,2026-06-01 13:00:00,Debit
3146,2,263,34,2026-04-22 09:00:00,Debit
3147,2,130,36,2026-07-19 13:00:00,Credit
3148,3,552,54,2026-05-16 15:00:00,Credit
3149,1,197,19,2026-02-14 19:00:00,Cash
3150,3,30,61,2026-03-27 15:00:00,Credit
3151,3,677,49,2026-07-13 17:00:00,Debit
3152,4,189,67,2026-05-06 19:00:00,Credit
3153,2,411,26,2026-04-11 17:00:00,Debit
3154,4,474,63,2026-01-21 19:00:00,Cash
3155,1,58,7,2026-04-04 11:00:00,Cash
3156,4,447,78,2026-03-20 09:00:00,Credit
3157,5,665,85,2026-04-24 09:00:00,Cash
3158,1,651,3,2026-06-08 17:00:00,Cash
3159,3,625,49,2026-05-13 17:00:00,Credit
3160,1,164,6,2026-04-01 15:00:00,Debit
3161,1,149,17,2026-01-18 11:00:00,Credit
3162,3,56,55,2026-05-09 11:00:00,Debit
3163,3,456,50,2026-04-24 17:00:00,Cash
3164,5,677,79,2026-01-07 11:00:00,Credit
3165,5,299,87,2026-02-19 17:00:00,Debit
3166,3,278,60,2026-04-19 13:00:00,Debit
3167,1,20,21,2026-05-27 17:00:00,Debit
3168,4,643,71,2026-07-15 11:00:00,Debit
3169,1,257,16,2026-05-15 17:00:00,Debit
3170,2,621,31,2026-05-01 15:00:00,Debit
3171,2,445,25,2026-05-25 19:00:00,Credit
3172,5,157,88,2026-05-20 15:00:00,Credit
3173,2,151,35,2026-01-20 11:00:00,Cash
3174,3,123,59,2026-06-25 13:00:00,Credit
3175,1,529,14,2026-03-16 09:00:00,Credit
3176,2,11,29,2026-06-13 17:00:00,Credit
3177,3,484,56,2026-07-13 13:00:00,Cash
3178,1,127,6,2026-05-17 11:00:00,Debit
3179,1,689,22,2026-06-08 19:00:00,Debit
3180,1,619,3,2026-04-01 11:00:00,Cash
3181,2,3,26,2026-03-01 15:00:00,Debit
3182,1,498,4,2026-05-24 17:00:00,Debit
3183,1,57,16,2026-05-21 11:00:00,Debit
3184,1,593,12,2026-03-14 19:00:00,Cash
3185,2,301,36,2026-04-23 11:00:00,Credit
3186,3,585,45,2026-04-03 11:00:00,Credit
3187,3,371,45,2026-01-04 15:00:00,Cash
3188,1,296,19,2026-04-05 13:00:00,Debit
3189,1,700,20,2026-06-21 13:00:00,Credit
3190,1,482,12,2026-01-22 11:00:00,Cash
3191,4,670,73,2026-05-21 15:00:00,Cash
3192,1,463,10,2026-06-11 17:00:00,Debit
3193,4,695,71,2026-02-05 15:00:00,Cash
3194,3,116,56,2026-01-03 15:00:00,Cash
3195,1,376,3,2026-04-26 17:00:00,Credit
3196,1,455,14,2026-07-20 17:00:00,Debit
3197,4,389,66,2026-07-22 17:00:00,Cash
3198,3,328,55,2026-04-01 19:00:00,Debit
3199,4,674,64,2026-07-15 13:00:00,Debit
3200,2,81,31,2026-06-13 15:00:00,Debit
3201,3,346,61,2026-01-02 13:00:00,Debit
3202,1,262,9,2026-06-22 13:00:00,Debit
3203,1,188,9,2026-06-18 15:00:00,Debit
3204,4,112,66,2026-04-15 17:00:00,Credit
3205,1,73,18,2026-07-23 15:00:00,Debit
3206,2,685,33,2026-05-17 17:00:00,Cash
3207,1,591,14,2026-02-08 13:00:00,Credit
3208,2,204,43,2026-03-27 17:00:00,Debit
3209,3,41,49,2026-07-01 19:00:00,Credit
3210,3,508,49,2026-04-05 13:00:00,Credit
3211,2,589,39,2026-04-18 19:00:00,Debit
3212,5,145,81,2026-05-04 17:00:00,Debit
3213,2,287,37,2026-06-20 17:00:00,Debit
3214,2,467,26,2026-04-19 13:00:00,Debit
3215,4,185,65,2026-07-22 15:00:00,Debit
3216,2,49,31,2026-05-16 13:00:00,Debit
3217,4,439,77,2026-06-06 15:00:00,Cash
3218,5,286,89,2026-05-16 13:00:00,Cash
3219,2,242,31,2026-05-10 19:00:00,Credit
3220,1,596,7,2026-06-05 17:00:00,Debit
3221,5,617,92,2026-07-23 13:00:00,Credit
3222,3,596,51,2026-04-03 19:00:00,Debit
3223,2,157,31,2026-03-20 09:00:00,Cash
3224,2,686,34,2026-04-20 13:00:00,Debit
3225,1,412,5,2026-07-12 15:00:00,Cash
3226,1,477,1,2026-07-28 19:00:00,Cash
3227,2,324,30,2026-06-17 09:00:00,Credit
3228,2,307,30,2026-02-05 15:00:00,Credit
3229,1,667,16,2026-07-22 11:00:00,Credit
3230,2,468,34,2026-06-06 13:00:00,Debit
3231,1,641,3,2026-01-26 11:00:00,Credit
3232,2,571,38,2026-01-18 19:00:00,Cash
3233,4,327,72,2026-01-13 15:00:00,Debit
3234,3,238,56,2026-05-17 15:00:00,Debit
3235,2,30,28,2026-07-03 15:00:00,Cash
3236,4,78,68,2026-06-06 13:00:00,Cash
3237,2,324,42,2026-05-14 17:00:00,Debit
3238,2,318,28,2026-07-20 15:00:00,Cash
3239,2,294,37,2026-02-23 19:00:00,Credit
3240,2,691,28,2026-01-03 17:00:00,Cash
3241,2,172,29,2026-07-15 11:00:00,Cash
3242,1,391,17,2026-01-28 15:00:00,Debit
3243,5,493,91,2026-02-15 19:00:00,Credit
3244,2,191,38,2026-05-22 17:00:00,Credit
3245,2,154,23,2026-06-01 17:00:00,Cash
3246,5,276,93,2026-05-18 13:00:00,Credit
3247,5,234,86,2026-01-06 17:00:00,Debit
3248,3,652,56,2026-04-28 17:00:00,Debit
3249,2,666,27,2026-07-06 11:00:00,Debit
3250,2,339,29,2026-06-02 09:00:00,Debit
3251,2,129,37,2026-06-16 13:00:00,Credit
3252,4,353,77,2026-06-05 11:00:00,Credit
3253,2,157,33,2026-02-09 09:00:00,Debit
3254,2,229,41,2026-07-17 17:00:00,Debit
3255,5,107,82,2026-07-21 09:00:00,Debit
3256,2,369,41,2026-05-28 19:00:00,Debit
3257,3,472,52,2026-07-13 19:00:00,Cash
3258,2,624,23,2026-07-28 13:00:00,Debit
3259,5,271,92,2026-03-22 19:00:00,Debit
3260,4,73,68,2026-03-23 11:00:00,Debit
3261,2,449,23,2026-04-18 15:00:00,Credit
3262,3,630,53,2026-05-06 13:00:00,Debit
3263,3,164,58,2026-06-27 13:00:00,Debit
3264,1,331,7,2026-04-21 17:00:00,Credit
3265,1,251,19,2026-07-02 13:00:00,Cash
3266,1,511,3,2026-02-24 19:00:00,Debit
3267,1,640,2,2026-03-12 15:00:00,Debit
3268,5,690,79,2026-05-03 09:00:00,Credit
3269,2,203,33,2026-03-15 13:00:00,Debit
3270,2,170,39,2026-02-21 15:00:00,Debit
3271,1,442,22,2026-04-13 13:00:00,Cash
3272,2,303,34,2026-06-19 17:00:00,Debit
3273,2,377,23,2026-04-19 13:00:00,Debit
3274,2,138,41,2026-06-23 17:00:00,Cash
3275,3,294,47,2026-05-10 15:00:00,Cash
3276,1,135,22,2026-04-06 17:00:00,Debit
3277,1,543,21,2026-07-15 19:00:00,Cash
3278,1,99,3,2026-06-13 17:00:00,Cash
3279,3,384,60,2026-03-10 19:00:00,Debit
3280,3,42,49,2026-04-02 19:00:00,Debit
3281,3,27,61,2026-06-09 15:00:00,Cash
3282,4,372,70,2026-02-02 11:00:00,Credit
3283,4,292,72,2026-02-06 17:00:00,Credit
3284,4,447,70,2026-02-07 19:00:00,Debit
3285,3,93,50,2026-07-01 17:00:00,Cash
3286,1,676,6,2026-05-02 13:00:00,Debit
3287,2,28,32,2026-04-19 09:00:00,Debit
3288,3,672,52,2026-03-05 19:00:00,Credit
3289,2,609,25,2026-04-03 17:00:00,Credit
3290,1,269,17,2026-04-24 19:00:00,Cash
3291,2,639,36,2026-01-07 17:00:00,Cash
3292,1,191,16,2026-05-18 15:00:00,Credit
3293,2,27,28,2026-02-25 11:00:00,Cash
3294,1,230,2,2026-06-07 15:00:00,Credit
3295,2,633,39,2026-07-18 09:00:00,Cash
3296,1,593,13,2026-05-17 17:00:00,Cash
3297,2,587,26,2026-07-06 11:00:00,Cash
3298,2,687,29,2026-06-17 11:00:00,Credit
3299,2,212,26,2026-07-24 19:00:00,Debit
3300,5,642,91,2026-03-14 19:00:00,Debit
3301,1,71,16,2026-04-23 19:00:00,Credit
3302,1,577,3,2026-06-23 17:00:00,Cash
3303,1,37,11,2026-05-25 15:00:00,Credit
3304,1,255,9,2026-06-26 11:00:00,Debit
3305,3,532,60,2026-05-16 09:00:00,Debit
3306,2,158,34,2026-07-16 15:00:00,Cash
3307,4,387,69,2026-05-08 09:00:00,Credit
3308,2,658,39,2026-07-22 15:00:00,Cash
3309,1,57,11,2026-06-28 17:00:00,Cash
3310,4,588,75,2026-07-01 19:00:00,Credit
3311,1,354,20,2026-04-15 09:00:00,Cash
3312,2,407,35,2026-07-28 19:00:00,Cash
3313,3,254,51,2026-07-05 19:00:00,Cash
3314,2,326,39,2026-01-04 17:00:00,Credit
3315,4,281,64,2026-05-28 19:00:00,Cash
3316,2,32,35,2026-03-07 13:00:00,Debit
3317,4,555,69,2026-07-10 13:00:00,Cash
3318,4,6,78,2026-02-15 13:00:00,Credit
3319,1,145,22,2026-07-11 19:00:00,Debit
3320,2,116,29,2026-04-09 13:00:00,Cash
3321,4,220,72,2026-07-14 17:00:00,Cash
3322,4,556,69,2026-07-08 15:00:00,Cash
3323,3,198,49,2026-03-19 19:00:00,Credit
3324,2,262,37,2026-01-23 13:00:00,Debit
3325,2,442,38,2026-04-26 13:00:00,Cash
3326,2,134,24,2026-04-16 17:00:00,Debit
3327,1,589,15,2026-05-12 19:00:00,Debit
3328,2,5,39,2026-02-12 15:00:00,Credit
3329,1,379,15,2026-07-09 19:00:00,Credit
3330,2,389,25,2026-06-23 13:00:00,Credit
3331,2,32,29,2026-04-04 13:00:00,Debit
3332,1,23,11,2026-05-06 15:00:00,Debit
3333,2,265,28,2026-06-13 19:00:00,Cash
3334,2,262,30,2026-07-13 15:00:00,Debit
3335,2,298,44,2026-07-26 09:00:00,Debit
3336,3,363,58,2026-04-11 19:00:00,Debit
3337,1,95,20,2026-03-01 19:00:00,Debit
3338,3,226,61,2026-02-16 17:00:00,Debit
3339,4,102,77,2026-05-09 17:00:00,Cash
3340,4,548,74,2026-03-26 15:00:00,Cash
3341,4,696,77,2026-01-19 13:00:00,Credit
3342,5,620,81,2026-05-09 09:00:00,Debit
3343,3,72,51,2026-07-02 17:00:00,Debit
3344,4,20,70,2026-07-28 19:00:00,Debit
3345,4,486,77,2026-06-18 13:00:00,Credit
3346,1,585,11,2026-04-26 15:00:00,Cash
3347,3,186,56,2026-04-23 11:00:00,Debit
3348,2,301,27,2026-06-14 17:00:00,Credit
3349,5,363,92,2026-06-16 19:00:00,Credit
3350,2,115,36,2026-02-01 19:00:00,Cash
3351,4,664,77,2026-07-23 19:00:00,Credit
3352,2,327,41,2026-05-22 17:00:00,Credit
3353,1,218,18,2026-06-27 15:00:00,Credit
3354,4,499,65,2026-04-24 15:00:00,Cash
3355,5,14,93,2026-07-02 11:00:00,Cash
3356,5,291,89,2026-02-22 17:00:00,Debit
3357,2,278,41,2026-01-24 13:00:00,Debit
3358,2,641,43,2026-02-28 13:00:00,Credit
3359,2,555,29,2026-04-05 17:00:00,Cash
3360,1,368,13,2026-02-18 19:00:00,Cash
3361,2,50,27,2026-07-04 17:00:00,Debit
3362,4,484,66,2026-04-21 15:00:00,Credit
3363,2,67,39,2026-05-24 17:00:00,Debit
3364,5,285,81,2026-06-17 19:00:00,Cash
3365,5,427,82,2026-05-19 11:00:00,Credit
3366,2,666,25,2026-04-09 15:00:00,Credit
3367,5,591,93,2026-07-08 09:00:00,Debit
3368,4,502,69,2026-02-25 13:00:00,Cash
3369,4,345,68,2026-06-18 19:00:00,Credit
3370,2,573,44,2026-06-16 19:00:00,Cash
3371,2,124,43,2026-01-16 17:00:00,Credit
3372,2,666,40,2026-02-04 11:00:00,Credit
3373,2,586,41,2026-02-06 15:00:00,Credit
3374,3,152,62,2026-06-14 17:00:00,Debit
3375,2,221,41,2026-06-07 17:00:00,Cash
3376,5,685,83,2026-05-14 13:00:00,Credit
3377,4,484,63,2026-01-01 11:00:00,Cash
3378,3,252,60,2026-07-15 09:00:00,Cash
3379,4,427,76,2026-05-17 17:00:00,Cash
3380,1,36,19,2026-01-26 19:00:00,Cash
3381,1,446,16,2026-05-20 11:00:00,Cash
3382,2,181,42,2026-05-14 19:00:00,Debit
3383,2,276,33,2026-07-26 13:00:00,Debit
3384,2,694,31,2026-02-16 15:00:00,Credit
3385,4,601,71,2026-05-17 11:00:00,Debit
3386,2,42,29,2026-04-28 19:00:00,Debit
3387,2,448,28,2026-02-05 09:00:00,Debit
3388,3,399,53,2026-07-02 13:00:00,Debit
3389,1,11,20,2026-07-15 13:00:00,Cash
3390,4,265,64,2026-07-15 17:00:00,Cash
3391,2,151,43,2026-04-14 15:00:00,Credit
3392,2,129,33,2026-04-16 13:00:00,Cash
3393,2,26,24,2026-05-21 17:00:00,Cash
3394,4,418,69,2026-07-07 15:00:00,Credit
3395,1,133,5,2026-05-07 19:00:00,Cash
3396,5,533,86,2026-06-06 17:00:00,Debit
3397,1,510,22,2026-07-28 19:00:00,Credit
3398,1,239,8,2026-06-07 11:00:00,Cash
3399,2,55,23,2026-06-23 17:00:00,Cash
3400,3,35,51,2026-04-21 13:00:00,Cash
3401,2,202,44,2026-03-07 13:00:00,Credit
3402,3,547,53,2026-05-26 15:00:00,Debit
3403,2,662,38,2026-06-03 11:00:00,Cash
3404,3,104,61,2026-01-15 13:00:00,Cash
3405,3,489,58,2026-04-22 17:00:00,Cash
3406,3,303,56,2026-05-21 17:00:00,Cash
3407,2,99,34,2026-04-27 17:00:00,Debit
3408,3,685,50,2026-05-08 15:00:00,Debit
3409,2,462,29,2026-04-23 11:00:00,Cash
3410,5,372,85,2026-07-14 15:00:00,Debit
3411,4,586,64,2026-02-18 13:00:00,Credit
3412,3,694,61,2026-06-20 15:00:00,Credit
3413,3,169,48,2026-02-12 09:00:00,Cash
3414,2,354,34,2026-06-27 17:00:00,Credit
3415,3,406,58,2026-06-05 13:00:00,Debit
3416,4,688,64,2026-06-17 15:00:00,Debit
3417,3,483,47,2026-03-10 15:00:00,Debit
3418,4,146,74,2026-05-18 15:00:00,Cash
3419,3,343,50,2026-07-01 13:00:00,Debit
3420,1,334,12,2026-05-06 11:00:00,Cash
3421,4,211,76,2026-03-22 15:00:00,Credit
3422,3,296,45,2026-03-11 19:00:00,Credit
3423,2,425,34,2026-04-26 17:00:00,Debit
3424,4,60,78,2026-06-07 09:00:00,Credit
3425,1,679,5,2026-02-28 11:00:00,Cash
3426,4,386,70,2026-05-07 15:00:00,Cash
3427,4,473,69,2026-02-24 15:00:00,Cash
3428,3,518,59,2026-03-24 13:00:00,Debit
3429,2,401,23,2026-06-03 15:00:00,Credit
3430,3,532,58,2026-01-01 13:00:00,Debit
3431,3,158,58,2026-06-24 15:00:00,Debit
3432,2,585,43,2026-06-25 17:00:00,Cash
3433,1,646,9,2026-05-12 17:00:00,Credit
3434,2,632,44,2026-05-02 17:00:00,Credit
3435,3,673,56,2026-05-14 13:00:00,Cash
3436,5,503,86,2026-02-10 13:00:00,Cash
3437,2,262,38,2026-05-19 19:00:00,Credit
3438,3,563,46,2026-07-18 15:00:00,Cash
3439,4,514,63,2026-07-23 13:00:00,Cash
3440,2,454,40,2026-05-03 17:00:00,Debit
3441,4,553,70,2026-05-19 15:00:00,Debit
3442,2,413,39,2026-07-12 09:00:00,Debit
3443,3,332,46,2026-05-13 11:00:00,Credit
3444,1,690,13,2026-05-19 17:00:00,Debit
3445,2,228,32,2026-06-21 11:00:00,Credit
3446,2,115,28,2026-05-20 13:00:00,Credit
3447,3,463,47,2026-04-27 13:00:00,Credit
3448,2,430,42,2026-01-11 19:00:00,Debit
3449,2,61,29,2026-01-10 17:00:00,Debit
3450,2,597,26,2026-05-15 15:00:00,Cash
3451,4,119,73,2026-02-03 11:00:00,Credit
3452,5,415,89,2026-03-19 19:00:00,Debit
3453,2,72,43,2026-04-17 17:00:00,Cash
3454,5,126,89,2026-01-26 19:00:00,Cash
3455,3,557,58,2026-03-12 11:00:00,Cash
3456,3,528,55,2026-04-04 19:00:00,Debit
3457,4,347,78,2026-06-01 11:00:00,Credit
3458,4,302,74,2026-01-01 09:00:00,Debit
3459,1,395,21,2026-05-12 17:00:00,Credit
3460,3,195,57,2026-06-25 17:00:00,Cash
3461,4,590,66,2026-04-12 13:00:00,Cash
3462,4,591,76,2026-07-08 19:00:00,Cash
3463,2,79,38,2026-05-26 17:00:00,Credit
3464,2,612,29,2026-06-20 19:00:00,Cash
3465,1,375,1,2026-07-28 17:00:00,Debit
3466,5,158,86,2026-06-20 15:00:00,Credit
3467,4,362,68,2026-01-07 13:00:00,Credit
3468,1,272,2,2026-07-28 17:00:00,Cash
3469,1,693,3,2026-07-07 15:00:00,Debit
3470,2,460,31,2026-05-12 15:00:00,Cash
3471,1,186,14,2026-04-03 17:00:00,Cash
3472,1,398,19,2026-01-08 19:00:00,Debit
3473,5,173,82,2026-05-16 17:00:00,Credit
3474,2,84,26,2026-01-21 09:00:00,Cash
3475,4,236,70,2026-07-23 17:00:00,Credit
3476,1,521,16,2026-04-19 19:00:00,Cash
3477,4,227,66,2026-02-14 17:00:00,Debit
3478,4,518,66,2026-04-14 17:00:00,Credit
3479,4,415,64,2026-06-21 11:00:00,Debit
3480,2,51,29,2026-04-03 09:00:00,Debit
3481,1,106,18,2026-02-26 13:00:00,Credit
3482,2,44,40,2026-06-26 15:00:00,Cash
3483,1,566,8,2026-06-04 13:00:00,Debit
3484,2,361,23,2026-04-09 17:00:00,Debit
3485,1,514,2,2026-06-28 17:00:00,Debit
3486,4,408,76,2026-06-15 13:00:00,Cash
3487,2,357,41,2026-06-21 17:00:00,Cash
3488,1,81,10,2026-03-20 19:00:00,Credit
3489,3,466,59,2026-06-10 17:00:00,Debit
3490,1,547,10,2026-07-22 17:00:00,Debit
3491,2,354,29,2026-04-03 19:00:00,Credit
3492,1,538,21,2026-07-10 15:00:00,Debit
3493,1,532,11,2026-07-22 17:00:00,Cash
3494,5,397,83,2026-02-26 19:00:00,Cash
3495,4,400,75,2026-07-03 11:00:00,Credit
3496,4,195,72,2026-05-14 09:00:00,Cash
3497,2,609,43,2026-03-13 19:00:00,Cash
3498,2,388,28,2026-06-04 15:00:00,Debit
3499,4,65,74,2026-07-10 09:00:00,Debit
3500,5,331,83,2026-03-23 19:00:00,Debit
3501,1,400,2,2026-03-05 13:00:00,Credit
3502,2,317,42,2026-06-17 19:00:00,Debit
3503,4,58,73,2026-05-04 13:00:00,Credit
3504,1,339,7,2026-04-24 19:00:00,Credit
3505,1,424,1,2026-02-09 13:00:00,Debit
3506,3,153,52,2026-07-08 13:00:00,Credit
3507,1,88,5,2026-06-04 09:00:00,Cash
3508,2,112,31,2026-03-24 13:00:00,Cash
3509,3,552,60,2026-01-28 09:00:00,Cash
3510,1,698,21,2026-06-26 19:00:00,Debit
3511,4,312,64,2026-05-25 17:00:00,Credit
3512,1,95,7,2026-02-17 11:00:00,Debit
3513,3,530,47,2026-05-22 19:00:00,Cash
3514,1,581,13,2026-01-02 19:00:00,Credit
3515,4,475,76,2026-02-14 13:00:00,Credit
3516,3,290,56,2026-04-16 15:00:00,Credit
3517,2,546,27,2026-06-10 15:00:00,Credit
3518,4,323,72,2026-07-27 17:00:00,Debit
3519,4,120,65,2026-02-11 13:00:00,Debit
3520,5,26,89,2026-06-25 11:00:00,Credit
3521,5,540,84,2026-03-12 13:00:00,Cash
3522,5,485,92,2026-02-09 15:00:00,Debit
3523,5,560,94,2026-06-18 11:00:00,Debit
3524,2,682,27,2026-06-17 15:00:00,Credit
3525,3,221,57,2026-04-03 17:00:00,Cash
3526,2,140,35,2026-03-12 17:00:00,Credit
3527,1,85,9,2026-06-16 19:00:00,Debit
3528,1,397,3,2026-06-04 09:00:00,Debit
3529,5,612,91,2026-04-19 17:00:00,Debit
3530,2,219,25,2026-05-09 19:00:00,Cash
3531,4,700,74,2026-07-04 19:00:00,Credit
3532,1,462,6,2026-03-09 17:00:00,Cash
3533,2,47,29,2026-06-01 11:00:00,Cash
3534,2,374,40,2026-04-20 17:00:00,Cash
3535,2,544,39,2026-05-14 17:00:00,Cash
3536,1,134,4,2026-07-17 15:00:00,Debit
3537,2,468,36,2026-02-20 13:00:00,Credit
3538,2,47,29,2026-05-10 17:00:00,Credit
3539,1,330,9,2026-02-08 19:00:00,Cash
3540,1,212,22,2026-07-01 13:00:00,Credit
3541,5,538,85,2026-06-24 19:00:00,Debit
3542,2,509,31,2026-04-16 17:00:00,Credit
3543,2,362,35,2026-03-13 15:00:00,Credit
3544,1,143,6,2026-07-13 19:00:00,Cash
3545,4,661,67,2026-02-06 17:00:00,Credit
3546,3,426,62,2026-07-28 19:00:00,Credit
3547,2,437,31,2026-07-25 15:00:00,Cash
3548,4,307,74,2026-06-07 19:00:00,Cash
3549,3,38,57,2026-07-19 11:00:00,Debit
3550,3,238,48,2026-04-09 17:00:00,Credit
3551,1,349,17,2026-06-09 13:00:00,Cash
3552,2,534,44,2026-07-18 11:00:00,Debit
3553,5,268,84,2026-07-12 11:00:00,Credit
3554,1,699,3,2026-04-08 15:00:00,Debit
3555,4,231,75,2026-01-18 17:00:00,Debit
3556,3,347,56,2026-05-03 17:00:00,Debit
3557,4,382,71,2026-07-26 17:00:00,Credit
3558,1,107,7,2026-03-19 17:00:00,Debit
3559,1,182,16,2026-06-11 17:00:00,Debit
3560,2,582,29,2026-05-16 15:00:00,Debit
3561,4,317,65,2026-05-07 19:00:00,Debit
3562,2,569,23,2026-06-19 13:00:00,Cash
3563,3,504,49,2026-07-06 15:00:00,Credit
3564,1,416,4,2026-06-22 19:00:00,Debit
3565,4,625,66,2026-01-03 11:00:00,Debit
3566,2,204,36,2026-07-10 13:00:00,Debit
3567,2,600,42,2026-02-03 13:00:00,Credit
3568,1,100,13,2026-07-17 19:00:00,Debit
3569,4,644,65,2026-06-01 13:00:00,Debit
3570,5,28,91,2026-05-17 17:00:00,Debit
3571,3,397,59,2026-05-15 17:00:00,Credit
3572,5,186,85,2026-05-13 11:00:00,Debit
3573,1,373,17,2026-04-22 11:00:00,Debit
3574,2,372,42,2026-05-06 19:00:00,Debit
3575,1,699,15,2026-07-21 13:00:00,Cash
3576,1,122,4,2026-06-16 15:00:00,Cash
3577,2,478,44,2026-06-04 19:00:00,Debit
3578,1,424,1,2026-07-24 19:00:00,Cash
3579,2,549,43,2026-04-17 17:00:00,Cash
3580,2,537,33,2026-06-02 19:00:00,Cash
3581,3,491,54,2026-03-12 15:00:00,Credit
3582,5,279,94,2026-07-28 15:00:00,Credit
3583,1,505,22,2026-03-16 15:00:00,Debit
3584,4,271,73,2026-06-12 17:00:00,Cash
3585,2,598,43,2026-06-13 17:00:00,Debit
3586,5,644,86,2026-06-12 13:00:00,Debit
3587,4,37,67,2026-07-28 13:00:00,Debit
3588,1,615,21,2026-04-15 15:00:00,Credit
3589,2,626,35,2026-03-27 17:00:00,Debit
3590,4,28,70,2026-06-09 13:00:00,Debit
3591,4,34,78,2026-04-18 19:00:00,Cash
3592,1,547,12,2026-03-07 11:00:00,Debit
3593,3,417,57,2026-03-20 11:00:00,Debit
3594,5,30,94,2026-05-23 19:00:00,Credit
3595,2,90,34,2026-01-26 19:00:00,Credit
3596,4,264,63,2026-04-06 19:00:00,Debit
3597,1,529,8,2026-07-05 15:00:00,Cash
3598,2,299,35,2026-05-07 13:00:00,Debit
3599,2,404,36,2026-05-23 19:00:00,Cash
3600,1,498,7,2026-03-28 19:00:00,Cash
3601,3,55,54,2026-03-11 17:00:00,Credit
3602,1,447,2,2026-02-06 17:00:00,Debit
3603,4,118,75,2026-02-28 17:00:00,Debit
3604,5,650,94,2026-03-15 15:00:00,Credit
3605,2,438,25,2026-07-28 19:00:00,Debit
3606,2,381,31,2026-07-15 19:00:00,Cash
3607,5,24,90,2026-05-07 19:00:00,Cash
3608,4,191,77,2026-06-06 15:00:00,Credit
3609,4,482,64,2026-07-16 13:00:00,Debit
3610,1,123,6,2026-07-23 17:00:00,Cash
3611,1,224,19,2026-07-13 19:00:00,Credit
3612,1,661,19,2026-05-09 13:00:00,Cash
3613,5,213,86,2026-07-04 17:00:00,Debit
3614,2,518,23,2026-05-01 13:00:00,Debit
3615,2,415,43,2026-06-21 19:00:00,Debit
3616,1,508,2,2026-01-14 13:00:00,Debit
3617,2,452,39,2026-06-22 17:00:00,Cash
3618,2,261,39,2026-07-26 09:00:00,Debit
3619,2,292,44,2026-05-28 13:00:00,Credit
3620,4,190,64,2026-07-20 11:00:00,Cash
3621,1,519,8,2026-02-15 17:00:00,Cash
3622,4,85,76,2026-07-09 13:00:00,Debit
3623,4,274,71,2026-04-20 15:00:00,Debit
3624,4,324,69,2026-05-22 17:00:00,Credit
3625,1,642,12,2026-03-21 09:00:00,Debit
3626,1,635,20,2026-06-11 11:00:00,Credit
3627,1,665,2,2026-04-07 19:00:00,Credit
3628,3,201,52,2026-06-20 15:00:00,Credit
3629,5,367,91,2026-07-06 19:00:00,Debit
3630,2,612,43,2026-01-08 09:00:00,Cash
3631,1,62,6,2026-04-26 19:00:00,Cash
3632,2,644,42,2026-07-01 11:00:00,Debit
3633,1,300,5,2026-05-11 09:00:00,Credit
3634,1,394,17,2026-07-05 17:00:00,Credit
3635,4,34,70,2026-01-17 19:00:00,Credit
3636,5,460,85,2026-04-17 13:00:00,Cash
3637,2,210,41,2026-06-16 17:00:00,Cash
3638,5,654,89,2026-02-27 17:00:00,Credit
3639,2,161,38,2026-02-28 11:00:00,Credit
3640,4,448,71,2026-03-17 19:00:00,Credit
3641,3,190,56,2026-07-04 15:00:00,Debit
3642,3,539,47,2026-06-25 15:00:00,Debit
3643,5,526,82,2026-06-08 09:00:00,Cash
3644,2,311,31,2026-06-27 17:00:00,Cash
3645,2,16,32,2026-04-22 19:00:00,Cash
3646,2,334,23,2026-05-04 19:00:00,Cash
3647,2,298,24,2026-06-10 15:00:00,Credit
3648,5,370,90,2026-01-28 15:00:00,Debit
3649,3,341,61,2026-07-07 13:00:00,Cash
3650,1,680,5,2026-01-25 17:00:00,Debit
3651,2,463,43,2026-04-15 17:00:00,Debit
3652,5,379,88,2026-03-19 19:00:00,Cash
3653,1,296,19,2026-03-15 11:00:00,Credit
3654,2,64,32,2026-05-02 09:00:00,Debit
3655,5,318,92,2026-06-10 17:00:00,Debit
3656,5,447,92,2026-07-28 19:00:00,Credit
3657,1,501,4,2026-05-26 15:00:00,Credit
3658,2,173,37,2026-05-11 19:00:00,Debit
3659,2,309,26,2026-06-26 09:00:00,Credit
3660,5,495,91,2026-07-16 11:00:00,Debit
3661,1,116,21,2026-01-10 19:00:00,Credit
3662,2,58,33,2026-05-21 19:00:00,Debit
3663,5,362,90,2026-04-08 19:00:00,Cash
3664,5,192,82,2026-07-12 19:00:00,Debit
3665,5,382,94,2026-07-22 13:00:00,Cash
3666,5,574,90,2026-06-14 15:00:00,Credit
3667,2,515,36,2026-07-19 11:00:00,Cash
3668,1,338,22,2026-03-16 11:00:00,Debit
3669,2,593,37,2026-06-03 17:00:00,Cash
3670,1,631,22,2026-04-13 19:00:00,Credit
3671,4,590,74,2026-06-14 09:00:00,Cash
3672,3,566,51,2026-07-02 13:00:00,Cash
3673,1,45,6,2026-02-27 13:00:00,Debit
3674,2,695,30,2026-01-23 11:00:00,Cash
3675,1,44,6,2026-05-08 15:00:00,Credit
3676,3,459,61,2026-07-18 17:00:00,Credit
3677,5,630,85,2026-07-03 17:00:00,Cash
3678,2,423,37,2026-07-15 15:00:00,Debit
3679,2,139,23,2026-06-09 19:00:00,Cash
3680,1,191,13,2026-05-03 11:00:00,Debit
3681,2,315,31,2026-03-24 19:00:00,Credit
3682,2,171,38,2026-06-07 17:00:00,Cash
3683,4,667,73,2026-04-15 17:00:00,Cash
3684,1,310,9,2026-06-16 15:00:00,Cash
3685,2,91,32,2026-04-17 15:00:00,Debit
3686,2,343,30,2026-06-26 17:00:00,Credit
3687,4,670,67,2026-04-14 15:00:00,Credit
3688,3,598,45,2026-01-05 17:00:00,Cash
3689,5,604,91,2026-07-09 17:00:00,Debit
3690,2,125,44,2026-07-17 09:00:00,Cash
3691,1,249,22,2026-02-26 19:00:00,Cash
3692,3,574,60,2026-07-05 13:00:00,Credit
3693,1,498,18,2026-01-15 13:00:00,Debit
3694,1,528,14,2026-04-23 09:00:00,Debit
3695,5,508,86,2026-06-17 19:00:00,Credit
3696,5,334,93,2026-07-11 17:00:00,Cash
3697,2,472,39,2026-07-26 19:00:00,Debit
3698,2,135,35,2026-01-12 13:00:00,Cash
3699,4,617,71,2026-06-09 17:00:00,Credit
3700,5,377,92,2026-07-06 15:00:00,Credit
3701,2,260,28,2026-05-07 19:00:00,Credit
3702,1,454,9,2026-02-22 15:00:00,Debit
3703,3,334,47,2026-07-05 09:00:00,Cash
3704,2,674,23,2026-05-17 13:00:00,Debit
3705,2,561,33,2026-06-08 13:00:00,Credit
3706,2,191,41,2026-06-07 19:00:00,Cash
3707,4,210,68,2026-05-14 15:00:00,Debit
3708,3,132,51,2026-06-02 17:00:00,Credit
3709,2,518,42,2026-01-02 19:00:00,Credit
3710,4,130,65,2026-05-02 13:00:00,Cash
3711,2,303,41,2026-05-27 17:00:00,Debit
3712,2,485,23,2026-06-11 19:00:00,Cash
3713,1,116,10,2026-06-14 11:00:00,Credit
3714,2,320,23,2026-07-27 11:00:00,Cash
3715,2,127,30,2026-06-24 17:00:00,Credit
3716,2,144,26,2026-01-25 11:00:00,Debit
3717,2,206,37,2026-05-11 19:00:00,Credit
3718,2,291,30,2026-05-27 11:00:00,Credit
3719,3,184,58,2026-05-08 19:00:00,Debit
3720,2,207,35,2026-04-02 11:00:00,Credit
3721,5,429,83,2026-07-11 15:00:00,Debit
3722,2,143,24,2026-04-05 15:00:00,Cash
3723,2,148,37,2026-06-16 17:00:00,Cash
3724,2,448,40,2026-01-12 19:00:00,Debit
3725,1,78,3,2026-05-11 15:00:00,Credit
3726,1,614,7,2026-05-28 15:00:00,Credit
3727,5,236,86,2026-04-26 11:00:00,Credit
3728,3,597,55,2026-04-17 13:00:00,Credit
3729,4,453,72,2026-04-16 19:00:00,Credit
3730,1,152,9,2026-02-17 13:00:00,Credit
3731,2,343,43,2026-03-24 15:00:00,Cash
3732,2,36,32,2026-02-01 11:00:00,Credit
3733,4,313,64,2026-06-03 13:00:00,Debit
3734,1,374,8,2026-06-07 13:00:00,Credit
3735,5,494,90,2026-03-08 09:00:00,Cash
3736,2,592,40,2026-05-28 09:00:00,Debit
3737,1,460,2,2026-07-09 13:00:00,Cash
3738,3,277,59,2026-02-15 09:00:00,Credit
3739,1,638,6,2026-03-23 17:00:00,Cash
3740,5,643,94,2026-07-08 19:00:00,Credit
3741,2,542,26,2026-07-18 13:00:00,Debit
3742,2,97,38,2026-05-02 13:00:00,Cash
3743,1,71,2,2026-06-19 13:00:00,Cash
3744,2,388,42,2026-04-27 17:00:00,Cash
3745,1,217,13,2026-06-03 15:00:00,Debit
3746,3,264,54,2026-01-20 17:00:00,Credit
3747,2,364,27,2026-06-26 17:00:00,Cash
3748,2,22,44,2026-03-27 13:00:00,Debit
3749,4,591,71,2026-07-28 13:00:00,Debit
3750,1,329,14,2026-01-18 19:00:00,Credit
3751,3,678,50,2026-06-15 11:00:00,Debit
3752,1,393,3,2026-02-27 17:00:00,Credit
3753,2,121,23,2026-05-28 09:00:00,Cash
3754,4,602,65,2026-07-14 19:00:00,Cash
3755,2,670,37,2026-05-27 17:00:00,Credit
3756,1,416,22,2026-03-05 15:00:00,Credit
3757,2,683,39,2026-04-28 19:00:00,Debit
3758,2,87,31,2026-05-16 17:00:00,Cash
3759,3,103,48,2026-02-13 15:00:00,Cash
3760,2,411,32,2026-06-25 17:00:00,Debit
3761,1,609,12,2026-05-07 17:00:00,Debit
3762,3,172,49,2026-05-04 19:00:00,Credit
3763,2,210,34,2026-07-28 11:00:00,Debit
3764,2,679,37,2026-07-27 17:00:00,Debit
3765,4,46,64,2026-07-20 11:00:00,Debit
3766,2,538,36,2026-05-24 13:00:00,Cash
3767,2,116,38,2026-04-04 17:00:00,Cash
3768,2,622,30,2026-05-10 15:00:00,Debit
3769,4,342,72,2026-06-20 17:00:00,Credit
3770,2,481,26,2026-04-20 17:00:00,Credit
3771,2,205,24,2026-07-27 11:00:00,Cash
3772,2,153,35,2026-03-21 17:00:00,Debit
3773,1,590,7,2026-02-14 19:00:00,Credit
3774,2,252,40,2026-06-07 17:00:00,Debit
3775,2,136,39,2026-01-21 15:00:00,Cash
3776,4,340,68,2026-05-08 13:00:00,Debit
3777,3,563,60,2026-01-20 17:00:00,Debit
3778,2,413,41,2026-02-06 17:00:00,Cash
3779,3,237,50,2026-04-12 11:00:00,Credit
3780,1,523,14,2026-03-15 17:00:00,Debit
3781,5,284,93,2026-01-08 17:00:00,Debit
3782,4,494,78,2026-06-02 13:00:00,Cash
3783,2,209,25,2026-07-03 15:00:00,Credit
3784,3,359,52,2026-03-21 13:00:00,Cash
3785,5,361,80,2026-01-23 13:00:00,Cash
3786,1,279,17,2026-07-06 09:00:00,Credit
3787,4,383,77,2026-03-19 17:00:00,Cash
3788,2,205,41,2026-04-20 13:00:00,Credit
3789,2,5,39,2026-04-27 19:00:00,Cash
3790,2,234,41,2026-01-19 17:00:00,Cash
3791,5,70,79,2026-03-04 09:00:00,Debit
3792,1,267,20,2026-05-24 17:00:00,Credit
3793,2,2,26,2026-07-05 11:00:00,Cash
3794,4,626,66,2026-05-21 17:00:00,Credit
3795,5,252,90,2026-06-28 17:00:00,Debit
3796,5,515,81,2026-04-17 13:00:00,Credit
3797,1,307,15,2026-06-02 19:00:00,Debit
3798,2,422,32,2026-06-28 19:00:00,Cash
3799,1,332,10,2026-03-27 19:00:00,Debit
3800,5,237,89,2026-01-06 19:00:00,Cash
3801,2,148,44,2026-04-23 17:00:00,Credit
3802,2,456,30,2026-01-27 19:00:00,Cash
3803,2,640,33,2026-03-13 19:00:00,Debit
3804,2,52,30,2026-01-22 09:00:00,Cash
3805,2,367,26,2026-07-02 15:00:00,Debit
3806,1,88,6,2026-02-09 17:00:00,Credit
3807,5,347,91,2026-02-21 11:00:00,Credit
3808,2,260,44,2026-01-20 13:00:00,Credit
3809,2,197,29,2026-07-11 13:00:00,Cash
3810,1,144,17,2026-04-24 19:00:00,Debit
3811,5,442,89,2026-06-03 13:00:00,Cash
3812,1,485,18,2026-06-04 17:00:00,Credit
3813,2,312,41,2026-06-06 17:00:00,Credit
3814,1,106,21,2026-07-28 11:00:00,Debit
3815,1,116,10,2026-05-20 13:00:00,Credit
3816,2,371,35,2026-06-07 19:00:00,Cash
3817,3,423,55,2026-05-10 19:00:00,Credit
3818,1,32,4,2026-02-06 19:00:00,Debit
3819,2,519,43,2026-01-02 17:00:00,Debit
3820,3,534,57,2026-05-17 15:00:00,Debit
3821,2,151,37,2026-04-03 17:00:00,Credit
3822,5,469,89,2026-06-08 17:00:00,Cash
3823,5,655,82,2026-07-10 19:00:00,Debit
3824,1,27,4,2026-02-04 17:00:00,Credit
3825,1,368,13,2026-05-05 13:00:00,Cash
3826,4,557,71,2026-07-08 13:00:00,Cash
3827,5,258,91,2026-06-05 19:00:00,Credit
3828,5,162,79,2026-05-03 17:00:00,Credit
3829,2,163,30,2026-07-25 19:00:00,Cash
3830,2,395,23,2026-07-27 15:00:00,Debit
3831,4,650,78,2026-06-24 11:00:00,Cash
3832,3,482,54,2026-07-23 15:00:00,Credit
3833,5,138,81,2026-06-28 15:00:00,Credit
3834,2,54,23,2026-04-26 13:00:00,Credit
3835,4,75,63,2026-06-26 13:00:00,Cash
3836,3,505,49,2026-07-20 17:00:00,Debit
3837,4,188,76,2026-07-05 13:00:00,Debit
3838,2,545,41,2026-01-24 19:00:00,Cash
3839,1,240,19,2026-03-28 15:00:00,Cash
3840,2,565,28,2026-03-18 17:00:00,Cash
3841,2,687,43,2026-07-21 11:00:00,Credit
3842,4,22,78,2026-05-21 15:00:00,Cash
3843,5,361,93,2026-03-21 19:00:00,Cash
3844,1,241,3,2026-05-20 13:00:00,Credit
3845,4,83,69,2026-06-19 11:00:00,Debit
3846,2,8,38,2026-06-24 09:00:00,Cash
3847,1,565,10,2026-05-01 17:00:00,Cash
3848,2,410,29,2026-05-20 19:00:00,Debit
3849,2,129,25,2026-05-23 19:00:00,Credit
3850,2,368,25,2026-01-11 19:00:00,Cash
3851,4,285,68,2026-03-09 17:00:00,Credit
3852,5,194,80,2026-05-11 11:00:00,Cash
3853,2,424,29,2026-01-10 11:00:00,Cash
3854,3,102,45,2026-02-24 17:00:00,Cash
3855,2,440,30,2026-04-04 17:00:00,Debit
3856,4,344,63,2026-06-01 19:00:00,Debit
3857,1,268,5,2026-03-05 11:00:00,Debit
3858,4,478,64,2026-05-17 17:00:00,Cash
3859,1,649,18,2026-07-22 11:00:00,Credit
3860,1,539,20,2026-02-03 19:00:00,Cash
3861,4,315,77,2026-06-12 19:00:00,Cash
3862,3,123,47,2026-06-05 19:00:00,Credit
3863,2,510,29,2026-04-19 15:00:00,Credit
3864,1,108,1,2026-06-07 13:00:00,Cash
3865,2,443,33,2026-02-08 09:00:00,Cash
3866,4,546,66,2026-06-01 09:00:00,Cash
3867,4,382,65,2026-03-14 13:00:00,Cash
3868,1,312,3,2026-01-03 15:00:00,Cash
3869,2,531,31,2026-05-15 09:00:00,Debit
3870,1,657,21,2026-06-16 15:00:00,Credit
3871,1,490,1,2026-01-19 17:00:00,Credit
3872,3,319,60,2026-07-09 11:00:00,Debit
3873,1,45,14,2026-03-10 11:00:00,Debit
3874,1,405,1,2026-01-01 13:00:00,Credit
3875,1,345,12,2026-04-07 11:00:00,Debit
3876,5,484,83,2026-05-10 11:00:00,Cash
3877,3,434,59,2026-06-20 19:00:00,Credit
3878,3,536,62,2026-05-26 17:00:00,Cash
3879,2,503,36,2026-06-28 19:00:00,Debit
3880,4,513,78,2026-07-28 09:00:00,Debit
3881,3,87,62,2026-02-07 17:00:00,Cash
3882,1,43,9,2026-05-21 19:00:00,Cash
3883,2,259,33,2026-01-12 11:00:00,Debit
3884,4,87,77,2026-04-17 19:00:00,Cash
3885,1,32,16,2026-02-18 19:00:00,Cash
3886,3,254,48,2026-07-24 17:00:00,Debit
3887,4,198,66,2026-07-17 13:00:00,Cash
3888,3,34,56,2026-03-13 17:00:00,Debit
3889,4,188,77,2026-06-25 13:00:00,Credit
3890,3,234,61,2026-04-01 19:00:00,Debit
3891,4,56,77,2026-07-01 11:00:00,Cash
3892,1,286,6,2026-04-15 17:00:00,Credit
3893,3,345,52,2026-04-22 17:00:00,Cash
3894,2,461,39,2026-03-25 19:00:00,Cash
3895,3,516,61,2026-04-15 17:00:00,Cash
3896,5,139,82,2026-06-06 17:00:00,Credit
3897,4,10,71,2026-05-05 17:00:00,Credit
3898,4,70,66,2026-06-16 17:00:00,Credit
3899,2,504,40,2026-02-15 13:00:00,Cash
3900,1,24,10,2026-07-04 19:00:00,Cash
3901,2,280,27,2026-05-17 15:00:00,Debit
3902,1,510,2,2026-04-27 19:00:00,Cash
3903,2,17,26,2026-05-16 11:00:00,Cash
3904,2,335,37,2026-07-08 13:00:00,Credit
3905,3,30,59,2026-06-08 17:00:00,Credit
3906,1,543,19,2026-07-22 15:00:00,Cash
3907,4,696,64,2026-06-09 17:00:00,Credit
3908,3,526,48,2026-01-26 19:00:00,Debit
3909,2,605,41,2026-06-24 15:00:00,Credit
3910,2,23,32,2026-07-06 13:00:00,Cash
3911,1,96,17,2026-07-22 11:00:00,Debit
3912,4,271,74,2026-03-05 13:00:00,Cash
3913,2,171,37,2026-04-17 17:00:00,Debit
3914,3,252,53,2026-07-16 09:00:00,Credit
3915,5,159,90,2026-05-07 17:00:00,Debit
3916,4,339,69,2026-05-01 19:00:00,Debit
3917,1,211,4,2026-02-21 17:00:00,Credit
3918,4,607,63,2026-03-21 09:00:00,Cash
3919,1,412,21,2026-04-16 11:00:00,Cash
3920,1,181,3,2026-07-12 19:00:00,Cash
3921,2,449,43,2026-02-28 15:00:00,Credit
3922,4,686,67,2026-04-07 17:00:00,Debit
3923,4,321,72,2026-02-27 15:00:00,Debit
3924,4,282,73,2026-04-23 11:00:00,Debit
3925,1,158,13,2026-06-11 15:00:00,Cash
3926,1,110,9,2026-06-12 09:00:00,Cash
3927,3,188,51,2026-07-10 19:00:00,Credit
3928,1,357,17,2026-05-19 13:00:00,Credit
3929,3,342,50,2026-07-24 19:00:00,Cash
3930,2,47,38,2026-04-26 15:00:00,Cash
3931,3,646,59,2026-02-22 19:00:00,Credit
3932,2,135,34,2026-07-27 13:00:00,Credit
3933,2,260,32,2026-06-16 15:00:00,Debit
3934,2,314,36,2026-03-19 13:00:00,Debit
3935,4,545,67,2026-01-01 15:00:00,Debit
3936,2,373,34,2026-05-24 17:00:00,Credit
3937,2,576,34,2026-06-26 19:00:00,Cash
3938,4,104,67,2026-06-13 09:00:00,Credit
3939,1,370,9,2026-07-01 15:00:00,Debit
3940,4,445,64,2026-06-02 11:00:00,Cash
3941,4,648,71,2026-06-27 13:00:00,Debit
3942,1,370,22,2026-05-13 19:00:00,Credit
3943,3,59,51,2026-04-04 17:00:00,Credit
3944,2,599,32,2026-06-08 17:00:00,Credit
3945,3,274,49,2026-06-17 13:00:00,Debit
3946,2,438,25,2026-04-22 19:00:00,Debit
3947,3,345,54,2026-03-14 17:00:00,Cash
3948,3,468,61,2026-07-23 17:00:00,Credit
3949,1,295,22,2026-06-24 11:00:00,Cash
3950,4,542,70,2026-07-15 17:00:00,Credit
3951,4,166,69,2026-07-09 19:00:00,Cash
3952,5,488,91,2026-04-22 19:00:00,Credit
3953,2,683,31,2026-07-09 17:00:00,Credit
3954,2,102,25,2026-07-11 17:00:00,Credit
3955,2,17,34,2026-03-03 19:00:00,Credit
3956,5,618,84,2026-06-26 11:00:00,Credit
3957,2,602,34,2026-06-22 17:00:00,Credit
3958,4,453,76,2026-07-23 19:00:00,Debit
3959,2,326,31,2026-03-07 17:00:00,Credit
3960,5,468,85,2026-03-21 19:00:00,Cash
3961,4,623,76,2026-06-17 19:00:00,Cash
3962,2,13,27,2026-02-12 11:00:00,Debit
3963,1,199,21,2026-05-06 09:00:00,Cash
3964,2,583,44,2026-07-17 15:00:00,Debit
3965,5,509,81,2026-07-11 13:00:00,Debit
3966,5,365,84,2026-05-04 19:00:00,Credit
3967,2,228,23,2026-05-03 17:00:00,Cash
3968,4,215,70,2026-07-02 15:00:00,Debit
3969,2,134,42,2026-07-08 11:00:00,Debit
3970,5,319,89,2026-07-09 19:00:00,Credit
3971,5,686,90,2026-06-22 17:00:00,Cash
3972,3,422,62,2026-07-01 15:00:00,Cash
3973,1,29,18,2026-06-16 11:00:00,Cash
3974,3,125,61,2026-02-06 19:00:00,Cash
3975,4,611,73,2026-07-12 11:00:00,Cash
3976,2,336,42,2026-01-08 13:00:00,Cash
3977,2,370,37,2026-05-12 11:00:00,Cash
3978,1,565,17,2026-02-01 19:00:00,Cash
3979,1,290,3,2026-05-01 19:00:00,Debit
3980,2,125,30,2026-02-26 17:00:00,Credit
3981,1,666,12,2026-05-18 15:00:00,Cash
3982,3,347,45,2026-05-11 17:00:00,Cash
3983,2,304,42,2026-06-10 13:00:00,Debit
3984,1,694,13,2026-03-14 17:00:00,Credit
3985,2,128,32,2026-05-11 11:00:00,Cash
3986,1,277,22,2026-04-08 17:00:00,Debit
3987,5,411,83,2026-06-23 13:00:00,Credit
3988,2,303,42,2026-04-22 11:00:00,Credit
3989,4,387,77,2026-07-04 15:00:00,Debit
3990,5,430,90,2026-05-22 17:00:00,Cash
3991,2,89,24,2026-03-03 19:00:00,Debit
3992,3,440,54,2026-07-15 17:00:00,Credit
3993,2,551,42,2026-06-21 17:00:00,Debit
3994,1,286,19,2026-05-03 19:00:00,Credit
3995,4,693,67,2026-02-24 13:00:00,Debit
3996,5,277,93,2026-07-15 17:00:00,Credit
3997,2,353,25,2026-05-19 13:00:00,Cash
3998,4,443,67,2026-04-26 17:00:00,Credit
3999,4,163,78,2026-07-08 17:00:00,Credit
4000,5,399,94,2026-07-04 11:00:00,Credit
4001,5,566,89,2026-02-08 09:00:00,Debit
4002,3,118,56,2026-07-12 17:00:00,Credit
4003,1,390,1,2026-04-11 17:00:00,Credit
4004,3,342,60,2026-07-28 09:00:00,Cash
4005,1,211,1,2026-06-02 17:00:00,Credit
4006,5,252,91,2026-03-27 19:00:00,Debit
4007,3,549,53,2026-02-17 13:00:00,Cash
4008,5,452,79,2026-06-28 15:00:00,Cash
4009,2,279,35,2026-01-02 09:00:00,Credit
4010,4,33,64,2026-07-08 19:00:00,Debit
4011,4,317,72,2026-02-28 17:00:00,Credit
4012,2,391,30,2026-05-22 17:00:00,Cash
4013,5,367,94,2026-05-06 19:00:00,Cash
4014,2,262,34,2026-04-01 17:00:00,Cash
4015,2,553,38,2026-02-05 13:00:00,Debit
4016,1,240,21,2026-02-17 13:00:00,Credit
4017,2,482,28,2026-06-20 15:00:00,Debit
4018,1,649,6,2026-03-19 11:00:00,Credit
4019,1,537,6,2026-03-28 17:00:00,Credit
4020,2,126,29,2026-07-01 15:00:00,Credit
4021,3,524,53,2026-01-23 13:00:00,Debit
4022,2,683,31,2026-07-16 09:00:00,Credit
4023,4,8,72,2026-05-23 13:00:00,Debit
4024,2,102,35,2026-06-08 17:00:00,Cash
4025,4,504,77,2026-04-15 17:00:00,Debit
4026,5,411,87,2026-07-24 15:00:00,Debit
4027,5,513,89,2026-01-12 11:00:00,Cash
4028,1,190,3,2026-05-11 19:00:00,Debit
4029,2,507,39,2026-03-20 15:00:00,Credit
4030,3,307,53,2026-05-05 15:00:00,Credit
4031,1,371,2,2026-05-22 17:00:00,Debit
4032,5,696,86,2026-02-27 15:00:00,Cash
4033,2,390,38,2026-07-09 09:00:00,Credit
4034,2,39,30,2026-07-14 13:00:00,Credit
4035,4,92,69,2026-02-08 09:00:00,Cash
4036,4,81,66,2026-03-27 09:00:00,Credit
4037,4,363,71,2026-05-22 09:00:00,Cash
4038,2,137,32,2026-04-16 13:00:00,Debit
4039,1,198,14,2026-04-11 09:00:00,Cash
4040,2,536,29,2026-03-15 17:00:00,Debit
4041,1,205,21,2026-05-19 19:00:00,Cash
4042,2,358,35,2026-07-22 13:00:00,Debit
4043,5,209,90,2026-05-08 17:00:00,Cash
4044,4,476,67,2026-05-22 13:00:00,Debit
4045,5,615,82,2026-04-02 17:00:00,Cash
4046,2,314,43,2026-03-14 19:00:00,Debit
4047,2,550,32,2026-07-19 11:00:00,Credit
4048,2,605,37,2026-07-27 11:00:00,Credit
4049,2,50,25,2026-05-27 17:00:00,Credit
4050,1,79,20,2026-07-27 19:00:00,Credit
4051,3,693,49,2026-07-11 19:00:00,Credit
4052,1,132,4,2026-07-15 11:00:00,Debit
4053,3,361,57,2026-05-21 13:00:00,Credit
4054,4,188,67,2026-07-24 13:00:00,Credit
4055,1,242,20,2026-04-14 13:00:00,Credit
4056,5,194,83,2026-04-17 11:00:00,Debit
4057,1,284,1,2026-03-18 11:00:00,Credit
4058,1,610,17,2026-05-11 19:00:00,Debit
4059,1,290,17,2026-03-06 09:00:00,Debit
4060,1,378,1,2026-07-02 15:00:00,Cash
4061,3,528,46,2026-06-08 19:00:00,Cash
4062,3,26,49,2026-07-20 19:00:00,Debit
4063,2,25,42,2026-04-26 13:00:00,Credit
4064,2,694,33,2026-02-18 11:00:00,Cash
4065,3,501,60,2026-07-05 17:00:00,Cash
4066,3,452,57,2026-05-12 13:00:00,Credit
4067,2,346,33,2026-05-16 19:00:00,Debit
4068,2,185,35,2026-02-15 19:00:00,Debit
4069,2,223,41,2026-04-22 13:00:00,Cash
4070,4,53,67,2026-06-06 15:00:00,Credit
4071,2,261,30,2026-07-04 13:00:00,Cash
4072,2,553,42,2026-01-06 15:00:00,Cash
4073,4,485,69,2026-05-10 19:00:00,Credit
4074,3,618,46,2026-07-03 19:00:00,Credit
4075,2,453,34,2026-02-20 11:00:00,Cash
4076,2,684,25,2026-06-12 13:00:00,Debit
4077,4,690,68,2026-02-24 11:00:00,Credit
4078,1,690,11,2026-07-13 19:00:00,Cash
4079,1,195,13,2026-01-09 19:00:00,Debit
4080,4,165,76,2026-04-10 13:00:00,Cash
4081,1,8,21,2026-02-23 17:00:00,Credit
4082,2,513,30,2026-02-15 15:00:00,Debit
4083,1,457,18,2026-05-28 17:00:00,Debit
4084,3,193,62,2026-02-20 19:00:00,Debit
4085,1,62,22,2026-01-19 09:00:00,Debit
4086,1,435,21,2026-07-11 15:00:00,Debit
4087,5,565,92,2026-07-10 15:00:00,Credit
4088,2,670,23,2026-05-10 19:00:00,Credit
4089,2,189,32,2026-07-21 13:00:00,Debit
4090,2,542,32,2026-07-25 17:00:00,Credit
4091,2,124,37,2026-06-24 13:00:00,Debit
4092,2,528,34,2026-04-25 09:00:00,Credit
4093,4,691,75,2026-07-16 15:00:00,Debit
4094,3,422,45,2026-05-19 15:00:00,Credit
4095,4,235,70,2026-06-25 19:00:00,Debit
4096,4,279,71,2026-02-19 19:00:00,Cash
4097,1,131,11,2026-01-06 11:00:00,Credit
4098,4,650,74,2026-04-16 19:00:00,Cash
4099,1,424,2,2026-06-08 15:00:00,Debit
4100,1,59,6,2026-02-14 13:00:00,Cash
4101,4,499,67,2026-01-03 13:00:00,Credit
4102,3,206,56,2026-02-01 17:00:00,Cash
4103,4,157,68,2026-04-22 11:00:00,Cash
4104,3,684,54,2026-01-23 19:00:00,Cash
4105,2,443,44,2026-02-09 09:00:00,Cash
4106,3,559,59,2026-07-07 17:00:00,Cash
4107,5,511,91,2026-06-22 13:00:00,Debit
4108,3,319,54,2026-01-15 15:00:00,Debit
4109,2,576,30,2026-04-20 13:00:00,Debit
4110,5,649,88,2026-07-22 19:00:00,Credit
4111,2,17,39,2026-05-22 17:00:00,Debit
4112,2,170,41,2026-03-26 17:00:00,Debit
4113,4,150,69,2026-04-19 17:00:00,Credit
4114,2,648,32,2026-06-06 15:00:00,Cash
4115,4,621,68,2026-04-18 19:00:00,Debit
4116,5,198,86,2026-06-09 15:00:00,Debit
4117,3,108,46,2026-07-14 15:00:00,Debit
4118,1,396,3,2026-07-20 17:00:00,Cash
4119,1,515,18,2026-04-17 15:00:00,Debit
4120,4,483,68,2026-06-23 15:00:00,Debit
4121,5,252,90,2026-06-09 19:00:00,Credit
4122,2,89,30,2026-05-23 13:00:00,Cash
4123,2,234,43,2026-01-18 19:00:00,Credit
4124,4,405,69,2026-05-18 09:00:00,Debit
4125,2,209,38,2026-05-26 11:00:00,Debit
4126,3,565,45,2026-07-21 19:00:00,Credit
4127,4,29,65,2026-07-06 19:00:00,Debit
4128,1,7,21,2026-05-12 11:00:00,Credit
4129,2,200,30,2026-02-05 13:00:00,Debit
4130,3,5,62,2026-06-22 09:00:00,Credit
4131,1,563,20,2026-05-06 13:00:00,Debit
4132,2,357,42,2026-01-04 11:00:00,Credit
4133,5,468,94,2026-07-04 17:00:00,Cash
4134,2,8,23,2026-07-23 17:00:00,Cash
4135,1,475,13,2026-05-25 17:00:00,Debit
4136,4,302,72,2026-07-27 17:00:00,Cash
4137,1,493,4,2026-07-26 19:00:00,Debit
4138,5,446,82,2026-04-24 15:00:00,Credit
4139,2,464,23,2026-06-23 17:00:00,Credit
4140,2,261,24,2026-05-06 19:00:00,Credit
4141,3,10,62,2026-06-24 17:00:00,Cash
4142,1,184,7,2026-06-19 17:00:00,Credit
4143,1,615,7,2026-06-01 09:00:00,Credit
4144,2,359,28,2026-01-08 11:00:00,Cash
4145,2,44,28,2026-02-05 17:00:00,Credit
4146,1,298,6,2026-02-15 17:00:00,Cash
4147,5,506,79,2026-06-06 19:00:00,Credit
4148,4,116,76,2026-02-15 15:00:00,Debit
4149,4,613,63,2026-06-14 17:00:00,Credit
4150,2,263,28,2026-04-17 15:00:00,Debit
4151,2,630,41,2026-07-06 11:00:00,Debit
4152,1,24,10,2026-06-11 13:00:00,Cash
4153,1,288,3,2026-07-03 17:00:00,Credit
4154,3,3,61,2026-01-11 19:00:00,Debit
4155,2,502,37,2026-02-10 15:00:00,Credit
4156,1,625,16,2026-05-09 15:00:00,Credit
4157,4,25,77,2026-05-24 13:00:00,Debit
4158,2,523,30,2026-04-02 13:00:00,Debit
4159,2,168,37,2026-07-03 15:00:00,Credit
4160,2,141,40,2026-06-15 13:00:00,Credit
4161,2,242,27,2026-02-23 17:00:00,Credit
4162,2,198,31,2026-02-06 09:00:00,Credit
4163,2,75,42,2026-03-13 15:00:00,Cash
4164,1,323,3,2026-01-10 09:00:00,Credit
4165,3,487,47,2026-06-27 13:00:00,Cash
4166,1,361,15,2026-01-13 13:00:00,Cash
4167,2,646,44,2026-05-13 19:00:00,Credit
4168,1,58,15,2026-07-26 13:00:00,Cash
4169,3,83,52,2026-01-21 13:00:00,Cash
4170,5,128,82,2026-05-19 09:00:00,Debit
4171,4,412,77,2026-04-14 15:00:00,Debit
4172,2,275,41,2026-01-28 13:00:00,Debit
4173,4,97,77,2026-02-02 17:00:00,Debit
4174,2,478,24,2026-01-16 19:00:00,Credit
4175,4,359,70,2026-06-18 09:00:00,Debit
4176,2,140,33,2026-07-15 15:00:00,Credit
4177,4,660,68,2026-01-12 17:00:00,Cash
4178,2,370,39,2026-05-16 17:00:00,Debit
4179,1,195,7,2026-05-06 17:00:00,Cash
4180,4,168,71,2026-06-22 17:00:00,Credit
4181,5,682,92,2026-06-19 15:00:00,Credit
4182,3,294,62,2026-07-10 17:00:00,Debit
4183,2,239,33,2026-06-08 17:00:00,Cash
4184,4,246,65,2026-07-12 11:00:00,Cash
4185,4,160,78,2026-04-15 15:00:00,Credit
4186,2,320,23,2026-07-08 19:00:00,Debit
4187,3,200,52,2026-01-04 15:00:00,Debit
4188,4,95,74,2026-02-23 19:00:00,Debit
4189,3,182,58,2026-03-23 19:00:00,Credit
4190,2,187,29,2026-07-17 17:00:00,Credit
4191,2,372,26,2026-01-09 13:00:00,Cash
4192,5,298,83,2026-06-10 13:00:00,Credit
4193,1,272,10,2026-05-09 19:00:00,Cash
4194,2,83,43,2026-06-06 17:00:00,Cash
4195,2,308,35,2026-04-28 17:00:00,Credit
4196,2,114,26,2026-07-03 11:00:00,Debit
4197,2,258,44,2026-05-20 11:00:00,Debit
4198,2,178,31,2026-06-17 19:00:00,Debit
4199,4,634,78,2026-04-21 19:00:00,Debit
4200,4,3,64,2026-05-04 13:00:00,Debit
4201,2,667,25,2026-02-12 19:00:00,Cash
4202,1,241,2,2026-03-19 11:00:00,Debit
4203,5,333,85,2026-07-18 11:00:00,Credit
4204,1,308,8,2026-05-05 13:00:00,Cash
4205,2,173,32,2026-06-27 19:00:00,Credit
4206,4,276,76,2026-07-21 09:00:00,Credit
4207,2,28,35,2026-06-19 15:00:00,Cash
4208,3,622,48,2026-03-15 19:00:00,Credit
4209,4,613,64,2026-07-17 19:00:00,Debit
4210,2,449,25,2026-05-28 17:00:00,Debit
4211,3,143,51,2026-02-06 13:00:00,Credit
4212,2,192,38,2026-01-09 17:00:00,Credit
4213,2,524,30,2026-07-18 15:00:00,Cash
4214,1,82,9,2026-07-02 17:00:00,Cash
4215,3,474,57,2026-05-05 13:00:00,Debit
4216,3,518,53,2026-07-25 19:00:00,Credit
4217,1,285,9,2026-01-03 13:00:00,Credit
4218,2,501,28,2026-01-16 13:00:00,Credit
4219,3,363,56,2026-05-14 09:00:00,Credit
4220,2,615,31,2026-07-11 17:00:00,Debit
4221,5,502,84,2026-06-23 15:00:00,Cash
4222,1,481,22,2026-04-16 15:00:00,Cash
4223,3,445,45,2026-07-07 15:00:00,Debit
4224,2,224,42,2026-06-02 13:00:00,Debit
4225,4,288,70,2026-05-11 09:00:00,Cash
4226,1,27,5,2026-03-26 15:00:00,Cash
4227,2,393,36,2026-05-14 17:00:00,Cash
4228,1,693,15,2026-06-07 13:00:00,Debit
4229,1,176,3,2026-05-28 11:00:00,Credit
4230,1,141,13,2026-04-13 11:00:00,Debit
4231,4,134,71,2026-03-04 15:00:00,Debit
4232,3,622,52,2026-01-12 19:00:00,Debit
4233,2,657,30,2026-03-06 19:00:00,Debit
4234,4,458,76,2026-06-19 13:00:00,Cash
4235,5,229,94,2026-07-11 15:00:00,Debit
4236,2,159,33,2026-06-24 13:00:00,Credit
4237,1,298,14,2026-07-27 17:00:00,Debit
4238,4,504,73,2026-07-02 11:00:00,Credit
4239,4,180,71,2026-07-19 17:00:00,Cash
4240,3,166,51,2026-07-14 13:00:00,Cash
4241,2,578,42,2026-03-28 17:00:00,Credit
4242,1,276,2,2026-07-22 15:00:00,Debit
4243,1,585,3,2026-05-25 11:00:00,Credit
4244,2,328,30,2026-04-24 13:00:00,Cash
4245,2,623,38,2026-01-07 17:00:00,Debit
4246,3,73,54,2026-04-20 13:00:00,Credit
4247,4,524,74,2026-06-01 13:00:00,Credit
4248,1,418,3,2026-07-07 13:00:00,Credit
4249,2,148,39,2026-05-16 11:00:00,Credit
4250,3,194,51,2026-07-20 19:00:00,Cash
4251,2,68,38,2026-03-23 19:00:00,Credit
4252,4,208,70,2026-07-02 19:00:00,Credit
4253,2,666,32,2026-04-10 11:00:00,Credit
4254,2,186,44,2026-07-14 09:00:00,Credit
4255,3,567,62,2026-07-03 13:00:00,Credit
4256,4,247,76,2026-06-03 09:00:00,Debit
4257,4,469,77,2026-06-14 15:00:00,Debit
4258,2,387,32,2026-04-25 19:00:00,Debit
4259,2,517,26,2026-04-02 13:00:00,Cash
4260,2,114,26,2026-07-09 13:00:00,Credit
4261,1,211,8,2026-06-19 13:00:00,Credit
4262,2,256,29,2026-06-05 11:00:00,Cash
4263,5,72,88,2026-02-12 17:00:00,Cash
4264,2,24,27,2026-04-26 09:00:00,Debit
4265,2,15,35,2026-05-26 19:00:00,Debit
4266,2,305,32,2026-02-21 19:00:00,Cash
4267,2,576,30,2026-02-14 19:00:00,Cash
4268,5,593,93,2026-06-15 17:00:00,Credit
4269,1,336,16,2026-05-02 15:00:00,Credit
4270,2,370,39,2026-06-06 13:00:00,Cash
4271,1,560,6,2026-05-04 11:00:00,Cash
4272,2,87,41,2026-07-18 17:00:00,Cash
4273,5,367,81,2026-06-10 19:00:00,Debit
4274,3,598,53,2026-04-19 09:00:00,Debit
4275,4,443,71,2026-04-10 19:00:00,Debit
4276,1,75,12,2026-07-01 09:00:00,Credit
4277,2,385,38,2026-02-28 17:00:00,Cash
4278,2,515,41,2026-03-01 17:00:00,Debit
4279,4,128,72,2026-06-12 17:00:00,Debit
4280,2,234,36,2026-01-20 17:00:00,Debit
4281,1,132,17,2026-06-11 19:00:00,Cash
4282,1,473,16,2026-07-10 17:00:00,Cash
4283,1,434,2,2026-06-08 13:00:00,Cash
4284,2,13,38,2026-04-08 17:00:00,Cash
4285,3,275,56,2026-07-24 11:00:00,Debit
4286,2,184,39,2026-03-12 13:00:00,Cash
4287,5,576,91,2026-07-28 11:00:00,Debit
4288,3,697,46,2026-05-03 19:00:00,Debit
4289,5,368,93,2026-04-17 09:00:00,Credit
4290,3,83,58,2026-04-14 17:00:00,Debit
4291,2,580,30,2026-05-10 19:00:00,Debit
4292,5,15,89,2026-03-09 15:00:00,Cash
4293,4,74,70,2026-04-23 15:00:00,Credit
4294,3,268,56,2026-04-07 11:00:00,Credit
4295,2,608,27,2026-04-20 15:00:00,Credit
4296,5,462,88,2026-06-14 19:00:00,Cash
4297,4,567,72,2026-06-13 17:00:00,Cash
4298,2,419,29,2026-06-17 17:00:00,Credit
4299,2,507,43,2026-07-02 13:00:00,Credit
4300,2,188,28,2026-03-19 19:00:00,Debit
4301,4,241,63,2026-06-14 13:00:00,Credit
4302,1,11,4,2026-03-19 19:00:00,Debit
4303,2,585,39,2026-07-25 17:00:00,Debit
4304,2,537,34,2026-07-21 09:00:00,Cash
4305,2,154,28,2026-07-01 15:00:00,Credit
4306,1,657,12,2026-03-14 15:00:00,Debit
4307,2,623,39,2026-04-24 13:00:00,Debit
4308,4,37,69,2026-01-10 19:00:00,Cash
4309,1,316,17,2026-03-07 17:00:00,Credit
4310,3,212,55,2026-04-23 19:00:00,Credit
4311,3,83,48,2026-03-11 19:00:00,Cash
4312,2,554,23,2026-06-01 19:00:00,Cash
4313,4,597,73,2026-07-22 17:00:00,Cash
4314,3,576,55,2026-04-05 17:00:00,Credit
4315,5,106,82,2026-07-28 09:00:00,Cash
4316,5,618,79,2026-05-03 15:00:00,Credit
4317,3,667,54,2026-05-13 13:00:00,Debit
4318,1,335,19,2026-01-08 11:00:00,Cash
4319,2,504,42,2026-01-07 19:00:00,Credit
4320,3,32,52,2026-06-20 13:00:00,Debit
4321,2,111,44,2026-04-23 11:00:00,Credit
4322,1,459,11,2026-03-11 11:00:00,Debit
4323,2,256,24,2026-02-21 13:00:00,Debit
4324,2,69,27,2026-05-02 15:00:00,Cash
4325,4,638,72,2026-04-05 13:00:00,Cash
4326,3,614,61,2026-05-06 19:00:00,Credit
4327,2,76,33,2026-07-01 19:00:00,Credit
4328,2,589,25,2026-05-16 15:00:00,Credit
4329,2,424,34,2026-02-28 13:00:00,Credit
4330,2,397,26,2026-07-05 17:00:00,Cash
4331,3,683,45,2026-06-23 19:00:00,Credit
4332,2,304,29,2026-05-09 17:00:00,Cash
4333,4,470,78,2026-07-24 19:00:00,Debit
4334,4,549,76,2026-01-08 19:00:00,Debit
4335,3,35,47,2026-01-24 19:00:00,Cash
4336,2,528,29,2026-04-13 17:00:00,Credit
4337,5,374,85,2026-05-21 19:00:00,Debit
4338,4,90,67,2026-07-19 17:00:00,Cash
4339,2,336,44,2026-04-04 17:00:00,Credit
4340,2,449,27,2026-06-16 15:00:00,Credit
4341,3,650,51,2026-01-28 19:00:00,Cash
4342,5,592,92,2026-02-03 11:00:00,Debit
4343,4,18,69,2026-05-08 15:00:00,Cash
4344,2,385,34,2026-04-09 15:00:00,Debit
4345,2,3,34,2026-05-04 17:00:00,Debit
4346,3,199,58,2026-04-26 13:00:00,Debit
4347,2,207,42,2026-04-13 19:00:00,Credit
4348,1,350,9,2026-03-20 09:00:00,Debit
4349,5,247,80,2026-06-16 17:00:00,Debit
4350,2,165,33,2026-05-18 11:00:00,Credit
4351,5,433,92,2026-02-19 19:00:00,Credit
4352,2,50,44,2026-07-25 15:00:00,Credit
4353,2,93,32,2026-05-10 09:00:00,Debit
4354,1,14,2,2026-04-26 15:00:00,Credit
4355,1,36,15,2026-05-02 19:00:00,Credit
4356,2,238,43,2026-07-09 15:00:00,Debit
4357,4,587,70,2026-03-28 15:00:00,Cash
4358,3,216,48,2026-01-20 13:00:00,Cash
4359,2,537,30,2026-07-13 15:00:00,Credit
4360,1,677,18,2026-07-12 13:00:00,Cash
4361,2,70,26,2026-07-06 13:00:00,Credit
4362,5,362,88,2026-05-02 11:00:00,Cash
4363,1,65,6,2026-04-22 17:00:00,Debit
4364,2,38,44,2026-06-24 19:00:00,Credit
4365,4,459,76,2026-02-18 17:00:00,Debit
4366,2,170,39,2026-05-21 15:00:00,Cash
4367,5,207,88,2026-07-27 09:00:00,Credit
4368,3,564,51,2026-05-27 19:00:00,Cash
4369,2,22,39,2026-04-23 17:00:00,Credit
4370,2,583,44,2026-04-06 17:00:00,Credit
4371,3,9,50,2026-07-27 15:00:00,Debit
4372,4,484,66,2026-03-06 19:00:00,Debit
4373,5,228,86,2026-05-18 13:00:00,Credit
4374,1,449,15,2026-05-14 09:00:00,Debit
4375,4,681,67,2026-05-19 11:00:00,Credit
4376,4,455,73,2026-01-05 15:00:00,Debit
4377,2,191,30,2026-04-20 17:00:00,Cash
4378,4,501,78,2026-03-01 13:00:00,Credit
4379,3,484,50,2026-06-09 17:00:00,Debit
4380,2,415,32,2026-06-15 09:00:00,Cash
4381,4,98,72,2026-05-09 17:00:00,Debit
4382,1,308,10,2026-04-06 13:00:00,Cash
4383,4,331,67,2026-07-18 11:00:00,Cash
4384,2,50,26,2026-07-20 17:00:00,Cash
4385,2,323,36,2026-02-04 19:00:00,Debit
4386,5,77,89,2026-07-18 19:00:00,Debit
4387,2,665,34,2026-06-16 19:00:00,Credit
4388,3,10,62,2026-06-28 19:00:00,Credit
4389,2,229,31,2026-03-03 19:00:00,Debit
4390,2,522,36,2026-01-25 15:00:00,Credit
4391,2,353,35,2026-06-24 17:00:00,Credit
4392,3,155,52,2026-07-25 17:00:00,Debit
4393,3,329,59,2026-07-05 13:00:00,Credit
4394,2,482,39,2026-04-28 13:00:00,Cash
4395,1,656,7,2026-03-18 09:00:00,Credit
4396,5,149,93,2026-07-24 19:00:00,Credit
4397,2,165,39,2026-06-24 17:00:00,Cash
4398,2,428,28,2026-07-24 13:00:00,Credit
4399,3,668,53,2026-01-22 17:00:00,Debit
4400,2,424,39,2026-05-28 17:00:00,Credit
4401,2,159,28,2026-07-04 19:00:00,Cash
4402,2,180,30,2026-03-25 19:00:00,Credit
4403,2,402,28,2026-06-28 19:00:00,Debit
4404,2,514,34,2026-05-28 17:00:00,Debit
4405,2,169,33,2026-03-27 15:00:00,Cash
4406,5,4,80,2026-07-08 11:00:00,Credit
4407,2,163,39,2026-03-07 19:00:00,Credit
4408,2,628,23,2026-03-22 13:00:00,Debit
4409,5,390,90,2026-05-25 17:00:00,Debit
4410,1,448,21,2026-07-17 17:00:00,Credit
4411,1,62,17,2026-02-24 19:00:00,Debit
4412,1,300,21,2026-05-18 13:00:00,Credit
4413,2,552,28,2026-04-22 17:00:00,Credit
4414,1,182,17,2026-02-12 17:00:00,Cash
4415,4,681,69,2026-06-13 15:00:00,Debit
4416,1,568,10,2026-04-08 09:00:00,Debit
4417,1,156,17,2026-05-24 15:00:00,Credit
4418,1,51,17,2026-03-13 13:00:00,Debit
4419,4,647,65,2026-06-10 17:00:00,Debit
4420,4,228,64,2026-03-28 17:00:00,Credit
4421,5,422,86,2026-01-23 11:00:00,Debit
4422,2,372,33,2026-07-05 15:00:00,Debit
4423,1,465,20,2026-06-18 17:00:00,Debit
4424,1,107,21,2026-07-12 09:00:00,Credit
4425,2,425,24,2026-05-03 09:00:00,Cash
4426,3,7,54,2026-01-28 15:00:00,Debit
4427,3,676,55,2026-06-15 13:00:00,Credit
4428,2,389,27,2026-06-04 19:00:00,Debit
4429,2,504,40,2026-07-14 15:00:00,Cash
4430,2,152,25,2026-07-28 19:00:00,Debit
4431,2,217,39,2026-07-22 13:00:00,Cash
4432,1,15,15,2026-03-09 19:00:00,Credit
4433,4,176,74,2026-06-01 17:00:00,Credit
4434,1,655,1,2026-06-01 19:00:00,Debit
4435,2,228,44,2026-02-18 13:00:00,Credit
4436,4,589,73,2026-05-03 13:00:00,Debit
4437,2,566,28,2026-07-06 17:00:00,Debit
4438,4,185,65,2026-05-06 09:00:00,Debit
4439,4,697,74,2026-03-17 17:00:00,Credit
4440,1,124,6,2026-05-13 17:00:00,Debit
4441,3,59,60,2026-02-02 19:00:00,Cash
4442,1,615,3,2026-06-09 17:00:00,Credit
4443,4,173,74,2026-04-02 13:00:00,Credit
4444,4,156,70,2026-02-09 17:00:00,Cash
4445,1,696,8,2026-07-10 09:00:00,Debit
4446,3,607,53,2026-04-07 17:00:00,Credit
4447,4,20,69,2026-05-12 17:00:00,Credit
4448,5,99,88,2026-05-21 13:00:00,Cash
4449,2,48,39,2026-03-05 17:00:00,Debit
4450,4,279,78,2026-04-02 17:00:00,Cash
4451,1,571,5,2026-05-27 13:00:00,Credit
4452,2,495,31,2026-02-02 17:00:00,Debit
4453,2,74,38,2026-05-08 17:00:00,Credit
4454,2,206,31,2026-03-23 09:00:00,Debit
4455,2,543,35,2026-06-17 17:00:00,Debit
4456,3,285,57,2026-05-07 15:00:00,Debit
4457,2,388,24,2026-01-05 13:00:00,Debit
4458,4,7,66,2026-07-09 11:00:00,Cash
4459,1,655,5,2026-05-20 13:00:00,Debit
4460,4,600,72,2026-02-18 17:00:00,Credit
4461,2,412,23,2026-05-25 13:00:00,Credit
4462,2,452,34,2026-07-11 15:00:00,Credit
4463,3,573,46,2026-05-18 13:00:00,Credit
4464,3,536,47,2026-02-07 15:00:00,Debit
4465,2,255,33,2026-03-21 17:00:00,Credit
4466,2,528,30,2026-07-06 17:00:00,Cash
4467,1,367,8,2026-03-20 17:00:00,Cash
4468,2,535,43,2026-06-28 15:00:00,Cash
4469,5,480,86,2026-03-20 19:00:00,Debit
4470,3,617,60,2026-01-03 13:00:00,Cash
4471,2,207,44,2026-07-09 17:00:00,Cash
4472,2,631,24,2026-05-09 17:00:00,Cash
4473,5,374,91,2026-05-03 17:00:00,Debit
4474,2,97,24,2026-07-08 17:00:00,Cash
4475,1,211,13,2026-06-01 13:00:00,Cash
4476,5,532,79,2026-06-04 19:00:00,Debit
4477,4,322,76,2026-06-16 19:00:00,Cash
4478,3,166,48,2026-07-02 15:00:00,Cash
4479,2,70,44,2026-07-15 17:00:00,Cash
4480,2,328,39,2026-07-19 11:00:00,Debit
4481,1,122,2,2026-04-10 17:00:00,Debit
4482,2,430,37,2026-04-18 19:00:00,Credit
4483,5,164,81,2026-04-26 15:00:00,Cash
4484,5,171,94,2026-07-19 19:00:00,Cash
4485,3,665,50,2026-07-17 13:00:00,Debit
4486,2,415,23,2026-06-03 17:00:00,Cash
4487,2,574,33,2026-02-23 13:00:00,Debit
4488,1,285,7,2026-06-02 17:00:00,Debit
4489,5,580,91,2026-03-17 13:00:00,Debit
4490,1,262,9,2026-07-14 17:00:00,Cash
4491,3,3,45,2026-07-09 17:00:00,Credit
4492,4,421,64,2026-03-26 15:00:00,Credit
4493,1,433,10,2026-07-04 09:00:00,Credit
4494,2,421,39,2026-07-16 11:00:00,Cash
4495,1,339,10,2026-06-17 17:00:00,Credit
4496,2,603,38,2026-03-09 13:00:00,Cash
4497,4,658,78,2026-06-28 13:00:00,Cash
4498,1,330,9,2026-04-21 19:00:00,Debit
4499,4,574,70,2026-04-27 15:00:00,Cash
4500,2,331,29,2026-01-02 19:00:00,Cash
4501,4,57,76,2026-02-21 17:00:00,Cash
4502,4,411,63,2026-05-18 13:00:00,Cash
4503,1,264,2,2026-04-08 17:00:00,Credit
4504,2,124,29,2026-07-02 09:00:00,Credit
4505,2,152,38,2026-04-16 15:00:00,Credit
4506,2,480,26,2026-07-15 17:00:00,Debit
4507,2,303,28,2026-06-11 09:00:00,Cash
4508,2,302,29,2026-05-20 19:00:00,Cash
4509,2,408,27,2026-02-24 15:00:00,Credit
4510,4,320,70,2026-05-05 17:00:00,Credit
4511,2,327,39,2026-07-08 17:00:00,Debit
4512,5,429,80,2026-03-16 11:00:00,Debit
4513,2,670,24,2026-05-17 11:00:00,Cash
4514,1,111,11,2026-06-13 17:00:00,Cash
4515,4,403,65,2026-04-22 19:00:00,Credit
4516,2,232,25,2026-06-28 19:00:00,Credit
4517,1,443,13,2026-07-02 19:00:00,Debit
4518,2,333,30,2026-07-10 17:00:00,Cash
4519,3,117,58,2026-03-21 19:00:00,Cash
4520,2,513,36,2026-04-23 11:00:00,Credit
4521,2,70,30,2026-06-12 17:00:00,Cash
4522,1,229,13,2026-04-08 11:00:00,Debit
4523,4,304,74,2026-06-21 17:00:00,Debit
4524,4,31,77,2026-02-04 13:00:00,Credit
4525,5,9,90,2026-04-12 19:00:00,Credit
4526,3,505,53,2026-04-18 15:00:00,Debit
4527,1,601,19,2026-07-11 19:00:00,Cash
4528,2,326,40,2026-05-06 19:00:00,Debit
4529,3,26,46,2026-07-08 13:00:00,Debit
4530,3,90,60,2026-04-12 09:00:00,Cash
4531,4,600,69,2026-05-12 09:00:00,Debit
4532,4,177,77,2026-03-11 13:00:00,Credit
4533,2,543,43,2026-07-26 19:00:00,Credit
4534,3,164,48,2026-06-16 15:00:00,Credit
4535,5,700,91,2026-04-03 15:00:00,Credit
4536,2,344,30,2026-07-26 19:00:00,Credit
4537,4,461,64,2026-02-22 19:00:00,Cash
4538,3,541,48,2026-02-01 11:00:00,Credit
4539,3,280,46,2026-05-20 17:00:00,Cash
4540,3,310,62,2026-07-09 13:00:00,Cash
4541,4,123,67,2026-07-24 19:00:00,Debit
4542,2,15,39,2026-05-20 13:00:00,Credit
4543,2,13,33,2026-05-19 17:00:00,Cash
4544,5,17,85,2026-05-18 11:00:00,Credit
4545,2,567,26,2026-07-11 19:00:00,Cash
4546,4,227,73,2026-01-13 19:00:00,Cash
4547,2,606,41,2026-07-14 19:00:00,Credit
4548,3,71,48,2026-07-25 13:00:00,Debit
4549,3,141,47,2026-05-14 09:00:00,Credit
4550,5,433,87,2026-07-14 19:00:00,Credit
4551,2,356,41,2026-02-22 17:00:00,Cash
4552,4,274,71,2026-04-06 09:00:00,Cash
4553,5,177,91,2026-06-20 09:00:00,Credit
4554,4,266,76,2026-02-08 13:00:00,Debit
4555,2,123,36,2026-06-16 17:00:00,Debit
4556,2,217,23,2026-07-17 17:00:00,Debit
4557,5,241,91,2026-06-28 09:00:00,Debit
4558,3,395,49,2026-04-12 09:00:00,Cash
4559,3,134,49,2026-05-11 11:00:00,Credit
4560,1,566,16,2026-07-09 19:00:00,Debit
4561,2,223,44,2026-07-14 11:00:00,Cash
4562,2,258,33,2026-07-25 13:00:00,Cash
4563,2,517,29,2026-05-01 17:00:00,Cash
4564,2,378,31,2026-07-02 15:00:00,Cash
4565,4,486,74,2026-03-05 17:00:00,Cash
4566,2,444,42,2026-05-19 11:00:00,Debit
4567,2,613,36,2026-06-06 13:00:00,Credit
4568,5,425,86,2026-05-06 11:00:00,Credit
4569,4,126,69,2026-05-08 19:00:00,Cash
4570,4,651,78,2026-06-12 19:00:00,Cash
4571,4,138,63,2026-07-02 11:00:00,Credit
4572,4,431,67,2026-05-22 19:00:00,Cash
4573,2,396,44,2026-07-01 11:00:00,Cash
4574,2,219,31,2026-05-25 13:00:00,Credit
4575,5,637,81,2026-07-10 17:00:00,Credit
4576,4,127,76,2026-03-08 17:00:00,Cash
4577,4,52,76,2026-07-28 17:00:00,Debit
4578,3,662,49,2026-07-09 15:00:00,Credit
4579,3,303,45,2026-02-22 19:00:00,Cash
4580,1,572,6,2026-03-24 15:00:00,Debit
4581,1,488,20,2026-02-18 15:00:00,Debit
4582,3,146,49,2026-03-24 19:00:00,Debit
4583,1,271,5,2026-03-20 11:00:00,Debit
4584,4,467,77,2026-05-15 17:00:00,Debit
4585,2,110,44,2026-06-02 11:00:00,Cash
4586,2,289,39,2026-04-03 11:00:00,Debit
4587,2,544,30,2026-01-23 13:00:00,Cash
4588,4,518,72,2026-06-18 15:00:00,Credit
4589,4,293,77,2026-01-24 19:00:00,Debit
4590,5,253,90,2026-06-19 17:00:00,Cash
4591,2,58,35,2026-06-15 17:00:00,Cash
4592,3,182,61,2026-06-08 17:00:00,Debit
4593,2,325,32,2026-06-02 11:00:00,Debit
4594,1,486,19,2026-04-22 17:00:00,Debit
4595,2,681,25,2026-07-21 15:00:00,Cash
4596,5,425,81,2026-05-26 15:00:00,Credit
4597,4,653,73,2026-04-23 13:00:00,Cash
4598,1,344,15,2026-07-04 17:00:00,Credit
4599,1,634,9,2026-06-21 09:00:00,Debit
4600,1,691,7,2026-05-14 11:00:00,Cash
4601,5,577,94,2026-05-27 13:00:00,Cash
4602,2,647,27,2026-02-16 17:00:00,Credit
4603,1,31,4,2026-05-21 11:00:00,Cash
4604,2,611,24,2026-05-14 17:00:00,Debit
4605,1,349,4,2026-02-16 13:00:00,Debit
4606,4,408,77,2026-06-25 09:00:00,Credit
4607,3,524,45,2026-07-26 09:00:00,Credit
4608,3,496,50,2026-06-12 15:00:00,Debit
4609,1,657,10,2026-03-28 17:00:00,Cash
4610,3,676,49,2026-07-14 13:00:00,Cash
4611,2,354,26,2026-05-28 09:00:00,Debit
4612,1,185,21,2026-05-24 13:00:00,Credit
4613,4,336,70,2026-03-25 19:00:00,Debit
4614,2,455,29,2026-06-22 15:00:00,Debit
4615,5,343,94,2026-07-05 15:00:00,Debit
4616,1,663,19,2026-06-01 13:00:00,Debit
4617,3,77,50,2026-03-16 19:00:00,Cash
4618,1,591,20,2026-07-03 19:00:00,Credit
4619,2,423,42,2026-03-13 15:00:00,Debit
4620,4,93,77,2026-03-05 19:00:00,Credit
4621,4,400,76,2026-02-25 13:00:00,Cash
4622,3,158,56,2026-03-24 09:00:00,Credit
4623,2,148,34,2026-07-19 13:00:00,Debit
4624,2,328,23,2026-06-13 15:00:00,Debit
4625,5,512,84,2026-06-24 09:00:00,Cash
4626,3,396,53,2026-06-10 19:00:00,Cash
4627,2,388,25,2026-06-03 11:00:00,Debit
4628,3,415,52,2026-06-20 13:00:00,Credit
4629,4,452,73,2026-04-28 19:00:00,Debit
4630,3,40,55,2026-03-19 19:00:00,Credit
4631,3,411,51,2026-07-13 19:00:00,Credit
4632,1,121,2,2026-04-13 11:00:00,Debit
4633,3,474,46,2026-04-02 15:00:00,Debit
4634,4,670,74,2026-05-03 13:00:00,Credit
4635,4,687,70,2026-06-16 17:00:00,Cash
4636,2,168,42,2026-07-16 19:00:00,Debit
4637,3,63,55,2026-05-15 15:00:00,Debit
4638,2,486,25,2026-06-23 17:00:00,Credit
4639,3,616,48,2026-07-13 17:00:00,Debit
4640,2,10,24,2026-05-27 19:00:00,Cash
4641,1,108,7,2026-03-25 17:00:00,Credit
4642,2,431,23,2026-05-16 19:00:00,Credit
4643,1,295,3,2026-05-18 19:00:00,Debit
4644,2,70,39,2026-02-05 17:00:00,Debit
4645,1,605,12,2026-06-12 09:00:00,Debit
4646,4,374,73,2026-05-22 19:00:00,Cash
4647,3,133,62,2026-02-23 13:00:00,Debit
4648,2,448,29,2026-06-28 19:00:00,Credit
4649,4,182,70,2026-02-05 17:00:00,Credit
4650,2,628,38,2026-02-28 15:00:00,Credit
4651,2,613,43,2026-07-12 19:00:00,Debit
4652,2,318,38,2026-07-14 15:00:00,Debit
4653,2,155,39,2026-06-11 09:00:00,Credit
4654,1,362,22,2026-01-04 19:00:00,Credit
4655,2,413,32,2026-01-18 15:00:00,Debit
4656,4,667,63,2026-06-11 17:00:00,Debit
4657,2,570,44,2026-02-18 19:00:00,Debit
4658,2,446,25,2026-05-09 13:00:00,Cash
4659,1,438,13,2026-05-25 17:00:00,Credit
4660,4,339,70,2026-07-10 15:00:00,Credit
4661,1,588,14,2026-07-15 13:00:00,Credit
4662,1,441,6,2026-05-28 11:00:00,Cash
4663,1,224,16,2026-07-12 09:00:00,Debit
4664,1,321,2,2026-07-16 13:00:00,Debit
4665,5,649,79,2026-02-10 09:00:00,Debit
4666,2,657,41,2026-06-01 17:00:00,Debit
4667,1,499,15,2026-01-12 19:00:00,Credit
4668,5,325,82,2026-04-01 17:00:00,Cash
4669,2,238,35,2026-05-10 15:00:00,Debit
4670,2,359,39,2026-06-21 15:00:00,Debit
4671,4,355,74,2026-05-20 17:00:00,Debit
4672,1,260,9,2026-02-21 17:00:00,Debit
4673,5,446,86,2026-06-13 09:00:00,Cash
4674,2,495,31,2026-04-09 15:00:00,Credit
4675,2,281,39,2026-02-05 13:00:00,Debit
4676,2,636,25,2026-04-27 09:00:00,Cash
4677,4,505,70,2026-07-16 13:00:00,Credit
4678,4,30,64,2026-07-02 17:00:00,Debit
4679,3,449,52,2026-04-12 17:00:00,Debit
4680,2,581,25,2026-04-02 13:00:00,Cash
4681,1,129,22,2026-04-06 13:00:00,Cash
4682,4,240,70,2026-02-05 11:00:00,Credit
4683,4,381,69,2026-06-11 13:00:00,Cash
4684,2,600,44,2026-07-11 19:00:00,Cash
4685,1,191,4,2026-04-26 11:00:00,Cash
4686,2,645,33,2026-01-16 17:00:00,Cash
4687,2,488,29,2026-06-18 11:00:00,Debit
4688,4,481,77,2026-05-02 17:00:00,Credit
4689,3,448,57,2026-07-24 13:00:00,Debit
4690,1,516,11,2026-05-19 19:00:00,Debit
4691,5,659,88,2026-07-25 09:00:00,Debit
4692,5,616,91,2026-06-15 17:00:00,Credit
4693,5,28,81,2026-07-24 19:00:00,Credit
4694,5,152,91,2026-06-23 11:00:00,Debit
4695,1,244,1,2026-05-12 13:00:00,Debit
4696,3,512,48,2026-06-24 13:00:00,Credit
4697,2,453,28,2026-04-19 17:00:00,Debit
4698,4,605,77,2026-04-03 17:00:00,Cash
4699,1,507,11,2026-05-17 13:00:00,Cash
4700,2,374,29,2026-03-18 19:00:00,Cash
4701,2,535,29,2026-06-16 11:00:00,Cash
4702,5,25,90,2026-01-15 17:00:00,Credit
4703,4,460,68,2026-07-14 17:00:00,Credit
4704,4,249,77,2026-05-11 15:00:00,Credit
4705,4,342,70,2026-03-28 19:00:00,Debit
4706,2,296,41,2026-07-25 11:00:00,Credit
4707,2,3,36,2026-03-04 15:00:00,Cash
4708,1,221,2,2026-01-17 13:00:00,Debit
4709,2,436,39,2026-06-17 13:00:00,Credit
4710,2,345,44,2026-02-18 15:00:00,Debit
4711,1,359,19,2026-04-16 13:00:00,Debit
4712,2,298,26,2026-03-25 19:00:00,Credit
4713,2,453,38,2026-06-21 17:00:00,Cash
4714,1,337,18,2026-07-10 09:00:00,Cash
4715,3,554,55,2026-05-03 09:00:00,Debit
4716,2,299,34,2026-02-11 15:00:00,Debit
4717,3,117,45,2026-01-01 11:00:00,Debit
4718,1,311,19,2026-01-15 17:00:00,Credit
4719,1,439,22,2026-04-17 17:00:00,Credit
4720,1,448,3,2026-06-21 15:00:00,Credit
4721,3,671,56,2026-01-09 15:00:00,Credit
4722,1,309,2,2026-07-10 13:00:00,Cash
4723,2,416,41,2026-02-21 15:00:00,Cash
4724,3,316,52,2026-07-13 13:00:00,Debit
4725,2,666,39,2026-04-23 19:00:00,Credit
4726,5,576,85,2026-03-21 15:00:00,Debit
4727,2,334,39,2026-02-06 13:00:00,Cash
4728,1,358,3,2026-01-24 13:00:00,Debit
4729,4,652,76,2026-06-09 13:00:00,Debit
4730,3,36,53,2026-06-02 17:00:00,Debit
4731,1,280,18,2026-07-23 17:00:00,Cash
4732,4,324,66,2026-04-21 11:00:00,Debit
4733,1,53,19,2026-05-04 17:00:00,Cash
4734,2,15,41,2026-05-03 15:00:00,Cash
4735,5,575,82,2026-07-14 19:00:00,Credit
4736,5,389,82,2026-03-21 17:00:00,Cash
4737,1,259,11,2026-02-02 11:00:00,Debit
4738,5,238,82,2026-04-05 13:00:00,Credit
4739,4,413,77,2026-03-04 11:00:00,Debit
4740,1,599,12,2026-07-26 17:00:00,Debit
4741,4,373,64,2026-06-10 15:00:00,Cash
4742,1,463,4,2026-05-17 17:00:00,Debit
4743,5,508,82,2026-06-03 17:00:00,Debit
4744,1,85,9,2026-03-13 19:00:00,Debit
4745,2,272,31,2026-07-11 09:00:00,Credit
4746,2,699,44,2026-05-10 19:00:00,Cash
4747,4,611,72,2026-02-26 15:00:00,Cash
4748,5,588,82,2026-03-22 17:00:00,Credit
4749,5,610,94,2026-07-18 09:00:00,Debit
4750,1,197,15,2026-06-26 17:00:00,Credit
4751,3,178,60,2026-07-24 11:00:00,Cash
4752,2,693,26,2026-06-16 13:00:00,Debit
4753,2,175,36,2026-07-09 09:00:00,Cash
4754,1,362,11,2026-04-10 11:00:00,Debit
4755,1,157,3,2026-03-27 19:00:00,Credit
4756,2,353,25,2026-07-28 17:00:00,Credit
4757,2,644,34,2026-04-05 19:00:00,Credit
4758,4,555,64,2026-04-12 15:00:00,Cash
4759,5,14,93,2026-06-17 19:00:00,Credit
4760,2,34,44,2026-02-07 13:00:00,Credit
4761,3,255,49,2026-03-17 19:00:00,Debit
4762,2,420,27,2026-05-08 11:00:00,Debit
4763,2,630,33,2026-06-15 13:00:00,Cash
4764,4,300,75,2026-07-19 17:00:00,Cash
4765,5,598,83,2026-06-15 17:00:00,Cash
4766,2,207,36,2026-06-07 17:00:00,Debit
4767,2,413,36,2026-07-06 19:00:00,Cash
4768,2,339,30,2026-07-01 19:00:00,Debit
4769,3,192,46,2026-07-21 15:00:00,Credit
4770,1,212,4,2026-02-23 17:00:00,Debit
4771,2,213,40,2026-01-08 13:00:00,Cash
4772,2,681,26,2026-03-04 17:00:00,Cash
4773,1,12,6,2026-04-09 17:00:00,Credit
4774,2,612,30,2026-05-28 11:00:00,Cash
4775,2,375,29,2026-06-20 17:00:00,Credit
4776,1,577,16,2026-03-22 19:00:00,Cash
4777,5,89,89,2026-04-08 13:00:00,Cash
4778,4,13,76,2026-01-13 17:00:00,Credit
4779,1,39,5,2026-04-02 13:00:00,Debit
4780,5,507,83,2026-06-26 11:00:00,Credit
4781,5,564,83,2026-07-04 17:00:00,Debit
4782,5,346,80,2026-02-26 17:00:00,Debit
4783,1,331,16,2026-01-10 09:00:00,Cash
4784,5,140,81,2026-05-21 09:00:00,Credit
4785,2,433,39,2026-06-21 13:00:00,Debit
4786,2,566,25,2026-04-18 13:00:00,Debit
4787,2,43,37,2026-07-06 11:00:00,Credit
4788,2,465,25,2026-03-17 17:00:00,Debit
4789,4,618,67,2026-05-07 17:00:00,Credit
4790,5,401,84,2026-04-26 17:00:00,Debit
4791,4,668,72,2026-05-21 11:00:00,Debit
4792,2,536,40,2026-07-21 15:00:00,Cash
4793,3,546,48,2026-01-06 15:00:00,Debit
4794,5,178,83,2026-02-26 19:00:00,Cash
4795,2,39,26,2026-06-25 13:00:00,Debit
4796,3,303,60,2026-07-08 17:00:00,Debit
4797,2,319,34,2026-06-17 15:00:00,Cash
4798,2,645,41,2026-05-02 15:00:00,Credit
4799,4,421,70,2026-03-14 13:00:00,Debit
4800,4,664,63,2026-04-21 17:00:00,Debit
4801,4,370,64,2026-04-08 15:00:00,Credit
4802,4,632,64,2026-05-15 19:00:00,Cash
4803,1,80,8,2026-05-05 11:00:00,Debit
4804,5,215,86,2026-06-01 13:00:00,Credit
4805,4,271,63,2026-04-14 17:00:00,Credit
4806,1,633,22,2026-04-01 11:00:00,Credit
4807,5,446,84,2026-07-11 11:00:00,Credit
4808,4,80,75,2026-04-22 17:00:00,Cash
4809,2,233,30,2026-06-13 19:00:00,Credit
4810,2,195,26,2026-04-18 19:00:00,Credit
4811,1,597,10,2026-02-15 11:00:00,Debit
4812,2,113,42,2026-06-02 13:00:00,Cash
4813,3,12,45,2026-04-18 09:00:00,Debit
4814,2,367,28,2026-05-26 13:00:00,Debit
4815,5,443,86,2026-04-12 11:00:00,Debit
4816,1,154,6,2026-02-21 19:00:00,Cash
4817,4,425,73,2026-04-04 09:00:00,Cash
4818,2,198,34,2026-02-19 11:00:00,Debit
4819,2,45,34,2026-03-22 13:00:00,Debit
4820,1,508,22,2026-04-05 11:00:00,Cash
4821,5,694,90,2026-07-16 17:00:00,Credit
4822,2,536,42,2026-02-17 15:00:00,Cash
4823,5,119,91,2026-07-20 19:00:00,Cash
4824,2,325,26,2026-03-16 19:00:00,Credit
4825,1,300,17,2026-02-09 11:00:00,Debit
4826,5,77,85,2026-07-14 15:00:00,Debit
4827,1,271,3,2026-06-27 19:00:00,Cash
4828,5,329,88,2026-01-14 15:00:00,Debit
4829,3,6,51,2026-05-16 17:00:00,Debit
4830,1,505,13,2026-02-26 11:00:00,Credit
4831,2,38,26,2026-04-07 17:00:00,Credit
4832,3,93,61,2026-05-18 13:00:00,Cash
4833,4,251,73,2026-02-06 09:00:00,Debit
4834,3,13,45,2026-04-27 15:00:00,Credit
4835,2,325,32,2026-06-28 17:00:00,Credit
4836,4,449,67,2026-06-23 19:00:00,Debit
4837,1,177,10,2026-04-09 13:00:00,Cash
4838,3,485,55,2026-07-27 11:00:00,Debit
4839,3,541,49,2026-07-05 13:00:00,Credit
4840,1,301,5,2026-07-21 15:00:00,Cash
4841,1,57,8,2026-02-17 13:00:00,Cash
4842,4,643,73,2026-07-26 13:00:00,Cash
4843,1,327,5,2026-03-23 15:00:00,Credit
4844,4,193,70,2026-05-14 13:00:00,Credit
4845,5,323,79,2026-06-09 17:00:00,Debit
4846,1,99,7,2026-04-27 13:00:00,Debit
4847,5,658,88,2026-07-04 19:00:00,Cash
4848,2,13,38,2026-07-08 17:00:00,Cash
4849,3,439,55,2026-06-21 15:00:00,Debit
4850,4,540,70,2026-01-18 19:00:00,Credit
4851,2,285,43,2026-06-11 17:00:00,Debit
4852,2,229,34,2026-07-08 13:00:00,Cash
4853,4,618,78,2026-07-16 13:00:00,Credit
4854,1,372,8,2026-05-25 13:00:00,Credit
4855,3,328,46,2026-07-16 19:00:00,Debit
4856,5,85,82,2026-07-07 15:00:00,Cash
4857,2,276,43,2026-04-19 17:00:00,Credit
4858,4,673,74,2026-04-19 09:00:00,Credit
4859,3,70,61,2026-05-19 11:00:00,Debit
4860,2,407,29,2026-02-13 15:00:00,Cash
4861,4,437,66,2026-06-06 13:00:00,Credit
4862,3,652,57,2026-07-02 19:00:00,Credit
4863,4,546,64,2026-05-20 09:00:00,Debit
4864,2,684,26,2026-03-25 11:00:00,Debit
4865,5,153,84,2026-04-05 19:00:00,Credit
4866,2,511,27,2026-02-11 15:00:00,Debit
4867,1,353,14,2026-06-27 13:00:00,Credit
4868,2,268,25,2026-06-23 11:00:00,Credit
4869,2,194,27,2026-03-21 17:00:00,Credit
4870,2,261,28,2026-05-23 15:00:00,Credit
4871,3,259,50,2026-04-05 09:00:00,Credit
4872,2,379,43,2026-03-16 13:00:00,Cash
4873,2,351,24,2026-06-20 13:00:00,Cash
4874,2,338,30,2026-05-22 19:00:00,Cash
4875,4,368,78,2026-01-25 17:00:00,Debit
4876,3,303,50,2026-07-20 13:00:00,Debit
4877,1,534,21,2026-05-15 11:00:00,Credit
4878,2,153,25,2026-06-03 11:00:00,Credit
4879,2,672,29,2026-02-21 09:00:00,Credit
4880,1,693,2,2026-05-07 13:00:00,Credit
4881,4,538,72,2026-04-19 13:00:00,Cash
4882,4,130,68,2026-02-07 11:00:00,Credit
4883,4,256,73,2026-07-18 15:00:00,Cash
4884,4,590,72,2026-05-25 17:00:00,Credit
4885,3,540,56,2026-07-08 15:00:00,Cash
4886,4,174,66,2026-07-07 15:00:00,Credit
4887,5,568,84,2026-02-27 19:00:00,Credit
4888,2,611,29,2026-01-01 17:00:00,Debit
4889,1,460,18,2026-02-08 09:00:00,Debit
4890,2,253,40,2026-06-18 17:00:00,Credit
4891,1,237,18,2026-06-21 15:00:00,Credit
4892,1,257,19,2026-07-15 09:00:00,Debit
4893,2,32,37,2026-04-12 13:00:00,Debit
4894,4,365,73,2026-01-11 19:00:00,Cash
4895,5,271,82,2026-05-28 13:00:00,Cash
4896,1,184,19,2026-05-22 17:00:00,Cash
4897,4,140,71,2026-05-11 09:00:00,Debit
4898,2,349,39,2026-07-25 11:00:00,Debit
4899,4,437,72,2026-03-03 19:00:00,Credit
4900,2,35,37,2026-07-08 13:00:00,Credit
4901,2,679,35,2026-04-16 09:00:00,Credit
4902,4,71,76,2026-03-04 17:00:00,Cash
4903,1,226,1,2026-02-19 13:00:00,Cash
4904,2,262,44,2026-03-04 19:00:00,Credit
4905,1,9,7,2026-05-03 19:00:00,Debit
4906,2,552,41,2026-06-01 15:00:00,Credit
4907,4,380,67,2026-07-10 19:00:00,Credit
4908,2,277,37,2026-07-13 11:00:00,Cash
4909,2,490,30,2026-04-18 13:00:00,Credit
4910,2,435,33,2026-07-11 09:00:00,Credit
4911,2,225,35,2026-06-11 17:00:00,Debit
4912,3,163,46,2026-02-01 19:00:00,Cash
4913,2,24,30,2026-05-22 19:00:00,Debit
4914,3,551,48,2026-06-01 19:00:00,Cash
4915,3,270,53,2026-07-28 15:00:00,Debit
4916,2,552,25,2026-07-15 19:00:00,Cash
4917,2,323,31,2026-04-06 09:00:00,Credit
4918,5,379,89,2026-06-03 19:00:00,Debit
4919,2,179,24,2026-07-01 17:00:00,Credit
4920,4,612,70,2026-06-26 13:00:00,Credit
4921,5,643,81,2026-01-08 19:00:00,Debit
4922,4,397,78,2026-04-21 15:00:00,Credit
4923,2,444,34,2026-07-26 17:00:00,Debit
4924,2,301,24,2026-01-02 09:00:00,Credit
4925,2,639,37,2026-04-28 13:00:00,Debit
4926,2,452,34,2026-03-24 19:00:00,Credit
4927,2,146,32,2026-01-18 17:00:00,Debit
4928,2,198,39,2026-04-14 09:00:00,Credit
4929,3,520,48,2026-06-24 09:00:00,Credit
4930,3,182,56,2026-02-27 15:00:00,Credit
4931,2,24,32,2026-02-19 13:00:00,Credit
4932,1,73,16,2026-07-15 19:00:00,Debit
4933,1,496,22,2026-05-09 15:00:00,Debit
4934,4,641,64,2026-07-27 19:00:00,Cash
4935,5,254,82,2026-03-27 11:00:00,Cash
4936,2,385,26,2026-05-06 13:00:00,Debit
4937,2,430,32,2026-07-09 13:00:00,Debit
4938,4,185,71,2026-06-20 19:00:00,Cash
4939,2,521,25,2026-07-18 13:00:00,Credit
4940,4,131,71,2026-07-28 15:00:00,Cash
4941,3,610,50,2026-03-16 19:00:00,Cash
4942,2,273,32,2026-06-19 11:00:00,Cash
4943,5,6,88,2026-05-10 09:00:00,Debit
4944,2,415,30,2026-06-18 13:00:00,Cash
4945,1,516,16,2026-06-18 17:00:00,Cash
4946,1,407,22,2026-07-25 13:00:00,Cash
4947,3,586,60,2026-05-26 13:00:00,Credit
4948,2,152,34,2026-01-08 13:00:00,Credit
4949,2,130,40,2026-07-15 11:00:00,Cash
4950,2,436,35,2026-05-26 15:00:00,Credit
4951,3,374,50,2026-02-04 17:00:00,Debit
4952,4,626,69,2026-02-19 17:00:00,Credit
4953,2,16,39,2026-07-16 19:00:00,Debit
4954,2,27,43,2026-07-11 17:00:00,Debit
4955,4,606,76,2026-05-26 13:00:00,Debit
4956,1,489,16,2026-04-09 17:00:00,Credit
4957,2,480,24,2026-04-15 19:00:00,Credit
4958,5,88,90,2026-07-24 09:00:00,Debit
4959,5,636,89,2026-03-10 09:00:00,Debit
4960,4,222,78,2026-02-13 19:00:00,Debit
4961,5,366,89,2026-03-24 17:00:00,Cash
4962,2,690,36,2026-06-16 15:00:00,Credit
4963,2,4,33,2026-04-09 19:00:00,Credit
4964,5,461,84,2026-07-07 17:00:00,Debit
4965,5,147,94,2026-05-17 17:00:00,Debit
4966,2,569,41,2026-06-18 15:00:00,Debit
4967,4,437,75,2026-07-24 19:00:00,Credit
4968,1,32,21,2026-07-26 17:00:00,Credit
4969,4,177,72,2026-05-10 13:00:00,Credit
4970,3,408,48,2026-01-16 17:00:00,Debit
4971,2,698,39,2026-05-28 17:00:00,Debit
4972,1,578,3,2026-05-14 19:00:00,Cash
4973,1,342,1,2026-03-22 15:00:00,Cash
4974,2,37,26,2026-03-20 11:00:00,Debit
4975,3,64,60,2026-04-20 15:00:00,Cash
4976,2,22,39,2026-03-16 17:00:00,Credit
4977,1,594,1,2026-06-24 13:00:00,Credit
4978,1,443,19,2026-07-10 13:00:00,Cash
4979,1,566,1,2026-07-20 13:00:00,Credit
4980,3,626,48,2026-06-21 13:00:00,Credit
4981,3,270,46,2026-03-28 13:00:00,Credit
4982,1,614,4,2026-02-05 17:00:00,Debit
4983,2,85,43,2026-04-12 11:00:00,Credit
4984,1,61,12,2026-03-08 17:00:00,Cash
4985,5,594,87,2026-07-22 15:00:00,Credit
4986,1,572,22,2026-07-10 19:00:00,Credit
4987,4,294,68,2026-04-28 17:00:00,Cash
4988,2,248,32,2026-04-16 17:00:00,Cash
4989,2,10,28,2026-07-02 17:00:00,Debit
4990,2,465,41,2026-02-26 09:00:00,Credit
4991,4,338,74,2026-04-12 09:00:00,Credit
4992,1,671,21,2026-05-20 11:00:00,Debit
4993,3,148,57,2026-06-08 17:00:00,Cash
4994,3,247,61,2026-06-16 17:00:00,Cash
4995,2,176,39,2026-07-28 17:00:00,Debit
4996,2,552,35,2026-05-16 13:00:00,Cash
4997,1,170,20,2026-04-15 13:00:00,Debit
4998,4,289,66,2026-07-13 13:00:00,Cash
4999,2,145,23,2026-03-22 15:00:00,Debit
5000,1,105,19,2026-02-01 15:00:00,Credit
5001,1,255,15,2026-07-09 13:00:00,Credit
5002,5,103,88,2026-03-12 15:00:00,Cash
5003,2,597,29,2026-07-11 09:00:00,Debit
5004,1,117,11,2026-01-03 09:00:00,Cash
5005,2,94,30,2026-04-27 13:00:00,Debit
5006,1,681,15,2026-01-23 17:00:00,Debit
5007,2,29,38,2026-02-15 13:00:00,Credit
5008,1,456,7,2026-07-23 19:00:00,Debit
5009,1,675,2,2026-07-16 19:00:00,Credit
5010,4,297,68,2026-07-04 17:00:00,Debit
5011,1,162,6,2026-07-18 17:00:00,Cash
5012,3,214,61,2026-03-01 15:00:00,Debit
5013,2,413,24,2026-07-19 15:00:00,Credit
5014,5,278,86,2026-04-03 19:00:00,Debit
5015,2,86,25,2026-01-09 19:00:00,Cash
5016,3,311,55,2026-01-26 09:00:00,Credit
5017,1,116,19,2026-04-08 19:00:00,Debit
5018,3,60,49,2026-07-27 17:00:00,Debit
5019,2,281,38,2026-07-26 19:00:00,Debit
5020,3,515,55,2026-04-28 13:00:00,Debit
5021,1,174,6,2026-05-01 19:00:00,Debit
5022,2,270,44,2026-03-02 15:00:00,Cash
5023,3,504,55,2026-04-04 17:00:00,Debit
5024,4,511,66,2026-06-06 15:00:00,Credit
5025,2,57,34,2026-05-26 11:00:00,Cash
5026,1,339,12,2026-01-16 17:00:00,Debit
5027,1,391,11,2026-02-16 17:00:00,Credit
5028,2,286,27,2026-06-03 19:00:00,Cash
5029,5,506,79,2026-03-05 17:00:00,Cash
5030,2,337,26,2026-06-28 09:00:00,Credit
5031,2,182,36,2026-05-14 19:00:00,Cash
5032,2,147,31,2026-06-15 09:00:00,Credit
5033,2,154,23,2026-05-17 11:00:00,Debit
5034,5,11,80,2026-06-03 15:00:00,Debit
5035,2,591,38,2026-07-08 15:00:00,Credit
5036,3,479,57,2026-03-24 17:00:00,Debit
5037,4,471,65,2026-06-11 13:00:00,Debit
5038,1,469,12,2026-07-14 09:00:00,Credit
5039,3,460,60,2026-05-01 09:00:00,Cash
5040,2,448,26,2026-05-12 13:00:00,Cash
5041,3,444,58,2026-07-16 19:00:00,Debit
5042,1,182,18,2026-02-24 11:00:00,Credit
5043,2,651,41,2026-07-09 13:00:00,Credit
5044,1,638,16,2026-02-06 17:00:00,Cash
5045,1,288,2,2026-04-27 15:00:00,Cash
5046,3,354,53,2026-02-22 17:00:00,Debit
5047,3,547,62,2026-06-25 15:00:00,Credit
5048,1,415,5,2026-06-06 13:00:00,Credit
5049,2,573,40,2026-04-24 09:00:00,Credit
5050,1,72,13,2026-05-22 09:00:00,Cash
5051,1,247,15,2026-01-21 15:00:00,Credit
5052,1,638,4,2026-04-11 17:00:00,Debit
5053,1,447,14,2026-05-13 17:00:00,Credit
5054,5,555,91,2026-04-26 19:00:00,Cash
5055,1,369,8,2026-07-02 11:00:00,Debit
5056,2,634,27,2026-03-05 19:00:00,Credit
5057,2,21,35,2026-03-02 19:00:00,Cash
5058,2,475,29,2026-06-18 19:00:00,Cash
5059,4,549,69,2026-05-04 19:00:00,Cash
5060,4,53,63,2026-07-25 09:00:00,Debit
5061,2,247,41,2026-05-17 13:00:00,Credit
5062,5,231,89,2026-06-09 15:00:00,Cash
5063,3,644,60,2026-01-18 17:00:00,Credit
5064,2,482,34,2026-05-28 17:00:00,Cash
5065,4,53,73,2026-03-15 19:00:00,Cash
5066,2,130,38,2026-03-09 15:00:00,Cash
5067,2,270,34,2026-01-28 15:00:00,Credit
5068,5,646,80,2026-01-25 09:00:00,Credit
5069,5,337,88,2026-05-11 19:00:00,Debit
5070,1,290,6,2026-05-25 09:00:00,Debit
5071,2,334,23,2026-04-17 11:00:00,Debit
5072,1,144,18,2026-04-06 09:00:00,Debit
5073,1,338,6,2026-07-02 11:00:00,Debit
5074,2,486,44,2026-02-15 17:00:00,Debit
5075,1,638,4,2026-04-07 19:00:00,Cash
5076,3,95,54,2026-02-01 13:00:00,Credit
5077,1,265,21,2026-07-27 09:00:00,Credit
5078,5,439,85,2026-06-12 09:00:00,Credit
5079,4,149,75,2026-02-14 17:00:00,Cash
5080,2,524,37,2026-07-09 15:00:00,Cash
5081,1,183,7,2026-05-05 17:00:00,Cash
5082,1,422,2,2026-07-12 15:00:00,Debit
5083,1,209,16,2026-04-27 19:00:00,Credit
5084,3,321,62,2026-04-03 11:00:00,Credit
5085,2,195,36,2026-07-13 17:00:00,Debit
5086,1,87,22,2026-05-22 17:00:00,Debit
5087,5,287,90,2026-07-23 19:00:00,Debit
5088,2,598,33,2026-02-02 17:00:00,Credit
5089,5,111,93,2026-04-08 17:00:00,Cash
5090,2,246,44,2026-05-14 17:00:00,Credit
5091,1,216,8,2026-01-05 19:00:00,Credit
5092,3,678,57,2026-05-25 13:00:00,Credit
5093,4,675,67,2026-04-20 17:00:00,Debit
5094,1,560,14,2026-01-25 13:00:00,Debit
5095,2,668,27,2026-04-02 19:00:00,Debit
5096,1,519,20,2026-02-11 15:00:00,Debit
5097,5,211,94,2026-03-17 09:00:00,Credit
5098,2,151,29,2026-07-25 15:00:00,Credit
5099,4,624,68,2026-01-15 09:00:00,Debit
5100,2,102,39,2026-01-22 15:00:00,Cash
5101,5,677,92,2026-02-01 17:00:00,Credit
5102,2,665,43,2026-05-22 11:00:00,Credit
5103,4,15,75,2026-05-19 15:00:00,Debit
5104,4,164,78,2026-05-17 09:00:00,Cash
5105,1,558,22,2026-06-06 13:00:00,Debit
5106,2,77,44,2026-05-01 15:00:00,Debit
5107,3,626,59,2026-02-10 11:00:00,Cash
5108,2,544,29,2026-03-02 17:00:00,Debit
5109,2,355,31,2026-01-18 19:00:00,Debit
5110,5,279,86,2026-07-18 17:00:00,Credit
5111,2,469,43,2026-07-11 15:00:00,Credit
5112,2,517,23,2026-03-07 09:00:00,Debit
5113,3,328,60,2026-06-14 13:00:00,Cash
5114,3,570,45,2026-03-01 15:00:00,Cash
5115,1,247,15,2026-05-21 17:00:00,Credit
5116,1,509,1,2026-06-28 15:00:00,Debit
5117,5,499,82,2026-02-26 19:00:00,Credit
5118,3,172,48,2026-05-23 09:00:00,Debit
5119,3,609,53,2026-04-05 13:00:00,Cash
5120,2,558,28,2026-03-04 15:00:00,Debit
5121,1,632,16,2026-07-12 17:00:00,Debit
5122,2,452,39,2026-01-10 19:00:00,Debit
5123,3,341,59,2026-04-01 17:00:00,Debit
5124,2,630,38,2026-07-05 11:00:00,Cash
5125,3,324,55,2026-07-11 17:00:00,Cash
5126,4,433,75,2026-02-11 17:00:00,Debit
5127,1,475,6,2026-03-20 09:00:00,Credit
5128,5,444,79,2026-04-20 13:00:00,Credit
5129,2,168,37,2026-07-04 13:00:00,Cash
5130,5,539,85,2026-03-14 17:00:00,Credit
5131,3,621,61,2026-07-27 15:00:00,Debit
5132,1,514,14,2026-04-09 15:00:00,Credit
5133,2,370,35,2026-07-03 09:00:00,Debit
5134,2,320,29,2026-06-02 17:00:00,Debit
5135,3,594,50,2026-02-10 19:00:00,Debit
5136,1,409,2,2026-03-12 09:00:00,Credit
5137,4,293,75,2026-02-14 15:00:00,Cash
5138,4,620,64,2026-05-14 09:00:00,Cash
5139,5,441,91,2026-02-02 17:00:00,Debit
5140,4,319,70,2026-06-11 13:00:00,Credit
5141,1,410,5,2026-05-17 19:00:00,Cash
5142,4,667,68,2026-05-10 19:00:00,Credit
5143,5,349,93,2026-04-27 17:00:00,Cash
5144,5,204,84,2026-03-16 17:00:00,Credit
5145,2,410,41,2026-04-27 17:00:00,Credit
5146,1,684,13,2026-05-21 15:00:00,Credit
5147,4,259,63,2026-07-03 13:00:00,Cash
5148,1,181,5,2026-01-01 15:00:00,Debit
5149,5,590,88,2026-07-09 13:00:00,Cash
5150,2,365,24,2026-02-14 17:00:00,Debit
5151,5,270,81,2026-03-16 17:00:00,Credit
5152,5,587,90,2026-01-17 13:00:00,Credit
5153,3,511,55,2026-07-18 15:00:00,Debit
5154,3,578,50,2026-07-16 19:00:00,Credit
5155,2,168,39,2026-01-12 19:00:00,Cash
5156,4,102,75,2026-07-25 13:00:00,Debit
5157,4,138,78,2026-01-22 13:00:00,Debit
5158,3,234,49,2026-04-25 13:00:00,Cash
5159,3,511,54,2026-04-15 15:00:00,Cash
5160,1,133,9,2026-07-16 19:00:00,Cash
5161,3,493,49,2026-04-09 19:00:00,Cash
5162,4,577,63,2026-03-25 13:00:00,Debit
5163,2,23,24,2026-07-22 19:00:00,Cash
5164,2,629,39,2026-05-10 19:00:00,Credit
5165,2,135,26,2026-03-13 17:00:00,Credit
5166,2,619,38,2026-05-17 13:00:00,Credit
5167,5,607,81,2026-07-06 13:00:00,Credit
5168,2,91,34,2026-04-19 17:00:00,Cash
5169,4,388,74,2026-03-22 19:00:00,Credit
5170,3,272,53,2026-07-08 13:00:00,Credit
5171,3,21,58,2026-05-01 15:00:00,Cash
5172,1,625,21,2026-07-08 17:00:00,Debit
5173,1,672,9,2026-07-18 17:00:00,Debit
5174,3,127,49,2026-06-07 19:00:00,Cash
5175,1,403,10,2026-06-26 09:00:00,Cash
5176,1,263,9,2026-07-17 09:00:00,Debit
5177,5,651,93,2026-05-07 17:00:00,Credit
5178,2,637,34,2026-04-01 15:00:00,Cash
5179,4,223,68,2026-06-05 15:00:00,Debit
5180,2,208,27,2026-07-23 17:00:00,Debit
5181,2,538,24,2026-02-25 15:00:00,Debit
5182,4,657,70,2026-01-17 17:00:00,Debit
5183,3,167,51,2026-05-16 17:00:00,Cash
5184,3,580,48,2026-05-27 11:00:00,Cash
5185,2,601,40,2026-03-04 19:00:00,Cash
5186,1,583,5,2026-05-12 15:00:00,Cash
5187,1,104,14,2026-07-24 17:00:00,Debit
5188,1,494,10,2026-06-19 13:00:00,Debit
5189,4,102,74,2026-05-24 19:00:00,Cash
5190,2,664,37,2026-03-07 09:00:00,Cash
5191,5,657,88,2026-03-26 17:00:00,Debit
5192,2,434,26,2026-04-03 17:00:00,Debit
5193,2,21,23,2026-06-05 11:00:00,Credit
5194,1,577,12,2026-05-10 17:00:00,Cash
5195,3,6,56,2026-06-15 09:00:00,Credit
5196,3,668,46,2026-07-08 15:00:00,Cash
5197,4,339,69,2026-03-20 17:00:00,Debit
5198,4,570,77,2026-04-20 13:00:00,Cash
5199,2,510,32,2026-07-06 17:00:00,Cash
5200,4,528,78,2026-04-06 11:00:00,Debit
5201,1,267,7,2026-01-12 11:00:00,Cash
5202,2,457,42,2026-07-01 15:00:00,Credit
5203,4,670,71,2026-04-21 13:00:00,Credit
5204,3,695,57,2026-05-22 13:00:00,Credit
5205,3,589,49,2026-06-18 13:00:00,Debit
5206,2,235,44,2026-06-28 13:00:00,Cash
5207,2,329,44,2026-04-21 15:00:00,Credit
5208,5,122,79,2026-02-03 17:00:00,Credit
5209,1,20,16,2026-05-15 11:00:00,Debit
5210,2,425,36,2026-03-27 17:00:00,Credit
5211,3,386,45,2026-07-24 15:00:00,Credit
5212,3,2,47,2026-01-09 13:00:00,Credit
5213,5,388,88,2026-04-12 13:00:00,Debit
5214,2,405,34,2026-07-28 17:00:00,Cash
5215,2,489,38,2026-03-05 17:00:00,Debit
5216,1,333,20,2026-01-01 15:00:00,Credit
5217,4,56,72,2026-07-05 13:00:00,Debit
5218,4,652,63,2026-03-10 17:00:00,Debit
5219,4,474,70,2026-07-27 13:00:00,Credit
5220,2,557,42,2026-07-28 13:00:00,Credit
5221,5,428,83,2026-06-03 17:00:00,Cash
5222,1,115,12,2026-07-26 17:00:00,Credit
5223,2,125,35,2026-07-02 15:00:00,Cash
5224,1,340,19,2026-05-28 15:00:00,Credit
5225,2,656,44,2026-02-22 19:00:00,Debit
5226,2,590,32,2026-05-07 11:00:00,Debit
5227,2,50,40,2026-05-20 15:00:00,Debit
5228,2,154,42,2026-04-03 19:00:00,Cash
5229,1,530,10,2026-05-25 15:00:00,Cash
5230,2,517,27,2026-07-18 15:00:00,Debit
5231,4,544,75,2026-05-20 15:00:00,Cash
5232,3,515,50,2026-07-15 19:00:00,Cash
5233,1,451,3,2026-07-02 17:00:00,Debit
5234,2,17,26,2026-07-19 19:00:00,Credit
5235,4,156,65,2026-07-07 15:00:00,Credit
5236,4,68,71,2026-04-25 17:00:00,Credit
5237,2,416,32,2026-07-06 19:00:00,Cash
5238,3,657,52,2026-07-26 19:00:00,Debit
5239,1,687,21,2026-07-02 17:00:00,Credit
5240,3,584,58,2026-07-22 11:00:00,Cash
5241,1,121,21,2026-07-03 19:00:00,Cash
5242,1,248,13,2026-02-24 09:00:00,Cash
5243,4,312,76,2026-01-15 17:00:00,Cash
5244,2,699,40,2026-06-02 17:00:00,Credit
5245,2,160,38,2026-06-08 17:00:00,Cash
5246,2,75,42,2026-02-28 17:00:00,Cash
5247,1,22,20,2026-07-18 17:00:00,Cash
5248,4,433,65,2026-05-22 09:00:00,Debit
5249,2,399,26,2026-02-21 15:00:00,Credit
5250,2,285,28,2026-05-05 19:00:00,Credit
5251,2,31,33,2026-07-02 17:00:00,Cash
5252,2,695,23,2026-07-18 11:00:00,Debit
5253,3,331,60,2026-05-23 17:00:00,Credit
5254,2,86,34,2026-01-08 09:00:00,Credit
5255,4,356,76,2026-05-14 11:00:00,Credit
5256,4,480,76,2026-06-20 13:00:00,Debit
5257,3,355,61,2026-02-09 17:00:00,Credit
5258,1,85,1,2026-04-20 17:00:00,Credit
5259,4,638,67,2026-07-08 13:00:00,Credit
5260,2,57,40,2026-06-23 17:00:00,Debit
5261,2,177,30,2026-07-06 15:00:00,Cash
5262,3,285,53,2026-04-12 13:00:00,Cash
5263,4,121,66,2026-02-17 17:00:00,Debit
5264,3,103,56,2026-04-13 17:00:00,Credit
5265,1,255,6,2026-05-12 19:00:00,Credit
5266,2,507,30,2026-01-25 13:00:00,Credit
5267,2,698,30,2026-07-27 13:00:00,Credit
5268,2,210,41,2026-03-05 11:00:00,Debit
5269,4,334,76,2026-05-19 19:00:00,Credit
5270,2,13,36,2026-05-08 13:00:00,Cash
5271,2,536,24,2026-06-25 13:00:00,Debit
5272,4,696,68,2026-02-10 09:00:00,Cash
5273,2,185,41,2026-04-12 15:00:00,Credit
5274,4,162,74,2026-06-01 17:00:00,Cash
5275,5,62,90,2026-06-13 09:00:00,Debit
5276,2,208,44,2026-07-05 15:00:00,Credit
5277,5,66,81,2026-07-12 19:00:00,Debit
5278,1,221,10,2026-02-15 17:00:00,Credit
5279,4,346,75,2026-07-15 15:00:00,Cash
5280,2,500,25,2026-06-14 13:00:00,Credit
5281,5,9,79,2026-07-19 15:00:00,Cash
5282,5,598,81,2026-04-17 11:00:00,Credit
5283,3,675,57,2026-06-25 13:00:00,Debit
5284,2,661,38,2026-06-28 11:00:00,Debit
5285,2,336,35,2026-03-04 11:00:00,Credit
5286,5,673,85,2026-02-18 19:00:00,Debit
5287,4,135,75,2026-07-22 13:00:00,Credit
5288,1,386,2,2026-01-03 17:00:00,Cash
5289,2,614,31,2026-06-21 13:00:00,Debit
5290,1,205,17,2026-07-22 19:00:00,Cash
5291,1,597,17,2026-02-13 11:00:00,Cash
5292,2,383,38,2026-04-06 15:00:00,Credit
5293,4,13,74,2026-03-21 11:00:00,Debit
5294,3,181,55,2026-06-21 17:00:00,Cash
5295,1,144,7,2026-05-20 13:00:00,Debit
5296,1,2,22,2026-05-20 17:00:00,Cash
5297,4,32,65,2026-06-17 19:00:00,Credit
5298,4,179,69,2026-01-04 13:00:00,Cash
5299,2,520,43,2026-03-14 15:00:00,Debit
5300,5,279,85,2026-06-10 13:00:00,Debit
5301,1,507,16,2026-02-07 11:00:00,Debit
5302,1,75,19,2026-05-08 17:00:00,Credit
5303,3,525,54,2026-05-26 13:00:00,Cash
5304,2,500,33,2026-07-16 17:00:00,Debit
5305,2,125,40,2026-07-06 11:00:00,Credit
5306,1,474,6,2026-05-24 15:00:00,Cash
5307,1,164,13,2026-07-08 11:00:00,Debit
5308,3,59,49,2026-05-13 09:00:00,Cash
5309,1,459,1,2026-02-16 15:00:00,Debit
5310,1,323,17,2026-03-05 15:00:00,Cash
5311,2,171,23,2026-07-18 13:00:00,Debit
5312,1,134,15,2026-07-04 15:00:00,Credit
5313,4,589,74,2026-02-19 11:00:00,Credit
5314,1,617,22,2026-01-27 09:00:00,Credit
5315,4,174,67,2026-01-13 19:00:00,Credit
5316,2,33,28,2026-01-07 17:00:00,Credit
5317,4,94,72,2026-06-18 19:00:00,Credit
5318,1,397,3,2026-07-09 15:00:00,Cash
5319,1,503,6,2026-04-15 15:00:00,Credit
5320,3,586,62,2026-03-02 17:00:00,Credit
5321,2,360,30,2026-07-07 17:00:00,Credit
5322,5,192,92,2026-04-04 19:00:00,Credit
5323,2,591,31,2026-01-10 19:00:00,Debit
5324,5,372,81,2026-05-02 19:00:00,Cash
5325,5,31,91,2026-02-08 17:00:00,Debit
5326,1,154,10,2026-07-19 19:00:00,Credit
5327,2,581,43,2026-02-27 13:00:00,Cash
5328,2,228,35,2026-04-08 17:00:00,Credit
5329,3,206,52,2026-05-12 15:00:00,Cash
5330,1,12,1,2026-04-17 09:00:00,Cash
5331,2,370,24,2026-04-22 13:00:00,Credit
5332,3,275,57,2026-05-08 17:00:00,Debit
5333,1,262,21,2026-07-01 13:00:00,Debit
5334,4,298,75,2026-04-23 17:00:00,Cash
5335,2,662,42,2026-02-04 15:00:00,Credit
5336,1,357,4,2026-02-04 13:00:00,Cash
5337,2,17,42,2026-07-01 15:00:00,Credit
5338,4,352,66,2026-06-02 15:00:00,Cash
5339,2,485,43,2026-02-27 19:00:00,Debit
5340,4,664,68,2026-03-04 19:00:00,Cash
5341,1,291,7,2026-06-17 17:00:00,Cash
5342,3,652,62,2026-05-14 15:00:00,Cash
5343,2,4,31,2026-07-01 11:00:00,Cash
5344,5,393,89,2026-02-01 19:00:00,Credit
5345,2,299,27,2026-04-10 11:00:00,Cash
5346,5,597,93,2026-07-16 11:00:00,Debit
5347,2,378,34,2026-01-10 13:00:00,Credit
5348,5,633,79,2026-07-02 11:00:00,Debit
5349,3,323,58,2026-04-16 11:00:00,Debit
5350,1,209,14,2026-05-05 17:00:00,Cash
5351,1,534,6,2026-07-20 09:00:00,Debit
5352,2,441,44,2026-06-04 13:00:00,Debit
5353,2,451,32,2026-02-07 15:00:00,Credit
5354,2,372,28,2026-07-01 11:00:00,Debit
5355,2,193,31,2026-07-22 17:00:00,Cash
5356,1,590,12,2026-04-06 17:00:00,Debit
5357,5,99,91,2026-05-09 17:00:00,Credit
5358,5,563,87,2026-05-02 13:00:00,Cash
5359,1,217,20,2026-02-07 17:00:00,Cash
5360,2,557,28,2026-06-04 09:00:00,Cash
5361,2,112,27,2026-06-12 15:00:00,Credit
5362,4,419,78,2026-07-10 15:00:00,Debit
5363,2,339,24,2026-05-12 15:00:00,Cash
5364,2,665,32,2026-04-24 17:00:00,Credit
5365,4,159,74,2026-07-19 17:00:00,Debit
5366,4,527,76,2026-07-19 19:00:00,Credit
5367,1,110,9,2026-05-21 13:00:00,Credit
5368,2,145,23,2026-07-11 17:00:00,Credit
5369,1,420,11,2026-07-28 17:00:00,Cash
5370,1,577,17,2026-06-04 19:00:00,Credit
5371,4,620,64,2026-03-28 13:00:00,Debit
5372,1,16,22,2026-07-16 13:00:00,Cash
5373,1,297,1,2026-01-18 19:00:00,Credit
5374,4,607,67,2026-06-15 19:00:00,Cash
5375,3,18,55,2026-01-28 17:00:00,Credit
5376,4,617,74,2026-07-19 15:00:00,Debit
5377,2,285,23,2026-07-10 13:00:00,Debit
5378,3,254,61,2026-07-04 19:00:00,Debit
5379,4,252,66,2026-05-18 17:00:00,Cash
5380,5,508,92,2026-04-26 13:00:00,Cash
5381,2,387,28,2026-07-20 11:00:00,Cash
5382,2,271,30,2026-02-16 13:00:00,Debit
5383,4,81,64,2026-03-28 17:00:00,Debit
5384,2,112,31,2026-06-22 19:00:00,Credit
5385,3,407,61,2026-04-01 19:00:00,Cash
5386,4,455,75,2026-02-19 17:00:00,Cash
5387,2,363,43,2026-06-24 15:00:00,Credit
5388,3,275,50,2026-05-01 11:00:00,Credit
5389,2,221,37,2026-03-09 17:00:00,Credit
5390,2,270,29,2026-01-03 15:00:00,Debit
5391,1,123,14,2026-04-22 15:00:00,Cash
5392,2,294,37,2026-04-03 11:00:00,Debit
5393,5,473,94,2026-02-15 13:00:00,Credit
5394,4,332,74,2026-04-09 19:00:00,Debit
5395,4,101,75,2026-05-07 09:00:00,Cash
5396,2,485,43,2026-06-13 15:00:00,Cash
5397,1,619,9,2026-05-21 15:00:00,Credit
5398,2,375,38,2026-01-10 17:00:00,Cash
5399,4,444,63,2026-07-13 13:00:00,Cash
5400,2,271,25,2026-01-22 19:00:00,Cash
5401,3,292,57,2026-01-22 11:00:00,Cash
5402,1,479,7,2026-05-06 15:00:00,Debit
5403,3,223,58,2026-01-26 17:00:00,Credit
5404,1,88,7,2026-05-23 11:00:00,Debit
5405,5,533,79,2026-06-19 17:00:00,Debit
5406,2,658,39,2026-06-01 17:00:00,Cash
5407,1,294,16,2026-05-21 11:00:00,Debit
5408,2,417,40,2026-03-16 11:00:00,Credit
5409,1,135,6,2026-03-24 15:00:00,Cash
5410,2,77,34,2026-06-18 11:00:00,Debit
5411,5,516,86,2026-06-06 13:00:00,Credit
5412,5,418,80,2026-02-13 15:00:00,Cash
5413,1,485,17,2026-05-03 19:00:00,Debit
5414,2,15,38,2026-02-16 13:00:00,Credit
5415,2,73,23,2026-06-09 15:00:00,Debit
5416,3,550,47,2026-03-03 15:00:00,Credit
5417,2,227,42,2026-06-15 17:00:00,Cash
5418,2,60,40,2026-07-19 13:00:00,Credit
5419,5,530,82,2026-07-26 15:00:00,Debit
5420,2,432,41,2026-04-19 13:00:00,Cash
5421,4,450,68,2026-03-25 11:00:00,Cash
5422,2,88,33,2026-05-04 19:00:00,Debit
5423,4,164,70,2026-06-26 17:00:00,Credit
5424,4,696,71,2026-04-18 09:00:00,Debit
5425,2,80,27,2026-07-09 17:00:00,Cash
5426,4,163,64,2026-01-10 15:00:00,Cash
5427,1,315,17,2026-04-10 17:00:00,Debit
5428,2,570,36,2026-03-15 17:00:00,Cash
5429,1,463,15,2026-07-26 19:00:00,Debit
5430,1,666,22,2026-04-25 11:00:00,Debit
5431,3,597,46,2026-06-14 17:00:00,Debit
5432,2,608,40,2026-05-03 17:00:00,Debit
5433,3,250,52,2026-07-14 15:00:00,Debit
5434,4,520,71,2026-07-14 17:00:00,Debit
5435,1,538,12,2026-05-16 17:00:00,Cash
5436,1,424,3,2026-06-11 15:00:00,Cash
5437,5,197,93,2026-07-17 19:00:00,Debit
5438,2,635,35,2026-07-06 11:00:00,Credit
5439,2,360,35,2026-03-11 09:00:00,Debit
5440,3,178,55,2026-02-16 19:00:00,Cash
5441,2,4,30,2026-07-13 17:00:00,Debit
5442,4,3,70,2026-03-06 17:00:00,Cash
5443,5,503,87,2026-06-01 13:00:00,Credit
5444,3,10,61,2026-05-27 17:00:00,Cash
5445,2,424,26,2026-04-04 09:00:00,Cash
5446,4,515,69,2026-05-01 19:00:00,Cash
5447,4,312,64,2026-06-08 11:00:00,Credit
5448,3,368,46,2026-07-19 13:00:00,Credit
5449,4,328,78,2026-04-15 13:00:00,Debit
5450,2,12,44,2026-03-05 17:00:00,Cash
5451,2,404,24,2026-06-01 17:00:00,Debit
5452,5,291,82,2026-05-17 17:00:00,Credit
5453,2,389,26,2026-01-01 17:00:00,Debit
5454,4,352,69,2026-07-28 09:00:00,Credit
5455,2,301,32,2026-04-26 17:00:00,Cash
5456,2,523,25,2026-06-23 17:00:00,Debit
5457,1,635,15,2026-06-27 15:00:00,Debit
5458,2,18,35,2026-07-12 13:00:00,Cash
5459,1,382,7,2026-07-06 15:00:00,Credit
5460,4,623,76,2026-05-27 17:00:00,Cash
5461,2,119,39,2026-06-18 17:00:00,Debit
5462,4,297,63,2026-05-02 13:00:00,Credit
5463,2,267,33,2026-03-10 15:00:00,Credit
5464,1,247,15,2026-06-04 19:00:00,Cash
5465,1,622,7,2026-02-21 17:00:00,Credit
5466,3,72,50,2026-06-10 13:00:00,Credit
5467,4,339,77,2026-03-28 17:00:00,Cash
5468,3,351,57,2026-01-02 15:00:00,Debit
5469,4,256,64,2026-07-18 15:00:00,Debit
5470,3,540,51,2026-07-12 15:00:00,Debit
5471,3,54,54,2026-06-12 11:00:00,Credit
5472,1,499,20,2026-05-16 19:00:00,Debit
5473,4,132,67,2026-06-21 13:00:00,Debit
5474,4,604,76,2026-04-07 15:00:00,Debit
5475,2,136,23,2026-07-19 19:00:00,Cash
5476,2,552,42,2026-03-01 19:00:00,Cash
5477,2,542,27,2026-04-18 19:00:00,Debit
5478,4,124,70,2026-05-19 13:00:00,Cash
5479,2,437,39,2026-05-25 17:00:00,Cash
5480,5,491,92,2026-04-28 09:00:00,Credit
5481,2,246,33,2026-02-10 11:00:00,Cash
5482,1,55,22,2026-06-20 13:00:00,Debit
5483,4,55,77,2026-03-09 11:00:00,Credit
5484,2,575,36,2026-03-24 11:00:00,Credit
5485,1,168,18,2026-04-15 19:00:00,Debit
5486,2,629,30,2026-01-11 19:00:00,Cash
5487,1,460,18,2026-03-26 09:00:00,Credit
5488,5,424,82,2026-07-01 13:00:00,Cash
5489,5,507,94,2026-05-21 13:00:00,Debit
5490,1,196,19,2026-06-12 09:00:00,Cash
5491,3,178,55,2026-03-26 17:00:00,Debit
5492,5,490,88,2026-05-20 19:00:00,Cash
5493,4,491,78,2026-07-03 17:00:00,Credit
5494,2,541,36,2026-03-14 17:00:00,Credit
5495,2,402,29,2026-03-08 17:00:00,Cash
5496,1,420,5,2026-01-07 11:00:00,Debit
5497,3,625,53,2026-06-14 13:00:00,Debit
5498,2,464,23,2026-07-09 17:00:00,Debit
5499,1,263,19,2026-04-26 13:00:00,Cash
5500,2,390,28,2026-02-04 17:00:00,Credit
5501,5,181,86,2026-06-28 09:00:00,Debit
5502,5,691,84,2026-02-01 19:00:00,Credit
5503,2,649,34,2026-07-11 09:00:00,Debit
5504,2,82,42,2026-06-20 09:00:00,Credit
5505,4,137,72,2026-03-26 19:00:00,Credit
5506,5,653,93,2026-07-04 19:00:00,Debit
5507,2,434,39,2026-03-26 11:00:00,Debit
5508,5,460,85,2026-02-26 11:00:00,Credit
5509,1,631,10,2026-07-14 19:00:00,Credit
5510,1,459,13,2026-05-09 19:00:00,Debit
5511,1,180,19,2026-07-23 17:00:00,Cash
5512,4,15,69,2026-01-14 13:00:00,Credit
5513,2,499,30,2026-01-21 19:00:00,Cash
5514,1,262,21,2026-04-27 11:00:00,Debit
5515,2,66,27,2026-07-12 13:00:00,Cash
5516,4,422,77,2026-03-25 17:00:00,Cash
5517,1,617,17,2026-03-22 09:00:00,Cash
5518,1,308,22,2026-07-20 11:00:00,Credit
5519,4,656,71,2026-07-11 19:00:00,Credit
5520,2,546,44,2026-06-27 15:00:00,Debit
5521,4,524,65,2026-06-16 17:00:00,Credit
5522,4,466,73,2026-07-10 19:00:00,Credit
5523,2,689,31,2026-06-25 09:00:00,Cash
5524,1,549,5,2026-07-11 09:00:00,Cash
5525,2,276,36,2026-06-22 19:00:00,Cash
5526,2,678,43,2026-02-13 17:00:00,Cash
5527,2,607,37,2026-02-26 17:00:00,Credit
5528,3,238,48,2026-02-08 19:00:00,Debit
5529,2,611,31,2026-04-08 19:00:00,Debit
5530,5,329,87,2026-06-18 09:00:00,Cash
5531,1,216,4,2026-05-06 17:00:00,Cash
5532,2,249,23,2026-07-16 17:00:00,Debit
5533,3,279,51,2026-05-28 09:00:00,Credit
5534,4,339,74,2026-02-13 11:00:00,Cash
5535,2,152,39,2026-04-24 19:00:00,Debit
5536,3,454,62,2026-04-26 13:00:00,Cash
5537,1,617,19,2026-07-08 17:00:00,Debit
5538,1,553,17,2026-01-22 13:00:00,Cash
5539,2,192,39,2026-05-15 15:00:00,Credit
5540,3,522,52,2026-05-16 11:00:00,Cash
5541,2,575,42,2026-03-22 19:00:00,Cash
5542,2,697,39,2026-04-21 17:00:00,Debit
5543,2,462,32,2026-07-23 17:00:00,Debit
5544,4,387,77,2026-02-11 17:00:00,Credit
5545,5,548,93,2026-07-15 11:00:00,Debit
5546,2,566,24,2026-07-02 19:00:00,Cash
5547,1,47,9,2026-05-22 19:00:00,Debit
5548,4,295,69,2026-05-02 19:00:00,Cash
5549,1,258,16,2026-04-09 19:00:00,Debit
5550,1,262,9,2026-02-05 13:00:00,Credit
5551,3,83,62,2026-03-04 17:00:00,Cash
5552,3,60,51,2026-06-04 09:00:00,Debit
5553,2,74,35,2026-03-22 19:00:00,Cash
5554,4,85,75,2026-03-05 19:00:00,Debit
5555,3,501,52,2026-03-03 19:00:00,Debit
5556,1,26,18,2026-04-12 11:00:00,Credit
5557,1,12,21,2026-06-25 17:00:00,Credit
5558,1,227,6,2026-04-21 19:00:00,Credit
5559,2,505,32,2026-07-02 09:00:00,Credit
5560,4,275,69,2026-04-13 17:00:00,Credit
5561,2,680,30,2026-01-10 11:00:00,Credit
5562,2,308,35,2026-02-05 19:00:00,Cash
5563,2,50,35,2026-03-04 09:00:00,Credit
5564,2,465,39,2026-07-08 15:00:00,Cash
5565,4,121,64,2026-02-09 11:00:00,Credit
5566,2,264,38,2026-07-01 15:00:00,Cash
5567,4,108,66,2026-07-24 09:00:00,Debit
5568,1,654,22,2026-04-13 13:00:00,Debit
5569,4,374,77,2026-05-12 15:00:00,Cash
5570,1,644,15,2026-03-24 13:00:00,Cash
5571,2,501,42,2026-06-24 19:00:00,Credit
5572,4,634,69,2026-01-19 17:00:00,Cash
5573,4,412,73,2026-05-10 15:00:00,Credit
5574,1,220,7,2026-01-01 13:00:00,Debit
5575,4,179,63,2026-01-20 19:00:00,Debit
5576,4,480,74,2026-01-05 15:00:00,Debit
5577,2,631,36,2026-04-26 17:00:00,Debit
5578,4,143,73,2026-02-14 13:00:00,Credit
5579,1,650,7,2026-07-05 19:00:00,Credit
5580,1,487,6,2026-07-17 11:00:00,Debit
5581,5,55,87,2026-06-28 09:00:00,Cash
5582,5,14,92,2026-07-21 19:00:00,Cash
5583,1,310,10,2026-02-12 15:00:00,Cash
5584,4,476,78,2026-01-11 17:00:00,Credit
5585,1,529,4,2026-02-04 17:00:00,Credit
5586,2,465,36,2026-07-28 17:00:00,Debit
5587,5,156,92,2026-07-05 11:00:00,Debit
5588,1,463,1,2026-06-04 09:00:00,Debit
5589,2,315,26,2026-05-14 13:00:00,Debit
5590,2,319,36,2026-03-28 17:00:00,Cash
5591,2,191,33,2026-03-15 13:00:00,Credit
5592,2,584,43,2026-05-13 15:00:00,Cash
5593,2,587,34,2026-05-25 13:00:00,Credit
5594,2,165,44,2026-07-02 13:00:00,Cash
5595,2,272,44,2026-05-27 09:00:00,Cash
5596,1,64,22,2026-06-23 17:00:00,Debit
5597,4,100,75,2026-07-12 17:00:00,Cash
5598,3,667,54,2026-06-05 13:00:00,Debit
5599,5,78,81,2026-02-23 17:00:00,Debit
5600,3,645,52,2026-06-23 13:00:00,Credit
5601,4,129,63,2026-05-10 11:00:00,Debit
5602,1,419,13,2026-06-17 11:00:00,Credit
5603,3,590,62,2026-07-07 09:00:00,Credit
5604,2,205,31,2026-02-17 13:00:00,Cash
5605,1,535,16,2026-03-14 15:00:00,Debit
5606,3,149,54,2026-07-08 13:00:00,Cash
5607,2,97,40,2026-06-15 15:00:00,Debit
5608,4,512,72,2026-03-20 15:00:00,Credit
5609,3,310,61,2026-03-13 15:00:00,Debit
5610,1,344,4,2026-06-21 11:00:00,Debit
5611,3,320,56,2026-05-19 09:00:00,Debit
5612,2,211,30,2026-02-05 15:00:00,Credit
5613,4,687,77,2026-03-17 11:00:00,Debit
5614,5,107,93,2026-03-01 13:00:00,Cash
5615,2,187,27,2026-07-15 15:00:00,Debit
5616,2,118,36,2026-06-17 19:00:00,Cash
5617,1,254,12,2026-05-03 15:00:00,Cash
5618,3,658,59,2026-06-10 13:00:00,Credit
5619,3,363,59,2026-07-01 17:00:00,Debit
5620,3,430,54,2026-06-02 15:00:00,Cash
5621,2,256,26,2026-04-08 17:00:00,Credit
5622,2,202,34,2026-01-18 17:00:00,Cash
5623,2,263,34,2026-03-28 17:00:00,Credit
5624,2,122,35,2026-07-25 17:00:00,Credit
5625,3,111,60,2026-07-26 13:00:00,Debit
5626,3,269,48,2026-04-14 11:00:00,Credit
5627,3,103,54,2026-05-04 09:00:00,Cash
5628,4,697,65,2026-07-19 17:00:00,Cash
5629,1,321,17,2026-05-27 17:00:00,Debit
5630,2,102,27,2026-07-23 09:00:00,Debit
5631,2,108,33,2026-02-15 19:00:00,Debit
5632,3,617,45,2026-07-07 19:00:00,Cash
5633,1,259,1,2026-05-09 15:00:00,Cash
5634,1,551,20,2026-03-26 19:00:00,Cash
5635,1,268,4,2026-05-02 19:00:00,Cash
5636,3,34,49,2026-04-18 17:00:00,Cash
5637,2,426,43,2026-05-09 13:00:00,Debit
5638,2,173,30,2026-07-17 09:00:00,Cash
5639,4,45,63,2026-04-06 19:00:00,Cash
5640,1,124,17,2026-05-01 17:00:00,Cash
5641,2,341,29,2026-01-08 09:00:00,Debit
5642,2,491,43,2026-05-13 19:00:00,Credit
5643,4,196,63,2026-06-21 11:00:00,Debit
5644,1,435,19,2026-07-18 09:00:00,Cash
5645,1,479,13,2026-02-28 17:00:00,Cash
5646,2,70,41,2026-02-09 09:00:00,Cash
5647,1,130,15,2026-01-25 17:00:00,Cash
5648,1,609,10,2026-06-27 19:00:00,Credit
5649,3,244,54,2026-04-11 15:00:00,Cash
5650,1,653,18,2026-07-07 17:00:00,Debit
5651,3,91,46,2026-03-11 13:00:00,Cash
5652,1,369,12,2026-07-08 19:00:00,Cash
5653,2,666,30,2026-05-05 19:00:00,Debit
5654,2,100,36,2026-03-17 19:00:00,Credit
5655,3,569,60,2026-01-11 19:00:00,Debit
5656,1,89,9,2026-06-05 17:00:00,Cash
5657,3,693,54,2026-06-02 19:00:00,Credit
5658,2,668,24,2026-05-21 17:00:00,Credit
5659,2,99,31,2026-07-17 17:00:00,Debit
5660,4,576,66,2026-07-03 19:00:00,Debit
5661,3,309,62,2026-05-11 17:00:00,Cash
5662,2,591,28,2026-06-02 19:00:00,Debit
5663,1,355,18,2026-07-17 19:00:00,Credit
5664,5,58,79,2026-05-06 19:00:00,Debit
5665,2,293,29,2026-01-19 19:00:00,Cash
5666,3,674,49,2026-04-11 17:00:00,Debit
5667,2,652,36,2026-07-23 17:00:00,Cash
5668,1,615,1,2026-06-09 15:00:00,Credit
5669,1,217,13,2026-06-18 11:00:00,Credit
5670,2,700,32,2026-03-20 17:00:00,Debit
5671,3,41,57,2026-01-12 11:00:00,Cash
5672,2,436,24,2026-02-23 13:00:00,Cash
5673,5,164,88,2026-07-16 17:00:00,Cash
5674,2,56,44,2026-04-13 13:00:00,Cash
5675,1,31,20,2026-05-22 15:00:00,Credit
5676,4,428,70,2026-06-02 17:00:00,Debit
5677,3,518,45,2026-04-25 17:00:00,Debit
5678,4,200,63,2026-02-22 11:00:00,Debit
5679,4,220,76,2026-05-12 15:00:00,Cash
5680,4,388,74,2026-06-17 19:00:00,Debit
5681,2,424,40,2026-04-05 13:00:00,Debit
5682,5,437,91,2026-07-12 09:00:00,Debit
5683,5,411,88,2026-05-17 11:00:00,Cash
5684,2,352,34,2026-03-02 09:00:00,Debit
5685,2,293,37,2026-03-28 13:00:00,Cash
5686,2,521,32,2026-02-09 17:00:00,Debit
5687,2,319,34,2026-03-04 17:00:00,Credit
5688,2,494,24,2026-06-07 17:00:00,Debit
5689,3,536,48,2026-04-04 19:00:00,Cash
5690,2,373,43,2026-02-18 17:00:00,Cash
5691,2,538,26,2026-05-06 11:00:00,Cash
5692,1,79,20,2026-07-21 11:00:00,Cash
5693,3,83,61,2026-07-15 17:00:00,Credit
5694,4,472,72,2026-06-13 15:00:00,Credit
5695,2,3,41,2026-07-18 17:00:00,Cash
5696,2,229,44,2026-02-04 19:00:00,Debit
5697,2,211,43,2026-03-09 19:00:00,Debit
5698,4,218,76,2026-04-17 15:00:00,Credit
5699,2,682,38,2026-06-23 19:00:00,Debit
5700,2,58,40,2026-07-11 15:00:00,Debit
5701,1,167,3,2026-07-14 17:00:00,Cash
5702,2,29,33,2026-05-02 17:00:00,Credit
5703,3,327,60,2026-02-14 09:00:00,Debit
5704,1,310,11,2026-07-26 15:00:00,Cash
5705,2,329,34,2026-06-15 15:00:00,Cash
5706,4,93,70,2026-02-06 15:00:00,Credit
5707,2,533,30,2026-03-28 13:00:00,Debit
5708,3,268,55,2026-04-06 17:00:00,Cash
5709,3,529,46,2026-03-26 13:00:00,Cash
5710,1,105,13,2026-04-27 15:00:00,Credit
5711,4,106,72,2026-05-25 13:00:00,Cash
5712,1,57,5,2026-07-07 11:00:00,Credit
5713,1,77,2,2026-03-02 11:00:00,Debit
5714,1,304,9,2026-06-16 15:00:00,Credit
5715,1,385,7,2026-06-01 11:00:00,Credit
5716,4,654,68,2026-04-03 17:00:00,Cash
5717,4,176,73,2026-06-16 09:00:00,Credit
5718,1,656,8,2026-06-03 13:00:00,Debit
5719,4,685,75,2026-02-05 17:00:00,Cash
5720,2,320,40,2026-03-24 19:00:00,Debit
5721,1,252,11,2026-01-25 11:00:00,Debit
5722,3,328,56,2026-02-06 13:00:00,Credit
5723,1,232,20,2026-04-03 19:00:00,Credit
5724,1,139,16,2026-04-17 19:00:00,Debit
5725,4,504,64,2026-02-09 09:00:00,Debit
5726,2,343,34,2026-07-22 13:00:00,Debit
5727,2,539,27,2026-05-19 17:00:00,Cash
5728,2,305,39,2026-03-19 17:00:00,Debit
5729,2,369,38,2026-01-28 13:00:00,Cash
5730,5,538,79,2026-07-27 13:00:00,Debit
5731,3,398,45,2026-06-05 15:00:00,Cash
5732,3,380,45,2026-01-09 15:00:00,Credit
5733,2,402,34,2026-04-11 15:00:00,Debit
5734,2,40,43,2026-06-21 19:00:00,Debit
5735,2,137,28,2026-07-28 17:00:00,Credit
5736,1,63,13,2026-03-09 13:00:00,Credit
5737,3,440,60,2026-05-28 09:00:00,Credit
5738,4,606,65,2026-03-25 13:00:00,Cash
5739,4,151,64,2026-02-10 19:00:00,Credit
5740,2,162,40,2026-02-27 11:00:00,Debit
5741,3,3,49,2026-07-25 11:00:00,Cash
5742,2,609,27,2026-04-05 11:00:00,Credit
5743,2,58,23,2026-01-08 17:00:00,Credit
5744,1,176,18,2026-02-17 19:00:00,Cash
5745,3,657,60,2026-03-08 13:00:00,Cash
5746,1,166,20,2026-07-11 13:00:00,Debit
5747,5,189,87,2026-02-16 19:00:00,Cash
5748,3,385,54,2026-03-24 15:00:00,Credit
5749,5,466,93,2026-05-28 17:00:00,Cash
5750,5,4,85,2026-03-03 19:00:00,Credit
5751,3,244,57,2026-01-02 15:00:00,Credit
5752,1,343,14,2026-07-04 17:00:00,Debit
5753,4,203,76,2026-02-03 15:00:00,Credit
5754,3,559,60,2026-04-26 17:00:00,Cash
5755,2,187,32,2026-05-18 17:00:00,Credit
5756,5,609,84,2026-02-09 15:00:00,Credit
5757,1,202,17,2026-02-17 19:00:00,Cash
5758,4,168,69,2026-03-11 11:00:00,Debit
5759,3,29,54,2026-01-05 15:00:00,Credit
5760,4,176,72,2026-06-09 13:00:00,Debit
5761,5,379,91,2026-03-05 13:00:00,Debit
5762,3,226,52,2026-05-27 17:00:00,Cash
5763,3,629,51,2026-01-14 19:00:00,Credit
5764,3,202,55,2026-05-04 13:00:00,Cash
5765,4,535,77,2026-06-28 13:00:00,Cash
5766,3,625,45,2026-05-26 17:00:00,Debit
5767,2,349,40,2026-01-21 17:00:00,Debit
5768,2,190,34,2026-04-17 17:00:00,Debit
5769,1,15,1,2026-03-23 17:00:00,Debit
5770,1,618,10,2026-04-03 17:00:00,Cash
5771,4,646,74,2026-04-15 13:00:00,Credit
5772,4,376,75,2026-02-18 13:00:00,Debit
5773,1,681,5,2026-06-13 17:00:00,Debit
5774,4,177,73,2026-07-22 09:00:00,Credit
5775,3,271,48,2026-04-26 17:00:00,Credit
5776,4,364,76,2026-01-25 19:00:00,Credit
5777,3,418,59,2026-07-05 15:00:00,Debit
5778,5,584,87,2026-05-26 17:00:00,Credit
5779,4,255,69,2026-05-10 15:00:00,Debit
5780,4,333,69,2026-02-10 19:00:00,Cash
5781,1,231,5,2026-05-09 19:00:00,Debit
5782,3,61,51,2026-04-08 13:00:00,Debit
5783,1,195,4,2026-02-27 17:00:00,Credit
5784,3,547,52,2026-04-27 19:00:00,Cash
5785,5,80,84,2026-06-24 13:00:00,Credit
5786,5,283,93,2026-02-28 17:00:00,Debit
5787,2,642,44,2026-05-14 15:00:00,Debit
5788,2,239,24,2026-02-14 17:00:00,Debit
5789,5,41,81,2026-06-15 15:00:00,Cash
5790,1,537,1,2026-02-27 19:00:00,Debit
5791,2,522,38,2026-06-05 11:00:00,Debit
5792,3,599,47,2026-06-01 13:00:00,Credit
5793,3,197,47,2026-07-02 15:00:00,Cash
5794,4,32,72,2026-04-19 11:00:00,Cash
5795,3,272,47,2026-01-14 13:00:00,Credit
5796,1,212,3,2026-05-22 19:00:00,Credit
5797,4,374,77,2026-04-01 13:00:00,Cash
5798,2,456,34,2026-04-01 17:00:00,Cash
5799,1,74,11,2026-02-17 13:00:00,Debit
5800,1,469,16,2026-04-09 17:00:00,Credit
5801,3,398,48,2026-01-25 13:00:00,Credit
5802,5,445,84,2026-02-03 19:00:00,Cash
5803,2,632,29,2026-02-07 17:00:00,Debit
5804,1,334,1,2026-04-21 19:00:00,Cash
5805,2,326,34,2026-06-16 11:00:00,Credit
5806,1,77,6,2026-06-16 13:00:00,Credit
5807,1,664,10,2026-02-24 09:00:00,Debit
5808,4,562,76,2026-06-10 19:00:00,Cash
5809,4,132,73,2026-06-14 17:00:00,Credit
5810,4,597,70,2026-04-04 17:00:00,Credit
5811,4,276,64,2026-06-04 19:00:00,Credit
5812,4,640,77,2026-06-17 11:00:00,Cash
5813,1,659,6,2026-07-05 17:00:00,Cash
5814,2,344,41,2026-07-10 17:00:00,Debit
5815,3,306,55,2026-07-09 17:00:00,Credit
5816,1,249,18,2026-05-21 11:00:00,Cash
5817,2,286,40,2026-06-13 19:00:00,Credit
5818,4,176,67,2026-01-03 19:00:00,Cash
5819,4,437,78,2026-02-09 11:00:00,Debit
5820,2,470,39,2026-05-22 15:00:00,Credit
5821,1,258,2,2026-01-23 19:00:00,Cash
5822,3,225,51,2026-03-12 11:00:00,Cash
5823,4,57,68,2026-07-15 17:00:00,Cash
5824,2,397,43,2026-05-03 19:00:00,Credit
5825,1,334,4,2026-05-05 17:00:00,Cash
5826,1,699,18,2026-06-28 15:00:00,Debit
5827,5,21,87,2026-05-04 19:00:00,Credit
5828,3,675,60,2026-06-24 17:00:00,Debit
5829,5,542,92,2026-03-14 09:00:00,Credit
5830,4,664,74,2026-03-27 17:00:00,Credit
5831,2,439,23,2026-06-21 19:00:00,Cash
5832,2,38,33,2026-01-21 09:00:00,Credit
5833,3,641,50,2026-01-07 09:00:00,Debit
5834,1,37,12,2026-06-25 15:00:00,Debit
5835,5,600,88,2026-07-10 19:00:00,Credit
5836,4,50,74,2026-03-14 09:00:00,Credit
5837,3,625,46,2026-06-25 19:00:00,Debit
5838,2,113,32,2026-05-25 17:00:00,Cash
5839,4,625,63,2026-03-16 15:00:00,Credit
5840,1,578,3,2026-07-15 15:00:00,Credit
5841,4,684,64,2026-05-11 13:00:00,Debit
5842,1,108,11,2026-05-21 19:00:00,Debit
5843,2,182,42,2026-07-28 11:00:00,Debit
5844,1,37,7,2026-05-27 17:00:00,Cash
5845,1,453,12,2026-05-10 17:00:00,Debit
5846,2,333,25,2026-04-07 17:00:00,Debit
5847,2,613,27,2026-06-16 13:00:00,Debit
5848,1,46,1,2026-02-02 15:00:00,Credit
5849,2,256,43,2026-02-01 11:00:00,Credit
5850,4,264,66,2026-01-05 19:00:00,Debit
5851,1,356,16,2026-06-01 17:00:00,Cash
5852,2,411,35,2026-07-12 11:00:00,Credit
5853,2,273,42,2026-05-13 13:00:00,Credit
5854,2,409,25,2026-07-10 17:00:00,Debit
5855,5,478,93,2026-02-23 11:00:00,Credit
5856,2,39,28,2026-01-09 17:00:00,Cash
5857,2,310,36,2026-06-06 15:00:00,Debit
5858,4,602,73,2026-05-03 17:00:00,Debit
5859,2,640,41,2026-07-09 19:00:00,Credit
5860,4,361,69,2026-06-15 19:00:00,Cash
5861,5,302,93,2026-05-06 13:00:00,Debit
5862,1,230,22,2026-06-10 13:00:00,Cash
5863,4,662,64,2026-07-13 17:00:00,Cash
5864,5,229,93,2026-01-11 15:00:00,Cash
5865,2,224,43,2026-04-07 11:00:00,Debit
5866,1,608,6,2026-05-01 11:00:00,Cash
5867,2,208,32,2026-07-11 11:00:00,Debit
5868,4,164,66,2026-06-11 09:00:00,Debit
5869,2,624,36,2026-06-27 15:00:00,Credit
5870,1,518,20,2026-04-14 19:00:00,Debit
5871,2,379,36,2026-02-10 11:00:00,Debit
5872,2,338,31,2026-06-07 17:00:00,Cash
5873,3,302,55,2026-01-22 13:00:00,Credit
5874,3,540,51,2026-07-18 15:00:00,Cash
5875,2,24,39,2026-07-13 17:00:00,Credit
5876,5,45,83,2026-04-17 15:00:00,Cash
5877,3,570,52,2026-07-08 11:00:00,Credit
5878,2,478,42,2026-07-01 15:00:00,Credit
5879,3,509,61,2026-07-23 15:00:00,Debit
5880,5,653,86,2026-01-02 15:00:00,Credit
5881,5,621,83,2026-03-11 09:00:00,Cash
5882,5,90,85,2026-06-12 13:00:00,Credit
5883,4,504,72,2026-05-04 13:00:00,Credit
5884,4,228,67,2026-01-26 19:00:00,Credit
5885,4,666,64,2026-06-27 17:00:00,Debit
5886,2,1,24,2026-05-28 13:00:00,Debit
5887,1,653,21,2026-06-16 19:00:00,Debit
5888,3,214,51,2026-06-13 19:00:00,Debit
5889,1,87,12,2026-03-09 15:00:00,Credit
5890,4,448,76,2026-06-05 17:00:00,Cash
5891,1,161,9,2026-03-25 19:00:00,Cash
5892,2,541,28,2026-04-11 09:00:00,Cash
5893,2,62,35,2026-04-16 15:00:00,Credit
5894,2,686,31,2026-07-01 11:00:00,Credit
5895,3,603,49,2026-04-24 09:00:00,Debit
5896,2,694,33,2026-05-07 19:00:00,Cash
5897,3,256,62,2026-05-05 15:00:00,Debit
5898,2,230,32,2026-04-09 09:00:00,Debit
5899,4,463,71,2026-03-04 19:00:00,Cash
5900,4,168,76,2026-07-18 17:00:00,Debit
5901,4,186,70,2026-06-14 19:00:00,Cash
5902,2,258,33,2026-04-06 15:00:00,Cash
5903,4,650,70,2026-01-25 13:00:00,Cash
5904,2,673,32,2026-06-11 13:00:00,Cash
5905,5,269,93,2026-03-02 19:00:00,Credit
5906,2,367,39,2026-07-16 19:00:00,Cash
5907,3,12,47,2026-06-25 17:00:00,Cash
5908,4,622,68,2026-05-25 17:00:00,Debit
5909,1,151,17,2026-07-17 17:00:00,Debit
5910,1,239,9,2026-07-25 17:00:00,Cash
5911,5,597,93,2026-07-08 09:00:00,Cash
5912,2,181,31,2026-04-09 19:00:00,Credit
5913,1,549,1,2026-07-25 13:00:00,Debit
5914,3,643,62,2026-05-13 17:00:00,Cash
5915,3,262,50,2026-05-15 15:00:00,Debit
5916,1,360,15,2026-05-15 11:00:00,Cash
5917,2,417,26,2026-05-18 11:00:00,Debit
5918,1,486,3,2026-06-07 13:00:00,Credit
5919,4,21,69,2026-06-07 09:00:00,Credit
5920,2,124,36,2026-07-13 15:00:00,Credit
5921,2,559,39,2026-06-13 17:00:00,Cash
5922,2,403,28,2026-06-16 19:00:00,Cash
5923,1,645,21,2026-02-10 15:00:00,Credit
5924,1,566,14,2026-05-21 19:00:00,Debit
5925,1,454,3,2026-06-04 15:00:00,Cash
5926,2,145,33,2026-06-12 15:00:00,Debit
5927,2,155,42,2026-06-07 19:00:00,Cash
5928,1,300,3,2026-07-26 17:00:00,Credit
5929,4,293,78,2026-03-11 13:00:00,Credit
5930,5,191,84,2026-04-11 15:00:00,Credit
5931,2,95,42,2026-07-11 11:00:00,Credit
5932,2,438,44,2026-01-15 15:00:00,Cash
5933,1,401,10,2026-07-07 11:00:00,Debit
5934,2,166,34,2026-03-13 19:00:00,Debit
5935,5,180,81,2026-07-12 13:00:00,Credit
5936,1,462,11,2026-04-10 17:00:00,Cash
5937,1,585,15,2026-05-22 17:00:00,Debit
5938,1,370,14,2026-02-26 15:00:00,Cash
5939,3,43,47,2026-02-18 11:00:00,Debit
5940,4,198,75,2026-03-10 13:00:00,Debit
5941,3,236,58,2026-05-26 19:00:00,Cash
5942,2,686,32,2026-04-28 19:00:00,Cash
5943,2,414,29,2026-05-04 09:00:00,Credit
5944,4,143,63,2026-07-25 11:00:00,Debit
5945,4,595,72,2026-07-09 11:00:00,Credit
5946,3,629,50,2026-07-25 09:00:00,Debit
5947,2,646,33,2026-07-21 17:00:00,Credit
5948,2,62,41,2026-06-18 19:00:00,Cash
5949,4,97,67,2026-05-05 19:00:00,Credit
5950,1,197,19,2026-02-19 17:00:00,Cash
5951,4,3,74,2026-07-04 13:00:00,Cash
5952,2,573,24,2026-04-14 09:00:00,Cash
5953,3,40,54,2026-04-02 19:00:00,Cash
5954,5,699,87,2026-01-28 19:00:00,Debit
5955,2,122,31,2026-02-23 17:00:00,Credit
5956,5,201,84,2026-04-12 15:00:00,Credit
5957,4,341,67,2026-02-12 13:00:00,Cash
5958,1,111,20,2026-06-20 17:00:00,Debit
5959,4,49,65,2026-07-20 19:00:00,Credit
5960,2,583,27,2026-01-21 15:00:00,Credit
5961,5,650,85,2026-07-19 13:00:00,Debit
5962,1,77,14,2026-05-01 19:00:00,Cash
5963,1,678,7,2026-06-11 19:00:00,Cash
5964,2,307,34,2026-06-10 13:00:00,Cash
5965,4,505,69,2026-03-09 19:00:00,Credit
5966,1,120,12,2026-07-14 09:00:00,Credit
5967,2,226,28,2026-07-26 09:00:00,Debit
5968,5,575,79,2026-06-10 17:00:00,Debit
5969,5,565,89,2026-05-09 15:00:00,Debit
5970,2,216,28,2026-07-22 15:00:00,Cash
5971,2,462,44,2026-07-25 17:00:00,Debit
5972,1,204,19,2026-07-19 13:00:00,Credit
5973,3,76,57,2026-03-21 17:00:00,Debit
5974,2,369,27,2026-06-20 19:00:00,Credit
5975,5,388,80,2026-07-11 17:00:00,Debit
5976,3,15,46,2026-03-09 11:00:00,Cash
5977,3,553,55,2026-05-05 13:00:00,Debit
5978,2,558,24,2026-03-23 19:00:00,Credit
5979,2,85,27,2026-03-16 13:00:00,Credit
5980,2,658,32,2026-05-18 15:00:00,Cash
5981,2,470,40,2026-06-15 13:00:00,Credit
5982,4,358,66,2026-03-01 17:00:00,Debit
5983,1,249,13,2026-01-03 17:00:00,Credit
5984,2,528,34,2026-01-02 19:00:00,Debit
5985,4,139,69,2026-02-28 17:00:00,Cash
5986,2,597,32,2026-07-01 19:00:00,Cash
5987,2,395,27,2026-04-08 17:00:00,Debit
5988,4,160,77,2026-05-09 13:00:00,Credit
5989,1,133,4,2026-07-20 11:00:00,Debit
5990,1,113,4,2026-03-16 19:00:00,Credit
5991,4,39,75,2026-04-08 11:00:00,Cash
5992,2,79,27,2026-06-22 15:00:00,Credit
5993,2,529,25,2026-07-23 17:00:00,Cash
5994,4,213,70,2026-01-03 09:00:00,Cash
5995,1,346,12,2026-04-19 19:00:00,Cash
5996,5,562,85,2026-06-08 11:00:00,Debit
5997,2,403,28,2026-02-08 13:00:00,Credit
5998,4,618,64,2026-01-16 13:00:00,Debit
5999,5,657,79,2026-05-28 17:00:00,Debit
6000,4,277,68,2026-04-20 17:00:00,Cash
6001,3,340,59,2026-05-08 15:00:00,Debit
6002,1,479,10,2026-01-17 15:00:00,Credit
6003,5,359,93,2026-07-12 17:00:00,Cash
6004,2,345,25,2026-07-03 13:00:00,Cash
6005,2,638,36,2026-04-26 13:00:00,Debit
6006,2,204,27,2026-04-05 11:00:00,Cash
6007,2,659,44,2026-03-17 15:00:00,Credit
6008,2,159,42,2026-01-06 09:00:00,Credit
6009,3,109,52,2026-05-06 15:00:00,Cash
6010,2,503,39,2026-01-21 13:00:00,Credit
6011,5,389,83,2026-03-10 13:00:00,Cash
6012,2,288,25,2026-01-02 19:00:00,Credit
6013,1,435,10,2026-02-07 09:00:00,Debit
6014,1,515,22,2026-03-15 17:00:00,Cash
6015,1,632,5,2026-07-11 17:00:00,Cash
6016,1,677,5,2026-05-16 09:00:00,Debit
6017,1,667,16,2026-04-15 15:00:00,Cash
6018,3,360,57,2026-07-15 17:00:00,Cash
6019,3,217,56,2026-06-10 09:00:00,Credit
6020,4,638,75,2026-06-26 13:00:00,Debit
6021,1,579,14,2026-05-13 11:00:00,Cash
6022,1,631,10,2026-01-04 19:00:00,Debit
6023,2,189,27,2026-06-25 13:00:00,Credit
6024,1,496,1,2026-02-27 17:00:00,Cash
6025,2,584,30,2026-02-23 13:00:00,Credit
6026,3,88,54,2026-07-07 17:00:00,Credit
6027,1,416,20,2026-04-03 15:00:00,Cash
6028,2,41,38,2026-06-14 17:00:00,Credit
6029,1,339,3,2026-07-26 17:00:00,Credit
6030,1,597,2,2026-05-15 11:00:00,Credit
6031,2,529,35,2026-04-12 19:00:00,Credit
6032,1,183,10,2026-04-07 15:00:00,Debit
6033,4,595,69,2026-05-10 17:00:00,Debit
6034,1,355,1,2026-03-21 17:00:00,Cash
6035,3,68,47,2026-04-23 15:00:00,Debit
6036,2,160,38,2026-06-09 09:00:00,Debit
6037,4,237,77,2026-06-06 13:00:00,Cash
6038,4,294,72,2026-04-14 19:00:00,Cash
6039,4,123,65,2026-07-24 15:00:00,Debit
6040,1,661,8,2026-02-16 17:00:00,Debit
6041,4,531,72,2026-05-19 15:00:00,Debit
6042,3,249,48,2026-05-08 17:00:00,Cash
6043,2,426,38,2026-07-17 11:00:00,Debit
6044,4,284,74,2026-02-07 19:00:00,Debit
6045,3,472,46,2026-06-21 19:00:00,Debit
6046,5,656,90,2026-06-27 13:00:00,Debit
6047,5,201,82,2026-01-01 09:00:00,Debit
6048,1,112,21,2026-05-12 17:00:00,Credit
6049,2,131,31,2026-05-13 15:00:00,Credit
6050,2,167,33,2026-04-21 19:00:00,Credit
6051,2,329,27,2026-04-18 13:00:00,Cash
6052,2,277,29,2026-07-25 19:00:00,Debit
6053,2,25,28,2026-05-05 17:00:00,Credit
6054,1,585,13,2026-01-14 13:00:00,Credit
6055,2,110,31,2026-04-06 17:00:00,Cash
6056,2,238,37,2026-01-14 15:00:00,Credit
6057,2,121,41,2026-01-08 19:00:00,Debit
6058,2,184,24,2026-07-20 11:00:00,Debit
6059,4,582,75,2026-04-12 09:00:00,Cash
6060,1,533,9,2026-06-11 19:00:00,Debit
6061,3,271,47,2026-02-13 13:00:00,Credit
6062,5,694,84,2026-01-02 19:00:00,Credit
6063,2,305,24,2026-04-13 17:00:00,Debit
6064,1,123,15,2026-07-04 19:00:00,Debit
6065,1,591,14,2026-04-19 19:00:00,Credit
6066,2,278,44,2026-05-08 11:00:00,Credit
6067,2,48,32,2026-03-02 15:00:00,Credit
6068,1,170,5,2026-06-15 15:00:00,Cash
6069,2,519,41,2026-06-20 19:00:00,Credit
6070,4,408,64,2026-05-10 11:00:00,Credit
6071,2,684,39,2026-04-23 17:00:00,Debit
6072,5,59,82,2026-07-25 19:00:00,Credit
6073,1,595,5,2026-03-21 13:00:00,Credit
6074,2,477,38,2026-04-06 11:00:00,Debit
6075,1,408,21,2026-03-17 19:00:00,Credit
6076,3,409,62,2026-03-18 17:00:00,Debit
6077,2,174,36,2026-03-04 19:00:00,Credit
6078,2,133,37,2026-06-11 17:00:00,Cash
6079,2,136,26,2026-06-19 15:00:00,Debit
6080,3,36,54,2026-02-13 17:00:00,Debit
6081,3,438,56,2026-01-05 19:00:00,Debit
6082,2,272,29,2026-06-02 17:00:00,Debit
6083,2,470,24,2026-01-20 17:00:00,Debit
6084,1,173,8,2026-04-25 19:00:00,Debit
6085,4,275,73,2026-07-09 15:00:00,Debit
6086,1,88,19,2026-05-12 19:00:00,Cash
6087,1,241,6,2026-04-25 15:00:00,Credit
6088,3,79,60,2026-05-03 17:00:00,Cash
6089,2,698,37,2026-03-20 17:00:00,Credit
6090,4,143,67,2026-05-13 17:00:00,Credit
6091,4,264,65,2026-06-12 13:00:00,Cash
6092,2,400,25,2026-07-16 19:00:00,Debit
6093,2,265,34,2026-06-06 11:00:00,Cash
6094,5,447,92,2026-05-28 19:00:00,Credit
6095,2,290,24,2026-05-08 19:00:00,Cash
6096,1,224,13,2026-07-07 15:00:00,Cash
6097,1,399,14,2026-07-19 11:00:00,Cash
6098,2,23,38,2026-06-01 17:00:00,Cash
6099,2,191,27,2026-04-02 09:00:00,Debit
6100,5,675,79,2026-01-07 17:00:00,Debit
6101,2,241,30,2026-01-05 17:00:00,Debit
6102,4,484,72,2026-03-22 11:00:00,Debit
6103,4,180,67,2026-05-19 13:00:00,Cash
6104,2,585,33,2026-06-17 17:00:00,Debit
6105,1,626,8,2026-07-24 19:00:00,Cash
6106,4,524,69,2026-03-13 17:00:00,Credit
6107,4,528,65,2026-01-16 11:00:00,Cash
6108,4,684,76,2026-06-04 17:00:00,Credit
6109,3,32,62,2026-01-26 15:00:00,Cash
6110,4,404,68,2026-03-20 13:00:00,Debit
6111,1,131,6,2026-03-10 13:00:00,Debit
6112,2,138,38,2026-03-13 15:00:00,Credit
6113,1,357,8,2026-02-26 13:00:00,Credit
6114,2,593,29,2026-07-13 17:00:00,Credit
6115,2,88,44,2026-07-09 13:00:00,Debit
6116,2,433,23,2026-06-25 17:00:00,Cash
6117,2,333,26,2026-07-10 19:00:00,Credit
6118,1,350,15,2026-05-27 17:00:00,Debit
6119,4,313,78,2026-06-13 15:00:00,Credit
6120,5,138,79,2026-02-03 13:00:00,Debit
6121,1,90,18,2026-06-04 17:00:00,Debit
6122,5,421,85,2026-04-12 19:00:00,Debit
6123,3,65,57,2026-06-17 13:00:00,Debit
6124,4,364,65,2026-07-21 19:00:00,Cash
6125,2,63,28,2026-07-19 15:00:00,Credit
6126,1,588,12,2026-03-10 17:00:00,Cash
6127,1,276,7,2026-04-15 17:00:00,Cash
6128,2,429,27,2026-02-20 11:00:00,Debit
6129,1,280,5,2026-05-16 17:00:00,Credit
6130,1,662,4,2026-07-22 13:00:00,Cash
6131,4,95,63,2026-07-07 19:00:00,Credit
6132,2,33,44,2026-03-15 13:00:00,Credit
6133,3,335,45,2026-04-08 17:00:00,Cash
6134,4,306,73,2026-03-16 11:00:00,Credit
6135,4,437,69,2026-04-07 13:00:00,Cash
6136,3,80,47,2026-07-03 17:00:00,Debit
6137,1,457,21,2026-07-25 13:00:00,Credit
6138,3,249,61,2026-07-28 19:00:00,Credit
6139,2,586,27,2026-02-26 15:00:00,Cash
6140,3,661,53,2026-01-18 11:00:00,Debit
6141,4,311,74,2026-06-06 19:00:00,Debit
6142,1,103,19,2026-05-19 19:00:00,Cash
6143,3,379,54,2026-07-14 17:00:00,Cash
6144,3,429,55,2026-02-10 13:00:00,Credit
6145,1,229,14,2026-07-14 11:00:00,Debit
6146,3,440,45,2026-07-03 15:00:00,Debit
6147,2,685,30,2026-03-22 09:00:00,Debit
6148,2,5,36,2026-02-23 13:00:00,Cash
6149,4,179,66,2026-07-08 19:00:00,Debit
6150,4,1,75,2026-07-20 13:00:00,Cash
6151,4,145,64,2026-02-20 15:00:00,Debit
6152,1,631,4,2026-05-20 11:00:00,Cash
6153,2,572,35,2026-05-21 15:00:00,Cash
6154,2,120,42,2026-07-01 19:00:00,Credit
6155,3,343,55,2026-04-04 15:00:00,Credit
6156,2,240,40,2026-07-14 11:00:00,Cash
6157,5,478,83,2026-03-08 17:00:00,Debit
6158,2,604,43,2026-03-15 15:00:00,Credit
6159,3,676,46,2026-02-05 13:00:00,Cash
6160,2,224,39,2026-03-22 17:00:00,Debit
6161,3,195,48,2026-02-25 15:00:00,Credit
6162,1,222,10,2026-06-14 15:00:00,Credit
6163,5,633,82,2026-05-22 17:00:00,Cash
6164,2,371,39,2026-07-14 13:00:00,Debit
6165,3,663,53,2026-06-05 11:00:00,Credit
6166,2,515,38,2026-04-14 15:00:00,Credit
6167,1,218,21,2026-07-26 15:00:00,Debit
6168,3,379,46,2026-04-07 17:00:00,Debit
6169,3,674,49,2026-05-11 15:00:00,Cash
6170,2,622,41,2026-04-26 19:00:00,Cash
6171,2,643,31,2026-02-11 13:00:00,Credit
6172,2,307,30,2026-03-27 17:00:00,Credit
6173,2,73,34,2026-05-04 13:00:00,Debit
6174,2,412,37,2026-07-28 09:00:00,Debit
6175,1,370,16,2026-07-18 19:00:00,Debit
6176,1,686,16,2026-01-25 13:00:00,Cash
6177,3,378,53,2026-07-26 09:00:00,Debit
6178,2,52,37,2026-07-26 19:00:00,Cash
6179,4,79,63,2026-05-20 15:00:00,Cash
6180,1,101,20,2026-06-12 17:00:00,Debit
6181,1,288,14,2026-02-26 19:00:00,Credit
6182,2,65,38,2026-01-04 17:00:00,Credit
6183,2,147,33,2026-05-05 09:00:00,Credit
6184,4,600,74,2026-03-01 09:00:00,Credit
6185,1,691,15,2026-06-10 15:00:00,Credit
6186,3,330,49,2026-01-12 19:00:00,Credit
6187,2,628,38,2026-03-20 09:00:00,Debit
6188,2,558,32,2026-07-11 13:00:00,Debit
6189,1,252,21,2026-04-07 13:00:00,Cash
6190,2,351,25,2026-04-24 19:00:00,Cash
6191,5,55,83,2026-03-10 17:00:00,Debit
6192,1,416,22,2026-01-14 19:00:00,Debit
6193,3,207,56,2026-06-26 17:00:00,Cash
6194,4,122,78,2026-03-10 19:00:00,Cash
6195,2,668,30,2026-07-07 13:00:00,Cash
6196,3,465,48,2026-07-23 19:00:00,Cash
6197,3,545,50,2026-02-04 17:00:00,Credit
6198,4,583,68,2026-06-14 17:00:00,Credit
6199,1,682,17,2026-07-15 19:00:00,Credit
6200,3,63,49,2026-06-27 09:00:00,Credit
6201,5,697,94,2026-05-13 19:00:00,Credit
6202,4,365,77,2026-02-27 17:00:00,Cash
6203,4,277,65,2026-03-12 15:00:00,Credit
6204,3,463,50,2026-06-12 13:00:00,Cash
6205,2,167,32,2026-06-19 17:00:00,Credit
6206,3,638,49,2026-03-23 13:00:00,Credit
6207,1,268,11,2026-05-12 17:00:00,Credit
6208,3,638,56,2026-06-01 17:00:00,Debit
6209,1,349,8,2026-07-20 13:00:00,Cash
6210,5,393,94,2026-07-27 11:00:00,Credit
6211,1,328,7,2026-07-06 15:00:00,Debit
6212,2,591,35,2026-01-06 17:00:00,Debit
6213,2,571,34,2026-05-06 13:00:00,Cash
6214,2,2,44,2026-04-06 09:00:00,Credit
6215,5,697,90,2026-06-23 19:00:00,Cash
6216,2,504,42,2026-07-18 19:00:00,Credit
6217,1,563,15,2026-03-12 11:00:00,Credit
6218,5,668,93,2026-06-06 11:00:00,Debit
6219,2,258,43,2026-06-05 13:00:00,Cash
6220,5,214,84,2026-05-19 09:00:00,Credit
6221,3,499,49,2026-02-02 13:00:00,Cash
6222,4,612,77,2026-01-05 19:00:00,Credit
6223,3,366,48,2026-07-15 13:00:00,Credit
6224,2,622,36,2026-05-21 09:00:00,Cash
6225,4,163,74,2026-03-01 19:00:00,Credit
6226,2,626,28,2026-05-27 15:00:00,Credit
6227,5,213,85,2026-05-14 11:00:00,Debit
6228,2,655,42,2026-07-12 17:00:00,Debit
6229,5,594,84,2026-07-13 11:00:00,Cash
6230,5,581,88,2026-04-20 09:00:00,Debit
6231,1,450,14,2026-04-12 19:00:00,Credit
6232,4,180,74,2026-06-23 19:00:00,Debit
6233,5,320,94,2026-07-12 17:00:00,Debit
6234,2,509,38,2026-04-22 13:00:00,Cash
6235,1,54,13,2026-02-14 19:00:00,Debit
6236,3,346,47,2026-07-14 19:00:00,Credit
6237,2,340,36,2026-06-11 17:00:00,Cash
6238,2,387,42,2026-04-06 15:00:00,Debit
6239,3,307,57,2026-01-24 17:00:00,Debit
6240,4,520,68,2026-06-21 15:00:00,Cash
6241,2,476,33,2026-06-04 15:00:00,Credit
6242,4,630,68,2026-06-06 09:00:00,Credit
6243,2,230,40,2026-02-25 17:00:00,Credit
6244,1,392,5,2026-07-24 13:00:00,Debit
6245,2,301,39,2026-04-24 11:00:00,Debit
6246,2,687,26,2026-07-21 11:00:00,Credit
6247,3,574,52,2026-07-09 13:00:00,Cash
6248,5,233,89,2026-04-21 19:00:00,Cash
6249,4,618,65,2026-04-20 17:00:00,Debit
6250,3,661,55,2026-03-12 19:00:00,Credit
6251,1,82,5,2026-06-21 17:00:00,Credit
6252,2,684,32,2026-01-18 11:00:00,Cash
6253,2,622,36,2026-06-04 09:00:00,Credit
6254,1,99,2,2026-07-19 17:00:00,Debit
6255,3,399,48,2026-03-25 13:00:00,Cash
6256,3,371,60,2026-07-09 09:00:00,Debit
6257,4,367,71,2026-03-22 19:00:00,Credit
6258,1,522,10,2026-06-06 09:00:00,Credit
6259,4,417,73,2026-03-21 19:00:00,Debit
6260,2,333,33,2026-07-18 15:00:00,Credit
6261,3,124,46,2026-04-11 19:00:00,Cash
6262,1,3,15,2026-04-15 17:00:00,Cash
6263,5,699,91,2026-06-01 19:00:00,Credit
6264,5,374,82,2026-05-09 11:00:00,Credit
6265,4,389,73,2026-03-28 17:00:00,Debit
6266,3,64,58,2026-04-06 15:00:00,Cash
6267,3,673,48,2026-02-05 15:00:00,Debit
6268,2,446,23,2026-06-09 17:00:00,Cash
6269,3,174,52,2026-05-04 09:00:00,Debit
6270,4,266,74,2026-06-01 19:00:00,Cash
6271,3,481,51,2026-04-04 13:00:00,Cash
6272,2,651,44,2026-03-07 17:00:00,Debit
6273,1,276,19,2026-05-19 19:00:00,Cash
6274,1,542,16,2026-06-24 15:00:00,Credit
6275,1,698,3,2026-05-21 17:00:00,Credit
6276,4,685,68,2026-03-16 17:00:00,Credit
6277,1,645,15,2026-03-06 13:00:00,Credit
6278,3,502,61,2026-07-25 11:00:00,Debit
6279,4,497,64,2026-04-08 17:00:00,Cash
6280,4,52,67,2026-03-06 11:00:00,Credit
6281,4,245,73,2026-04-17 13:00:00,Credit
6282,3,426,53,2026-05-25 17:00:00,Cash
6283,2,298,27,2026-02-25 09:00:00,Cash
6284,4,648,68,2026-07-19 09:00:00,Cash
6285,2,45,26,2026-02-25 11:00:00,Cash
6286,4,98,70,2026-06-08 19:00:00,Debit
6287,2,61,33,2026-03-09 09:00:00,Cash
6288,3,655,47,2026-05-11 17:00:00,Debit
6289,1,239,14,2026-03-12 15:00:00,Cash
6290,1,343,5,2026-02-03 17:00:00,Cash
6291,5,377,88,2026-06-20 15:00:00,Debit
6292,1,55,14,2026-02-15 09:00:00,Credit
6293,1,275,1,2026-02-04 19:00:00,Debit
6294,4,652,73,2026-06-14 13:00:00,Cash
6295,4,120,70,2026-04-27 17:00:00,Cash
6296,2,278,31,2026-06-04 11:00:00,Cash
6297,2,28,41,2026-07-27 17:00:00,Credit
6298,4,521,71,2026-02-27 15:00:00,Debit
6299,2,609,37,2026-07-19 13:00:00,Credit
6300,2,57,32,2026-05-05 17:00:00,Debit
6301,2,459,34,2026-07-05 17:00:00,Debit
6302,1,394,11,2026-03-01 19:00:00,Credit
6303,4,372,78,2026-04-10 15:00:00,Debit
6304,2,325,27,2026-07-24 13:00:00,Cash
6305,4,404,72,2026-06-18 17:00:00,Debit
6306,2,26,31,2026-01-18 17:00:00,Credit
6307,5,79,86,2026-05-18 13:00:00,Cash
6308,1,512,11,2026-07-23 17:00:00,Debit
6309,2,136,37,2026-06-16 15:00:00,Cash
6310,1,264,4,2026-04-27 11:00:00,Credit
6311,5,209,85,2026-07-26 09:00:00,Debit
6312,4,236,77,2026-03-16 11:00:00,Credit
6313,1,354,7,2026-04-03 17:00:00,Debit
6314,1,166,8,2026-06-28 15:00:00,Cash
6315,5,502,93,2026-06-22 17:00:00,Credit
6316,1,544,11,2026-04-04 19:00:00,Cash
6317,1,560,6,2026-06-12 13:00:00,Debit
6318,5,288,90,2026-02-03 15:00:00,Credit
6319,4,578,65,2026-05-12 17:00:00,Cash
6320,1,186,18,2026-02-20 17:00:00,Credit
6321,2,139,43,2026-07-18 13:00:00,Credit
6322,2,672,33,2026-03-22 19:00:00,Debit
6323,1,694,15,2026-04-07 13:00:00,Cash
6324,1,277,2,2026-06-05 17:00:00,Cash
6325,3,201,46,2026-03-10 11:00:00,Credit
6326,3,471,52,2026-02-24 19:00:00,Credit
6327,2,4,44,2026-03-10 17:00:00,Cash
6328,3,314,53,2026-06-25 19:00:00,Debit
6329,2,498,26,2026-07-24 09:00:00,Credit
6330,1,553,19,2026-07-12 15:00:00,Debit
6331,5,115,84,2026-07-02 11:00:00,Debit
6332,4,369,68,2026-07-10 17:00:00,Credit
6333,2,365,27,2026-05-21 19:00:00,Cash
6334,1,505,17,2026-02-25 17:00:00,Cash
6335,2,58,26,2026-05-12 19:00:00,Cash
6336,1,148,15,2026-04-10 19:00:00,Debit
6337,2,100,35,2026-02-28 11:00:00,Credit
6338,2,35,23,2026-05-03 09:00:00,Credit
6339,2,320,30,2026-04-18 13:00:00,Cash
6340,4,277,77,2026-07-21 13:00:00,Cash
6341,4,375,65,2026-02-23 17:00:00,Debit
6342,1,607,3,2026-01-06 11:00:00,Cash
6343,1,138,11,2026-04-28 15:00:00,Credit
6344,1,211,3,2026-06-17 19:00:00,Credit
6345,1,38,13,2026-02-15 09:00:00,Debit
6346,3,164,49,2026-05-06 17:00:00,Cash
6347,1,689,9,2026-03-26 15:00:00,Debit
6348,2,305,34,2026-07-14 17:00:00,Debit
6349,5,347,86,2026-07-02 13:00:00,Debit
6350,5,209,93,2026-07-10 11:00:00,Credit
6351,5,394,83,2026-03-14 15:00:00,Credit
6352,2,312,43,2026-06-13 09:00:00,Debit
6353,3,344,50,2026-03-12 19:00:00,Credit
6354,2,612,36,2026-06-23 09:00:00,Debit
6355,5,546,80,2026-02-10 17:00:00,Debit
6356,2,671,35,2026-05-20 19:00:00,Credit
6357,3,524,60,2026-03-28 17:00:00,Credit
6358,1,352,8,2026-05-04 13:00:00,Cash
6359,3,655,55,2026-03-03 11:00:00,Debit
6360,4,693,71,2026-03-03 13:00:00,Credit
6361,4,538,76,2026-05-26 09:00:00,Cash
6362,1,379,12,2026-07-08 13:00:00,Cash
6363,3,270,62,2026-07-14 13:00:00,Debit
6364,2,495,31,2026-06-19 17:00:00,Credit
6365,2,664,24,2026-04-06 17:00:00,Cash
6366,4,489,73,2026-04-13 15:00:00,Debit
6367,2,541,33,2026-05-16 19:00:00,Credit
6368,4,657,76,2026-07-15 15:00:00,Debit
6369,5,524,82,2026-06-08 09:00:00,Debit
6370,2,535,44,2026-05-13 19:00:00,Cash
6371,2,617,30,2026-02-28 19:00:00,Cash
6372,5,73,83,2026-02-10 15:00:00,Debit
6373,2,9,27,2026-03-04 09:00:00,Cash
6374,4,657,75,2026-07-12 19:00:00,Credit
6375,2,360,37,2026-07-18 19:00:00,Credit
6376,2,252,35,2026-07-02 17:00:00,Credit
6377,1,418,9,2026-06-03 13:00:00,Credit
6378,3,673,54,2026-05-23 17:00:00,Credit
6379,3,15,57,2026-03-16 13:00:00,Cash
6380,4,537,71,2026-03-23 17:00:00,Credit
6381,1,35,8,2026-02-03 19:00:00,Cash
6382,2,422,37,2026-06-04 15:00:00,Cash
6383,1,488,7,2026-05-26 17:00:00,Cash
6384,1,459,12,2026-04-19 19:00:00,Cash
6385,1,17,13,2026-04-02 11:00:00,Cash
6386,3,53,45,2026-06-15 15:00:00,Cash
6387,3,380,57,2026-01-17 13:00:00,Debit
6388,4,4,73,2026-01-01 13:00:00,Credit
6389,4,22,66,2026-01-16 09:00:00,Credit
6390,5,174,91,2026-06-05 17:00:00,Cash
6391,4,99,64,2026-07-20 09:00:00,Credit
6392,5,560,81,2026-07-25 19:00:00,Cash
6393,2,115,23,2026-03-09 17:00:00,Debit
6394,5,67,80,2026-05-17 19:00:00,Credit
6395,2,436,30,2026-04-03 19:00:00,Credit
6396,2,391,31,2026-06-12 11:00:00,Credit
6397,5,396,82,2026-07-11 15:00:00,Debit
6398,2,160,33,2026-02-28 15:00:00,Debit
6399,4,335,64,2026-07-20 15:00:00,Credit
6400,3,86,61,2026-07-06 19:00:00,Cash
6401,5,270,80,2026-02-11 19:00:00,Debit
6402,3,337,45,2026-07-20 19:00:00,Credit
6403,2,429,29,2026-07-21 17:00:00,Credit
6404,5,645,89,2026-03-04 17:00:00,Debit
6405,2,199,27,2026-05-04 19:00:00,Credit
6406,1,653,5,2026-04-23 13:00:00,Credit
6407,1,474,9,2026-07-14 15:00:00,Debit
6408,2,568,23,2026-02-17 17:00:00,Debit
6409,5,307,92,2026-06-02 19:00:00,Credit
6410,1,460,14,2026-05-13 15:00:00,Credit
6411,2,624,36,2026-01-06 19:00:00,Cash
6412,2,653,24,2026-06-03 19:00:00,Debit
6413,4,610,73,2026-05-14 13:00:00,Debit
6414,5,272,88,2026-07-21 15:00:00,Debit
6415,2,649,37,2026-05-04 13:00:00,Credit
6416,2,596,29,2026-03-15 15:00:00,Cash
6417,4,221,67,2026-05-28 15:00:00,Credit
6418,4,264,72,2026-06-14 19:00:00,Credit
6419,2,297,36,2026-04-20 17:00:00,Cash
6420,2,31,23,2026-06-21 09:00:00,Credit
6421,3,335,54,2026-07-08 15:00:00,Debit
6422,5,221,83,2026-03-18 11:00:00,Credit
6423,2,358,35,2026-07-24 13:00:00,Debit
6424,2,537,42,2026-02-05 17:00:00,Cash
6425,4,378,72,2026-07-25 15:00:00,Cash
6426,5,227,79,2026-02-01 19:00:00,Credit
6427,1,75,20,2026-07-15 17:00:00,Credit
6428,5,102,88,2026-06-16 19:00:00,Credit
6429,1,111,21,2026-02-24 17:00:00,Debit
6430,4,280,68,2026-03-12 13:00:00,Cash
6431,1,415,11,2026-04-15 19:00:00,Credit
6432,2,460,43,2026-01-07 19:00:00,Debit
6433,1,141,4,2026-07-27 17:00:00,Debit
6434,1,95,2,2026-06-20 17:00:00,Credit
6435,3,37,49,2026-07-10 13:00:00,Debit
6436,2,344,35,2026-02-01 17:00:00,Cash
6437,2,567,23,2026-05-14 17:00:00,Cash
6438,2,404,37,2026-04-07 19:00:00,Debit
6439,4,253,65,2026-06-04 11:00:00,Cash
6440,1,488,3,2026-04-28 17:00:00,Debit
6441,1,299,5,2026-07-06 15:00:00,Cash
6442,1,264,13,2026-07-22 19:00:00,Credit
6443,2,519,25,2026-03-24 13:00:00,Debit
6444,2,610,33,2026-06-05 17:00:00,Debit
6445,4,266,70,2026-04-10 17:00:00,Cash
6446,4,521,78,2026-04-11 11:00:00,Credit
6447,3,578,62,2026-04-20 15:00:00,Cash
6448,2,354,32,2026-03-26 13:00:00,Credit
6449,4,10,66,2026-07-05 11:00:00,Debit
6450,3,485,59,2026-06-04 11:00:00,Cash
6451,2,665,24,2026-03-07 17:00:00,Cash
6452,2,132,36,2026-06-18 15:00:00,Cash
6453,1,248,1,2026-07-08 17:00:00,Credit
6454,4,360,69,2026-06-05 17:00:00,Cash
6455,2,410,29,2026-06-28 17:00:00,Debit
6456,4,180,74,2026-05-24 13:00:00,Credit
6457,2,33,26,2026-05-27 15:00:00,Credit
6458,5,360,82,2026-06-04 09:00:00,Debit
6459,1,146,10,2026-03-18 11:00:00,Cash
6460,3,594,54,2026-02-03 13:00:00,Debit
6461,1,469,3,2026-05-18 15:00:00,Credit
6462,2,686,39,2026-06-20 13:00:00,Cash
6463,3,286,62,2026-07-12 17:00:00,Credit
6464,2,435,31,2026-02-16 13:00:00,Credit
6465,3,158,45,2026-03-04 15:00:00,Cash
6466,3,547,60,2026-02-18 15:00:00,Cash
6467,2,106,33,2026-06-16 15:00:00,Credit
6468,2,605,37,2026-05-05 09:00:00,Cash
6469,5,608,82,2026-01-13 13:00:00,Cash
6470,5,406,89,2026-02-24 17:00:00,Cash
6471,4,586,70,2026-04-14 13:00:00,Credit
6472,1,653,18,2026-07-03 13:00:00,Debit
6473,2,129,26,2026-01-13 17:00:00,Cash
6474,1,252,14,2026-06-22 17:00:00,Credit
6475,1,334,6,2026-06-24 11:00:00,Credit
6476,3,96,51,2026-02-27 13:00:00,Cash
6477,5,636,93,2026-07-24 19:00:00,Credit
6478,3,278,54,2026-04-10 17:00:00,Credit
6479,1,692,15,2026-05-10 17:00:00,Cash
6480,2,301,36,2026-07-04 17:00:00,Cash
6481,4,100,75,2026-04-04 15:00:00,Credit
6482,1,249,14,2026-03-12 13:00:00,Credit
6483,1,518,13,2026-05-12 15:00:00,Debit
6484,4,345,63,2026-05-02 11:00:00,Debit
6485,3,396,56,2026-04-14 09:00:00,Credit
6486,2,49,36,2026-04-05 15:00:00,Cash
6487,3,215,49,2026-04-28 19:00:00,Debit
6488,4,665,71,2026-03-09 19:00:00,Credit
6489,1,267,7,2026-03-22 17:00:00,Cash
6490,2,598,35,2026-03-28 13:00:00,Credit
6491,1,160,1,2026-07-18 17:00:00,Cash
6492,2,565,26,2026-04-07 15:00:00,Cash
6493,1,489,3,2026-06-21 17:00:00,Cash
6494,1,109,20,2026-06-26 13:00:00,Cash
6495,2,3,26,2026-06-04 15:00:00,Cash
6496,5,9,82,2026-05-12 15:00:00,Cash
6497,1,328,5,2026-05-23 15:00:00,Credit
6498,2,132,44,2026-04-26 11:00:00,Cash
6499,3,414,58,2026-02-04 19:00:00,Debit
6500,4,212,65,2026-02-16 13:00:00,Cash
6501,4,119,70,2026-05-10 17:00:00,Debit
6502,1,437,6,2026-07-24 15:00:00,Debit
6503,2,379,25,2026-03-16 15:00:00,Credit
6504,4,435,73,2026-07-11 15:00:00,Credit
6505,2,98,33,2026-06-15 11:00:00,Debit
6506,2,200,32,2026-03-06 15:00:00,Credit
6507,1,412,1,2026-04-07 13:00:00,Cash
6508,2,518,37,2026-07-14 19:00:00,Debit
6509,2,323,32,2026-06-10 15:00:00,Cash
6510,2,501,29,2026-02-17 19:00:00,Cash
6511,5,338,89,2026-06-04 17:00:00,Cash
6512,2,41,34,2026-05-16 13:00:00,Credit
6513,1,682,13,2026-01-03 13:00:00,Debit
6514,1,429,20,2026-06-14 13:00:00,Cash
6515,5,273,88,2026-06-08 17:00:00,Debit
6516,4,348,70,2026-02-10 11:00:00,Cash
6517,4,270,65,2026-07-25 17:00:00,Credit
6518,2,626,42,2026-07-27 19:00:00,Debit
6519,2,44,36,2026-04-14 17:00:00,Debit
6520,3,385,59,2026-07-20 13:00:00,Cash
6521,2,573,31,2026-03-28 11:00:00,Credit
6522,3,115,61,2026-07-24 17:00:00,Credit
6523,5,282,80,2026-01-01 13:00:00,Cash
6524,4,489,66,2026-04-25 15:00:00,Debit
6525,1,55,7,2026-06-05 19:00:00,Credit
6526,3,447,56,2026-05-13 13:00:00,Credit
6527,4,521,78,2026-05-09 15:00:00,Cash
6528,5,312,90,2026-06-17 17:00:00,Cash
6529,3,365,59,2026-06-20 17:00:00,Cash
6530,3,89,59,2026-02-10 19:00:00,Cash
6531,4,56,75,2026-04-21 19:00:00,Cash
6532,3,585,56,2026-07-26 13:00:00,Credit
6533,1,210,5,2026-07-28 17:00:00,Debit
6534,3,436,62,2026-07-13 15:00:00,Cash
6535,5,22,86,2026-05-10 11:00:00,Credit
6536,5,234,80,2026-07-11 09:00:00,Debit
6537,5,173,80,2026-03-04 13:00:00,Cash
6538,2,229,29,2026-04-28 11:00:00,Debit
6539,1,448,2,2026-05-20 13:00:00,Credit
6540,3,73,45,2026-06-19 15:00:00,Cash
6541,2,169,41,2026-07-21 17:00:00,Debit
6542,1,435,18,2026-07-07 15:00:00,Debit
6543,2,422,38,2026-02-25 17:00:00,Debit
6544,1,308,21,2026-07-28 11:00:00,Debit
6545,2,124,34,2026-01-09 17:00:00,Cash
6546,1,312,18,2026-06-17 17:00:00,Cash
6547,2,68,28,2026-05-28 13:00:00,Credit
6548,1,320,2,2026-06-19 19:00:00,Credit
6549,4,221,75,2026-03-22 15:00:00,Cash
6550,2,255,29,2026-07-26 15:00:00,Credit
6551,1,300,21,2026-07-05 13:00:00,Debit
6552,1,403,6,2026-05-16 19:00:00,Credit
6553,4,676,72,2026-07-16 17:00:00,Cash
6554,1,36,4,2026-07-20 11:00:00,Debit
6555,1,83,11,2026-07-18 17:00:00,Credit
6556,5,503,92,2026-06-01 17:00:00,Credit
6557,1,282,19,2026-02-22 09:00:00,Debit
6558,4,649,73,2026-06-14 17:00:00,Credit
6559,3,360,60,2026-04-16 11:00:00,Credit
6560,5,444,92,2026-04-23 15:00:00,Credit
6561,4,381,77,2026-07-07 15:00:00,Debit
6562,1,68,19,2026-07-15 11:00:00,Cash
6563,2,620,25,2026-03-23 17:00:00,Debit
6564,2,502,43,2026-06-01 17:00:00,Credit
6565,1,435,6,2026-02-15 17:00:00,Cash
6566,2,298,29,2026-04-15 15:00:00,Credit
6567,3,513,46,2026-01-20 17:00:00,Debit
6568,5,349,88,2026-07-14 19:00:00,Cash
6569,3,556,54,2026-06-28 17:00:00,Cash
6570,3,199,50,2026-05-09 17:00:00,Credit
6571,1,413,17,2026-05-06 13:00:00,Debit
6572,1,503,18,2026-06-16 13:00:00,Debit
6573,4,396,73,2026-03-16 17:00:00,Credit
6574,1,295,7,2026-02-24 19:00:00,Credit
6575,5,355,93,2026-02-05 11:00:00,Debit
6576,1,314,8,2026-01-06 15:00:00,Cash
6577,4,323,74,2026-06-01 17:00:00,Cash
6578,3,584,49,2026-05-04 13:00:00,Cash
6579,5,260,94,2026-04-05 19:00:00,Debit
6580,2,697,39,2026-03-18 11:00:00,Credit
6581,2,324,39,2026-01-02 11:00:00,Cash
6582,2,471,43,2026-06-09 11:00:00,Cash
6583,1,618,8,2026-06-13 17:00:00,Cash
6584,4,628,69,2026-07-21 13:00:00,Credit
6585,2,440,40,2026-06-17 15:00:00,Cash
6586,1,543,5,2026-06-13 15:00:00,Debit
6587,2,445,40,2026-07-07 17:00:00,Credit
6588,5,256,89,2026-04-06 17:00:00,Credit
6589,2,647,42,2026-07-20 19:00:00,Credit
6590,2,369,27,2026-07-08 17:00:00,Credit
6591,2,262,42,2026-05-13 19:00:00,Debit
6592,1,181,20,2026-03-07 19:00:00,Cash
6593,4,158,76,2026-01-13 15:00:00,Cash
6594,3,461,57,2026-03-03 19:00:00,Debit
6595,2,424,37,2026-07-26 17:00:00,Cash
6596,3,70,46,2026-06-16 09:00:00,Debit
6597,3,588,52,2026-05-14 15:00:00,Credit
6598,1,685,14,2026-03-16 13:00:00,Credit
6599,5,242,86,2026-02-04 09:00:00,Credit
6600,2,399,34,2026-05-16 15:00:00,Credit
6601,2,550,36,2026-03-20 11:00:00,Debit
6602,1,244,12,2026-02-10 09:00:00,Debit
6603,1,564,12,2026-05-28 13:00:00,Debit
6604,4,331,64,2026-07-22 17:00:00,Credit
6605,2,233,39,2026-05-22 17:00:00,Cash
6606,3,9,45,2026-04-25 19:00:00,Cash
6607,3,583,50,2026-06-17 15:00:00,Cash
6608,5,335,81,2026-06-11 17:00:00,Debit
6609,3,229,56,2026-04-25 15:00:00,Cash
6610,3,330,52,2026-04-08 19:00:00,Debit
6611,4,63,78,2026-06-13 11:00:00,Debit
6612,4,146,67,2026-05-21 15:00:00,Credit
6613,1,692,3,2026-05-28 19:00:00,Debit
6614,5,509,79,2026-03-02 09:00:00,Credit
6615,2,488,36,2026-04-02 19:00:00,Cash
6616,2,250,40,2026-07-14 17:00:00,Cash
6617,1,568,13,2026-04-09 13:00:00,Cash
6618,3,73,49,2026-01-14 15:00:00,Credit
6619,2,627,42,2026-07-02 09:00:00,Cash
6620,1,355,19,2026-04-17 19:00:00,Credit
6621,4,265,71,2026-07-06 19:00:00,Debit
6622,2,131,26,2026-05-06 13:00:00,Debit
6623,4,86,69,2026-05-20 13:00:00,Cash
6624,4,458,75,2026-05-12 17:00:00,Cash
6625,3,82,55,2026-03-02 13:00:00,Debit
6626,3,358,58,2026-06-02 15:00:00,Cash
6627,2,214,36,2026-01-27 15:00:00,Credit
6628,3,497,54,2026-01-05 15:00:00,Credit
6629,3,196,45,2026-05-04 09:00:00,Cash
6630,2,149,25,2026-07-08 19:00:00,Debit
6631,2,617,41,2026-05-26 15:00:00,Cash
6632,2,658,28,2026-05-08 09:00:00,Cash
6633,2,49,33,2026-04-03 15:00:00,Debit
6634,4,585,66,2026-05-07 17:00:00,Credit
6635,3,363,61,2026-01-23 17:00:00,Cash
6636,2,279,31,2026-03-18 09:00:00,Credit
6637,3,316,59,2026-03-27 15:00:00,Credit
6638,3,53,56,2026-03-16 17:00:00,Debit
6639,2,409,35,2026-04-16 09:00:00,Credit
6640,1,381,13,2026-07-24 09:00:00,Credit
6641,3,111,56,2026-07-09 17:00:00,Credit
6642,4,227,73,2026-02-25 17:00:00,Credit
6643,2,57,34,2026-06-28 13:00:00,Credit
6644,5,370,90,2026-06-27 15:00:00,Cash
6645,2,218,38,2026-04-18 19:00:00,Cash
6646,3,316,60,2026-03-04 19:00:00,Debit
6647,1,43,7,2026-02-19 19:00:00,Debit
6648,4,581,75,2026-02-26 17:00:00,Credit
6649,3,279,60,2026-01-15 15:00:00,Credit
6650,5,692,86,2026-07-10 11:00:00,Credit
6651,1,134,14,2026-01-21 17:00:00,Cash
6652,2,197,43,2026-06-08 15:00:00,Cash
6653,1,8,20,2026-03-28 17:00:00,Cash
6654,2,256,38,2026-07-12 19:00:00,Cash
6655,5,223,85,2026-07-07 13:00:00,Cash
6656,4,374,76,2026-05-09 17:00:00,Debit
6657,2,545,24,2026-07-18 15:00:00,Cash
6658,3,51,56,2026-04-18 09:00:00,Cash
6659,2,558,26,2026-04-23 17:00:00,Debit
6660,2,322,31,2026-04-02 19:00:00,Credit
6661,3,342,59,2026-07-24 19:00:00,Cash
6662,1,281,20,2026-06-16 15:00:00,Cash
6663,5,118,90,2026-07-17 19:00:00,Cash
6664,4,303,71,2026-06-26 19:00:00,Debit
6665,2,259,26,2026-07-22 17:00:00,Debit
6666,1,373,14,2026-01-27 15:00:00,Credit
6667,5,298,89,2026-04-18 17:00:00,Cash
6668,2,226,38,2026-07-21 17:00:00,Debit
6669,2,634,42,2026-04-20 19:00:00,Credit
6670,1,136,8,2026-03-10 19:00:00,Cash
6671,1,276,17,2026-05-06 15:00:00,Debit
6672,3,320,57,2026-02-21 15:00:00,Credit
6673,2,551,24,2026-03-07 17:00:00,Cash
6674,2,85,43,2026-03-03 17:00:00,Credit
6675,1,112,15,2026-07-12 15:00:00,Credit
6676,1,315,15,2026-05-16 11:00:00,Cash
6677,4,636,66,2026-05-24 11:00:00,Debit
6678,4,418,68,2026-01-23 19:00:00,Credit
6679,2,280,44,2026-05-22 19:00:00,Credit
6680,1,698,22,2026-06-25 13:00:00,Debit
6681,2,29,37,2026-05-10 15:00:00,Credit
6682,3,499,56,2026-02-21 15:00:00,Debit
6683,2,57,35,2026-05-19 19:00:00,Credit
6684,2,337,26,2026-03-10 13:00:00,Credit
6685,2,80,41,2026-06-09 13:00:00,Cash
6686,1,443,8,2026-02-05 15:00:00,Debit
6687,2,90,44,2026-01-14 19:00:00,Debit
6688,1,622,4,2026-07-22 15:00:00,Debit
6689,2,358,28,2026-03-08 15:00:00,Credit
6690,1,446,22,2026-04-20 11:00:00,Credit
6691,2,486,30,2026-07-03 13:00:00,Credit
6692,2,634,25,2026-07-17 13:00:00,Credit
6693,2,634,23,2026-06-17 09:00:00,Debit
6694,1,307,12,2026-04-21 11:00:00,Credit
6695,2,668,34,2026-04-09 17:00:00,Debit
6696,2,393,40,2026-03-16 19:00:00,Credit
6697,5,80,80,2026-05-20 15:00:00,Cash
6698,2,392,40,2026-07-17 19:00:00,Debit
6699,2,201,43,2026-07-23 11:00:00,Credit
6700,4,320,75,2026-06-15 19:00:00,Debit
6701,2,387,44,2026-01-01 17:00:00,Credit
6702,2,630,24,2026-06-04 17:00:00,Cash
6703,1,30,6,2026-05-08 13:00:00,Debit
6704,3,468,50,2026-04-23 19:00:00,Credit
6705,1,332,2,2026-05-27 15:00:00,Debit
6706,4,46,73,2026-02-21 15:00:00,Cash
6707,1,145,6,2026-05-12 13:00:00,Debit
6708,4,211,64,2026-06-12 13:00:00,Debit
6709,4,195,72,2026-07-19 15:00:00,Debit
6710,1,602,14,2026-06-12 19:00:00,Debit
6711,1,27,20,2026-01-13 19:00:00,Cash
6712,3,12,55,2026-05-15 13:00:00,Credit
6713,2,397,32,2026-06-04 19:00:00,Credit
6714,4,205,76,2026-06-28 11:00:00,Debit
6715,2,161,34,2026-06-21 19:00:00,Debit
6716,4,131,68,2026-03-02 09:00:00,Credit
6717,1,624,20,2026-03-12 19:00:00,Credit
6718,2,576,41,2026-06-19 13:00:00,Credit
6719,1,498,11,2026-01-16 13:00:00,Credit
6720,3,376,55,2026-06-15 13:00:00,Credit
6721,1,633,22,2026-07-26 15:00:00,Debit
6722,5,418,92,2026-03-07 15:00:00,Debit
6723,4,81,68,2026-01-03 17:00:00,Credit
6724,3,529,60,2026-03-21 17:00:00,Debit
6725,4,183,65,2026-06-22 17:00:00,Debit
6726,2,296,44,2026-05-27 19:00:00,Debit
6727,4,644,70,2026-05-19 15:00:00,Cash
6728,2,131,34,2026-05-07 17:00:00,Credit
6729,2,197,33,2026-03-02 17:00:00,Cash
6730,2,361,25,2026-06-06 19:00:00,Debit
6731,1,22,14,2026-07-26 13:00:00,Cash
6732,4,156,71,2026-06-26 17:00:00,Debit
6733,1,108,1,2026-04-25 13:00:00,Cash
6734,1,21,6,2026-07-02 19:00:00,Credit
6735,5,373,82,2026-06-07 17:00:00,Credit
6736,1,140,7,2026-07-20 15:00:00,Credit
6737,2,130,28,2026-07-04 13:00:00,Debit
6738,4,131,66,2026-06-14 17:00:00,Debit
6739,2,662,24,2026-03-16 11:00:00,Debit
6740,2,452,38,2026-07-13 15:00:00,Cash
6741,2,696,26,2026-01-27 19:00:00,Cash
6742,2,550,32,2026-06-07 11:00:00,Credit
6743,1,346,12,2026-03-22 15:00:00,Debit
6744,2,397,41,2026-06-07 11:00:00,Cash
6745,1,85,19,2026-01-28 13:00:00,Debit
6746,2,301,33,2026-03-18 11:00:00,Debit
6747,1,448,21,2026-07-18 17:00:00,Credit
6748,3,338,58,2026-01-06 19:00:00,Debit
6749,1,627,20,2026-06-08 09:00:00,Cash
6750,2,383,23,2026-06-03 17:00:00,Debit
6751,3,584,51,2026-05-19 19:00:00,Cash
6752,2,127,43,2026-02-19 19:00:00,Cash
6753,2,399,26,2026-07-22 15:00:00,Credit
6754,1,9,2,2026-06-20 17:00:00,Credit
6755,2,335,39,2026-04-04 15:00:00,Debit
6756,5,210,85,2026-07-15 13:00:00,Credit
6757,4,608,75,2026-01-17 17:00:00,Debit
6758,5,546,90,2026-05-26 19:00:00,Cash
6759,4,166,65,2026-03-03 11:00:00,Credit
6760,3,87,54,2026-06-12 19:00:00,Cash
6761,3,413,56,2026-07-07 17:00:00,Cash
6762,4,363,77,2026-06-03 09:00:00,Debit
6763,1,678,5,2026-01-07 17:00:00,Debit
6764,2,559,41,2026-04-18 19:00:00,Debit
6765,2,340,39,2026-06-20 11:00:00,Debit
6766,1,581,9,2026-07-07 11:00:00,Debit
6767,1,562,14,2026-02-12 17:00:00,Credit
6768,2,640,39,2026-06-25 09:00:00,Credit
6769,2,634,41,2026-06-02 17:00:00,Credit
6770,2,299,23,2026-07-10 17:00:00,Debit
6771,4,248,71,2026-05-01 17:00:00,Debit
6772,3,225,58,2026-06-20 17:00:00,Debit
6773,1,464,5,2026-03-26 15:00:00,Debit
6774,3,183,54,2026-06-23 17:00:00,Debit
6775,1,297,5,2026-07-13 09:00:00,Debit
6776,1,645,9,2026-07-15 13:00:00,Credit
6777,2,410,39,2026-03-19 17:00:00,Cash
6778,2,443,39,2026-06-15 19:00:00,Credit
6779,1,170,5,2026-02-21 17:00:00,Debit
6780,4,266,68,2026-06-13 11:00:00,Cash
6781,1,623,15,2026-07-01 11:00:00,Cash
6782,3,104,55,2026-06-22 13:00:00,Cash
6783,1,121,15,2026-05-21 13:00:00,Credit
6784,1,613,16,2026-07-07 13:00:00,Credit
6785,2,491,34,2026-01-21 13:00:00,Cash
6786,2,505,27,2026-06-07 15:00:00,Credit
6787,3,8,51,2026-04-08 13:00:00,Credit
6788,2,456,31,2026-04-26 15:00:00,Credit
6789,1,366,3,2026-07-03 19:00:00,Cash
6790,2,309,28,2026-03-10 19:00:00,Credit
6791,2,218,23,2026-05-03 13:00:00,Cash
6792,4,669,72,2026-06-07 17:00:00,Cash
6793,2,656,33,2026-03-12 19:00:00,Credit
6794,4,213,75,2026-06-14 15:00:00,Debit
6795,2,309,33,2026-07-07 13:00:00,Credit
6796,1,333,22,2026-06-05 13:00:00,Credit
6797,4,610,77,2026-05-11 17:00:00,Cash
6798,2,364,37,2026-06-20 19:00:00,Debit
6799,2,181,26,2026-03-21 13:00:00,Cash
6800,3,7,58,2026-01-22 15:00:00,Debit
6801,1,657,3,2026-03-23 19:00:00,Debit
6802,2,516,29,2026-02-09 19:00:00,Credit
6803,4,410,69,2026-05-11 09:00:00,Credit
6804,2,585,26,2026-01-07 17:00:00,Debit
6805,1,620,21,2026-01-12 11:00:00,Debit
6806,1,157,3,2026-07-10 11:00:00,Credit
6807,5,292,85,2026-04-09 17:00:00,Debit
6808,2,444,38,2026-05-25 15:00:00,Cash
6809,2,396,42,2026-05-28 19:00:00,Cash
6810,2,239,29,2026-03-26 11:00:00,Credit
6811,1,564,5,2026-06-18 17:00:00,Credit
6812,4,683,78,2026-01-21 19:00:00,Credit
6813,3,290,48,2026-04-10 19:00:00,Cash
6814,2,127,36,2026-04-15 13:00:00,Cash
6815,1,335,5,2026-03-10 17:00:00,Debit
6816,1,514,15,2026-04-06 19:00:00,Cash
6817,2,12,41,2026-04-10 17:00:00,Debit
6818,2,636,29,2026-06-12 17:00:00,Credit
6819,4,48,73,2026-07-15 15:00:00,Credit
6820,2,228,32,2026-01-02 19:00:00,Cash
6821,4,73,65,2026-05-27 19:00:00,Credit
6822,1,666,5,2026-05-01 19:00:00,Credit
6823,4,339,66,2026-06-12 17:00:00,Cash
6824,3,37,59,2026-06-05 19:00:00,Credit
6825,1,567,5,2026-01-07 13:00:00,Credit
6826,1,109,4,2026-05-22 13:00:00,Credit
6827,3,481,52,2026-07-19 15:00:00,Cash
6828,4,480,75,2026-05-06 15:00:00,Debit
6829,5,651,88,2026-07-08 15:00:00,Credit
6830,1,418,11,2026-07-26 19:00:00,Credit
6831,2,347,37,2026-06-26 15:00:00,Debit
6832,1,392,17,2026-07-05 19:00:00,Credit
6833,2,306,41,2026-06-28 17:00:00,Cash
6834,3,52,50,2026-06-23 15:00:00,Cash
6835,2,531,31,2026-01-01 17:00:00,Credit
6836,5,87,82,2026-03-04 19:00:00,Credit
6837,3,200,45,2026-06-19 15:00:00,Cash
6838,2,287,41,2026-01-15 17:00:00,Debit
6839,1,175,15,2026-03-08 19:00:00,Credit
6840,4,666,63,2026-06-19 17:00:00,Credit
6841,3,115,58,2026-03-21 13:00:00,Credit
6842,3,184,53,2026-06-22 19:00:00,Credit
6843,2,118,43,2026-05-11 19:00:00,Cash
6844,2,502,23,2026-02-17 11:00:00,Cash
6845,2,249,38,2026-06-10 09:00:00,Debit
6846,5,616,87,2026-03-28 17:00:00,Credit
6847,3,540,56,2026-02-26 15:00:00,Credit
6848,4,122,76,2026-03-16 15:00:00,Debit
6849,4,513,71,2026-03-14 15:00:00,Debit
6850,1,61,4,2026-03-22 19:00:00,Credit
6851,4,347,73,2026-07-21 11:00:00,Cash
6852,1,124,2,2026-02-12 15:00:00,Credit
6853,2,380,30,2026-01-07 17:00:00,Debit
6854,3,523,45,2026-06-13 15:00:00,Credit
6855,4,144,70,2026-07-18 11:00:00,Debit
6856,2,392,35,2026-07-13 15:00:00,Credit
6857,1,475,17,2026-02-18 17:00:00,Cash
6858,2,471,25,2026-03-15 15:00:00,Cash
6859,1,236,10,2026-06-28 19:00:00,Debit
6860,3,91,45,2026-05-02 13:00:00,Cash
6861,4,2,63,2026-06-09 15:00:00,Credit
6862,5,81,88,2026-02-04 13:00:00,Cash
6863,1,309,8,2026-06-28 11:00:00,Credit
6864,2,546,43,2026-04-13 17:00:00,Cash
6865,2,308,41,2026-07-19 15:00:00,Credit
6866,4,539,70,2026-07-19 15:00:00,Credit
6867,2,373,25,2026-01-09 11:00:00,Cash
6868,1,399,13,2026-06-07 09:00:00,Credit
6869,2,412,40,2026-04-04 15:00:00,Cash
6870,2,691,27,2026-04-26 17:00:00,Cash
6871,5,544,88,2026-07-17 15:00:00,Cash
6872,5,399,91,2026-07-17 11:00:00,Cash
6873,1,58,11,2026-07-09 19:00:00,Debit
6874,2,473,28,2026-07-10 15:00:00,Credit
6875,4,666,75,2026-07-14 19:00:00,Credit
6876,1,677,9,2026-07-03 15:00:00,Cash
6877,3,162,51,2026-04-04 15:00:00,Credit
6878,5,400,92,2026-01-15 09:00:00,Cash
6879,5,559,90,2026-03-15 11:00:00,Cash
6880,2,671,24,2026-07-17 19:00:00,Debit
6881,2,91,28,2026-07-12 17:00:00,Debit
6882,2,285,26,2026-07-13 19:00:00,Cash
6883,2,344,37,2026-04-14 15:00:00,Credit
6884,5,507,79,2026-07-05 09:00:00,Credit
6885,2,540,41,2026-06-23 13:00:00,Credit
6886,4,191,76,2026-05-16 17:00:00,Credit
6887,2,432,25,2026-07-05 13:00:00,Debit
6888,1,244,7,2026-06-28 19:00:00,Debit
6889,4,265,64,2026-06-21 15:00:00,Cash
6890,2,651,39,2026-05-22 17:00:00,Cash
6891,5,287,83,2026-06-27 13:00:00,Credit
6892,3,383,51,2026-07-27 15:00:00,Credit
6893,4,247,70,2026-02-23 09:00:00,Cash
6894,2,288,23,2026-07-01 17:00:00,Credit
6895,2,568,32,2026-07-28 15:00:00,Cash
6896,5,109,88,2026-06-22 19:00:00,Credit
6897,4,361,77,2026-05-24 09:00:00,Cash
6898,2,48,42,2026-06-27 19:00:00,Debit
6899,3,578,45,2026-02-15 17:00:00,Debit
6900,2,610,41,2026-04-28 09:00:00,Credit
6901,2,274,39,2026-03-17 15:00:00,Cash
6902,1,425,3,2026-02-19 19:00:00,Debit
6903,3,487,47,2026-04-15 17:00:00,Debit
6904,5,698,88,2026-05-06 17:00:00,Cash
6905,4,279,77,2026-06-20 11:00:00,Cash
6906,2,142,31,2026-02-21 13:00:00,Debit
6907,4,37,74,2026-07-25 19:00:00,Credit
6908,4,347,64,2026-07-16 13:00:00,Debit
6909,2,83,40,2026-03-27 19:00:00,Cash
6910,5,550,91,2026-07-28 17:00:00,Debit
6911,2,104,30,2026-06-12 19:00:00,Cash
6912,1,449,9,2026-05-17 15:00:00,Cash
6913,1,284,20,2026-07-01 11:00:00,Cash
6914,4,179,65,2026-07-07 17:00:00,Debit
6915,1,448,22,2026-04-10 15:00:00,Cash
6916,1,190,7,2026-04-15 19:00:00,Debit
6917,3,514,45,2026-05-08 13:00:00,Credit
6918,2,513,32,2026-07-10 15:00:00,Credit
6919,5,44,89,2026-03-03 19:00:00,Debit
6920,5,472,85,2026-04-14 11:00:00,Credit
6921,4,78,71,2026-05-01 17:00:00,Debit
6922,2,382,26,2026-01-01 17:00:00,Credit
6923,4,167,73,2026-03-27 13:00:00,Debit
6924,3,641,46,2026-02-02 19:00:00,Credit
6925,2,605,33,2026-04-25 19:00:00,Debit
6926,1,281,3,2026-07-25 13:00:00,Debit
6927,2,244,24,2026-07-25 15:00:00,Debit
6928,4,159,68,2026-07-16 13:00:00,Credit
6929,1,575,7,2026-05-18 17:00:00,Cash
6930,3,233,60,2026-04-15 09:00:00,Cash
6931,2,5,44,2026-06-22 15:00:00,Credit
6932,1,198,5,2026-06-17 19:00:00,Credit
6933,3,431,60,2026-07-16 19:00:00,Debit
6934,3,559,55,2026-03-13 15:00:00,Credit
6935,4,290,67,2026-03-25 13:00:00,Debit
6936,3,37,60,2026-05-17 19:00:00,Debit
6937,2,353,39,2026-07-10 15:00:00,Debit
6938,3,307,56,2026-05-12 15:00:00,Credit
6939,4,582,70,2026-05-09 11:00:00,Debit
6940,2,685,40,2026-06-28 17:00:00,Debit
6941,1,503,7,2026-04-06 17:00:00,Debit
6942,1,247,9,2026-05-16 15:00:00,Cash
6943,1,452,10,2026-03-16 17:00:00,Debit
6944,5,80,79,2026-07-19 15:00:00,Credit
6945,1,184,16,2026-05-28 17:00:00,Debit
6946,4,684,75,2026-07-02 19:00:00,Debit
6947,3,10,55,2026-07-24 19:00:00,Cash
6948,3,548,54,2026-06-27 13:00:00,Debit
6949,1,417,11,2026-07-13 13:00:00,Credit
6950,2,355,30,2026-04-11 17:00:00,Credit
6951,1,240,17,2026-04-03 17:00:00,Credit
6952,3,49,62,2026-05-27 15:00:00,Cash
6953,4,111,71,2026-05-17 15:00:00,Debit
6954,4,507,63,2026-07-26 17:00:00,Cash
6955,2,110,33,2026-03-14 15:00:00,Debit
6956,3,137,53,2026-02-13 13:00:00,Debit
6957,5,616,90,2026-04-05 17:00:00,Cash
6958,2,201,33,2026-05-26 19:00:00,Credit
6959,2,185,28,2026-03-01 19:00:00,Debit
6960,3,52,46,2026-02-21 11:00:00,Credit
6961,1,547,9,2026-03-17 09:00:00,Debit
6962,5,458,94,2026-04-28 13:00:00,Credit
6963,2,235,42,2026-06-05 17:00:00,Credit
6964,1,563,21,2026-07-23 19:00:00,Credit
6965,2,639,39,2026-05-24 19:00:00,Credit
6966,2,400,42,2026-05-01 15:00:00,Cash
6967,4,465,73,2026-05-05 17:00:00,Cash
6968,2,664,29,2026-04-05 15:00:00,Debit
6969,1,625,17,2026-02-10 15:00:00,Debit
6970,2,617,24,2026-05-20 17:00:00,Debit
6971,2,538,29,2026-07-19 13:00:00,Credit
6972,4,416,73,2026-02-28 15:00:00,Cash
6973,5,182,87,2026-07-19 17:00:00,Debit
6974,4,543,71,2026-04-08 11:00:00,Credit
6975,3,600,52,2026-01-06 15:00:00,Cash
6976,2,82,27,2026-01-17 11:00:00,Credit
6977,1,99,5,2026-07-03 13:00:00,Cash
6978,3,286,46,2026-04-07 15:00:00,Debit
6979,2,170,30,2026-02-13 17:00:00,Debit
6980,1,511,16,2026-06-28 19:00:00,Debit
6981,1,163,14,2026-01-02 13:00:00,Credit
6982,2,294,30,2026-03-28 15:00:00,Credit
6983,2,279,43,2026-07-18 13:00:00,Credit
6984,1,144,7,2026-01-26 19:00:00,Credit
6985,2,249,37,2026-06-12 19:00:00,Cash
6986,2,365,40,2026-07-08 09:00:00,Debit
6987,2,285,33,2026-02-14 19:00:00,Cash
6988,5,211,81,2026-04-05 11:00:00,Credit
6989,3,375,61,2026-07-05 13:00:00,Cash
6990,3,211,45,2026-03-20 11:00:00,Debit
6991,2,338,37,2026-03-05 19:00:00,Credit
6992,3,635,50,2026-05-02 15:00:00,Debit
6993,2,481,33,2026-06-11 13:00:00,Cash
6994,3,113,56,2026-05-04 13:00:00,Cash
6995,5,120,80,2026-07-27 15:00:00,Credit
6996,2,440,30,2026-04-10 13:00:00,Cash
6997,5,526,85,2026-07-17 13:00:00,Cash
6998,1,355,18,2026-01-19 09:00:00,Cash
6999,2,698,28,2026-06-05 13:00:00,Cash
7000,4,650,65,2026-04-27 11:00:00,Cash
