sale_item_id,sale_id,product_id,quantity,unit_price,discount_amount
1,1,1,2,11.87,0.0
2,1,12,3,12.04,0.0
3,1,36,3,23.88,2.39
4,2,27,2,24.04,0.0
5,2,164,2,11.63,1.16
6,2,229,3,17.37,0.0
7,3,40,2,15.33,0.0
8,3,8,3,23.8,0.0
9,3,26,1,10.08,0.0
10,3,210,1,11.73,0.0
11,4,5,2,11.32,1.13
12,4,226,1,10.11,0.0
13,4,131,1,13.68,0.0
14,4,45,1,9.43,0.0
15,5,9,3,12.58,0.0
16,5,11,3,10.32,0.0
17,6,1,1,11.87,0.0
18,6,34,3,19.46,0.0
19,6,13,2,4.43,0.0
20,6,28,3,16.85,0.0
21,6,29,1,5.4,0.0
22,7,33,1,5.52,0.0
23,7,3,1,16.72,0.0
24,7,108,1,18.3,0.0
25,7,26,2,10.08,1.01
26,7,28,3,16.85,0.0
27,8,244,1,7.55,0.0
28,8,13,2,4.43,0.0
29,8,30,3,4.36,0.0
30,8,23,2,14.2,0.0
31,9,25,2,19.85,0.0
32,9,98,3,24.18,0.0
33,9,163,3,13.57,0.0
34,9,111,2,16.8,0.0
35,10,33,1,5.52,0.0
36,10,2,1,11.3,0.0
37,11,32,3,5.99,0.6
38,11,29,2,5.4,0.0
39,12,58,2,8.6,0.0
40,12,35,1,3.73,0.0
41,12,12,1,12.04,0.0
42,13,8,3,23.8,0.0
43,13,26,4,10.08,0.0
44,13,69,4,15.15,1.52
45,14,8,3,23.8,0.0
46,14,23,1,14.2,0.0
47,15,16,1,3.81,0.0
48,15,161,1,19.7,0.0
49,15,37,3,16.44,0.0
50,15,246,2,4.38,0.0
51,16,89,3,17.61,1.76
52,16,21,1,3.76,0.0
53,16,174,2,13.87,0.0
54,17,15,1,11.21,0.0
55,17,55,2,12.62,1.26
56,17,142,3,16.37,0.0
57,17,7,2,5.95,0.0
58,18,232,1,23.93,0.0
59,18,13,2,4.43,0.0
60,18,82,1,24.79,0.0
61,18,23,2,14.2,0.0
62,18,24,2,6.46,0.0
63,18,219,1,13.5,0.0
64,19,32,4,5.99,0.6
65,19,3,4,16.72,0.0
66,19,37,1,16.44,0.0
67,19,18,2,19.15,0.0
68,19,24,2,6.46,0.0
69,20,192,2,9.33,0.0
70,20,2,2,11.3,0.0
71,20,237,2,22.09,2.21
72,20,27,2,24.04,0.0
73,20,156,1,22.79,2.28
74,21,37,1,16.44,0.0
75,21,6,2,24.22,0.0
76,21,124,1,9.86,0.0
77,21,16,1,3.81,0.0
78,21,24,2,6.46,0.0
79,21,28,1,16.85,0.0
80,22,38,4,12.67,0.0
81,22,205,2,2.44,0.0
82,22,14,4,12.02,0.0
83,22,21,2,3.76,0.0
84,22,26,3,10.08,0.0
85,22,31,2,7.89,0.79
86,23,90,2,3.2,0.0
87,23,36,1,23.88,0.0
88,23,95,2,10.89,0.0
89,24,75,3,20.65,0.0
90,24,23,1,14.2,0.0
91,25,32,3,5.99,0.0
92,25,232,3,23.93,0.0
93,25,233,1,14.51,0.0
94,25,11,3,10.32,1.03
95,25,14,3,12.02,1.2
96,25,217,3,3.44,0.0
97,26,32,1,5.99,0.0
98,26,7,2,5.95,0.0
99,26,12,2,12.04,0.0
100,26,15,3,11.21,0.0
101,26,112,3,9.55,0.0
102,27,1,3,11.87,1.19
103,27,4,1,8.66,0.87
104,27,36,3,23.88,0.0
105,27,176,1,3.93,0.0
106,27,24,3,6.46,0.0
107,27,185,1,23.4,0.0
108,28,32,2,5.99,0.0
109,28,226,1,10.11,0.0
110,28,69,3,15.15,0.0
111,28,10,2,17.86,0.0
112,28,244,3,7.55,0.0
113,28,29,2,5.4,0.0
114,29,162,3,19.9,0.0
115,29,3,3,16.72,0.0
116,29,80,3,2.9,0.0
117,29,51,1,20.32,0.0
118,29,26,3,10.08,0.0
119,29,159,3,15.12,0.0
120,30,8,3,23.8,0.0
121,30,25,3,19.85,0.0
122,30,228,3,6.31,0.0
123,31,40,1,15.33,0.0
124,31,26,2,10.08,0.0
125,32,33,3,5.52,0.0
126,32,97,2,21.59,0.0
127,32,109,2,3.95,0.0
128,32,173,2,18.36,0.0
129,32,19,2,7.1,0.0
130,33,64,2,15.35,0.0
131,33,33,1,5.52,0.0
132,33,13,2,4.43,0.0
133,33,27,2,24.04,0.0
134,33,30,3,4.36,0.0
135,34,33,2,5.52,0.0
136,34,35,1,3.73,0.0
137,34,22,2,16.56,0.0
138,34,29,2,5.4,0.0
139,34,95,1,10.89,0.0
140,35,150,1,19.3,0.0
141,35,29,3,5.4,0.0
142,35,22,1,16.56,0.0
143,36,32,1,5.99,0.0
144,36,14,2,12.02,0.0
145,36,23,1,14.2,0.0
146,37,3,1,16.72,0.0
147,37,167,2,15.91,0.0
148,37,13,3,4.43,0.0
149,37,19,2,7.1,0.0
150,37,214,2,7.48,0.75
151,37,154,3,24.21,0.0
152,38,8,3,23.8,0.0
153,38,194,2,18.44,0.0
154,38,26,2,10.08,0.0
155,38,76,1,21.26,0.0
156,39,65,3,23.95,0.0
157,39,10,3,17.86,0.0
158,40,32,2,5.99,0.0
159,40,1,2,11.87,0.0
160,40,7,1,5.95,0.6
161,40,16,3,3.81,0.38
162,40,25,2,19.85,0.0
163,41,147,3,18.55,0.0
164,41,22,1,16.56,0.0
165,42,240,3,10.59,0.0
166,42,222,1,15.23,0.0
167,43,26,1,10.08,0.0
168,43,3,2,16.72,0.0
169,43,36,3,23.88,2.39
170,44,72,2,13.53,0.0
171,44,66,2,19.0,0.0
172,44,31,2,7.89,0.79
173,45,5,2,11.32,0.0
174,45,221,2,16.53,0.0
175,45,22,1,16.56,0.0
176,46,33,1,5.52,0.55
177,46,2,2,11.3,0.0
178,46,98,2,24.18,0.0
179,46,20,2,19.92,0.0
180,46,22,1,16.56,1.66
181,47,7,1,5.95,0.0
182,47,17,2,22.02,0.0
183,47,24,1,6.46,0.0
184,47,26,2,10.08,0.0
185,47,158,2,17.6,0.0
186,47,31,3,7.89,0.79
187,48,17,3,22.02,0.0
188,48,2,2,11.3,0.0
189,48,20,3,19.92,0.0
190,48,23,3,14.2,0.0
191,49,3,4,16.72,0.0
192,49,38,3,12.67,0.0
193,49,12,2,12.04,0.0
194,49,14,3,12.02,0.0
195,49,30,1,4.36,0.0
196,50,39,3,14.97,0.0
197,50,10,2,17.86,0.0
198,50,11,3,10.32,0.0
199,50,25,1,19.85,0.0
200,50,93,2,9.58,0.0
201,50,62,3,15.66,0.0
202,51,44,3,24.69,0.0
203,51,221,3,16.53,0.0
204,52,16,3,3.81,0.0
205,52,2,1,11.3,0.0
206,52,14,3,12.02,0.0
207,53,26,2,10.08,1.01
208,53,27,3,24.04,0.0
209,53,37,1,16.44,0.0
210,53,6,3,24.22,0.0
211,54,16,1,3.81,0.38
212,54,93,2,9.58,0.0
213,54,21,2,3.76,0.0
214,55,6,3,24.22,2.42
215,55,234,2,20.09,0.0
216,55,179,2,13.81,0.0
217,55,20,1,19.92,0.0
218,55,184,2,22.35,0.0
219,55,185,3,23.4,0.0
220,56,32,1,5.99,0.0
221,56,35,2,3.73,0.0
222,56,36,2,23.88,0.0
223,56,7,3,5.95,0.0
224,56,75,3,20.65,0.0
225,56,25,2,19.85,0.0
226,57,65,1,23.95,0.0
227,57,9,1,12.58,0.0
228,57,42,3,22.29,0.0
229,58,32,3,5.99,0.0
230,58,6,1,24.22,0.0
231,58,240,4,10.59,0.0
232,58,17,1,22.02,0.0
233,58,22,3,16.56,0.0
234,59,9,1,12.58,0.0
235,59,20,1,19.92,0.0
236,59,21,1,3.76,0.0
237,59,23,2,14.2,0.0
238,60,24,3,6.46,0.0
239,60,1,3,11.87,0.0
240,60,194,2,18.44,0.0
241,60,38,2,12.67,0.0
242,61,1,1,11.87,0.0
243,61,48,4,12.11,0.0
244,61,23,1,14.2,0.0
245,61,28,3,16.85,0.0
246,61,29,4,5.4,0.0
247,61,191,3,7.16,0.0
248,62,176,3,3.93,0.0
249,62,34,2,19.46,0.0
250,62,23,3,14.2,0.0
251,63,144,1,18.59,1.86
252,63,131,2,13.68,0.0
253,64,33,1,5.52,0.0
254,64,44,1,24.69,0.0
255,65,10,1,17.86,0.0
256,65,38,3,12.67,0.0
257,66,1,3,11.87,0.0
258,66,4,1,8.66,0.0
259,66,38,3,12.67,0.0
260,66,21,1,3.76,0.0
261,66,149,2,16.04,0.0
262,66,126,3,6.42,0.0
263,67,40,2,15.33,1.53
264,67,11,1,10.32,0.0
265,67,60,2,24.48,0.0
266,67,238,1,3.0,0.3
267,67,28,2,16.85,0.0
268,67,190,1,3.88,0.0
269,68,25,3,19.85,0.0
270,68,10,3,17.86,0.0
271,68,36,3,23.88,2.39
272,68,1,2,11.87,0.0
273,69,33,3,5.52,0.0
274,69,12,3,12.04,0.0
275,69,25,3,19.85,0.0
276,69,6,2,24.22,0.0
277,70,29,1,5.4,0.0
278,70,38,2,12.67,0.0
279,71,64,2,15.35,0.0
280,71,37,3,16.44,0.0
281,71,38,2,12.67,0.0
282,71,6,3,24.22,0.0
283,71,206,3,6.96,0.0
284,71,23,3,14.2,0.0
285,72,12,3,12.04,0.0
286,72,177,3,5.69,0.0
287,72,20,2,19.92,0.0
288,72,87,1,10.91,0.0
289,72,188,2,10.6,0.0
290,73,30,2,4.36,0.0
291,73,154,2,24.21,0.0
292,73,60,2,24.48,0.0
293,73,190,1,3.88,0.0
294,73,191,2,7.16,0.0
295,74,239,3,10.9,0.0
296,74,35,2,3.73,0.0
297,74,22,1,16.56,0.0
298,74,23,3,14.2,0.0
299,75,10,1,17.86,0.0
300,75,4,3,8.66,0.0
301,75,5,1,11.32,0.0
302,76,38,2,12.67,0.0
303,76,8,1,23.8,0.0
304,76,109,2,3.95,0.4
305,76,26,3,10.08,1.01
306,76,31,1,7.89,0.0
307,77,27,1,24.04,0.0
308,77,212,1,7.47,0.0
309,78,81,1,18.28,0.0
310,78,25,1,19.85,0.0
311,78,146,4,10.38,0.0
312,78,17,3,22.02,0.0
313,79,154,1,24.21,0.0
314,79,19,3,7.1,0.0
315,80,24,3,6.46,0.0
316,80,230,3,14.04,0.0
317,81,19,1,7.1,0.71
318,81,13,1,4.43,0.0
319,81,39,2,14.97,0.0
320,82,35,2,3.73,0.37
321,82,230,3,14.04,0.0
322,82,11,1,10.32,0.0
323,82,49,1,12.79,0.0
324,82,25,3,19.85,0.0
325,82,26,3,10.08,0.0
326,83,8,2,23.8,0.0
327,83,40,1,15.33,0.0
328,83,37,2,16.44,0.0
329,83,29,1,5.4,0.0
330,84,32,3,5.99,0.0
331,84,18,3,19.15,0.0
332,84,51,3,20.32,0.0
333,84,23,3,14.2,0.0
334,85,28,2,16.85,0.0
335,85,197,3,2.88,0.0
336,85,30,1,4.36,0.0
337,85,247,3,15.38,0.0
338,86,3,1,16.72,0.0
339,86,6,3,24.22,0.0
340,86,181,3,4.11,0.0
341,86,56,1,2.86,0.0
342,86,62,1,15.66,0.0
343,87,6,1,24.22,0.0
344,87,7,2,5.95,0.0
345,87,167,2,15.91,0.0
346,87,184,2,22.35,0.0
347,87,218,2,21.24,0.0
348,87,29,1,5.4,0.54
349,88,32,1,5.99,0.0
350,88,89,2,17.61,0.0
351,88,226,2,10.11,0.0
352,89,5,3,11.32,0.0
353,89,37,1,16.44,0.0
354,89,23,3,14.2,0.0
355,89,26,2,10.08,0.0
356,89,158,3,17.6,0.0
357,90,8,3,23.8,2.38
358,90,40,2,15.33,0.0
359,90,14,2,12.02,0.0
360,90,16,3,3.81,0.0
361,90,24,2,6.46,0.0
362,90,250,1,10.1,1.01
363,91,26,2,10.08,0.0
364,91,21,1,3.76,0.0
365,91,38,1,12.67,0.0
366,92,113,1,4.94,0.0
367,92,28,3,16.85,0.0
368,93,10,3,17.86,0.0
369,93,13,2,4.43,0.0
370,93,14,2,12.02,1.2
371,93,146,2,10.38,0.0
372,93,27,2,24.04,0.0
373,94,33,1,5.52,0.0
374,94,67,1,2.94,0.29
375,94,14,3,12.02,0.0
376,94,22,1,16.56,0.0
377,94,28,1,16.85,0.0
378,95,176,1,3.93,0.39
379,95,21,3,3.76,0.0
380,96,24,2,6.46,0.0
381,96,8,3,23.8,0.0
382,96,88,2,19.81,0.0
383,96,30,3,4.36,0.0
384,97,67,2,2.94,0.0
385,97,7,3,5.95,0.0
386,97,8,3,23.8,0.0
387,97,16,2,3.81,0.0
388,97,19,2,7.1,0.0
389,98,4,3,8.66,0.0
390,98,40,1,15.33,0.0
391,98,9,1,12.58,0.0
392,98,142,1,16.37,0.0
393,98,28,2,16.85,0.0
394,99,24,3,6.46,0.0
395,99,211,3,19.85,0.0
396,99,230,1,14.04,0.0
397,99,7,1,5.95,0.0
398,100,20,3,19.92,0.0
399,100,22,4,16.56,0.0
400,101,97,3,21.59,0.0
401,101,7,3,5.95,0.0
402,101,8,3,23.8,0.0
403,101,12,2,12.04,0.0
404,101,13,2,4.43,0.0
405,101,24,3,6.46,0.0
406,102,1,1,11.87,0.0
407,102,12,2,12.04,1.2
408,102,9,2,12.58,0.0
409,103,50,1,16.52,0.0
410,103,219,3,13.5,0.0
411,103,92,3,9.7,0.0
412,104,40,1,15.33,0.0
413,104,21,1,3.76,0.0
414,105,4,2,8.66,0.0
415,105,8,3,23.8,0.0
416,105,17,1,22.02,2.2
417,105,149,1,16.04,1.6
418,105,24,1,6.46,0.65
419,105,31,3,7.89,0.0
420,106,3,1,16.72,0.0
421,106,231,3,10.29,0.0
422,106,22,2,16.56,0.0
423,106,23,1,14.2,0.0
424,106,26,3,10.08,0.0
425,107,232,1,23.93,0.0
426,107,22,2,16.56,0.0
427,107,39,3,14.97,0.0
428,108,27,2,24.04,0.0
429,108,28,2,16.85,0.0
430,109,17,2,22.02,0.0
431,109,142,1,16.37,0.0
432,109,39,3,14.97,0.0
433,110,249,1,5.07,0.0
434,110,67,3,2.94,0.0
435,110,38,3,12.67,0.0
436,110,17,3,22.02,0.0
437,111,10,3,17.86,0.0
438,111,18,3,19.15,0.0
439,112,34,3,19.46,0.0
440,112,26,2,10.08,1.01
441,112,20,2,19.92,0.0
442,112,203,3,16.15,0.0
443,113,9,2,12.58,1.26
444,113,4,1,8.66,0.0
445,113,151,1,20.03,0.0
446,114,39,2,14.97,0.0
447,114,9,1,12.58,0.0
448,114,170,2,13.05,0.0
449,114,10,1,17.86,0.0
450,114,17,2,22.02,0.0
451,114,26,3,10.08,0.0
452,115,66,2,19.0,0.0
453,115,16,1,3.81,0.0
454,115,118,3,4.15,0.42
455,115,26,3,10.08,0.0
456,115,157,3,6.46,0.0
457,115,31,3,7.89,0.0
458,116,33,2,5.52,0.0
459,116,131,2,13.68,0.0
460,116,145,2,3.0,0.3
461,116,54,3,3.71,0.0
462,116,186,1,11.54,0.0
463,116,29,2,5.4,0.0
464,117,238,1,3.0,0.0
465,117,181,3,4.11,0.0
466,117,86,1,23.11,0.0
467,117,27,1,24.04,0.0
468,117,31,2,7.89,0.0
469,118,18,1,19.15,0.0
470,118,3,2,16.72,0.0
471,118,29,1,5.4,0.0
472,118,23,2,14.2,0.0
473,119,40,3,15.33,0.0
474,119,10,3,17.86,0.0
475,119,205,1,2.44,0.0
476,119,23,1,14.2,0.0
477,120,168,1,22.08,0.0
478,120,15,1,11.21,0.0
479,120,37,2,16.44,0.0
480,120,63,2,10.84,0.0
481,121,2,3,11.3,1.13
482,121,41,3,17.67,0.0
483,121,115,1,23.78,0.0
484,121,52,2,15.6,0.0
485,121,25,2,19.85,0.0
486,121,26,3,10.08,0.0
487,122,8,2,23.8,0.0
488,122,11,3,10.32,0.0
489,122,13,2,4.43,0.0
490,122,14,2,12.02,0.0
491,123,28,3,16.85,1.69
492,123,77,1,24.59,0.0
493,123,22,2,16.56,0.0
494,124,67,3,2.94,0.0
495,124,85,1,10.37,0.0
496,125,240,3,10.59,0.0
497,125,167,2,15.91,0.0
498,125,26,1,10.08,0.0
499,125,15,3,11.21,0.0
500,126,34,3,19.46,0.0
501,126,187,3,11.12,0.0
502,126,36,3,23.88,0.0
503,126,30,3,4.36,0.0
504,127,34,3,19.46,0.0
505,127,2,2,11.3,0.0
506,127,228,2,6.31,0.0
507,127,22,1,16.56,0.0
508,127,183,3,20.78,0.0
509,127,25,2,19.85,0.0
510,128,11,2,10.32,0.0
511,128,196,3,5.36,0.0
512,128,5,1,11.32,1.13
513,128,15,3,11.21,0.0
514,129,40,3,15.33,0.0
515,129,1,2,11.87,0.0
516,129,114,3,18.17,0.0
517,129,15,1,11.21,0.0
518,130,198,3,23.1,0.0
519,130,7,1,5.95,0.0
520,130,76,2,21.26,0.0
521,130,44,1,24.69,0.0
522,130,23,3,14.2,0.0
523,130,29,3,5.4,0.0
524,131,38,2,12.67,0.0
525,131,103,3,23.09,2.31
526,131,13,1,4.43,0.0
527,131,83,3,14.05,0.0
528,131,213,1,4.8,0.0
529,131,217,2,3.44,0.0
530,132,40,3,15.33,0.0
531,132,31,2,7.89,0.0
532,132,239,2,10.9,0.0
533,133,33,3,5.52,0.0
534,133,98,2,24.18,0.0
535,133,27,2,24.04,0.0
536,133,28,2,16.85,0.0
537,133,29,2,5.4,0.0
538,133,30,1,4.36,0.0
539,134,26,3,10.08,0.0
540,134,95,1,10.89,0.0
541,135,32,1,5.99,0.0
542,135,34,1,19.46,0.0
543,135,14,1,12.02,1.2
544,135,16,3,3.81,0.0
545,135,21,3,3.76,0.0
546,136,18,2,19.15,1.92
547,136,147,1,18.55,1.86
548,137,208,3,23.63,0.0
549,137,17,2,22.02,0.0
550,137,6,3,24.22,0.0
551,138,5,1,11.32,0.0
552,138,71,2,15.92,0.0
553,138,138,3,15.74,0.0
554,138,15,3,11.21,0.0
555,138,49,3,12.79,0.0
556,138,21,3,3.76,0.0
557,139,18,3,19.15,0.0
558,139,19,1,7.1,0.0
559,139,20,1,19.92,0.0
560,139,13,3,4.43,0.0
561,140,1,3,11.87,0.0
562,140,9,3,12.58,0.0
563,140,10,1,17.86,0.0
564,140,12,2,12.04,0.0
565,140,16,1,3.81,0.0
566,141,24,3,6.46,0.0
567,141,12,3,12.04,1.2
568,141,38,1,12.67,0.0
569,141,71,3,15.92,0.0
570,142,9,2,12.58,0.0
571,142,10,3,17.86,0.0
572,142,13,3,4.43,0.0
573,142,18,3,19.15,0.0
574,142,153,1,7.5,0.0
575,143,16,2,3.81,0.0
576,143,17,1,22.02,0.0
577,143,21,3,3.76,0.38
578,143,118,2,4.15,0.42
579,144,34,3,19.46,0.0
580,144,35,1,3.73,0.0
581,144,2,2,11.3,0.0
582,144,12,2,12.04,0.0
583,144,222,3,15.23,0.0
584,144,31,1,7.89,0.0
585,145,40,1,15.33,0.0
586,145,36,2,23.88,0.0
587,146,232,1,23.93,0.0
588,146,10,2,17.86,0.0
589,146,32,1,5.99,0.0
590,147,34,2,19.46,0.0
591,147,35,3,3.73,0.0
592,147,133,3,18.99,0.0
593,147,39,3,14.97,0.0
594,147,171,1,10.54,0.0
595,148,26,3,10.08,0.0
596,148,7,1,5.95,0.0
597,148,38,1,12.67,0.0
598,148,6,1,24.22,0.0
599,149,89,2,17.61,0.0
600,149,212,1,7.47,0.0
601,149,21,1,3.76,0.0
602,149,175,2,4.87,0.0
603,150,164,1,11.63,1.16
604,150,198,2,23.1,0.0
605,150,12,2,12.04,0.0
606,150,116,3,24.93,0.0
607,150,158,2,17.6,0.0
608,150,127,1,25.0,0.0
609,151,228,2,6.31,0.0
610,151,14,3,12.02,0.0
611,152,98,4,24.18,0.0
612,152,28,3,16.85,0.0
613,152,30,4,4.36,0.0
614,153,120,1,13.7,0.0
615,153,234,2,20.09,0.0
616,154,38,2,12.67,0.0
617,154,39,1,14.97,0.0
618,154,75,1,20.65,0.0
619,154,174,3,13.87,0.0
620,154,15,1,11.21,0.0
621,154,48,3,12.11,0.0
622,155,35,3,3.73,0.0
623,155,37,2,16.44,0.0
624,155,103,1,23.09,0.0
625,155,17,3,22.02,0.0
626,155,91,2,16.51,0.0
627,156,2,2,11.3,0.0
628,156,29,2,5.4,0.0
629,157,67,3,2.94,0.0
630,157,19,3,7.1,0.0
631,157,20,3,19.92,0.0
632,157,24,3,6.46,0.0
633,157,27,1,24.04,0.0
634,158,193,3,4.28,0.0
635,158,133,1,18.99,0.0
636,158,11,3,10.32,1.03
637,158,14,1,12.02,0.0
638,158,190,1,3.88,0.0
639,159,2,3,11.3,0.0
640,159,8,1,23.8,0.0
641,159,15,2,11.21,0.0
642,159,50,1,16.52,0.0
643,159,51,1,20.32,0.0
644,159,181,1,4.11,0.0
645,160,33,3,5.52,0.0
646,160,2,2,11.3,0.0
647,160,70,3,6.33,0.0
648,160,40,1,15.33,0.0
649,160,140,3,6.16,0.0
650,160,250,2,10.1,0.0
651,161,2,2,11.3,0.0
652,161,34,1,19.46,0.0
653,161,3,1,16.72,0.0
654,161,37,2,16.44,0.0
655,161,102,3,17.26,0.0
656,161,28,3,16.85,0.0
657,162,25,3,19.85,0.0
658,162,243,2,3.55,0.0
659,163,8,2,23.8,0.0
660,163,11,1,10.32,0.0
661,163,6,2,24.22,0.0
662,163,22,3,16.56,0.0
663,164,5,1,11.32,0.0
664,164,135,2,17.22,0.0
665,164,12,3,12.04,0.0
666,164,237,1,22.09,0.0
667,164,22,3,16.56,0.0
668,164,31,3,7.89,0.0
669,165,19,1,7.1,0.0
670,165,180,4,21.11,0.0
671,166,24,1,6.46,0.0
672,166,113,2,4.94,0.0
673,166,27,3,24.04,0.0
674,167,164,2,11.63,0.0
675,167,20,1,19.92,0.0
676,167,236,3,2.47,0.0
677,167,23,3,14.2,0.0
678,168,103,1,23.09,0.0
679,168,7,2,5.95,0.0
680,168,19,1,7.1,0.0
681,168,153,1,7.5,0.0
682,168,158,3,17.6,1.76
683,169,133,3,18.99,0.0
684,169,6,2,24.22,0.0
685,169,8,1,23.8,0.0
686,169,41,2,17.67,0.0
687,169,22,1,16.56,0.0
688,169,31,1,7.89,0.0
689,170,60,3,24.48,0.0
690,170,23,1,14.2,0.0
691,171,224,2,8.7,0.0
692,171,73,2,24.03,0.0
693,171,234,2,20.09,0.0
694,171,23,1,14.2,0.0
695,172,187,2,11.12,0.0
696,172,237,3,22.09,0.0
697,172,143,1,22.76,0.0
698,172,117,3,22.99,0.0
699,172,27,1,24.04,0.0
700,173,34,1,19.46,0.0
701,173,6,3,24.22,0.0
702,173,39,2,14.97,0.0
703,173,137,3,16.21,1.62
704,173,49,3,12.79,0.0
705,174,242,1,10.21,0.0
706,174,26,2,10.08,1.01
707,174,36,1,23.88,0.0
708,175,33,2,5.52,0.0
709,175,13,2,4.43,0.0
710,175,21,3,3.76,0.0
711,175,27,3,24.04,0.0
712,175,189,3,10.88,0.0
713,176,9,3,12.58,0.0
714,176,3,3,16.72,0.0
715,176,17,3,22.02,0.0
716,177,40,1,15.33,0.0
717,177,2,2,11.3,0.0
718,177,27,3,24.04,0.0
719,177,30,3,4.36,0.0
720,178,67,3,2.94,0.0
721,178,35,2,3.73,0.0
722,178,14,3,12.02,0.0
723,178,20,1,19.92,0.0
724,178,27,2,24.04,2.4
725,179,192,3,9.33,0.0
726,179,16,3,3.81,0.0
727,179,18,2,19.15,0.0
728,180,234,3,20.09,0.0
729,180,12,3,12.04,0.0
730,180,14,1,12.02,0.0
731,180,23,2,14.2,0.0
732,180,26,3,10.08,0.0
733,180,30,2,4.36,0.44
734,181,16,2,3.81,0.0
735,181,11,2,10.32,0.0
736,181,208,3,23.63,0.0
737,182,1,1,11.87,0.0
738,182,238,2,3.0,0.0
739,182,21,2,3.76,0.0
740,182,22,3,16.56,1.66
741,182,28,2,16.85,0.0
742,182,29,1,5.4,0.0
743,183,38,2,12.67,0.0
744,183,77,1,24.59,0.0
745,183,14,3,12.02,0.0
746,183,246,2,4.38,0.0
747,183,28,1,16.85,0.0
748,183,31,1,7.89,0.0
749,184,40,1,15.33,0.0
750,184,2,2,11.3,0.0
751,184,22,2,16.56,0.0
752,184,47,1,9.27,0.0
753,185,9,2,12.58,0.0
754,185,35,1,3.73,0.0
755,185,60,2,24.48,0.0
756,185,21,3,3.76,0.0
757,186,16,2,3.81,0.0
758,186,35,1,3.73,0.0
759,186,189,3,10.88,0.0
760,187,29,1,5.4,0.0
761,187,5,2,11.32,0.0
762,187,39,1,14.97,0.0
763,187,7,1,5.95,0.0
764,188,34,3,19.46,0.0
765,188,27,3,24.04,0.0
766,188,108,2,18.3,0.0
767,188,38,2,12.67,0.0
768,189,3,3,16.72,0.0
769,189,6,1,24.22,0.0
770,189,239,3,10.9,0.0
771,189,27,3,24.04,0.0
772,189,31,2,7.89,0.0
773,190,196,3,5.36,0.0
774,190,12,2,12.04,1.2
775,190,21,3,3.76,0.0
776,190,29,3,5.4,0.0
777,190,31,3,7.89,0.0
778,191,24,1,6.46,0.0
779,191,73,2,24.03,0.0
780,191,185,2,23.4,2.34
781,192,10,2,17.86,0.0
782,192,83,1,14.05,0.0
783,193,160,3,12.13,1.21
784,193,26,2,10.08,0.0
785,193,99,3,15.86,0.0
786,193,6,1,24.22,0.0
787,194,18,3,19.15,0.0
788,194,26,2,10.08,0.0
789,194,238,1,3.0,0.0
790,194,7,1,5.95,0.0
791,195,138,2,15.74,0.0
792,195,34,3,19.46,0.0
793,195,6,2,24.22,0.0
794,195,15,3,11.21,0.0
795,196,32,3,5.99,0.0
796,196,235,1,13.68,0.0
797,196,21,1,3.76,0.0
798,196,247,3,15.38,0.0
799,196,26,1,10.08,1.01
800,196,191,1,7.16,0.0
801,197,1,3,11.87,0.0
802,197,33,1,5.52,0.0
803,197,6,1,24.22,0.0
804,197,40,3,15.33,0.0
805,197,204,2,22.83,0.0
806,198,240,1,10.59,0.0
807,198,91,1,16.51,0.0
808,198,156,3,22.79,0.0
809,199,38,2,12.67,1.27
810,199,41,3,17.67,0.0
811,199,30,2,4.36,0.0
812,200,19,1,7.1,0.0
813,200,13,1,4.43,0.0
814,201,122,1,9.1,0.0
815,201,12,2,12.04,0.0
816,202,234,2,20.09,0.0
817,202,19,1,7.1,0.0
818,203,9,1,12.58,0.0
819,203,36,3,23.88,0.0
820,203,236,3,2.47,0.0
821,203,57,1,10.48,0.0
822,204,2,3,11.3,0.0
823,204,18,2,19.15,0.0
824,204,116,3,24.93,0.0
825,204,20,3,19.92,0.0
826,204,248,1,19.4,0.0
827,205,225,2,2.04,0.0
828,205,34,2,19.46,0.0
829,205,40,2,15.33,0.0
830,205,9,1,12.58,1.26
831,205,26,1,10.08,0.0
832,206,68,1,22.91,2.29
833,206,13,3,4.43,0.0
834,206,16,2,3.81,0.0
835,206,87,2,10.91,1.09
836,206,152,3,7.38,0.0
837,206,90,2,3.2,0.0
838,207,3,1,16.72,0.0
839,207,5,3,11.32,0.0
840,207,17,1,22.02,0.0
841,207,53,1,10.09,1.01
842,207,29,1,5.4,0.0
843,207,31,1,7.89,0.79
844,208,4,1,8.66,0.0
845,208,36,2,23.88,0.0
846,208,39,3,14.97,0.0
847,208,10,1,17.86,0.0
848,208,20,3,19.92,1.99
849,209,73,2,24.03,0.0
850,209,98,3,24.18,0.0
851,209,118,1,4.15,0.0
852,209,23,3,14.2,0.0
853,210,34,3,19.46,0.0
854,210,37,3,16.44,0.0
855,210,86,3,23.11,0.0
856,210,214,3,7.48,0.0
857,210,120,1,13.7,0.0
858,210,247,2,15.38,0.0
859,211,20,3,19.92,0.0
860,211,31,1,7.89,0.0
861,212,225,1,2.04,0.0
862,212,11,1,10.32,0.0
863,212,20,2,19.92,0.0
864,212,22,1,16.56,0.0
865,212,30,2,4.36,0.44
866,213,9,1,12.58,1.26
867,213,60,2,24.48,0.0
868,213,14,2,12.02,0.0
869,214,4,3,8.66,0.0
870,214,84,1,16.03,0.0
871,215,3,3,16.72,0.0
872,215,38,2,12.67,0.0
873,215,31,1,7.89,0.0
874,216,38,4,12.67,0.0
875,216,16,1,3.81,0.0
876,216,11,4,10.32,0.0
877,216,150,4,19.3,0.0
878,217,34,2,19.46,0.0
879,217,20,2,19.92,0.0
880,217,21,1,3.76,0.0
881,217,22,2,16.56,0.0
882,217,23,1,14.2,1.42
883,217,30,1,4.36,0.0
884,218,80,1,2.9,0.29
885,218,196,2,5.36,0.54
886,218,27,2,24.04,0.0
887,218,36,3,23.88,0.0
888,219,180,1,21.11,0.0
889,219,2,2,11.3,0.0
890,219,19,2,7.1,0.0
891,219,116,1,24.93,0.0
892,220,16,2,3.81,0.0
893,220,14,1,12.02,0.0
894,221,20,1,19.92,0.0
895,221,23,3,14.2,0.0
896,221,120,2,13.7,0.0
897,221,56,2,2.86,0.0
898,221,30,2,4.36,0.0
899,222,160,2,12.13,0.0
900,222,162,3,19.9,0.0
901,222,5,1,11.32,0.0
902,222,77,3,24.59,0.0
903,222,220,2,14.33,0.0
904,223,18,2,19.15,0.0
905,223,165,1,5.73,0.0
906,223,174,3,13.87,0.0
907,223,239,1,10.9,0.0
908,224,40,2,15.33,0.0
909,224,21,1,3.76,0.0
910,224,23,2,14.2,0.0
911,224,26,3,10.08,0.0
912,224,91,3,16.51,0.0
913,225,32,3,5.99,0.0
914,225,33,1,5.52,0.0
915,225,227,3,15.13,0.0
916,225,39,2,14.97,0.0
917,225,9,3,12.58,0.0
918,225,24,2,6.46,0.0
919,226,104,2,9.14,0.0
920,226,25,2,19.85,0.0
921,226,124,2,9.86,0.0
922,226,5,2,11.32,0.0
923,227,20,3,19.92,0.0
924,227,22,3,16.56,0.0
925,227,199,1,12.87,0.0
926,228,33,2,5.52,0.0
927,228,31,2,7.89,0.0
928,229,3,2,16.72,0.0
929,229,12,3,12.04,0.0
930,229,52,3,15.6,1.56
931,230,166,3,6.59,0.0
932,230,6,2,24.22,0.0
933,230,114,1,18.17,0.0
934,230,245,3,17.11,0.0
935,230,249,3,5.07,0.0
936,231,145,1,3.0,0.0
937,231,35,3,3.73,0.0
938,232,1,3,11.87,0.0
939,232,19,1,7.1,0.0
940,232,13,1,4.43,0.0
941,232,7,3,5.95,0.0
942,233,72,2,13.53,0.0
943,233,116,2,24.93,0.0
944,234,162,1,19.9,0.0
945,234,99,2,15.86,0.0
946,234,8,1,23.8,0.0
947,234,232,1,23.93,0.0
948,234,13,2,4.43,0.0
949,234,19,2,7.1,0.0
950,235,29,3,5.4,0.0
951,235,35,2,3.73,0.0
952,235,12,1,12.04,1.2
953,235,133,1,18.99,0.0
954,236,33,3,5.52,0.0
955,236,8,1,23.8,0.0
956,236,18,2,19.15,0.0
957,236,19,1,7.1,0.71
958,236,29,1,5.4,0.0
959,237,32,2,5.99,0.0
960,237,34,1,19.46,0.0
961,237,18,1,19.15,0.0
962,237,22,3,16.56,0.0
963,237,23,2,14.2,0.0
964,237,27,2,24.04,0.0
965,238,33,1,5.52,0.0
966,238,167,1,15.91,0.0
967,238,43,1,16.79,0.0
968,238,241,2,19.19,0.0
969,238,22,2,16.56,0.0
970,239,8,1,23.8,0.0
971,239,34,1,19.46,0.0
972,240,161,3,19.7,0.0
973,240,12,3,12.04,0.0
974,240,22,1,16.56,0.0
975,240,183,1,20.78,0.0
976,240,218,1,21.24,0.0
977,241,24,2,6.46,0.0
978,241,35,1,3.73,0.0
979,241,4,2,8.66,0.87
980,241,14,4,12.02,0.0
981,242,27,3,24.04,0.0
982,242,13,3,4.43,0.0
983,242,22,3,16.56,1.66
984,243,64,2,15.35,0.0
985,243,80,1,2.9,0.0
986,243,21,2,3.76,0.0
987,243,182,1,22.94,0.0
988,243,153,1,7.5,0.0
989,243,30,3,4.36,0.0
990,244,6,1,24.22,0.0
991,244,16,3,3.81,0.0
992,244,48,3,12.11,0.0
993,244,208,3,23.63,0.0
994,244,27,2,24.04,2.4
995,245,17,2,22.02,0.0
996,245,242,2,10.21,0.0
997,245,67,2,2.94,0.0
998,245,30,1,4.36,0.0
999,246,33,1,5.52,0.0
1000,246,229,2,17.37,0.0
1001,246,18,3,19.15,0.0
1002,246,23,2,14.2,0.0
1003,246,90,2,3.2,0.0
1004,247,153,2,7.5,0.0
1005,247,35,2,3.73,0.0
1006,247,77,2,24.59,0.0
1007,247,14,3,12.02,0.0
1008,248,36,2,23.88,0.0
1009,248,77,3,24.59,0.0
1010,248,18,3,19.15,0.0
1011,248,20,1,19.92,0.0
1012,248,59,1,16.83,0.0
1013,249,26,1,10.08,0.0
1014,249,165,3,5.73,0.0
1015,249,31,1,7.89,0.0
1016,250,68,2,22.91,0.0
1017,250,108,2,18.3,0.0
1018,250,177,2,5.69,0.0
1019,250,17,1,22.02,0.0
1020,250,21,3,3.76,0.38
1021,250,22,1,16.56,0.0
1022,251,8,3,23.8,0.0
1023,251,37,2,16.44,0.0
1024,251,6,3,24.22,0.0
1025,251,39,1,14.97,0.0
1026,252,5,3,11.32,0.0
1027,252,38,1,12.67,0.0
1028,252,69,4,15.15,0.0
1029,252,6,4,24.22,2.42
1030,252,39,2,14.97,0.0
1031,252,18,4,19.15,0.0
1032,253,11,3,10.32,0.0
1033,253,206,1,6.96,0.0
1034,253,219,1,13.5,0.0
1035,253,135,1,17.22,0.0
1036,254,8,3,23.8,0.0
1037,254,18,1,19.15,0.0
1038,254,20,1,19.92,0.0
1039,254,6,1,24.22,0.0
1040,255,37,1,16.44,0.0
1041,255,30,1,4.36,0.0
1042,255,23,2,14.2,1.42
1043,256,28,3,16.85,0.0
1044,256,4,2,8.66,0.0
1045,257,3,2,16.72,0.0
1046,257,115,3,23.78,0.0
1047,257,100,1,5.46,0.0
1048,257,14,3,12.02,0.0
1049,258,129,2,8.8,0.0
1050,258,170,3,13.05,0.0
1051,258,27,2,24.04,2.4
1052,258,102,1,17.26,1.73
1053,259,25,2,19.85,1.99
1054,259,53,2,10.09,0.0
1055,259,39,1,14.97,0.0
1056,260,8,3,23.8,0.0
1057,260,34,3,19.46,0.0
1058,260,14,1,12.02,0.0
1059,261,32,2,5.99,0.0
1060,261,40,1,15.33,0.0
1061,261,235,3,13.68,0.0
1062,261,146,3,10.38,0.0
1063,261,190,3,3.88,0.0
1064,262,106,2,17.23,0.0
1065,262,3,2,16.72,0.0
1066,262,28,2,16.85,0.0
1067,262,36,1,23.88,0.0
1068,263,224,1,8.7,0.0
1069,263,205,3,2.44,0.24
1070,263,14,3,12.02,0.0
1071,263,145,3,3.0,0.0
1072,263,26,1,10.08,0.0
1073,264,34,1,19.46,0.0
1074,264,137,3,16.21,1.62
1075,264,204,1,22.83,0.0
1076,264,49,2,12.79,1.28
1077,264,215,2,16.7,0.0
1078,265,201,2,19.45,0.0
1079,265,10,2,17.86,0.0
1080,265,19,1,7.1,0.0
1081,265,21,3,3.76,0.0
1082,265,27,1,24.04,0.0
1083,265,28,3,16.85,0.0
1084,266,232,1,23.93,2.39
1085,266,12,2,12.04,0.0
1086,266,54,3,3.71,0.0
1087,267,115,2,23.78,0.0
1088,267,78,1,3.94,0.0
1089,267,14,1,12.02,0.0
1090,268,32,1,5.99,0.6
1091,268,146,3,10.38,0.0
1092,268,182,3,22.94,0.0
1093,268,153,3,7.5,0.0
1094,268,191,1,7.16,0.72
1095,269,183,1,20.78,0.0
1096,269,19,2,7.1,0.71
1097,269,31,3,7.89,0.0
1098,270,27,3,24.04,0.0
1099,270,9,2,12.58,0.0
1100,270,155,3,20.04,0.0
1101,270,21,2,3.76,0.0
1102,271,1,3,11.87,0.0
1103,271,183,1,20.78,0.0
1104,272,192,1,9.33,0.0
1105,272,104,1,9.14,0.0
1106,272,13,3,4.43,0.0
1107,273,33,3,5.52,0.0
1108,273,5,1,11.32,0.0
1109,273,40,3,15.33,0.0
1110,273,108,1,18.3,1.83
1111,273,21,3,3.76,0.0
1112,273,24,3,6.46,0.0
1113,274,54,3,3.71,0.0
1114,274,38,3,12.67,0.0
1115,274,3,1,16.72,0.0
1116,274,134,1,14.11,0.0
1117,275,226,3,10.11,0.0
1118,275,235,1,13.68,0.0
1119,275,77,1,24.59,0.0
1120,276,1,1,11.87,0.0
1121,276,18,1,19.15,0.0
1122,276,35,2,3.73,0.37
1123,276,22,2,16.56,0.0
1124,277,32,1,5.99,0.0
1125,277,33,1,5.52,0.55
1126,277,39,3,14.97,0.0
1127,277,14,3,12.02,0.0
1128,277,49,3,12.79,0.0
1129,277,29,1,5.4,0.0
1130,278,10,1,17.86,0.0
1131,278,78,2,3.94,0.0
1132,278,231,2,10.29,0.0
1133,279,196,2,5.36,0.0
1134,279,36,1,23.88,0.0
1135,280,139,2,5.55,0.0
1136,280,238,2,3.0,0.0
1137,280,214,3,7.48,0.0
1138,280,23,1,14.2,0.0
1139,280,120,1,13.7,0.0
1140,281,2,2,11.3,0.0
1141,281,35,3,3.73,0.0
1142,281,10,1,17.86,0.0
1143,281,15,1,11.21,0.0
1144,281,80,2,2.9,0.0
1145,281,177,2,5.69,0.0
1146,282,27,1,24.04,0.0
1147,282,130,2,20.13,0.0
1148,282,3,1,16.72,0.0
1149,282,229,1,17.37,0.0
1150,283,33,1,5.52,0.0
1151,283,195,2,9.71,0.0
1152,283,4,2,8.66,0.0
1153,283,169,1,3.2,0.0
1154,283,14,1,12.02,0.0
1155,283,122,3,9.1,0.0
1156,284,175,1,4.87,0.49
1157,284,4,2,8.66,0.0
1158,284,13,1,4.43,0.44
1159,284,15,1,11.21,0.0
1160,285,2,3,11.3,0.0
1161,285,13,1,4.43,0.0
1162,285,30,2,4.36,0.0
1163,285,6,4,24.22,0.0
1164,286,57,3,10.48,0.0
1165,286,78,3,3.94,0.0
1166,286,22,3,16.56,0.0
1167,286,7,1,5.95,0.0
1168,287,51,1,20.32,2.03
1169,287,19,1,7.1,0.0
1170,287,116,1,24.93,0.0
1171,287,167,3,15.91,0.0
1172,288,24,1,6.46,0.0
1173,288,90,2,3.2,0.0
1174,289,35,3,3.73,0.0
1175,289,188,1,10.6,0.0
1176,289,206,3,6.96,0.0
1177,290,114,3,18.17,0.0
1178,290,12,3,12.04,0.0
1179,290,61,3,4.08,0.0
1180,290,214,2,7.48,0.0
1181,291,35,3,3.73,0.0
1182,291,4,3,8.66,0.0
1183,291,229,3,17.37,0.0
1184,291,13,1,4.43,0.0
1185,291,20,3,19.92,0.0
1186,291,245,2,17.11,1.71
1187,292,8,3,23.8,0.0
1188,292,225,1,2.04,0.0
1189,292,26,1,10.08,0.0
1190,293,2,3,11.3,1.13
1191,293,108,3,18.3,0.0
1192,293,206,1,6.96,0.0
1193,293,238,2,3.0,0.0
1194,293,26,2,10.08,0.0
1195,293,29,3,5.4,0.0
1196,294,24,2,6.46,0.0
1197,294,16,2,3.81,0.0
1198,294,202,2,12.79,0.0
1199,295,240,3,10.59,0.0
1200,295,97,1,21.59,0.0
1201,295,12,3,12.04,0.0
1202,296,37,3,16.44,1.64
1203,296,22,1,16.56,0.0
1204,297,18,1,19.15,0.0
1205,297,36,3,23.88,0.0
1206,298,15,2,11.21,1.12
1207,298,125,3,19.62,0.0
1208,298,133,1,18.99,0.0
1209,298,223,1,18.53,0.0
1210,299,35,3,3.73,0.0
1211,299,20,2,19.92,0.0
1212,299,77,3,24.59,0.0
1213,299,15,1,11.21,0.0
1214,300,2,1,11.3,0.0
1215,300,6,2,24.22,0.0
1216,300,205,1,2.44,0.0
1217,300,13,1,4.43,0.44
1218,300,220,1,14.33,0.0
1219,300,30,2,4.36,0.0
1220,301,144,2,18.59,0.0
1221,301,25,3,19.85,0.0
1222,301,19,1,7.1,0.0
1223,301,213,2,4.8,0.0
1224,302,2,3,11.3,0.0
1225,302,7,1,5.95,0.0
1226,303,20,2,19.92,0.0
1227,303,23,2,14.2,0.0
1228,304,65,2,23.95,0.0
1229,304,4,3,8.66,0.0
1230,304,19,2,7.1,0.0
1231,304,20,1,19.92,0.0
1232,304,27,1,24.04,0.0
1233,305,2,2,11.3,0.0
1234,305,35,1,3.73,0.0
1235,305,176,1,3.93,0.0
1236,305,149,1,16.04,0.0
1237,305,26,2,10.08,0.0
1238,305,30,2,4.36,0.0
1239,306,162,1,19.9,0.0
1240,306,199,1,12.87,0.0
1241,306,43,2,16.79,1.68
1242,306,14,3,12.02,0.0
1243,306,114,1,18.17,0.0
1244,306,55,3,12.62,0.0
1245,307,40,3,15.33,0.0
1246,307,24,1,6.46,0.0
1247,307,22,3,16.56,0.0
1248,308,33,3,5.52,0.0
1249,308,18,1,19.15,0.0
1250,309,34,4,19.46,0.0
1251,309,12,3,12.04,0.0
1252,310,128,1,5.56,0.0
1253,310,17,3,22.02,0.0
1254,311,212,1,7.47,0.0
1255,311,76,1,21.26,0.0
1256,312,11,3,10.32,0.0
1257,312,14,4,12.02,0.0
1258,312,16,1,3.81,0.0
1259,312,83,1,14.05,0.0
1260,312,29,3,5.4,0.0
1261,313,13,2,4.43,0.0
1262,313,110,3,14.86,0.0
1263,313,143,3,22.76,0.0
1264,313,145,2,3.0,0.0
1265,313,29,1,5.4,0.0
1266,314,27,2,24.04,0.0
1267,314,115,3,23.78,0.0
1268,314,29,3,5.4,0.0
1269,315,59,2,16.83,0.0
1270,315,28,1,16.85,0.0
1271,315,13,1,4.43,0.44
1272,315,15,2,11.21,0.0
1273,316,2,1,11.3,0.0
1274,316,35,1,3.73,0.37
1275,316,4,2,8.66,0.0
1276,316,101,2,3.87,0.0
1277,316,85,2,10.37,0.0
1278,317,26,1,10.08,0.0
1279,317,155,1,20.04,0.0
1280,317,34,3,19.46,0.0
1281,317,21,2,3.76,0.0
1282,318,38,1,12.67,0.0
1283,318,40,2,15.33,0.0
1284,318,177,1,5.69,0.0
1285,318,154,3,24.21,0.0
1286,318,94,1,14.83,0.0
1287,318,31,2,7.89,0.0
1288,319,165,1,5.73,0.57
1289,319,6,2,24.22,2.42
1290,319,138,1,15.74,0.0
1291,319,239,2,10.9,0.0
1292,319,31,1,7.89,0.0
1293,320,32,1,5.99,0.0
1294,320,5,2,11.32,0.0
1295,320,234,1,20.09,0.0
1296,320,12,2,12.04,0.0
1297,320,23,2,14.2,0.0
1298,321,13,2,4.43,0.0
1299,321,18,1,19.15,0.0
1300,321,26,3,10.08,0.0
1301,321,27,1,24.04,0.0
1302,321,28,1,16.85,0.0
1303,322,32,3,5.99,0.0
1304,322,5,3,11.32,0.0
1305,322,7,1,5.95,0.0
1306,322,40,1,15.33,0.0
1307,322,171,3,10.54,0.0
1308,322,222,2,15.23,0.0
1309,323,91,3,16.51,0.0
1310,323,204,1,22.83,0.0
1311,324,1,4,11.87,0.0
1312,324,38,1,12.67,0.0
1313,324,15,4,11.21,0.0
1314,324,17,1,22.02,0.0
1315,324,19,2,7.1,0.0
1316,325,99,2,15.86,1.59
1317,325,16,2,3.81,0.0
1318,325,24,1,6.46,0.0
1319,325,25,3,19.85,0.0
1320,325,28,1,16.85,0.0
1321,325,126,3,6.42,0.0
1322,326,32,2,5.99,0.0
1323,326,7,3,5.95,0.0
1324,326,9,3,12.58,0.0
1325,326,204,3,22.83,0.0
1326,326,21,3,3.76,0.0
1327,326,31,2,7.89,0.0
1328,327,34,1,19.46,0.0
1329,327,3,2,16.72,0.0
1330,327,11,2,10.32,1.03
1331,327,142,3,16.37,0.0
1332,327,144,1,18.59,0.0
1333,328,209,1,16.0,0.0
1334,328,26,1,10.08,0.0
1335,328,91,3,16.51,0.0
1336,328,12,3,12.04,0.0
1337,329,40,2,15.33,0.0
1338,329,8,2,23.8,0.0
1339,329,17,1,22.02,0.0
1340,329,20,3,19.92,0.0
1341,329,24,2,6.46,0.0
1342,329,26,3,10.08,0.0
1343,330,100,3,5.46,0.0
1344,330,40,1,15.33,0.0
1345,330,10,2,17.86,0.0
1346,330,18,3,19.15,0.0
1347,330,21,2,3.76,0.0
1348,331,32,2,5.99,0.0
1349,331,6,2,24.22,0.0
1350,331,8,3,23.8,2.38
1351,331,105,1,17.09,0.0
1352,331,12,1,12.04,0.0
1353,331,20,1,19.92,0.0
1354,332,9,1,12.58,0.0
1355,332,10,2,17.86,0.0
1356,332,11,3,10.32,0.0
1357,332,20,1,19.92,0.0
1358,332,22,1,16.56,0.0
1359,333,17,1,22.02,0.0
1360,333,166,1,6.59,0.66
1361,334,26,1,10.08,0.0
1362,334,21,2,3.76,0.0
1363,334,23,3,14.2,0.0
1364,335,168,1,22.08,0.0
1365,335,7,3,5.95,0.0
1366,335,39,2,14.97,0.0
1367,336,131,3,13.68,0.0
1368,336,104,3,9.14,0.0
1369,336,13,2,4.43,0.0
1370,336,16,3,3.81,0.0
1371,336,26,1,10.08,0.0
1372,337,4,1,8.66,0.0
1373,337,37,2,16.44,0.0
1374,337,7,3,5.95,0.6
1375,337,141,2,17.94,0.0
1376,337,17,3,22.02,0.0
1377,337,31,2,7.89,0.0
1378,338,30,2,4.36,0.0
1379,338,7,1,5.95,0.0
1380,339,160,1,12.13,0.0
1381,339,33,2,5.52,0.0
1382,339,4,2,8.66,0.0
1383,339,17,3,22.02,2.2
1384,339,86,1,23.11,0.0
1385,339,215,1,16.7,0.0
1386,340,27,3,24.04,0.0
1387,340,228,1,6.31,0.0
1388,340,166,3,6.59,0.0
1389,341,36,3,23.88,0.0
1390,341,94,3,14.83,0.0
1391,341,239,1,10.9,0.0
1392,342,17,2,22.02,0.0
1393,342,34,2,19.46,0.0
1394,342,11,2,10.32,0.0
1395,342,15,2,11.21,0.0
1396,343,17,2,22.02,0.0
1397,343,27,1,24.04,0.0
1398,343,13,2,4.43,0.0
1399,343,46,1,24.33,0.0
1400,344,4,3,8.66,0.0
1401,344,8,3,23.8,0.0
1402,344,11,4,10.32,0.0
1403,344,14,2,12.02,0.0
1404,344,180,4,21.11,0.0
1405,345,1,2,11.87,0.0
1406,345,68,3,22.91,0.0
1407,345,12,3,12.04,0.0
1408,345,27,3,24.04,0.0
1409,345,220,1,14.33,0.0
1410,346,21,1,3.76,0.0
1411,346,30,4,4.36,0.0
1412,346,15,4,11.21,0.0
1413,347,9,3,12.58,0.0
1414,347,18,1,19.15,0.0
1415,347,27,3,24.04,0.0
1416,347,30,1,4.36,0.0
1417,348,16,2,3.81,0.0
1418,348,25,1,19.85,0.0
1419,348,40,3,15.33,0.0
1420,348,3,2,16.72,0.0
1421,349,240,2,10.59,0.0
1422,349,35,2,3.73,0.0
1423,349,235,1,13.68,0.0
1424,349,4,1,8.66,0.87
1425,350,36,1,23.88,0.0
1426,350,7,1,5.95,0.0
1427,350,8,1,23.8,0.0
1428,350,55,3,12.62,0.0
1429,350,26,3,10.08,1.01
1430,350,158,2,17.6,0.0
1431,351,65,2,23.95,0.0
1432,351,26,2,10.08,0.0
1433,351,21,2,3.76,0.38
1434,352,199,2,12.87,0.0
1435,352,12,2,12.04,0.0
1436,352,17,3,22.02,0.0
1437,352,244,3,7.55,0.0
1438,352,22,3,16.56,0.0
1439,352,220,2,14.33,0.0
1440,353,3,2,16.72,0.0
1441,353,4,1,8.66,0.0
1442,353,78,3,3.94,0.0
1443,353,24,3,6.46,0.65
1444,353,217,1,3.44,0.0
1445,353,25,2,19.85,0.0
1446,354,33,2,5.52,0.0
1447,354,11,4,10.32,0.0
1448,354,85,4,10.37,0.0
1449,355,32,3,5.99,0.0
1450,355,10,3,17.86,0.0
1451,355,20,1,19.92,0.0
1452,355,23,1,14.2,0.0
1453,356,131,3,13.68,0.0
1454,356,198,3,23.1,2.31
1455,356,134,1,14.11,0.0
1456,357,33,2,5.52,0.55
1457,357,8,3,23.8,0.0
1458,357,9,2,12.58,0.0
1459,357,18,1,19.15,0.0
1460,357,21,1,3.76,0.0
1461,358,1,3,11.87,0.0
1462,358,40,1,15.33,0.0
1463,358,16,3,3.81,0.0
1464,358,217,2,3.44,0.34
1465,358,60,1,24.48,0.0
1466,358,125,1,19.62,1.96
1467,359,202,2,12.79,1.28
1468,359,12,2,12.04,0.0
1469,360,28,2,16.85,0.0
1470,360,29,3,5.4,0.0
1471,361,24,1,6.46,0.0
1472,361,22,2,16.56,0.0
1473,362,19,2,7.1,0.0
1474,362,28,3,16.85,0.0
1475,362,29,1,5.4,0.0
1476,363,19,2,7.1,0.0
1477,363,7,2,5.95,0.0
1478,363,39,3,14.97,0.0
1479,364,33,1,5.52,0.0
1480,364,34,1,19.46,0.0
1481,364,3,1,16.72,0.0
1482,364,4,2,8.66,0.0
1483,364,20,1,19.92,1.99
1484,364,181,3,4.11,0.0
1485,365,17,3,22.02,0.0
1486,365,2,2,11.3,0.0
1487,365,34,2,19.46,0.0
1488,365,61,3,4.08,0.0
1489,366,38,3,12.67,0.0
1490,366,10,1,17.86,0.0
1491,366,43,1,16.79,0.0
1492,366,11,1,10.32,0.0
1493,366,126,1,6.42,0.0
1494,367,65,3,23.95,0.0
1495,367,7,2,5.95,0.0
1496,367,104,1,9.14,0.0
1497,367,10,2,17.86,0.0
1498,367,185,1,23.4,0.0
1499,367,26,1,10.08,0.0
1500,368,4,2,8.66,0.87
1501,368,39,3,14.97,0.0
1502,368,19,2,7.1,0.0
1503,368,22,1,16.56,0.0
1504,368,26,3,10.08,0.0
1505,368,31,2,7.89,0.0
1506,369,2,3,11.3,1.13
1507,369,7,2,5.95,0.0
1508,369,20,1,19.92,1.99
1509,369,249,1,5.07,0.0
1510,369,26,2,10.08,0.0
1511,370,127,2,25.0,0.0
1512,370,39,1,14.97,0.0
1513,370,31,3,7.89,0.0
1514,371,33,4,5.52,0.0
1515,371,35,1,3.73,0.0
1516,371,164,2,11.63,0.0
1517,371,5,1,11.32,0.0
1518,372,38,3,12.67,0.0
1519,372,169,1,3.2,0.0
1520,372,215,1,16.7,0.0
1521,372,216,4,16.32,0.0
1522,372,154,1,24.21,0.0
1523,372,29,3,5.4,0.0
1524,373,129,2,8.8,0.88
1525,373,34,2,19.46,0.0
1526,373,134,2,14.11,0.0
1527,373,71,3,15.92,0.0
1528,373,13,3,4.43,0.0
1529,373,25,3,19.85,0.0
1530,374,17,3,22.02,0.0
1531,374,12,2,12.04,0.0
1532,374,9,2,12.58,1.26
1533,374,31,2,7.89,0.0
1534,375,32,2,5.99,0.0
1535,375,103,3,23.09,0.0
1536,375,10,1,17.86,0.0
1537,375,236,3,2.47,0.0
1538,375,50,2,16.52,0.0
1539,376,2,2,11.3,0.0
1540,376,5,3,11.32,0.0
1541,376,15,1,11.21,0.0
1542,377,3,1,16.72,0.0
1543,377,19,2,7.1,0.0
1544,377,13,3,4.43,0.0
1545,377,238,1,3.0,0.0
1546,378,33,2,5.52,0.0
1547,378,34,3,19.46,0.0
1548,378,4,1,8.66,0.0
1549,378,17,1,22.02,0.0
1550,378,21,4,3.76,0.0
1551,379,241,3,19.19,0.0
1552,379,35,1,3.73,0.0
1553,380,234,3,20.09,0.0
1554,380,28,2,16.85,0.0
1555,380,151,1,20.03,0.0
1556,380,24,1,6.46,0.0
1557,380,25,2,19.85,0.0
1558,380,124,4,9.86,0.0
1559,381,10,2,17.86,0.0
1560,381,19,2,7.1,0.0
1561,381,13,2,4.43,0.0
1562,381,15,2,11.21,0.0
1563,382,22,3,16.56,0.0
1564,382,103,2,23.09,0.0
1565,383,32,1,5.99,0.0
1566,383,35,3,3.73,0.0
1567,383,5,1,11.32,0.0
1568,383,107,2,4.97,0.0
1569,383,79,2,16.86,0.0
1570,383,95,2,10.89,0.0
1571,384,32,3,5.99,0.0
1572,384,160,2,12.13,0.0
1573,384,230,1,14.04,0.0
1574,384,39,2,14.97,0.0
1575,384,8,3,23.8,0.0
1576,384,180,3,21.11,0.0
1577,385,71,1,15.92,0.0
1578,385,109,2,3.95,0.0
1579,385,13,3,4.43,0.0
1580,385,177,2,5.69,0.0
1581,385,20,3,19.92,0.0
1582,385,26,2,10.08,0.0
1583,386,148,3,24.3,0.0
1584,386,28,3,16.85,0.0
1585,387,2,1,11.3,0.0
1586,387,28,3,16.85,0.0
1587,388,224,2,8.7,0.0
1588,388,56,3,2.86,0.0
1589,388,6,3,24.22,0.0
1590,389,32,2,5.99,0.0
1591,389,34,2,19.46,1.95
1592,389,6,2,24.22,0.0
1593,389,25,3,19.85,0.0
1594,389,27,3,24.04,0.0
1595,389,124,3,9.86,0.0
1596,390,32,2,5.99,0.0
1597,390,14,1,12.02,0.0
1598,391,25,1,19.85,0.0
1599,391,222,2,15.23,0.0
1600,391,38,2,12.67,0.0
1601,392,130,1,20.13,0.0
1602,392,117,1,22.99,0.0
1603,392,214,1,7.48,0.0
1604,393,5,2,11.32,0.0
1605,393,27,1,24.04,0.0
1606,393,45,4,9.43,0.0
1607,394,4,1,8.66,0.0
1608,394,20,3,19.92,0.0
1609,394,150,3,19.3,0.0
1610,394,24,3,6.46,0.0
1611,394,120,3,13.7,0.0
1612,395,98,2,24.18,0.0
1613,395,2,2,11.3,1.13
1614,396,11,3,10.32,0.0
1615,396,13,2,4.43,0.0
1616,396,174,2,13.87,0.0
1617,396,17,1,22.02,0.0
1618,396,31,1,7.89,0.0
1619,397,89,3,17.61,0.0
1620,397,25,2,19.85,0.0
1621,398,1,1,11.87,1.19
1622,398,19,2,7.1,0.0
1623,398,4,3,8.66,0.0
1624,398,77,1,24.59,2.46
1625,399,8,3,23.8,0.0
1626,399,172,2,23.49,0.0
1627,399,206,1,6.96,0.0
1628,399,28,2,16.85,0.0
1629,399,31,1,7.89,0.0
1630,400,1,3,11.87,0.0
1631,400,26,3,10.08,0.0
1632,400,155,2,20.04,0.0
1633,400,22,2,16.56,0.0
1634,401,180,1,21.11,0.0
1635,401,109,1,3.95,0.0
1636,402,36,1,23.88,0.0
1637,402,5,1,11.32,0.0
1638,403,213,3,4.8,0.0
1639,403,19,3,7.1,0.0
1640,403,36,1,23.88,0.0
1641,403,37,3,16.44,0.0
1642,404,8,2,23.8,0.0
1643,404,80,2,2.9,0.29
1644,404,20,3,19.92,0.0
1645,404,120,1,13.7,0.0
1646,404,30,1,4.36,0.0
1647,405,25,1,19.85,1.99
1648,405,3,1,16.72,0.0
1649,405,38,1,12.67,0.0
1650,406,224,3,8.7,0.0
1651,406,8,3,23.8,0.0
1652,406,169,3,3.2,0.32
1653,406,10,1,17.86,0.0
1654,406,250,3,10.1,0.0
1655,406,31,2,7.89,0.0
1656,407,3,2,16.72,0.0
1657,407,36,1,23.88,0.0
1658,407,4,2,8.66,0.0
1659,407,41,2,17.67,0.0
1660,407,154,2,24.21,0.0
1661,408,11,1,10.32,0.0
1662,408,180,3,21.11,0.0
1663,408,22,1,16.56,1.66
1664,409,161,2,19.7,0.0
1665,409,38,1,12.67,0.0
1666,409,41,3,17.67,0.0
1667,409,17,3,22.02,0.0
1668,409,18,1,19.15,0.0
1669,409,26,2,10.08,0.0
1670,410,144,3,18.59,0.0
1671,410,99,2,15.86,0.0
1672,410,13,1,4.43,0.0
1673,410,22,3,16.56,0.0
1674,411,8,2,23.8,0.0
1675,411,3,1,16.72,0.0
1676,411,4,1,8.66,0.0
1677,411,20,1,19.92,0.0
1678,412,17,2,22.02,0.0
1679,412,177,3,5.69,0.0
1680,412,4,2,8.66,0.0
1681,412,13,2,4.43,0.0
1682,413,32,1,5.99,0.0
1683,413,203,3,16.15,0.0
1684,413,148,2,24.3,0.0
1685,413,216,3,16.32,0.0
1686,414,187,2,11.12,0.0
1687,414,228,1,6.31,0.0
1688,415,32,1,5.99,0.0
1689,415,186,3,11.54,0.0
1690,415,12,2,12.04,1.2
1691,416,11,1,10.32,0.0
1692,416,21,1,3.76,0.0
1693,416,7,1,5.95,0.6
1694,417,35,1,3.73,0.0
1695,417,5,3,11.32,1.13
1696,417,230,3,14.04,0.0
1697,417,206,1,6.96,0.7
1698,417,15,1,11.21,1.12
1699,417,215,3,16.7,0.0
1700,418,3,1,16.72,0.0
1701,418,136,1,22.16,2.22
1702,418,15,4,11.21,0.0
1703,418,26,4,10.08,0.0
1704,418,30,3,4.36,0.0
1705,418,31,4,7.89,0.0
1706,419,24,1,6.46,0.0
1707,419,119,3,17.42,0.0
1708,420,34,1,19.46,0.0
1709,420,20,3,19.92,0.0
1710,421,32,3,5.99,0.0
1711,421,11,2,10.32,0.0
1712,421,92,1,9.7,0.0
1713,421,22,3,16.56,0.0
1714,422,10,2,17.86,1.79
1715,422,27,1,24.04,0.0
1716,422,34,3,19.46,0.0
1717,422,235,3,13.68,0.0
1718,423,26,3,10.08,1.01
1719,423,39,3,14.97,0.0
1720,424,32,1,5.99,0.0
1721,424,85,3,10.37,0.0
1722,424,87,2,10.91,0.0
1723,425,36,3,23.88,2.39
1724,425,39,3,14.97,0.0
1725,425,8,3,23.8,2.38
1726,425,13,2,4.43,0.0
1727,425,19,3,7.1,0.0
1728,425,31,2,7.89,0.79
1729,426,88,3,19.81,1.98
1730,426,25,3,19.85,0.0
1731,426,37,1,16.44,0.0
1732,426,62,3,15.66,1.57
1733,427,201,2,19.45,0.0
1734,427,237,1,22.09,2.21
1735,427,19,3,7.1,0.0
1736,427,21,3,3.76,0.0
1737,427,27,2,24.04,0.0
1738,428,34,3,19.46,0.0
1739,428,37,2,16.44,0.0
1740,428,39,1,14.97,0.0
1741,428,11,1,10.32,1.03
1742,428,13,3,4.43,0.0
1743,428,247,3,15.38,0.0
1744,429,16,3,3.81,0.0
1745,429,27,3,24.04,0.0
1746,429,142,2,16.37,0.0
1747,429,23,1,14.2,0.0
1748,430,33,1,5.52,0.0
1749,430,18,1,19.15,0.0
1750,430,220,3,14.33,0.0
1751,430,37,2,16.44,0.0
1752,431,134,2,14.11,0.0
1753,431,220,2,14.33,0.0
1754,431,125,2,19.62,0.0
1755,431,14,2,12.02,1.2
1756,432,39,1,14.97,0.0
1757,432,13,1,4.43,0.44
1758,432,14,4,12.02,0.0
1759,432,15,2,11.21,0.0
1760,432,20,2,19.92,0.0
1761,433,248,4,19.4,0.0
1762,433,2,2,11.3,0.0
1763,433,22,4,16.56,0.0
1764,434,197,3,2.88,0.0
1765,434,7,2,5.95,0.0
1766,434,20,1,19.92,0.0
1767,434,28,3,16.85,0.0
1768,434,63,3,10.84,1.08
1769,435,32,1,5.99,0.0
1770,435,16,3,3.81,0.0
1771,435,20,2,19.92,0.0
1772,435,62,1,15.66,0.0
1773,436,234,1,20.09,0.0
1774,436,34,1,19.46,0.0
1775,436,27,3,24.04,2.4
1776,437,128,3,5.56,0.0
1777,437,10,1,17.86,0.0
1778,437,187,1,11.12,0.0
1779,438,34,1,19.46,0.0
1780,438,35,3,3.73,0.0
1781,438,40,3,15.33,1.53
1782,438,10,2,17.86,0.0
1783,438,16,1,3.81,0.0
1784,438,21,1,3.76,0.38
1785,439,33,2,5.52,0.0
1786,439,18,1,19.15,0.0
1787,439,29,2,5.4,0.0
1788,439,25,1,19.85,0.0
1789,440,1,2,11.87,0.0
1790,440,7,2,5.95,0.0
1791,440,11,1,10.32,0.0
1792,440,15,2,11.21,0.0
1793,440,26,1,10.08,0.0
1794,441,28,2,16.85,0.0
1795,441,38,2,12.67,0.0
1796,442,32,3,5.99,0.0
1797,442,3,3,16.72,0.0
1798,442,75,3,20.65,0.0
1799,442,116,2,24.93,0.0
1800,442,25,1,19.85,0.0
1801,442,27,2,24.04,0.0
1802,443,17,2,22.02,0.0
1803,443,11,2,10.32,0.0
1804,443,77,1,24.59,0.0
1805,443,35,2,3.73,0.0
1806,444,98,3,24.18,0.0
1807,444,6,2,24.22,2.42
1808,444,7,2,5.95,0.0
1809,444,15,3,11.21,0.0
1810,444,20,2,19.92,0.0
1811,444,24,3,6.46,0.0
1812,445,145,2,3.0,0.0
1813,445,18,1,19.15,0.0
1814,445,21,2,3.76,0.38
1815,445,246,1,4.38,0.0
1816,445,24,2,6.46,0.0
1817,445,191,3,7.16,0.72
1818,446,38,2,12.67,1.27
1819,446,70,2,6.33,0.0
1820,446,6,4,24.22,0.0
1821,446,31,2,7.89,0.79
1822,447,34,3,19.46,0.0
1823,447,12,3,12.04,0.0
1824,447,77,2,24.59,0.0
1825,447,22,2,16.56,0.0
1826,448,62,1,15.66,1.57
1827,448,39,3,14.97,0.0
1828,449,32,3,5.99,0.0
1829,449,5,3,11.32,0.0
1830,449,14,3,12.02,0.0
1831,449,30,3,4.36,0.0
1832,450,208,3,23.63,0.0
1833,450,40,2,15.33,0.0
1834,450,21,2,3.76,0.0
1835,451,19,1,7.1,0.71
1836,451,36,3,23.88,0.0
1837,452,227,3,15.13,1.51
1838,452,77,3,24.59,0.0
1839,452,238,1,3.0,0.0
1840,452,17,2,22.02,0.0
1841,452,188,2,10.6,0.0
1842,452,93,1,9.58,0.0
1843,453,136,3,22.16,0.0
1844,453,1,3,11.87,0.0
1845,453,28,1,16.85,0.0
1846,453,22,3,16.56,0.0
1847,454,17,3,22.02,0.0
1848,454,156,4,22.79,0.0
1849,454,33,3,5.52,0.55
1850,455,2,1,11.3,0.0
1851,455,61,2,4.08,0.0
1852,456,32,3,5.99,0.0
1853,456,110,3,14.86,0.0
1854,456,46,1,24.33,0.0
1855,456,16,1,3.81,0.0
1856,456,151,2,20.03,0.0
1857,457,19,2,7.1,0.0
1858,457,20,2,19.92,0.0
1859,457,51,1,20.32,0.0
1860,457,55,2,12.62,0.0
1861,457,26,1,10.08,0.0
1862,457,28,3,16.85,1.69
1863,458,50,1,16.52,0.0
1864,458,19,3,7.1,0.71
1865,458,12,1,12.04,0.0
1866,458,14,1,12.02,0.0
1867,459,32,1,5.99,0.0
1868,459,36,4,23.88,0.0
1869,460,37,4,16.44,0.0
1870,460,142,3,16.37,0.0
1871,460,178,2,12.33,0.0
1872,460,211,4,19.85,0.0
1873,460,116,2,24.93,0.0
1874,460,221,1,16.53,0.0
1875,461,39,1,14.97,0.0
1876,461,12,3,12.04,0.0
1877,461,18,3,19.15,0.0
1878,461,19,3,7.1,0.0
1879,461,20,2,19.92,0.0
1880,462,24,1,6.46,0.0
1881,462,220,2,14.33,0.0
1882,462,4,3,8.66,0.0
1883,462,22,1,16.56,1.66
1884,463,8,2,23.8,0.0
1885,463,10,4,17.86,1.79
1886,463,156,1,22.79,0.0
1887,464,35,2,3.73,0.0
1888,464,4,2,8.66,0.0
1889,464,6,2,24.22,0.0
1890,464,237,2,22.09,0.0
1891,464,24,3,6.46,0.65
1892,464,30,2,4.36,0.0
1893,465,33,3,5.52,0.0
1894,465,12,2,12.04,0.0
1895,466,169,3,3.2,0.0
1896,466,17,3,22.02,0.0
1897,466,135,2,17.22,0.0
1898,467,32,1,5.99,0.0
1899,467,240,2,10.59,0.0
1900,467,24,2,6.46,0.0
1901,468,17,1,22.02,0.0
1902,468,20,1,19.92,0.0
1903,468,39,1,14.97,0.0
1904,469,2,2,11.3,0.0
1905,469,19,1,7.1,0.0
1906,469,116,2,24.93,0.0
1907,470,19,3,7.1,0.0
1908,470,38,2,12.67,0.0
1909,470,31,3,7.89,0.0
1910,471,10,1,17.86,0.0
1911,471,12,3,12.04,1.2
1912,471,125,3,19.62,0.0
1913,472,37,3,16.44,0.0
1914,472,172,3,23.49,0.0
1915,472,19,3,7.1,0.0
1916,472,27,1,24.04,0.0
1917,472,28,2,16.85,0.0
1918,473,33,2,5.52,0.0
1919,473,39,4,14.97,1.5
1920,473,14,2,12.02,0.0
1921,473,20,2,19.92,0.0
1922,473,23,3,14.2,0.0
1923,473,30,4,4.36,0.44
1924,474,99,3,15.86,0.0
1925,474,100,2,5.46,0.0
1926,474,207,1,5.44,0.54
1927,474,15,1,11.21,1.12
1928,474,17,2,22.02,0.0
1929,474,20,1,19.92,0.0
1930,475,35,2,3.73,0.0
1931,475,36,3,23.88,0.0
1932,475,38,2,12.67,0.0
1933,475,11,3,10.32,0.0
1934,475,25,2,19.85,0.0
1935,475,60,3,24.48,0.0
1936,476,2,3,11.3,0.0
1937,476,7,1,5.95,0.0
1938,476,6,1,24.22,0.0
1939,476,31,1,7.89,0.79
1940,477,18,2,19.15,0.0
1941,477,15,2,11.21,0.0
1942,478,8,3,23.8,0.0
1943,478,114,1,18.17,0.0
1944,478,195,3,9.71,0.0
1945,478,60,3,24.48,0.0
1946,479,96,2,7.8,0.0
1947,479,19,1,7.1,0.0
1948,479,6,1,24.22,0.0
1949,479,23,2,14.2,0.0
1950,480,112,4,9.55,0.0
1951,480,8,3,23.8,0.0
1952,481,33,3,5.52,0.0
1953,481,204,2,22.83,0.0
1954,481,45,1,9.43,0.0
1955,482,225,2,2.04,0.0
1956,482,19,1,7.1,0.71
1957,482,201,2,19.45,0.0
1958,482,141,3,17.94,0.0
1959,483,11,1,10.32,0.0
1960,483,155,2,20.04,0.0
1961,484,35,2,3.73,0.0
1962,484,10,3,17.86,1.79
1963,484,110,1,14.86,0.0
1964,484,179,2,13.81,1.38
1965,484,158,3,17.6,0.0
1966,485,5,2,11.32,0.0
1967,485,109,2,3.95,0.0
1968,485,239,3,10.9,0.0
1969,485,17,2,22.02,0.0
1970,485,18,3,19.15,0.0
1971,486,13,3,4.43,0.0
1972,486,141,2,17.94,0.0
1973,487,33,3,5.52,0.0
1974,487,4,1,8.66,0.0
1975,487,40,3,15.33,0.0
1976,487,74,1,12.36,0.0
1977,487,241,2,19.19,0.0
1978,487,22,3,16.56,0.0
1979,488,104,2,9.14,0.0
1980,488,17,2,22.02,0.0
1981,488,4,3,8.66,0.0
1982,488,21,3,3.76,0.0
1983,489,250,1,10.1,0.0
1984,489,7,2,5.95,0.0
1985,490,163,3,13.57,0.0
1986,490,7,2,5.95,0.6
1987,490,40,1,15.33,0.0
1988,490,172,2,23.49,0.0
1989,490,209,3,16.0,0.0
1990,491,242,3,10.21,0.0
1991,491,138,1,15.74,1.57
1992,491,29,3,5.4,0.0
1993,491,15,2,11.21,0.0
1994,492,37,2,16.44,0.0
1995,492,39,3,14.97,0.0
1996,492,12,3,12.04,0.0
1997,492,109,2,3.95,0.0
1998,492,14,1,12.02,0.0
1999,493,9,3,12.58,0.0
2000,493,11,2,10.32,0.0
2001,493,18,2,19.15,0.0
2002,493,24,1,6.46,0.0
2003,493,29,2,5.4,0.0
2004,493,30,2,4.36,0.0
2005,494,16,1,3.81,0.0
2006,494,53,3,10.09,0.0
2007,494,212,3,7.47,0.0
2008,494,197,1,2.88,0.0
2009,495,125,2,19.62,0.0
2010,495,38,2,12.67,0.0
2011,496,2,1,11.3,1.13
2012,496,5,3,11.32,0.0
2013,496,40,3,15.33,0.0
2014,496,233,1,14.51,0.0
2015,496,14,3,12.02,0.0
2016,496,29,2,5.4,0.54
2017,497,69,1,15.15,0.0
2018,497,5,1,11.32,0.0
2019,497,6,1,24.22,0.0
2020,497,11,1,10.32,1.03
2021,497,77,1,24.59,0.0
2022,497,113,2,4.94,0.0
2023,498,38,2,12.67,1.27
2024,498,10,3,17.86,0.0
2025,498,171,1,10.54,0.0
2026,498,22,3,16.56,0.0
2027,499,192,2,9.33,0.0
2028,499,3,3,16.72,0.0
2029,499,35,2,3.73,0.0
2030,499,165,3,5.73,0.0
2031,499,18,3,19.15,0.0
2032,499,30,2,4.36,0.0
2033,500,32,3,5.99,0.0
2034,500,36,2,23.88,0.0
2035,500,10,2,17.86,1.79
2036,500,203,2,16.15,0.0
2037,500,11,2,10.32,1.03
2038,500,29,3,5.4,0.0
2039,501,35,1,3.73,0.0
2040,501,112,2,9.55,0.0
2041,501,20,1,19.92,1.99
2042,501,248,3,19.4,1.94
2043,501,25,1,19.85,0.0
2044,502,26,1,10.08,0.0
2045,502,27,4,24.04,0.0
2046,502,30,2,4.36,0.0
2047,502,7,2,5.95,0.6
2048,503,34,2,19.46,0.0
2049,503,3,1,16.72,0.0
2050,503,41,3,17.67,0.0
2051,503,12,2,12.04,1.2
2052,503,13,2,4.43,0.0
2053,503,20,3,19.92,0.0
2054,504,32,2,5.99,0.0
2055,504,18,1,19.15,0.0
2056,504,37,3,16.44,0.0
2057,504,191,3,7.16,0.0
2058,505,10,1,17.86,0.0
2059,505,80,1,2.9,0.0
2060,505,19,3,7.1,0.0
2061,505,122,2,9.1,0.0
2062,505,28,3,16.85,1.69
2063,505,29,1,5.4,0.0
2064,506,198,1,23.1,0.0
2065,506,30,2,4.36,0.0
2066,507,75,1,20.65,0.0
2067,507,4,3,8.66,0.0
2068,507,38,2,12.67,0.0
2069,507,15,2,11.21,1.12
2070,508,9,1,12.58,0.0
2071,508,146,2,10.38,1.04
2072,508,195,1,9.71,0.0
2073,508,29,3,5.4,0.0
2074,509,230,1,14.04,0.0
2075,509,11,1,10.32,0.0
2076,509,178,1,12.33,0.0
2077,509,18,1,19.15,0.0
2078,509,20,1,19.92,0.0
2079,509,26,1,10.08,0.0
2080,510,38,2,12.67,0.0
2081,510,123,2,23.88,0.0
2082,510,153,2,7.5,0.0
2083,510,26,2,10.08,0.0
2084,510,27,3,24.04,2.4
2085,511,72,1,13.53,0.0
2086,511,201,2,19.45,0.0
2087,511,27,1,24.04,0.0
2088,511,38,3,12.67,0.0
2089,512,73,1,24.03,0.0
2090,512,9,1,12.58,1.26
2091,512,74,2,12.36,0.0
2092,512,35,1,3.73,0.0
2093,513,33,3,5.52,0.55
2094,513,4,3,8.66,0.0
2095,513,5,3,11.32,0.0
2096,513,103,2,23.09,0.0
2097,513,40,1,15.33,0.0
2098,513,50,3,16.52,0.0
2099,514,17,1,22.02,2.2
2100,514,35,1,3.73,0.0
2101,515,152,2,7.38,0.0
2102,515,14,2,12.02,0.0
2103,516,39,2,14.97,0.0
2104,516,10,1,17.86,0.0
2105,516,12,1,12.04,0.0
2106,516,45,3,9.43,0.0
2107,516,144,2,18.59,0.0
2108,517,40,3,15.33,0.0
2109,517,12,2,12.04,0.0
2110,517,113,1,4.94,0.0
2111,517,18,1,19.15,0.0
2112,517,26,4,10.08,0.0
2113,517,190,2,3.88,0.0
2114,518,52,3,15.6,0.0
2115,518,39,1,14.97,0.0
2116,519,32,2,5.99,0.0
2117,519,10,2,17.86,0.0
2118,519,179,3,13.81,0.0
2119,519,168,1,22.08,2.21
2120,520,8,1,23.8,0.0
2121,520,105,2,17.09,0.0
2122,520,12,2,12.04,0.0
2123,520,31,1,7.89,0.0
2124,521,5,1,11.32,0.0
2125,521,230,3,14.04,0.0
2126,521,39,3,14.97,0.0
2127,521,13,3,4.43,0.0
2128,521,80,1,2.9,0.0
2129,521,30,2,4.36,0.0
2130,522,17,1,22.02,0.0
2131,522,38,1,12.67,1.27
2132,523,8,2,23.8,0.0
2133,523,3,1,16.72,0.0
2134,523,36,1,23.88,2.39
2135,523,29,2,5.4,0.0
2136,524,49,2,12.79,0.0
2137,524,14,2,12.02,1.2
2138,524,63,2,10.84,0.0
2139,525,1,4,11.87,1.19
2140,525,35,2,3.73,0.0
2141,525,36,3,23.88,0.0
2142,525,16,4,3.81,0.0
2143,525,21,3,3.76,0.38
2144,525,23,2,14.2,1.42
2145,526,34,3,19.46,0.0
2146,526,7,3,5.95,0.0
2147,526,9,3,12.58,0.0
2148,526,16,1,3.81,0.0
2149,526,55,2,12.62,0.0
2150,526,26,2,10.08,1.01
2151,527,19,3,7.1,0.0
2152,527,23,3,14.2,0.0
2153,528,35,2,3.73,0.0
2154,528,132,2,14.41,0.0
2155,528,198,2,23.1,2.31
2156,528,17,1,22.02,0.0
2157,528,29,3,5.4,0.0
2158,528,31,2,7.89,0.0
2159,529,16,2,3.81,0.0
2160,529,35,1,3.73,0.0
2161,530,35,3,3.73,0.0
2162,530,69,1,15.15,0.0
2163,530,199,3,12.87,0.0
2164,530,73,2,24.03,0.0
2165,530,14,2,12.02,0.0
2166,530,60,3,24.48,0.0
2167,531,9,1,12.58,0.0
2168,531,108,3,18.3,0.0
2169,531,17,3,22.02,0.0
2170,531,182,3,22.94,0.0
2171,531,31,2,7.89,0.0
2172,531,191,1,7.16,0.0
2173,532,8,3,23.8,0.0
2174,532,9,2,12.58,0.0
2175,532,106,3,17.23,0.0
2176,532,12,3,12.04,0.0
2177,532,238,1,3.0,0.0
2178,532,19,1,7.1,0.0
2179,533,121,2,2.42,0.24
2180,533,33,1,5.52,0.0
2181,533,221,2,16.53,0.0
2182,533,7,1,5.95,0.0
2183,534,10,2,17.86,0.0
2184,534,29,3,5.4,0.0
2185,534,38,3,12.67,0.0
2186,535,33,2,5.52,0.0
2187,535,250,1,10.1,0.0
2188,535,44,3,24.69,0.0
2189,535,68,3,22.91,0.0
2190,536,193,3,4.28,0.0
2191,536,31,2,7.89,0.0
2192,537,33,1,5.52,0.0
2193,537,191,1,7.16,0.0
2194,537,22,1,16.56,0.0
2195,537,30,1,4.36,0.0
2196,537,31,2,7.89,0.0
2197,538,9,3,12.58,0.0
2198,538,95,1,10.89,0.0
2199,538,15,3,11.21,0.0
2200,539,163,1,13.57,0.0
2201,539,175,2,4.87,0.0
2202,539,22,1,16.56,0.0
2203,539,220,3,14.33,0.0
2204,539,159,1,15.12,0.0
2205,540,160,2,12.13,0.0
2206,540,34,1,19.46,0.0
2207,540,37,3,16.44,0.0
2208,540,199,1,12.87,0.0
2209,541,33,3,5.52,0.0
2210,541,73,1,24.03,0.0
2211,541,11,3,10.32,0.0
2212,541,83,3,14.05,0.0
2213,541,21,3,3.76,0.0
2214,541,216,3,16.32,0.0
2215,542,24,3,6.46,0.0
2216,542,2,1,11.3,0.0
2217,542,176,1,3.93,0.39
2218,543,189,2,10.88,0.0
2219,543,39,2,14.97,0.0
2220,544,49,3,12.79,0.0
2221,544,23,2,14.2,0.0
2222,544,24,3,6.46,0.0
2223,544,27,1,24.04,0.0
2224,544,31,2,7.89,0.79
2225,545,26,2,10.08,0.0
2226,545,34,1,19.46,0.0
2227,546,67,2,2.94,0.0
2228,546,36,2,23.88,0.0
2229,546,5,3,11.32,0.0
2230,546,6,2,24.22,0.0
2231,546,8,1,23.8,0.0
2232,546,86,2,23.11,0.0
2233,547,45,1,9.43,0.0
2234,547,16,2,3.81,0.38
2235,547,242,1,10.21,0.0
2236,547,116,2,24.93,0.0
2237,547,24,3,6.46,0.0
2238,548,17,3,22.02,0.0
2239,548,2,3,11.3,0.0
2240,548,13,2,4.43,0.0
2241,548,31,2,7.89,0.0
2242,549,22,2,16.56,0.0
2243,549,47,1,9.27,0.0
2244,550,2,3,11.3,0.0
2245,550,5,1,11.32,1.13
2246,550,8,2,23.8,0.0
2247,550,59,2,16.83,0.0
2248,550,250,1,10.1,0.0
2249,550,187,1,11.12,0.0
2250,551,2,3,11.3,0.0
2251,551,4,2,8.66,0.0
2252,551,141,3,17.94,0.0
2253,552,99,1,15.86,0.0
2254,552,36,3,23.88,0.0
2255,552,197,3,2.88,0.0
2256,552,110,1,14.86,0.0
2257,552,30,1,4.36,0.0
2258,553,186,2,11.54,1.15
2259,553,18,3,19.15,1.92
2260,553,7,1,5.95,0.0
2261,554,7,1,5.95,0.0
2262,554,13,3,4.43,0.0
2263,554,15,1,11.21,0.0
2264,554,210,2,11.73,1.17
2265,554,23,3,14.2,0.0
2266,554,222,1,15.23,0.0
2267,555,33,3,5.52,0.0
2268,555,35,1,3.73,0.0
2269,555,40,2,15.33,0.0
2270,555,12,3,12.04,0.0
2271,555,15,2,11.21,0.0
2272,555,25,2,19.85,0.0
2273,556,225,2,2.04,0.0
2274,556,37,3,16.44,0.0
2275,556,38,3,12.67,0.0
2276,556,16,1,3.81,0.38
2277,556,17,3,22.02,0.0
2278,556,24,2,6.46,0.0
2279,557,39,3,14.97,0.0
2280,557,44,2,24.69,0.0
2281,557,16,1,3.81,0.0
2282,557,20,3,19.92,0.0
2283,557,60,3,24.48,0.0
2284,557,31,1,7.89,0.0
2285,558,5,2,11.32,0.0
2286,558,230,1,14.04,0.0
2287,558,39,2,14.97,0.0
2288,558,15,3,11.21,0.0
2289,558,18,2,19.15,0.0
2290,558,27,2,24.04,0.0
2291,559,216,1,16.32,0.0
2292,559,9,3,12.58,1.26
2293,559,90,3,3.2,0.0
2294,560,18,2,19.15,0.0
2295,560,23,3,14.2,0.0
2296,561,34,1,19.46,0.0
2297,561,45,1,9.43,0.0
2298,561,20,4,19.92,0.0
2299,561,22,3,16.56,0.0
2300,561,222,1,15.23,0.0
2301,562,33,1,5.52,0.0
2302,562,43,2,16.79,0.0
2303,562,49,2,12.79,0.0
2304,562,247,3,15.38,1.54
2305,562,28,1,16.85,0.0
2306,563,5,2,11.32,0.0
2307,563,39,1,14.97,1.5
2308,563,61,1,4.08,0.0
2309,563,30,2,4.36,0.0
2310,563,31,1,7.89,0.0
2311,564,81,3,18.28,1.83
2312,564,149,2,16.04,0.0
2313,564,22,1,16.56,0.0
2314,564,23,2,14.2,0.0
2315,565,38,1,12.67,0.0
2316,565,40,3,15.33,0.0
2317,565,138,3,15.74,0.0
2318,565,240,2,10.59,0.0
2319,565,122,3,9.1,0.91
2320,566,229,3,17.37,0.0
2321,566,105,2,17.09,0.0
2322,566,12,1,12.04,0.0
2323,566,24,2,6.46,0.0
2324,566,29,3,5.4,0.0
2325,566,30,1,4.36,0.0
2326,567,32,2,5.99,0.0
2327,567,46,1,24.33,0.0
2328,567,54,3,3.71,0.0
2329,567,24,2,6.46,0.0
2330,567,31,2,7.89,0.0
2331,568,37,4,16.44,0.0
2332,568,168,3,22.08,0.0
2333,568,12,1,12.04,0.0
2334,568,44,4,24.69,0.0
2335,568,17,3,22.02,0.0
2336,569,224,2,8.7,0.0
2337,569,5,1,11.32,0.0
2338,569,10,2,17.86,0.0
2339,569,236,2,2.47,0.0
2340,569,209,3,16.0,0.0
2341,569,49,2,12.79,0.0
2342,570,73,3,24.03,0.0
2343,570,194,1,18.44,0.0
2344,570,11,1,10.32,1.03
2345,570,20,3,19.92,0.0
2346,571,4,2,8.66,0.0
2347,571,74,1,12.36,0.0
2348,571,17,3,22.02,0.0
2349,571,125,2,19.62,0.0
2350,571,29,3,5.4,0.0
2351,572,1,2,11.87,0.0
2352,572,194,1,18.44,0.0
2353,572,35,1,3.73,0.0
2354,572,108,1,18.3,0.0
2355,573,16,3,3.81,0.0
2356,573,4,2,8.66,0.0
2357,573,36,2,23.88,0.0
2358,574,34,2,19.46,0.0
2359,574,40,1,15.33,0.0
2360,574,202,3,12.79,1.28
2361,574,235,3,13.68,0.0
2362,574,29,3,5.4,0.0
2363,575,32,2,5.99,0.0
2364,575,90,2,3.2,0.0
2365,575,19,3,7.1,0.0
2366,575,150,1,19.3,0.0
2367,576,2,3,11.3,0.0
2368,576,35,2,3.73,0.0
2369,576,4,1,8.66,0.0
2370,576,198,3,23.1,0.0
2371,576,111,1,16.8,0.0
2372,576,31,3,7.89,0.0
2373,577,16,2,3.81,0.0
2374,577,225,4,2.04,0.0
2375,577,3,3,16.72,0.0
2376,577,6,2,24.22,2.42
2377,578,128,1,5.56,0.56
2378,578,1,3,11.87,0.0
2379,578,2,3,11.3,1.13
2380,578,43,2,16.79,0.0
2381,578,21,1,3.76,0.0
2382,578,28,1,16.85,0.0
2383,579,147,2,18.55,0.0
2384,579,28,2,16.85,0.0
2385,579,111,3,16.8,1.68
2386,580,36,1,23.88,0.0
2387,580,4,2,8.66,0.0
2388,581,25,3,19.85,0.0
2389,581,5,3,11.32,1.13
2390,581,247,2,15.38,1.54
2391,582,62,1,15.66,0.0
2392,582,203,1,16.15,1.61
2393,582,6,3,24.22,0.0
2394,583,210,3,11.73,0.0
2395,583,39,2,14.97,0.0
2396,583,130,3,20.13,0.0
2397,584,3,2,16.72,0.0
2398,584,19,2,7.1,0.0
2399,584,20,2,19.92,0.0
2400,584,6,1,24.22,0.0
2401,585,16,3,3.81,0.0
2402,585,240,1,10.59,0.0
2403,585,6,1,24.22,0.0
2404,585,17,2,22.02,0.0
2405,586,33,2,5.52,0.0
2406,586,5,2,11.32,0.0
2407,586,208,1,23.63,0.0
2408,586,16,1,3.81,0.0
2409,586,23,1,14.2,1.42
2410,586,189,2,10.88,1.09
2411,587,8,1,23.8,0.0
2412,587,9,2,12.58,0.0
2413,587,180,3,21.11,0.0
2414,588,37,3,16.44,0.0
2415,588,38,3,12.67,1.27
2416,588,8,2,23.8,0.0
2417,588,20,1,19.92,0.0
2418,588,186,1,11.54,1.15
2419,588,190,3,3.88,0.0
2420,589,28,1,16.85,1.69
2421,589,6,3,24.22,0.0
2422,589,39,3,14.97,0.0
2423,590,165,3,5.73,0.0
2424,590,233,2,14.51,0.0
2425,590,140,3,6.16,0.62
2426,590,12,3,12.04,0.0
2427,590,16,2,3.81,0.0
2428,590,21,3,3.76,0.0
2429,591,36,1,23.88,0.0
2430,591,4,2,8.66,0.0
2431,592,168,2,22.08,0.0
2432,592,25,1,19.85,0.0
2433,592,37,3,16.44,0.0
2434,593,32,3,5.99,0.0
2435,593,66,3,19.0,0.0
2436,593,40,1,15.33,0.0
2437,593,10,2,17.86,0.0
2438,593,204,3,22.83,0.0
2439,594,49,3,12.79,0.0
2440,594,156,3,22.79,0.0
2441,594,86,3,23.11,0.0
2442,595,16,2,3.81,0.0
2443,595,138,2,15.74,0.0
2444,596,45,3,9.43,0.0
2445,596,13,1,4.43,0.0
2446,596,15,2,11.21,0.0
2447,596,49,3,12.79,0.0
2448,596,23,1,14.2,0.0
2449,597,240,3,10.59,0.0
2450,597,34,1,19.46,1.95
2451,597,28,1,16.85,0.0
2452,597,206,1,6.96,0.0
2453,598,43,3,16.79,0.0
2454,598,212,3,7.47,0.0
2455,599,38,2,12.67,0.0
2456,599,134,1,14.11,0.0
2457,599,20,2,19.92,0.0
2458,599,23,2,14.2,0.0
2459,599,93,3,9.58,0.0
2460,600,32,2,5.99,0.0
2461,600,9,2,12.58,0.0
2462,600,17,3,22.02,2.2
2463,600,113,1,4.94,0.0
2464,600,29,3,5.4,0.0
2465,601,180,1,21.11,0.0
2466,601,13,2,4.43,0.0
2467,601,23,2,14.2,0.0
2468,602,146,1,10.38,0.0
2469,602,2,2,11.3,0.0
2470,602,117,3,22.99,0.0
2471,602,22,2,16.56,0.0
2472,603,33,2,5.52,0.0
2473,603,180,2,21.11,2.11
2474,603,25,1,19.85,0.0
2475,603,250,1,10.1,0.0
2476,603,28,1,16.85,0.0
2477,604,161,2,19.7,0.0
2478,604,98,3,24.18,0.0
2479,604,34,2,19.46,0.0
2480,604,6,1,24.22,0.0
2481,604,11,2,10.32,0.0
2482,604,248,3,19.4,0.0
2483,605,26,2,10.08,0.0
2484,605,45,1,9.43,0.0
2485,606,33,3,5.52,0.0
2486,606,19,3,7.1,0.0
2487,607,177,1,5.69,0.0
2488,607,23,1,14.2,0.0
2489,607,5,2,11.32,0.0
2490,607,119,2,17.42,0.0
2491,608,15,3,11.21,0.0
2492,608,7,3,5.95,0.0
2493,608,39,3,14.97,0.0
2494,609,121,3,2.42,0.0
2495,609,20,2,19.92,0.0
2496,609,22,2,16.56,0.0
2497,609,215,3,16.7,0.0
2498,610,16,1,3.81,0.0
2499,610,29,3,5.4,0.0
2500,610,39,1,14.97,0.0
2501,611,113,2,4.94,0.0
2502,611,2,2,11.3,0.0
2503,611,11,2,10.32,0.0
2504,611,38,3,12.67,0.0
2505,612,37,1,16.44,0.0
2506,612,103,3,23.09,0.0
2507,612,10,2,17.86,0.0
2508,612,236,2,2.47,0.0
2509,612,26,3,10.08,0.0
2510,613,250,3,10.1,0.0
2511,613,5,2,11.32,0.0
2512,614,1,3,11.87,0.0
2513,614,37,3,16.44,0.0
2514,614,249,1,5.07,0.0
2515,614,27,3,24.04,0.0
2516,614,29,1,5.4,0.0
2517,614,30,3,4.36,0.44
2518,615,2,2,11.3,0.0
2519,615,162,3,19.9,0.0
2520,615,35,1,3.73,0.0
2521,615,37,3,16.44,0.0
2522,615,39,1,14.97,0.0
2523,616,49,2,12.79,1.28
2524,616,9,3,12.58,0.0
2525,617,10,3,17.86,0.0
2526,617,106,1,17.23,0.0
2527,617,17,3,22.02,0.0
2528,617,50,2,16.52,1.65
2529,617,181,2,4.11,0.0
2530,617,26,2,10.08,0.0
2531,618,36,1,23.88,2.39
2532,618,74,3,12.36,0.0
2533,618,12,3,12.04,0.0
2534,618,17,2,22.02,0.0
2535,618,212,1,7.47,0.0
2536,618,24,1,6.46,0.0
2537,619,16,1,3.81,0.0
2538,619,73,3,24.03,0.0
2539,619,33,1,5.52,0.0
2540,620,36,1,23.88,0.0
2541,620,37,2,16.44,0.0
2542,620,15,1,11.21,0.0
2543,620,212,1,7.47,0.75
2544,620,22,1,16.56,1.66
2545,620,27,2,24.04,0.0
2546,621,32,1,5.99,0.0
2547,621,1,3,11.87,0.0
2548,621,6,2,24.22,0.0
2549,621,12,1,12.04,1.2
2550,621,13,3,4.43,0.0
2551,621,60,3,24.48,0.0
2552,622,24,4,6.46,0.0
2553,622,3,2,16.72,0.0
2554,622,38,1,12.67,1.27
2555,622,15,2,11.21,0.0
2556,623,216,2,16.32,0.0
2557,623,33,2,5.52,0.55
2558,623,3,1,16.72,0.0
2559,623,38,2,12.67,0.0
2560,624,32,3,5.99,0.0
2561,624,7,2,5.95,0.6
2562,624,8,1,23.8,0.0
2563,624,11,1,10.32,0.0
2564,624,12,3,12.04,0.0
2565,625,35,3,3.73,0.0
2566,625,37,3,16.44,0.0
2567,626,201,3,19.45,1.95
2568,626,3,1,16.72,1.67
2569,626,7,1,5.95,0.0
2570,626,127,3,25.0,0.0
2571,627,1,3,11.87,0.0
2572,627,20,3,19.92,0.0
2573,627,31,2,7.89,0.0
2574,628,216,3,16.32,0.0
2575,628,177,3,5.69,0.0
2576,628,40,3,15.33,0.0
2577,629,16,3,3.81,0.0
2578,629,7,3,5.95,0.0
2579,630,18,3,19.15,0.0
2580,630,54,2,3.71,0.0
2581,631,1,2,11.87,0.0
2582,631,19,3,7.1,0.0
2583,632,10,3,17.86,0.0
2584,632,23,3,14.2,1.42
2585,633,37,3,16.44,0.0
2586,633,12,3,12.04,0.0
2587,633,49,2,12.79,0.0
2588,633,24,2,6.46,0.0
2589,633,187,2,11.12,0.0
2590,633,157,1,6.46,0.0
2591,634,37,1,16.44,1.64
2592,634,5,3,11.32,0.0
2593,634,40,2,15.33,0.0
2594,634,18,1,19.15,0.0
2595,634,25,1,19.85,0.0
2596,635,3,3,16.72,0.0
2597,635,36,3,23.88,0.0
2598,635,9,1,12.58,0.0
2599,635,12,1,12.04,0.0
2600,635,13,1,4.43,0.0
2601,635,212,2,7.47,0.0
2602,636,34,3,19.46,0.0
2603,636,35,2,3.73,0.37
2604,636,8,2,23.8,0.0
2605,636,82,3,24.79,0.0
2606,636,26,1,10.08,0.0
2607,636,28,3,16.85,1.69
2608,637,38,1,12.67,0.0
2609,637,112,3,9.55,0.0
2610,637,88,2,19.81,0.0
2611,637,30,1,4.36,0.0
2612,637,216,2,16.32,0.0
2613,638,4,1,8.66,0.0
2614,638,9,3,12.58,0.0
2615,638,13,3,4.43,0.0
2616,638,14,2,12.02,0.0
2617,638,46,3,24.33,2.43
2618,638,30,1,4.36,0.0
2619,639,40,2,15.33,1.53
2620,639,23,2,14.2,0.0
2621,640,19,3,7.1,0.0
2622,640,3,3,16.72,0.0
2623,640,198,3,23.1,0.0
2624,641,2,2,11.3,0.0
2625,641,34,3,19.46,0.0
2626,641,7,3,5.95,0.0
2627,641,204,2,22.83,0.0
2628,641,18,1,19.15,0.0
2629,641,23,1,14.2,0.0
2630,642,224,3,8.7,0.0
2631,642,33,2,5.52,0.0
2632,642,233,2,14.51,0.0
2633,642,106,2,17.23,1.72
2634,642,154,2,24.21,0.0
2635,642,29,3,5.4,0.0
2636,643,5,2,11.32,0.0
2637,643,11,2,10.32,0.0
2638,643,18,3,19.15,0.0
2639,643,51,2,20.32,0.0
2640,643,22,1,16.56,0.0
2641,644,1,1,11.87,0.0
2642,644,209,3,16.0,0.0
2643,644,19,1,7.1,0.71
2644,644,24,2,6.46,0.0
2645,644,28,1,16.85,0.0
2646,645,25,3,19.85,0.0
2647,645,194,1,18.44,0.0
2648,645,26,1,10.08,0.0
2649,645,6,1,24.22,0.0
2650,646,68,2,22.91,0.0
2651,646,169,2,3.2,0.0
2652,646,10,2,17.86,0.0
2653,646,28,2,16.85,0.0
2654,646,94,2,14.83,0.0
2655,646,31,3,7.89,0.0
2656,647,4,2,8.66,0.0
2657,647,40,3,15.33,0.0
2658,647,48,1,12.11,0.0
2659,647,25,2,19.85,0.0
2660,647,27,3,24.04,0.0
2661,648,12,1,12.04,0.0
2662,648,114,2,18.17,0.0
2663,648,19,2,7.1,0.0
2664,648,53,1,10.09,0.0
2665,648,22,4,16.56,0.0
2666,648,154,4,24.21,0.0
2667,649,19,1,7.1,0.0
2668,649,86,3,23.11,0.0
2669,650,24,3,6.46,0.0
2670,650,157,3,6.46,0.0
2671,651,20,2,19.92,0.0
2672,651,101,2,3.87,0.0
2673,652,231,3,10.29,0.0
2674,652,7,2,5.95,0.0
2675,652,52,2,15.6,0.0
2676,652,25,1,19.85,0.0
2677,652,28,3,16.85,0.0
2678,652,95,1,10.89,1.09
2679,653,108,1,18.3,0.0
2680,653,22,3,16.56,0.0
2681,653,39,1,14.97,0.0
2682,654,32,2,5.99,0.0
2683,654,50,2,16.52,0.0
2684,654,238,2,3.0,0.0
2685,655,8,3,23.8,0.0
2686,655,169,1,3.2,0.0
2687,655,11,3,10.32,0.0
2688,655,107,2,4.97,0.0
2689,655,31,1,7.89,0.0
2690,656,18,3,19.15,0.0
2691,656,12,1,12.04,0.0
2692,656,20,2,19.92,0.0
2693,656,6,2,24.22,0.0
2694,657,2,2,11.3,0.0
2695,657,63,1,10.84,0.0
2696,658,3,2,16.72,0.0
2697,658,27,1,24.04,0.0
2698,659,35,1,3.73,0.0
2699,659,22,2,16.56,1.66
2700,660,3,4,16.72,0.0
2701,660,4,4,8.66,0.0
2702,660,37,1,16.44,0.0
2703,660,39,1,14.97,0.0
2704,660,40,3,15.33,1.53
2705,660,12,4,12.04,1.2
2706,661,1,1,11.87,0.0
2707,661,173,1,18.36,0.0
2708,661,21,3,3.76,0.0
2709,661,23,3,14.2,0.0
2710,661,27,1,24.04,0.0
2711,662,134,1,14.11,0.0
2712,662,17,3,22.02,0.0
2713,662,218,2,21.24,2.12
2714,662,125,1,19.62,0.0
2715,662,223,3,18.53,0.0
2716,663,35,3,3.73,0.0
2717,663,15,3,11.21,1.12
2718,663,18,3,19.15,0.0
2719,663,19,1,7.1,0.0
2720,663,213,1,4.8,0.0
2721,664,164,1,11.63,1.16
2722,664,204,1,22.83,0.0
2723,664,18,1,19.15,0.0
2724,664,19,2,7.1,0.0
2725,664,26,2,10.08,0.0
2726,664,28,1,16.85,0.0
2727,665,144,3,18.59,0.0
2728,665,13,2,4.43,0.0
2729,665,102,3,17.26,0.0
2730,666,162,1,19.9,0.0
2731,666,204,1,22.83,0.0
2732,667,8,1,23.8,0.0
2733,667,12,2,12.04,0.0
2734,667,110,1,14.86,0.0
2735,668,21,2,3.76,0.0
2736,668,12,1,12.04,0.0
2737,668,29,1,5.4,0.0
2738,669,33,1,5.52,0.0
2739,669,3,2,16.72,0.0
2740,669,40,3,15.33,0.0
2741,669,9,1,12.58,0.0
2742,669,170,3,13.05,0.0
2743,670,36,2,23.88,0.0
2744,670,37,3,16.44,0.0
2745,670,38,3,12.67,0.0
2746,670,123,2,23.88,0.0
2747,670,30,3,4.36,0.0
2748,671,8,3,23.8,0.0
2749,671,93,2,9.58,0.0
2750,672,2,2,11.3,0.0
2751,672,5,3,11.32,0.0
2752,672,6,1,24.22,0.0
2753,672,176,1,3.93,0.0
2754,672,26,2,10.08,0.0
2755,673,2,1,11.3,1.13
2756,673,18,1,19.15,0.0
2757,674,34,2,19.46,1.95
2758,674,36,1,23.88,0.0
2759,674,7,2,5.95,0.0
2760,674,71,4,15.92,0.0
2761,674,169,4,3.2,0.0
2762,674,150,3,19.3,0.0
2763,675,2,4,11.3,0.0
2764,675,40,3,15.33,0.0
2765,675,16,3,3.81,0.0
2766,675,54,3,3.71,0.37
2767,675,26,2,10.08,0.0
2768,676,33,3,5.52,0.0
2769,676,194,3,18.44,0.0
2770,676,36,1,23.88,2.39
2771,676,18,2,19.15,0.0
2772,676,23,3,14.2,1.42
2773,677,152,1,7.38,0.0
2774,677,1,2,11.87,0.0
2775,677,68,3,22.91,2.29
2776,677,117,3,22.99,0.0
2777,678,24,2,6.46,0.0
2778,678,59,2,16.83,0.0
2779,678,187,1,11.12,0.0
2780,679,16,2,3.81,0.0
2781,679,106,3,17.23,0.0
2782,679,3,3,16.72,0.0
2783,679,86,2,23.11,0.0
2784,680,3,1,16.72,0.0
2785,680,132,2,14.41,0.0
2786,680,94,2,14.83,0.0
2787,681,177,1,5.69,0.0
2788,681,33,4,5.52,0.0
2789,682,36,4,23.88,0.0
2790,682,9,2,12.58,1.26
2791,682,17,2,22.02,2.2
2792,682,19,1,7.1,0.0
2793,682,20,4,19.92,0.0
2794,682,24,4,6.46,0.0
2795,683,32,1,5.99,0.0
2796,683,17,3,22.02,0.0
2797,683,18,3,19.15,0.0
2798,683,99,2,15.86,0.0
2799,684,9,2,12.58,0.0
2800,684,26,2,10.08,0.0
2801,685,189,3,10.88,0.0
2802,685,22,2,16.56,0.0
2803,686,2,1,11.3,0.0
2804,686,36,1,23.88,0.0
2805,686,14,3,12.02,0.0
2806,686,15,2,11.21,0.0
2807,686,26,2,10.08,1.01
2808,687,7,3,5.95,0.0
2809,687,220,1,14.33,0.0
2810,687,37,2,16.44,0.0
2811,687,231,3,10.29,0.0
2812,688,224,2,8.7,0.0
2813,688,131,2,13.68,0.0
2814,688,203,1,16.15,0.0
2815,688,15,1,11.21,0.0
2816,688,151,3,20.03,0.0
2817,689,16,4,3.81,0.0
2818,689,32,1,5.99,0.0
2819,689,13,2,4.43,0.0
2820,689,47,4,9.27,0.0
2821,690,8,2,23.8,0.0
2822,690,241,3,19.19,0.0
2823,690,18,1,19.15,0.0
2824,690,114,3,18.17,0.0
2825,690,24,1,6.46,0.0
2826,690,217,2,3.44,0.0
2827,691,37,3,16.44,0.0
2828,691,11,1,10.32,0.0
2829,691,241,2,19.19,0.0
2830,691,18,1,19.15,0.0
2831,691,29,1,5.4,0.0
2832,692,33,3,5.52,0.0
2833,692,199,1,12.87,0.0
2834,692,139,2,5.55,0.0
2835,692,14,3,12.02,0.0
2836,692,20,2,19.92,0.0
2837,692,119,2,17.42,0.0
2838,693,34,2,19.46,0.0
2839,693,105,1,17.09,0.0
2840,693,15,2,11.21,0.0
2841,693,22,2,16.56,0.0
2842,693,55,2,12.62,0.0
2843,694,4,1,8.66,0.87
2844,694,36,2,23.88,0.0
2845,694,7,2,5.95,0.0
2846,694,77,3,24.59,0.0
2847,694,215,3,16.7,0.0
2848,695,33,3,5.52,0.0
2849,695,17,3,22.02,0.0
2850,696,11,1,10.32,0.0
2851,696,28,3,16.85,0.0
2852,696,21,1,3.76,0.0
2853,697,24,1,6.46,0.0
2854,697,19,1,7.1,0.0
2855,698,17,2,22.02,0.0
2856,698,91,3,16.51,0.0
2857,698,30,3,4.36,0.0
2858,699,27,3,24.04,0.0
2859,699,23,2,14.2,0.0
2860,700,113,3,4.94,0.0
2861,700,4,2,8.66,0.0
2862,701,88,3,19.81,0.0
2863,701,33,2,5.52,0.0
2864,701,244,2,7.55,0.76
2865,701,23,1,14.2,0.0
2866,702,177,2,5.69,0.0
2867,702,143,3,22.76,0.0
2868,703,130,1,20.13,0.0
2869,703,36,3,23.88,0.0
2870,703,5,3,11.32,0.0
2871,703,140,2,6.16,0.0
2872,703,22,3,16.56,0.0
2873,703,121,3,2.42,0.0
2874,704,225,1,2.04,0.0
2875,704,4,2,8.66,0.0
2876,704,7,1,5.95,0.0
2877,704,18,2,19.15,1.92
2878,704,26,3,10.08,0.0
2879,704,31,2,7.89,0.0
2880,705,225,2,2.04,0.0
2881,705,228,3,6.31,0.63
2882,705,4,1,8.66,0.0
2883,705,20,2,19.92,0.0
2884,705,27,1,24.04,0.0
2885,705,29,3,5.4,0.0
2886,706,192,2,9.33,0.0
2887,706,101,3,3.87,0.0
2888,706,6,1,24.22,0.0
2889,706,16,1,3.81,0.0
2890,706,18,3,19.15,0.0
2891,707,4,2,8.66,0.0
2892,707,60,2,24.48,0.0
2893,707,7,1,5.95,0.0
2894,708,2,2,11.3,0.0
2895,708,34,1,19.46,0.0
2896,708,38,3,12.67,0.0
2897,708,9,2,12.58,0.0
2898,708,13,3,4.43,0.0
2899,708,29,3,5.4,0.0
2900,709,35,2,3.73,0.0
2901,709,40,1,15.33,0.0
2902,709,8,1,23.8,0.0
2903,709,77,1,24.59,0.0
2904,709,14,3,12.02,0.0
2905,709,156,2,22.79,0.0
2906,710,226,3,10.11,0.0
2907,710,4,3,8.66,0.0
2908,711,125,2,19.62,0.0
2909,711,86,1,23.11,0.0
2910,712,108,1,18.3,0.0
2911,712,159,1,15.12,0.0
2912,713,8,1,23.8,0.0
2913,713,77,1,24.59,0.0
2914,713,7,3,5.95,0.0
2915,714,1,2,11.87,0.0
2916,714,39,2,14.97,0.0
2917,714,78,1,3.94,0.0
2918,714,177,1,5.69,0.0
2919,714,21,3,3.76,0.0
2920,714,23,2,14.2,0.0
2921,715,18,2,19.15,0.0
2922,715,11,2,10.32,0.0
2923,715,31,2,7.89,0.0
2924,716,11,1,10.32,0.0
2925,716,12,3,12.04,0.0
2926,716,7,2,5.95,0.0
2927,717,32,1,5.99,0.0
2928,717,91,3,16.51,0.0
2929,717,131,1,13.68,0.0
2930,717,14,3,12.02,0.0
2931,718,32,2,5.99,0.0
2932,718,37,3,16.44,0.0
2933,719,39,3,14.97,0.0
2934,719,232,1,23.93,0.0
2935,719,147,1,18.55,0.0
2936,719,22,2,16.56,0.0
2937,719,26,3,10.08,0.0
2938,720,21,3,3.76,0.0
2939,720,86,1,23.11,0.0
2940,721,11,4,10.32,0.0
2941,721,22,4,16.56,1.66
2942,722,159,2,15.12,0.0
2943,722,7,1,5.95,0.0
2944,722,63,3,10.84,0.0
2945,722,39,3,14.97,0.0
2946,723,5,3,11.32,0.0
2947,723,37,1,16.44,0.0
2948,723,8,1,23.8,0.0
2949,723,14,2,12.02,0.0
2950,723,177,1,5.69,0.0
2951,723,19,2,7.1,0.0
2952,724,32,3,5.99,0.0
2953,724,36,1,23.88,0.0
2954,724,197,3,2.88,0.0
2955,724,139,3,5.55,0.0
2956,724,151,3,20.03,0.0
2957,724,126,2,6.42,0.0
2958,725,36,1,23.88,0.0
2959,725,10,1,17.86,1.79
2960,725,13,2,4.43,0.0
2961,725,25,1,19.85,0.0
2962,725,159,2,15.12,0.0
2963,726,6,3,24.22,0.0
2964,726,47,1,9.27,0.0
2965,726,20,1,19.92,0.0
2966,726,180,3,21.11,0.0
2967,726,186,1,11.54,0.0
2968,726,62,3,15.66,0.0
2969,727,7,2,5.95,0.0
2970,727,197,4,2.88,0.0
2971,727,15,1,11.21,0.0
2972,728,166,3,6.59,0.0
2973,728,38,1,12.67,1.27
2974,728,27,3,24.04,0.0
2975,728,28,2,16.85,0.0
2976,728,30,1,4.36,0.44
2977,729,235,1,13.68,0.0
2978,729,7,2,5.95,0.0
2979,730,192,3,9.33,0.0
2980,730,4,2,8.66,0.0
2981,730,43,1,16.79,0.0
2982,730,239,1,10.9,1.09
2983,730,17,1,22.02,0.0
2984,730,20,3,19.92,0.0
2985,731,13,3,4.43,0.44
2986,731,38,3,12.67,0.0
2987,731,181,2,4.11,0.0
2988,732,17,1,22.02,0.0
2989,732,83,2,14.05,0.0
2990,732,20,3,19.92,1.99
2991,732,22,1,16.56,0.0
2992,732,24,2,6.46,0.0
2993,732,219,4,13.5,0.0
2994,733,38,2,12.67,0.0
2995,733,34,1,19.46,0.0
2996,733,50,3,16.52,1.65
2997,733,30,3,4.36,0.0
2998,734,35,3,3.73,0.0
2999,734,6,1,24.22,0.0
3000,734,8,2,23.8,0.0
3001,734,24,1,6.46,0.65
3002,734,249,2,5.07,0.0
3003,735,16,2,3.81,0.0
3004,735,11,2,10.32,0.0
3005,735,15,2,11.21,0.0
3006,735,39,3,14.97,0.0
3007,736,241,1,19.19,0.0
3008,736,185,3,23.4,0.0
3009,736,22,2,16.56,0.0
3010,736,15,2,11.21,0.0
3011,737,97,3,21.59,0.0
3012,737,162,3,19.9,0.0
3013,737,70,3,6.33,0.0
3014,738,6,2,24.22,0.0
3015,738,23,2,14.2,0.0
3016,739,234,4,20.09,0.0
3017,739,28,1,16.85,0.0
3018,739,4,1,8.66,0.0
3019,739,182,4,22.94,0.0
3020,740,40,3,15.33,1.53
3021,740,25,3,19.85,0.0
3022,740,120,3,13.7,0.0
3023,740,33,2,5.52,0.0
3024,741,4,3,8.66,0.87
3025,741,77,2,24.59,0.0
3026,741,16,1,3.81,0.0
3027,741,82,2,24.79,0.0
3028,741,30,3,4.36,0.0
3029,742,34,3,19.46,0.0
3030,742,15,1,11.21,0.0
3031,742,153,3,7.5,0.0
3032,742,27,3,24.04,0.0
3033,742,25,1,19.85,0.0
3034,743,218,1,21.24,0.0
3035,743,147,3,18.55,0.0
3036,743,30,3,4.36,0.0
3037,743,119,2,17.42,1.74
3038,744,8,3,23.8,0.0
3039,744,32,3,5.99,0.0
3040,745,4,2,8.66,0.0
3041,745,165,2,5.73,0.0
3042,745,43,1,16.79,0.0
3043,745,171,1,10.54,0.0
3044,745,16,1,3.81,0.0
3045,745,116,1,24.93,0.0
3046,746,25,3,19.85,0.0
3047,746,18,2,19.15,0.0
3048,747,12,2,12.04,0.0
3049,747,37,3,16.44,0.0
3050,748,1,2,11.87,0.0
3051,748,68,2,22.91,0.0
3052,748,39,1,14.97,0.0
3053,748,8,1,23.8,0.0
3054,748,12,2,12.04,0.0
3055,748,30,2,4.36,0.0
3056,749,1,1,11.87,0.0
3057,749,15,1,11.21,0.0
3058,750,73,3,24.03,0.0
3059,750,34,3,19.46,1.95
3060,750,17,2,22.02,2.2
3061,751,194,1,18.44,0.0
3062,751,76,2,21.26,2.13
3063,751,23,3,14.2,0.0
3064,751,215,1,16.7,1.67
3065,751,92,2,9.7,0.0
3066,752,10,1,17.86,1.79
3067,752,21,3,3.76,0.0
3068,752,39,1,14.97,0.0
3069,753,147,2,18.55,0.0
3070,753,12,2,12.04,0.0
3071,753,28,2,16.85,0.0
3072,754,2,3,11.3,0.0
3073,754,39,3,14.97,0.0
3074,754,112,3,9.55,0.0
3075,754,115,3,23.78,0.0
3076,754,22,3,16.56,0.0
3077,754,120,3,13.7,0.0
3078,755,32,3,5.99,0.0
3079,755,36,1,23.88,0.0
3080,756,40,2,15.33,0.0
3081,756,105,3,17.09,1.71
3082,756,8,3,23.8,0.0
3083,756,13,1,4.43,0.0
3084,756,27,2,24.04,0.0
3085,757,4,2,8.66,0.0
3086,757,37,4,16.44,0.0
3087,757,23,2,14.2,0.0
3088,757,89,4,17.61,0.0
3089,757,29,1,5.4,0.0
3090,758,18,3,19.15,0.0
3091,758,34,1,19.46,1.95
3092,758,21,2,3.76,0.0
3093,759,130,1,20.13,0.0
3094,759,38,3,12.67,0.0
3095,759,13,1,4.43,0.44
3096,759,16,3,3.81,0.0
3097,759,28,3,16.85,0.0
3098,760,26,1,10.08,0.0
3099,760,60,2,24.48,0.0
3100,760,150,1,19.3,0.0
3101,760,7,2,5.95,0.0
3102,761,35,1,3.73,0.0
3103,761,40,1,15.33,1.53
3104,761,15,1,11.21,0.0
3105,761,57,2,10.48,0.0
3106,761,28,1,16.85,0.0
3107,761,25,2,19.85,0.0
3108,762,1,3,11.87,0.0
3109,762,12,3,12.04,1.2
3110,762,17,1,22.02,0.0
3111,762,27,2,24.04,0.0
3112,762,28,2,16.85,0.0
3113,763,32,3,5.99,0.0
3114,763,41,2,17.67,0.0
3115,763,180,2,21.11,2.11
3116,763,39,2,14.97,0.0
3117,764,16,1,3.81,0.0
3118,764,250,2,10.1,0.0
3119,764,40,1,15.33,0.0
3120,765,33,4,5.52,0.0
3121,765,29,2,5.4,0.0
3122,766,165,1,5.73,0.0
3123,766,6,2,24.22,2.42
3124,767,27,2,24.04,0.0
3125,767,38,2,12.67,0.0
3126,767,39,2,14.97,0.0
3127,768,8,2,23.8,0.0
3128,768,19,2,7.1,0.0
3129,768,147,2,18.55,0.0
3130,768,13,2,4.43,0.0
3131,769,8,3,23.8,0.0
3132,769,11,2,10.32,0.0
3133,769,12,1,12.04,0.0
3134,769,24,3,6.46,0.0
3135,769,25,2,19.85,0.0
3136,770,80,2,2.9,0.0
3137,770,24,3,6.46,0.0
3138,770,3,2,16.72,0.0
3139,771,3,3,16.72,1.67
3140,771,29,3,5.4,0.0
3141,771,6,1,24.22,0.0
3142,772,35,4,3.73,0.0
3143,772,7,3,5.95,0.0
3144,772,40,1,15.33,0.0
3145,772,51,3,20.32,0.0
3146,772,29,3,5.4,0.0
3147,772,31,3,7.89,0.0
3148,773,18,3,19.15,0.0
3149,773,227,2,15.13,1.51
3150,773,134,1,14.11,0.0
3151,773,15,2,11.21,0.0
3152,774,1,2,11.87,1.19
3153,774,36,1,23.88,0.0
3154,774,5,1,11.32,0.0
3155,774,113,2,4.94,0.49
3156,774,26,2,10.08,0.0
3157,774,126,3,6.42,0.0
3158,775,8,3,23.8,0.0
3159,775,16,1,3.81,0.0
3160,775,11,2,10.32,1.03
3161,775,158,3,17.6,0.0
3162,776,8,3,23.8,0.0
3163,776,10,1,17.86,0.0
3164,776,242,3,10.21,0.0
3165,776,5,1,11.32,0.0
3166,777,129,3,8.8,0.0
3167,777,10,1,17.86,0.0
3168,777,44,2,24.69,0.0
3169,778,32,2,5.99,0.0
3170,778,10,3,17.86,0.0
3171,779,99,2,15.86,0.0
3172,779,14,1,12.02,0.0
3173,779,15,2,11.21,0.0
3174,780,41,3,17.67,0.0
3175,780,74,3,12.36,0.0
3176,780,45,2,9.43,0.0
3177,780,39,1,14.97,0.0
3178,781,56,1,2.86,0.0
3179,781,237,3,22.09,0.0
3180,782,2,3,11.3,0.0
3181,782,172,3,23.49,0.0
3182,782,210,3,11.73,1.17
3183,782,20,3,19.92,0.0
3184,782,23,3,14.2,0.0
3185,783,10,2,17.86,0.0
3186,783,11,2,10.32,0.0
3187,783,15,1,11.21,0.0
3188,784,2,3,11.3,0.0
3189,784,10,2,17.86,0.0
3190,784,46,2,24.33,0.0
3191,784,17,2,22.02,0.0
3192,784,211,2,19.85,0.0
3193,784,57,3,10.48,0.0
3194,785,20,1,19.92,0.0
3195,785,119,1,17.42,0.0
3196,785,126,1,6.42,0.0
3197,785,39,2,14.97,0.0
3198,786,218,1,21.24,0.0
3199,786,29,2,5.4,0.54
3200,786,23,3,14.2,0.0
3201,787,8,1,23.8,0.0
3202,787,25,2,19.85,0.0
3203,788,7,1,5.95,0.0
3204,788,9,3,12.58,1.26
3205,788,23,3,14.2,0.0
3206,788,123,1,23.88,0.0
3207,788,158,1,17.6,0.0
3208,789,36,3,23.88,0.0
3209,789,4,1,8.66,0.0
3210,789,8,2,23.8,0.0
3211,789,24,3,6.46,0.0
3212,789,63,3,10.84,0.0
3213,790,35,1,3.73,0.0
3214,790,117,3,22.99,0.0
3215,790,6,1,24.22,0.0
3216,791,36,2,23.88,0.0
3217,791,165,3,5.73,0.0
3218,791,40,2,15.33,0.0
3219,791,15,3,11.21,0.0
3220,791,31,3,7.89,0.0
3221,792,144,1,18.59,1.86
3222,792,147,1,18.55,0.0
3223,792,148,3,24.3,0.0
3224,792,37,3,16.44,0.0
3225,793,9,3,12.58,0.0
3226,793,29,3,5.4,0.0
3227,793,37,3,16.44,0.0
3228,794,186,1,11.54,0.0
3229,794,170,2,13.05,0.0
3230,794,6,1,24.22,0.0
3231,795,36,1,23.88,0.0
3232,795,101,2,3.87,0.39
3233,795,196,3,5.36,0.0
3234,795,20,3,19.92,0.0
3235,795,212,2,7.47,0.0
3236,795,248,2,19.4,0.0
3237,796,121,3,2.42,0.0
3238,796,27,3,24.04,2.4
3239,796,238,3,3.0,0.3
3240,797,1,3,11.87,0.0
3241,797,130,3,20.13,0.0
3242,797,27,3,24.04,2.4
3243,797,13,3,4.43,0.0
3244,798,34,3,19.46,0.0
3245,798,39,2,14.97,0.0
3246,798,8,3,23.8,0.0
3247,798,11,3,10.32,0.0
3248,798,212,1,7.47,0.0
3249,798,24,2,6.46,0.0
3250,799,160,2,12.13,0.0
3251,799,6,3,24.22,0.0
3252,800,24,1,6.46,0.65
3253,800,44,2,24.69,0.0
3254,800,7,3,5.95,0.0
3255,801,3,2,16.72,0.0
3256,801,164,1,11.63,0.0
3257,801,104,1,9.14,0.91
3258,801,73,2,24.03,0.0
3259,801,30,1,4.36,0.0
3260,801,31,3,7.89,0.0
3261,802,16,3,3.81,0.0
3262,802,14,4,12.02,0.0
3263,802,6,2,24.22,0.0
3264,803,25,2,19.85,1.99
3265,803,118,3,4.15,0.0
3266,803,51,2,20.32,0.0
3267,803,9,2,12.58,0.0
3268,804,225,1,2.04,0.0
3269,804,19,1,7.1,0.0
3270,805,122,3,9.1,0.0
3271,805,28,3,16.85,0.0
3272,806,10,3,17.86,0.0
3273,806,52,2,15.6,0.0
3274,807,1,1,11.87,0.0
3275,807,36,2,23.88,0.0
3276,807,202,1,12.79,0.0
3277,807,14,3,12.02,0.0
3278,807,27,1,24.04,0.0
3279,807,29,2,5.4,0.0
3280,808,233,1,14.51,0.0
3281,808,10,2,17.86,1.79
3282,808,59,1,16.83,0.0
3283,809,1,2,11.87,0.0
3284,809,194,1,18.44,0.0
3285,809,37,2,16.44,0.0
3286,809,25,3,19.85,0.0
3287,810,16,1,3.81,0.0
3288,810,8,1,23.8,0.0
3289,811,7,3,5.95,0.6
3290,811,13,1,4.43,0.0
3291,811,239,2,10.9,0.0
3292,811,146,3,10.38,0.0
3293,811,27,2,24.04,0.0
3294,811,28,2,16.85,0.0
3295,812,28,3,16.85,0.0
3296,812,183,1,20.78,0.0
3297,813,3,2,16.72,0.0
3298,813,38,2,12.67,0.0
3299,813,11,2,10.32,0.0
3300,813,142,2,16.37,0.0
3301,813,28,3,16.85,0.0
3302,814,120,1,13.7,1.37
3303,814,19,1,7.1,0.0
3304,814,44,2,24.69,0.0
3305,814,29,2,5.4,0.0
3306,815,9,3,12.58,0.0
3307,815,20,1,19.92,0.0
3308,815,190,2,3.88,0.0
3309,816,32,2,5.99,0.0
3310,816,81,2,18.28,0.0
3311,816,87,3,10.91,0.0
3312,817,4,1,8.66,0.87
3313,817,13,1,4.43,0.0
3314,818,2,3,11.3,0.0
3315,818,226,1,10.11,0.0
3316,818,164,3,11.63,0.0
3317,818,6,2,24.22,2.42
3318,818,16,2,3.81,0.0
3319,819,35,2,3.73,0.0
3320,819,8,3,23.8,0.0
3321,819,13,3,4.43,0.0
3322,819,14,1,12.02,0.0
3323,819,18,3,19.15,0.0
3324,820,65,1,23.95,0.0
3325,820,9,2,12.58,0.0
3326,820,82,3,24.79,2.48
3327,820,216,2,16.32,0.0
3328,820,26,1,10.08,0.0
3329,821,34,1,19.46,0.0
3330,821,2,3,11.3,0.0
3331,821,4,2,8.66,0.0
3332,821,22,2,16.56,0.0
3333,821,23,1,14.2,0.0
3334,822,243,3,3.55,0.0
3335,822,21,3,3.76,0.0
3336,823,40,2,15.33,1.53
3337,823,32,3,5.99,0.0
3338,824,35,3,3.73,0.0
3339,824,6,1,24.22,0.0
3340,824,39,3,14.97,1.5
3341,824,16,2,3.81,0.0
3342,824,26,1,10.08,1.01
3343,825,16,2,3.81,0.0
3344,825,37,3,16.44,1.64
3345,825,150,3,19.3,0.0
3346,825,71,2,15.92,0.0
3347,826,144,3,18.59,0.0
3348,826,113,2,4.94,0.0
3349,826,107,2,4.97,0.0
3350,827,12,3,12.04,0.0
3351,827,67,3,2.94,0.29
3352,827,28,2,16.85,1.69
3353,827,163,2,13.57,0.0
3354,828,98,1,24.18,0.0
3355,828,6,3,24.22,0.0
3356,829,25,1,19.85,0.0
3357,829,21,2,3.76,0.0
3358,829,222,1,15.23,0.0
3359,830,225,1,2.04,0.0
3360,830,7,2,5.95,0.0
3361,830,201,2,19.45,0.0
3362,830,18,3,19.15,0.0
3363,830,26,2,10.08,0.0
3364,831,65,3,23.95,2.4
3365,831,177,3,5.69,0.0
3366,832,35,3,3.73,0.0
3367,832,101,1,3.87,0.0
3368,832,8,3,23.8,0.0
3369,832,40,3,15.33,0.0
3370,832,26,2,10.08,0.0
3371,832,29,2,5.4,0.0
3372,833,2,3,11.3,0.0
3373,833,8,3,23.8,0.0
3374,833,169,3,3.2,0.0
3375,833,22,3,16.56,0.0
3376,833,29,1,5.4,0.54
3377,833,191,2,7.16,0.0
3378,834,24,1,6.46,0.0
3379,834,89,1,17.61,0.0
3380,834,27,3,24.04,2.4
3381,835,202,2,12.79,0.0
3382,835,75,3,20.65,0.0
3383,835,10,2,17.86,0.0
3384,835,236,1,2.47,0.0
3385,835,222,3,15.23,1.52
3386,836,25,3,19.85,0.0
3387,836,18,1,19.15,0.0
3388,836,139,3,5.55,0.0
3389,836,22,1,16.56,0.0
3390,837,36,1,23.88,0.0
3391,837,7,2,5.95,0.0
3392,837,8,3,23.8,0.0
3393,837,115,1,23.78,0.0
3394,837,157,1,6.46,0.0
3395,838,78,3,3.94,0.0
3396,838,14,4,12.02,0.0
3397,838,15,2,11.21,0.0
3398,839,42,1,22.29,0.0
3399,839,140,3,6.16,0.0
3400,839,38,1,12.67,0.0
3401,840,20,3,19.92,0.0
3402,840,21,3,3.76,0.0
3403,840,38,1,12.67,0.0
3404,841,35,2,3.73,0.0
3405,841,3,3,16.72,0.0
3406,841,12,2,12.04,0.0
3407,841,176,3,3.93,0.0
3408,841,241,3,19.19,0.0
3409,841,59,3,16.83,1.68
3410,842,34,3,19.46,0.0
3411,842,171,1,10.54,1.05
3412,842,54,2,3.71,0.0
3413,843,34,2,19.46,0.0
3414,843,18,1,19.15,0.0
3415,844,32,1,5.99,0.0
3416,844,37,1,16.44,1.64
3417,844,7,2,5.95,0.0
3418,844,140,3,6.16,0.0
3419,844,154,1,24.21,0.0
3420,844,27,3,24.04,0.0
3421,845,161,1,19.7,0.0
3422,845,11,1,10.32,1.03
3423,845,119,3,17.42,0.0
3424,845,185,1,23.4,0.0
3425,845,27,2,24.04,0.0
3426,846,24,1,6.46,0.0
3427,846,32,2,5.99,0.0
3428,846,2,2,11.3,0.0
3429,846,10,1,17.86,0.0
3430,847,67,3,2.94,0.0
3431,847,5,3,11.32,0.0
3432,847,38,3,12.67,0.0
3433,847,174,1,13.87,0.0
3434,847,18,1,19.15,1.92
3435,847,28,1,16.85,0.0
3436,848,41,3,17.67,0.0
3437,848,36,2,23.88,0.0
3438,848,69,1,15.15,0.0
3439,848,103,2,23.09,2.31
3440,849,41,1,17.67,0.0
3441,849,2,2,11.3,0.0
3442,850,8,3,23.8,2.38
3443,850,11,2,10.32,1.03
3444,850,206,1,6.96,0.0
3445,850,112,2,9.55,0.96
3446,850,244,2,7.55,0.0
3447,850,23,3,14.2,0.0
3448,851,44,3,24.69,2.47
3449,851,38,1,12.67,0.0
3450,851,39,3,14.97,0.0
3451,852,3,3,16.72,0.0
3452,852,179,3,13.81,0.0
3453,852,39,3,14.97,0.0
3454,853,233,3,14.51,1.45
3455,853,28,2,16.85,0.0
3456,853,13,1,4.43,0.44
3457,853,6,3,24.22,2.42
3458,854,216,3,16.32,0.0
3459,854,65,3,23.95,0.0
3460,855,18,4,19.15,0.0
3461,855,34,1,19.46,0.0
3462,855,83,4,14.05,0.0
3463,855,236,2,2.47,0.0
3464,856,13,2,4.43,0.0
3465,856,29,3,5.4,0.0
3466,857,35,1,3.73,0.0
3467,857,3,2,16.72,0.0
3468,857,182,3,22.94,0.0
3469,857,22,2,16.56,0.0
3470,858,3,1,16.72,0.0
3471,858,15,2,11.21,0.0
3472,858,115,3,23.78,0.0
3473,858,20,2,19.92,0.0
3474,858,23,1,14.2,0.0
3475,859,5,2,11.32,0.0
3476,859,70,3,6.33,0.0
3477,859,40,3,15.33,0.0
3478,859,24,2,6.46,0.0
3479,859,26,1,10.08,0.0
3480,860,107,1,4.97,0.0
3481,860,19,1,7.1,0.0
3482,860,27,2,24.04,0.0
3483,860,209,1,16.0,0.0
3484,861,9,1,12.58,1.26
3485,861,186,3,11.54,0.0
3486,861,39,3,14.97,1.5
3487,862,27,3,24.04,0.0
3488,862,13,1,4.43,0.0
3489,862,191,1,7.16,0.0
3490,863,8,1,23.8,2.38
3491,863,9,3,12.58,0.0
3492,863,151,1,20.03,0.0
3493,864,67,2,2.94,0.0
3494,864,37,1,16.44,1.64
3495,864,233,3,14.51,0.0
3496,864,12,3,12.04,0.0
3497,864,52,2,15.6,1.56
3498,865,160,1,12.13,0.0
3499,865,27,3,24.04,0.0
3500,865,39,3,14.97,0.0
3501,866,100,2,5.46,0.0
3502,866,70,3,6.33,0.0
3503,866,39,3,14.97,0.0
3504,866,14,3,12.02,0.0
3505,866,178,3,12.33,0.0
3506,867,33,1,5.52,0.0
3507,867,8,1,23.8,0.0
3508,867,75,3,20.65,0.0
3509,867,15,2,11.21,0.0
3510,867,244,2,7.55,0.0
3511,868,36,2,23.88,0.0
3512,868,6,2,24.22,0.0
3513,868,40,1,15.33,0.0
3514,868,14,1,12.02,0.0
3515,868,18,1,19.15,0.0
3516,869,16,2,3.81,0.0
3517,869,33,1,5.52,0.0
3518,869,186,4,11.54,1.15
3519,869,20,3,19.92,0.0
3520,870,7,3,5.95,0.0
3521,870,136,3,22.16,0.0
3522,870,9,1,12.58,0.0
3523,870,19,2,7.1,0.0
3524,870,211,1,19.85,0.0
3525,871,41,2,17.67,0.0
3526,871,11,1,10.32,0.0
3527,871,21,3,3.76,0.0
3528,871,7,2,5.95,0.6
3529,872,26,1,10.08,0.0
3530,872,20,1,19.92,0.0
3531,872,199,3,12.87,0.0
3532,873,149,2,16.04,0.0
3533,873,183,1,20.78,0.0
3534,874,27,2,24.04,2.4
3535,874,31,3,7.89,0.0
3536,875,5,2,11.32,0.0
3537,875,149,2,16.04,1.6
3538,875,153,3,7.5,0.0
3539,875,26,3,10.08,0.0
3540,875,28,3,16.85,0.0
3541,876,234,1,20.09,0.0
3542,876,11,1,10.32,0.0
3543,877,40,3,15.33,0.0
3544,877,228,3,6.31,0.0
3545,877,23,1,14.2,0.0
3546,878,17,3,22.02,0.0
3547,878,122,3,9.1,0.0
3548,879,129,2,8.8,0.88
3549,879,34,2,19.46,0.0
3550,879,6,3,24.22,0.0
3551,880,9,2,12.58,0.0
3552,880,132,2,14.41,1.44
3553,881,33,3,5.52,0.0
3554,881,177,2,5.69,0.0
3555,881,39,1,14.97,0.0
3556,881,7,1,5.95,0.0
3557,882,33,1,5.52,0.0
3558,882,38,1,12.67,1.27
3559,882,14,3,12.02,0.0
3560,882,145,2,3.0,0.3
3561,882,18,1,19.15,0.0
3562,882,20,1,19.92,0.0
3563,883,32,2,5.99,0.0
3564,883,37,3,16.44,0.0
3565,883,180,1,21.11,0.0
3566,883,25,2,19.85,0.0
3567,883,90,1,3.2,0.0
3568,883,123,2,23.88,0.0
3569,884,6,2,24.22,0.0
3570,884,9,1,12.58,0.0
3571,884,173,2,18.36,1.84
3572,884,88,3,19.81,0.0
3573,884,125,2,19.62,0.0
3574,885,2,1,11.3,1.13
3575,885,99,1,15.86,0.0
3576,885,8,2,23.8,0.0
3577,885,17,1,22.02,0.0
3578,885,20,3,19.92,0.0
3579,886,2,1,11.3,0.0
3580,886,13,3,4.43,0.44
3581,886,14,3,12.02,1.2
3582,886,20,2,19.92,0.0
3583,886,91,3,16.51,0.0
3584,887,175,1,4.87,0.0
3585,887,26,2,10.08,0.0
3586,887,111,2,16.8,0.0
3587,887,247,3,15.38,0.0
3588,888,185,4,23.4,0.0
3589,888,18,2,19.15,0.0
3590,888,11,1,10.32,0.0
3591,889,67,1,2.94,0.0
3592,889,4,1,8.66,0.87
3593,889,135,2,17.22,0.0
3594,889,55,1,12.62,0.0
3595,889,153,2,7.5,0.0
3596,889,29,2,5.4,0.0
3597,890,2,1,11.3,0.0
3598,890,40,2,15.33,0.0
3599,890,9,2,12.58,0.0
3600,890,215,2,16.7,0.0
3601,890,24,3,6.46,0.0
3602,890,127,2,25.0,0.0
3603,891,18,3,19.15,0.0
3604,891,20,2,19.92,0.0
3605,892,4,1,8.66,0.0
3606,892,5,3,11.32,0.0
3607,892,21,2,3.76,0.0
3608,892,182,2,22.94,0.0
3609,892,217,3,3.44,0.0
3610,893,35,3,3.73,0.37
3611,893,228,2,6.31,0.0
3612,893,18,3,19.15,1.92
3613,893,20,3,19.92,0.0
3614,893,187,2,11.12,0.0
3615,894,10,3,17.86,0.0
3616,894,20,2,19.92,0.0
3617,894,248,1,19.4,0.0
3618,894,25,1,19.85,0.0
3619,894,218,2,21.24,0.0
3620,894,30,1,4.36,0.0
3621,895,59,3,16.83,1.68
3622,895,138,1,15.74,0.0
3623,895,19,3,7.1,0.0
3624,895,31,1,7.89,0.0
3625,896,14,1,12.02,0.0
3626,896,21,3,3.76,0.38
3627,896,183,2,20.78,0.0
3628,896,153,3,7.5,0.0
3629,896,26,1,10.08,0.0
3630,896,30,1,4.36,0.0
3631,897,21,3,3.76,0.38
3632,897,3,1,16.72,0.0
3633,897,28,2,16.85,0.0
3634,897,12,1,12.04,1.2
3635,898,163,2,13.57,1.36
3636,898,6,2,24.22,0.0
3637,899,17,3,22.02,0.0
3638,899,177,1,5.69,0.0
3639,899,6,2,24.22,0.0
3640,899,119,3,17.42,0.0
3641,900,33,2,5.52,0.0
3642,900,40,1,15.33,0.0
3643,900,17,1,22.02,0.0
3644,900,178,3,12.33,0.0
3645,900,28,2,16.85,0.0
3646,901,36,3,23.88,0.0
3647,901,5,4,11.32,0.0
3648,901,7,4,5.95,0.0
3649,901,9,1,12.58,0.0
3650,901,125,3,19.62,0.0
3651,902,163,2,13.57,1.36
3652,902,37,1,16.44,0.0
3653,902,12,1,12.04,0.0
3654,902,115,2,23.78,0.0
3655,902,89,1,17.61,0.0
3656,902,191,1,7.16,0.0
3657,903,6,2,24.22,2.42
3658,903,231,3,10.29,0.0
3659,904,64,3,15.35,0.0
3660,904,227,1,15.13,0.0
3661,904,21,1,3.76,0.0
3662,905,1,3,11.87,0.0
3663,905,17,3,22.02,0.0
3664,906,3,3,16.72,0.0
3665,906,238,2,3.0,0.3
3666,907,6,2,24.22,0.0
3667,907,13,2,4.43,0.0
3668,907,19,3,7.1,0.0
3669,907,21,3,3.76,0.0
3670,907,22,2,16.56,0.0
3671,908,170,1,13.05,0.0
3672,908,179,1,13.81,0.0
3673,908,149,1,16.04,0.0
3674,908,39,2,14.97,0.0
3675,909,35,3,3.73,0.0
3676,909,7,1,5.95,0.0
3677,909,15,1,11.21,0.0
3678,909,88,1,19.81,0.0
3679,909,24,2,6.46,0.0
3680,910,36,1,23.88,0.0
3681,910,109,3,3.95,0.0
3682,910,115,1,23.78,2.38
3683,910,23,3,14.2,0.0
3684,910,191,3,7.16,0.0
3685,911,34,2,19.46,0.0
3686,911,8,2,23.8,0.0
3687,911,12,1,12.04,0.0
3688,911,13,1,4.43,0.0
3689,911,29,1,5.4,0.0
3690,912,59,2,16.83,0.0
3691,912,204,2,22.83,0.0
3692,912,86,2,23.11,0.0
3693,912,247,2,15.38,1.54
3694,913,36,3,23.88,0.0
3695,913,12,1,12.04,0.0
3696,913,54,3,3.71,0.0
3697,914,23,2,14.2,0.0
3698,914,6,1,24.22,0.0
3699,914,207,2,5.44,0.0
3700,915,4,3,8.66,0.0
3701,915,7,1,5.95,0.0
3702,915,104,1,9.14,0.0
3703,915,76,3,21.26,0.0
3704,915,15,1,11.21,0.0
3705,916,64,2,15.35,0.0
3706,916,40,1,15.33,1.53
3707,916,38,2,12.67,0.0
3708,917,62,1,15.66,0.0
3709,917,243,1,3.55,0.0
3710,917,110,1,14.86,0.0
3711,917,31,3,7.89,0.0
3712,918,37,3,16.44,0.0
3713,918,61,2,4.08,0.0
3714,918,191,3,7.16,0.0
3715,919,16,4,3.81,0.0
3716,919,146,3,10.38,0.0
3717,919,35,2,3.73,0.37
3718,919,6,4,24.22,0.0
3719,920,10,1,17.86,0.0
3720,920,78,1,3.94,0.0
3721,920,30,2,4.36,0.44
3722,920,26,1,10.08,0.0
3723,920,126,1,6.42,0.0
3724,921,6,2,24.22,0.0
3725,921,9,1,12.58,0.0
3726,921,13,3,4.43,0.0
3727,921,77,1,24.59,0.0
3728,921,17,3,22.02,0.0
3729,921,18,3,19.15,1.92
3730,922,184,4,22.35,0.0
3731,922,34,2,19.46,0.0
3732,922,39,3,14.97,0.0
3733,922,7,1,5.95,0.0
3734,923,1,1,11.87,0.0
3735,923,193,3,4.28,0.0
3736,923,232,1,23.93,0.0
3737,923,112,3,9.55,0.0
3738,923,220,1,14.33,1.43
3739,923,223,1,18.53,1.85
3740,924,137,2,16.21,0.0
3741,924,247,1,15.38,1.54
3742,924,166,2,6.59,0.0
3743,924,231,1,10.29,0.0
3744,925,27,1,24.04,0.0
3745,925,12,2,12.04,0.0
3746,925,29,3,5.4,0.0
3747,926,57,2,10.48,0.0
3748,926,14,3,12.02,0.0
3749,927,41,3,17.67,0.0
3750,927,12,2,12.04,1.2
3751,927,49,2,12.79,0.0
3752,927,19,1,7.1,0.0
3753,927,21,1,3.76,0.0
3754,927,31,2,7.89,0.0
3755,928,3,3,16.72,0.0
3756,928,15,3,11.21,0.0
3757,928,22,3,16.56,0.0
3758,928,24,1,6.46,0.0
3759,928,90,2,3.2,0.0
3760,929,40,1,15.33,0.0
3761,929,209,1,16.0,0.0
3762,929,36,1,23.88,0.0
3763,929,39,1,14.97,0.0
3764,930,27,2,24.04,0.0
3765,930,198,3,23.1,0.0
3766,931,38,3,12.67,0.0
3767,931,6,1,24.22,0.0
3768,931,7,1,5.95,0.0
3769,931,170,2,13.05,0.0
3770,931,148,1,24.3,0.0
3771,932,73,4,24.03,2.4
3772,932,4,1,8.66,0.0
3773,933,224,3,8.7,0.0
3774,933,15,1,11.21,0.0
3775,933,143,1,22.76,0.0
3776,933,18,2,19.15,0.0
3777,933,22,1,16.56,0.0
3778,933,25,3,19.85,0.0
3779,934,231,3,10.29,0.0
3780,934,18,1,19.15,1.92
3781,934,20,2,19.92,0.0
3782,934,24,3,6.46,0.0
3783,934,28,2,16.85,0.0
3784,935,159,3,15.12,1.51
3785,935,12,2,12.04,0.0
3786,935,39,1,14.97,0.0
3787,936,11,2,10.32,0.0
3788,936,14,2,12.02,0.0
3789,936,167,1,15.91,0.0
3790,937,3,1,16.72,0.0
3791,937,5,2,11.32,1.13
3792,938,40,1,15.33,0.0
3793,938,9,2,12.58,0.0
3794,938,132,2,14.41,0.0
3795,938,133,3,18.99,0.0
3796,939,1,3,11.87,0.0
3797,939,4,2,8.66,0.0
3798,939,104,1,9.14,0.0
3799,939,60,2,24.48,0.0
3800,939,31,1,7.89,0.0
3801,940,29,3,5.4,0.0
3802,940,182,3,22.94,0.0
3803,941,10,3,17.86,0.0
3804,941,12,4,12.04,0.0
3805,941,51,2,20.32,0.0
3806,941,212,4,7.47,0.0
3807,941,22,2,16.56,0.0
3808,942,204,2,22.83,0.0
3809,942,35,3,3.73,0.0
3810,942,20,3,19.92,0.0
3811,943,33,1,5.52,0.0
3812,943,2,2,11.3,0.0
3813,943,35,4,3.73,0.0
3814,943,34,3,19.46,0.0
3815,944,196,2,5.36,0.0
3816,944,15,2,11.21,1.12
3817,944,17,1,22.02,0.0
3818,944,209,1,16.0,1.6
3819,944,23,3,14.2,0.0
3820,944,91,2,16.51,0.0
3821,945,64,3,15.35,0.0
3822,945,8,3,23.8,0.0
3823,945,13,3,4.43,0.0
3824,945,121,1,2.42,0.0
3825,945,122,3,9.1,0.0
3826,946,25,2,19.85,0.0
3827,946,18,2,19.15,0.0
3828,946,28,1,16.85,0.0
3829,946,33,4,5.52,0.0
3830,947,17,3,22.02,0.0
3831,947,3,3,16.72,1.67
3832,947,76,3,21.26,0.0
3833,947,119,3,17.42,0.0
3834,948,8,2,23.8,0.0
3835,948,27,1,24.04,0.0
3836,948,71,2,15.92,0.0
3837,948,15,3,11.21,0.0
3838,949,25,3,19.85,0.0
3839,949,5,1,11.32,0.0
3840,949,30,2,4.36,0.0
3841,950,121,1,2.42,0.0
3842,950,131,3,13.68,1.37
3843,950,21,3,3.76,0.0
3844,950,229,1,17.37,0.0
3845,951,8,2,23.8,0.0
3846,951,24,1,6.46,0.0
3847,952,16,1,3.81,0.0
3848,952,32,1,5.99,0.0
3849,952,4,3,8.66,0.0
3850,953,4,4,8.66,0.0
3851,953,40,3,15.33,0.0
3852,953,170,1,13.05,0.0
3853,953,250,2,10.1,0.0
3854,953,190,2,3.88,0.0
3855,954,40,2,15.33,0.0
3856,954,9,3,12.58,1.26
3857,954,51,1,20.32,2.03
3858,954,166,3,6.59,0.0
3859,955,38,3,12.67,0.0
3860,955,17,3,22.02,0.0
3861,955,105,1,17.09,0.0
3862,956,32,1,5.99,0.0
3863,956,138,1,15.74,0.0
3864,956,43,1,16.79,0.0
3865,956,126,1,6.42,0.0
3866,957,96,2,7.8,0.0
3867,957,6,1,24.22,0.0
3868,957,7,1,5.95,0.0
3869,957,75,1,20.65,0.0
3870,957,174,2,13.87,1.39
3871,957,220,2,14.33,0.0
3872,958,16,1,3.81,0.0
3873,958,33,2,5.52,0.0
3874,959,53,2,10.09,0.0
3875,959,22,2,16.56,0.0
3876,959,175,1,4.87,0.0
3877,960,24,2,6.46,0.0
3878,960,2,1,11.3,0.0
3879,960,87,1,10.91,0.0
3880,961,8,1,23.8,0.0
3881,961,9,1,12.58,0.0
3882,961,2,3,11.3,0.0
3883,961,12,2,12.04,0.0
3884,962,2,2,11.3,0.0
3885,962,66,2,19.0,0.0
3886,962,39,2,14.97,1.5
3887,962,8,1,23.8,0.0
3888,962,178,3,12.33,0.0
3889,962,18,3,19.15,0.0
3890,963,215,2,16.7,0.0
3891,963,44,4,24.69,0.0
3892,963,47,1,9.27,0.0
3893,964,5,3,11.32,0.0
3894,964,38,2,12.67,0.0
3895,964,6,2,24.22,0.0
3896,964,8,2,23.8,0.0
3897,964,21,3,3.76,0.0
3898,964,53,1,10.09,0.0
3899,965,2,1,11.3,0.0
3900,965,36,4,23.88,0.0
3901,965,5,1,11.32,0.0
3902,965,7,1,5.95,0.6
3903,965,12,2,12.04,0.0
3904,965,14,4,12.02,0.0
3905,966,33,3,5.52,0.0
3906,966,13,1,4.43,0.0
3907,966,15,2,11.21,0.0
3908,966,19,2,7.1,0.0
3909,966,153,2,7.5,0.0
3910,967,34,2,19.46,0.0
3911,967,20,1,19.92,0.0
3912,967,125,2,19.62,0.0
3913,967,22,1,16.56,0.0
3914,967,25,3,19.85,0.0
3915,967,29,1,5.4,0.0
3916,968,39,3,14.97,0.0
3917,968,40,1,15.33,0.0
3918,968,11,2,10.32,0.0
3919,968,17,2,22.02,0.0
3920,968,19,3,7.1,0.0
3921,968,27,1,24.04,0.0
3922,969,38,3,12.67,0.0
3923,969,73,3,24.03,0.0
3924,969,11,2,10.32,0.0
3925,969,178,1,12.33,0.0
3926,969,26,1,10.08,0.0
3927,969,62,2,15.66,0.0
3928,970,27,3,24.04,0.0
3929,970,95,2,10.89,1.09
3930,970,199,1,12.87,0.0
3931,971,29,2,5.4,0.0
3932,971,36,3,23.88,0.0
3933,971,37,2,16.44,0.0
3934,971,71,2,15.92,0.0
3935,972,228,1,6.31,0.0
3936,972,6,3,24.22,0.0
3937,972,74,2,12.36,0.0
3938,972,243,3,3.55,0.0
3939,972,184,1,22.35,2.24
3940,972,127,1,25.0,0.0
3941,973,185,3,23.4,0.0
3942,973,36,2,23.88,0.0
3943,973,14,3,12.02,0.0
3944,974,27,2,24.04,0.0
3945,974,35,1,3.73,0.0
3946,974,46,3,24.33,0.0
3947,975,248,3,19.4,0.0
3948,975,39,1,14.97,0.0
3949,975,229,1,17.37,0.0
3950,975,15,2,11.21,0.0
3951,976,128,2,5.56,0.0
3952,976,1,2,11.87,1.19
3953,976,197,1,2.88,0.0
3954,976,18,1,19.15,0.0
3955,976,149,2,16.04,0.0
3956,977,33,1,5.52,0.0
3957,977,29,1,5.4,0.54
3958,977,94,2,14.83,0.0
3959,977,239,2,10.9,0.0
3960,978,65,1,23.95,0.0
3961,978,18,1,19.15,0.0
3962,978,13,2,4.43,0.0
3963,978,39,2,14.97,0.0
3964,979,40,3,15.33,0.0
3965,979,13,3,4.43,0.0
3966,979,46,1,24.33,0.0
3967,979,55,1,12.62,0.0
3968,980,26,1,10.08,0.0
3969,980,31,1,7.89,0.0
3970,981,208,2,23.63,0.0
3971,981,34,3,19.46,0.0
3972,982,128,2,5.56,0.0
3973,982,20,3,19.92,1.99
3974,982,22,2,16.56,0.0
3975,983,40,3,15.33,0.0
3976,983,1,1,11.87,0.0
3977,983,34,1,19.46,0.0
3978,983,223,2,18.53,0.0
3979,984,27,2,24.04,0.0
3980,984,84,2,16.03,0.0
3981,984,22,1,16.56,0.0
3982,985,192,2,9.33,0.0
3983,985,34,3,19.46,0.0
3984,985,140,3,6.16,0.0
3985,985,13,2,4.43,0.0
3986,985,142,3,16.37,0.0
3987,985,63,3,10.84,0.0
3988,986,34,1,19.46,0.0
3989,986,18,2,19.15,0.0
3990,986,146,2,10.38,0.0
3991,986,21,1,3.76,0.0
3992,986,86,1,23.11,2.31
3993,986,155,1,20.04,0.0
3994,987,34,3,19.46,0.0
3995,987,136,3,22.16,0.0
3996,987,12,1,12.04,0.0
3997,987,238,3,3.0,0.0
3998,987,19,2,7.1,0.0
3999,988,39,2,14.97,0.0
4000,988,201,1,19.45,0.0
4001,988,16,3,3.81,0.0
4002,988,17,1,22.02,0.0
4003,988,51,3,20.32,0.0
4004,989,29,1,5.4,0.54
4005,989,117,3,22.99,2.3
4006,990,12,2,12.04,0.0
4007,990,244,3,7.55,0.0
4008,990,5,3,11.32,1.13
4009,991,40,3,15.33,0.0
4010,991,33,1,5.52,0.0
4011,991,5,2,11.32,0.0
4012,992,32,3,5.99,0.0
4013,992,38,3,12.67,0.0
4014,992,17,3,22.02,0.0
4015,992,20,3,19.92,0.0
4016,992,27,3,24.04,0.0
4017,993,14,1,12.02,0.0
4018,993,15,1,11.21,0.0
4019,993,80,4,2.9,0.0
4020,993,19,2,7.1,0.0
4021,993,52,4,15.6,0.0
4022,993,249,2,5.07,0.0
4023,994,100,4,5.46,0.0
4024,994,247,3,15.38,0.0
4025,995,34,4,19.46,0.0
4026,995,37,1,16.44,0.0
4027,995,6,2,24.22,0.0
4028,996,9,3,12.58,0.0
4029,996,180,1,21.11,0.0
4030,996,52,2,15.6,0.0
4031,996,31,3,7.89,0.79
4032,997,32,1,5.99,0.0
4033,997,2,1,11.3,1.13
4034,997,35,1,3.73,0.0
4035,997,40,1,15.33,0.0
4036,997,21,3,3.76,0.0
4037,997,87,2,10.91,0.0
4038,998,4,1,8.66,0.0
4039,998,38,1,12.67,0.0
4040,998,39,3,14.97,0.0
4041,998,15,1,11.21,0.0
4042,998,17,3,22.02,0.0
4043,999,1,2,11.87,0.0
4044,999,3,1,16.72,0.0
4045,999,35,2,3.73,0.0
4046,999,203,1,16.15,0.0
4047,999,16,1,3.81,0.0
4048,1000,1,1,11.87,0.0
4049,1000,34,1,19.46,0.0
4050,1000,76,1,21.26,0.0
4051,1000,21,1,3.76,0.0
4052,1001,136,3,22.16,0.0
4053,1001,4,2,8.66,0.0
4054,1001,36,1,23.88,0.0
4055,1002,25,1,19.85,0.0
4056,1002,7,1,5.95,0.0
4057,1002,39,1,14.97,1.5
4058,1003,196,2,5.36,0.0
4059,1003,22,3,16.56,0.0
4060,1003,55,1,12.62,0.0
4061,1003,31,3,7.89,0.0
4062,1003,127,1,25.0,0.0
4063,1004,32,1,5.99,0.0
4064,1004,17,3,22.02,2.2
4065,1004,26,4,10.08,0.0
4066,1005,178,3,12.33,0.0
4067,1005,227,2,15.13,0.0
4068,1005,5,2,11.32,0.0
4069,1005,23,1,14.2,0.0
4070,1006,32,3,5.99,0.6
4071,1006,34,2,19.46,0.0
4072,1006,12,2,12.04,0.0
4073,1006,14,2,12.02,0.0
4074,1006,144,2,18.59,0.0
4075,1006,118,3,4.15,0.0
4076,1007,32,3,5.99,0.0
4077,1007,1,4,11.87,1.19
4078,1007,37,3,16.44,0.0
4079,1007,134,1,14.11,0.0
4080,1007,143,4,22.76,0.0
4081,1007,20,3,19.92,0.0
4082,1008,26,4,10.08,0.0
4083,1008,19,2,7.1,0.0
4084,1008,155,2,20.04,0.0
4085,1009,203,2,16.15,0.0
4086,1009,14,3,12.02,0.0
4087,1009,19,1,7.1,0.0
4088,1009,21,2,3.76,0.0
4089,1009,154,2,24.21,2.42
4090,1009,91,3,16.51,0.0
4091,1010,64,1,15.35,0.0
4092,1010,1,1,11.87,0.0
4093,1010,32,3,5.99,0.0
4094,1010,71,3,15.92,1.59
4095,1010,9,1,12.58,0.0
4096,1011,122,1,9.1,0.0
4097,1011,35,3,3.73,0.0
4098,1011,174,1,13.87,0.0
4099,1012,8,2,23.8,0.0
4100,1012,34,3,19.46,0.0
4101,1012,2,2,11.3,0.0
4102,1013,35,2,3.73,0.0
4103,1013,38,3,12.67,0.0
4104,1013,9,1,12.58,0.0
4105,1013,26,3,10.08,0.0
4106,1013,31,3,7.89,0.0
4107,1014,48,3,12.11,0.0
4108,1014,19,1,7.1,0.0
4109,1014,6,3,24.22,0.0
4110,1015,35,2,3.73,0.0
4111,1015,134,3,14.11,0.0
4112,1015,149,1,16.04,0.0
4113,1015,22,2,16.56,0.0
4114,1015,183,1,20.78,0.0
4115,1015,31,1,7.89,0.0
4116,1016,6,3,24.22,0.0
4117,1016,39,3,14.97,0.0
4118,1016,144,3,18.59,0.0
4119,1016,63,3,10.84,0.0
4120,1016,31,2,7.89,0.0
4121,1017,38,1,12.67,1.27
4122,1017,39,1,14.97,0.0
4123,1017,16,3,3.81,0.0
4124,1017,19,3,7.1,0.0
4125,1017,21,3,3.76,0.0
4126,1017,28,4,16.85,0.0
4127,1018,128,4,5.56,0.0
4128,1018,18,1,19.15,0.0
4129,1018,22,4,16.56,0.0
4130,1019,24,1,6.46,0.65
4131,1019,10,2,17.86,0.0
4132,1019,31,2,7.89,0.0
4133,1020,27,3,24.04,0.0
4134,1020,119,3,17.42,0.0
4135,1021,34,3,19.46,0.0
4136,1021,167,3,15.91,0.0
4137,1021,45,2,9.43,0.0
4138,1021,55,2,12.62,0.0
4139,1021,23,2,14.2,0.0
4140,1021,24,3,6.46,0.0
4141,1022,105,1,17.09,0.0
4142,1022,37,2,16.44,0.0
4143,1022,38,3,12.67,0.0
4144,1023,2,1,11.3,0.0
4145,1023,3,3,16.72,0.0
4146,1023,34,1,19.46,0.0
4147,1023,79,2,16.86,0.0
4148,1024,35,2,3.73,0.0
4149,1024,6,3,24.22,2.42
4150,1024,203,2,16.15,0.0
4151,1024,20,1,19.92,0.0
4152,1024,30,2,4.36,0.0
4153,1025,17,1,22.02,0.0
4154,1025,10,2,17.86,0.0
4155,1025,175,2,4.87,0.0
4156,1026,14,4,12.02,0.0
4157,1026,114,2,18.17,0.0
4158,1026,19,4,7.1,0.0
4159,1026,119,2,17.42,0.0
4160,1026,90,4,3.2,0.0
4161,1027,40,2,15.33,0.0
4162,1027,246,2,4.38,0.0
4163,1028,40,3,15.33,0.0
4164,1028,2,3,11.3,0.0
4165,1028,6,1,24.22,0.0
4166,1028,39,2,14.97,0.0
4167,1029,13,2,4.43,0.0
4168,1029,36,3,23.88,0.0
4169,1029,37,3,16.44,0.0
4170,1030,4,3,8.66,0.0
4171,1030,38,3,12.67,0.0
4172,1030,39,3,14.97,0.0
4173,1030,13,1,4.43,0.0
4174,1030,30,1,4.36,0.0
4175,1031,3,2,16.72,0.0
4176,1031,39,2,14.97,1.5
4177,1032,5,1,11.32,0.0
4178,1032,38,2,12.67,0.0
4179,1033,165,1,5.73,0.0
4180,1033,107,2,4.97,0.0
4181,1033,12,2,12.04,0.0
4182,1033,238,3,3.0,0.0
4183,1033,117,1,22.99,0.0
4184,1034,17,1,22.02,0.0
4185,1034,34,2,19.46,0.0
4186,1034,10,2,17.86,0.0
4187,1034,4,2,8.66,0.0
4188,1035,98,2,24.18,0.0
4189,1035,100,1,5.46,0.0
4190,1036,8,1,23.8,2.38
4191,1036,13,2,4.43,0.0
4192,1036,212,3,7.47,0.0
4193,1036,26,1,10.08,0.0
4194,1036,29,2,5.4,0.54
4195,1037,1,1,11.87,0.0
4196,1037,37,1,16.44,1.64
4197,1037,95,3,10.89,0.0
4198,1037,31,1,7.89,0.0
4199,1038,136,2,22.16,0.0
4200,1038,1,1,11.87,1.19
4201,1038,26,2,10.08,0.0
4202,1038,23,3,14.2,0.0
4203,1039,202,3,12.79,0.0
4204,1039,5,1,11.32,0.0
4205,1040,3,1,16.72,1.67
4206,1040,35,1,3.73,0.37
4207,1041,9,2,12.58,0.0
4208,1041,115,3,23.78,0.0
4209,1041,21,1,3.76,0.0
4210,1041,6,3,24.22,0.0
4211,1042,35,2,3.73,0.0
4212,1042,99,3,15.86,0.0
4213,1043,5,3,11.32,0.0
4214,1043,40,3,15.33,0.0
4215,1043,11,2,10.32,0.0
4216,1043,51,4,20.32,0.0
4217,1043,24,3,6.46,0.0
4218,1044,36,3,23.88,0.0
4219,1044,119,3,17.42,0.0
4220,1044,38,2,12.67,0.0
4221,1044,7,3,5.95,0.0
4222,1045,34,1,19.46,0.0
4223,1045,117,3,22.99,0.0
4224,1045,120,4,13.7,0.0
4225,1045,187,2,11.12,0.0
4226,1045,93,4,9.58,0.0
4227,1046,25,3,19.85,0.0
4228,1046,164,3,11.63,1.16
4229,1046,135,1,17.22,0.0
4230,1047,9,3,12.58,0.0
4231,1047,130,2,20.13,0.0
4232,1048,41,2,17.67,0.0
4233,1048,4,2,8.66,0.0
4234,1049,25,1,19.85,0.0
4235,1049,2,2,11.3,0.0
4236,1049,58,3,8.6,0.0
4237,1049,198,1,23.1,0.0
4238,1050,10,2,17.86,0.0
4239,1050,30,3,4.36,0.44
4240,1051,4,3,8.66,0.0
4241,1051,182,2,22.94,0.0
4242,1051,25,2,19.85,0.0
4243,1051,26,3,10.08,0.0
4244,1051,158,1,17.6,0.0
4245,1052,16,1,3.81,0.38
4246,1052,185,3,23.4,0.0
4247,1052,22,2,16.56,0.0
4248,1053,10,2,17.86,0.0
4249,1053,11,1,10.32,0.0
4250,1054,218,1,21.24,0.0
4251,1054,7,3,5.95,0.0
4252,1055,5,3,11.32,0.0
4253,1055,16,1,3.81,0.0
4254,1055,18,2,19.15,0.0
4255,1055,86,1,23.11,0.0
4256,1055,28,3,16.85,0.0
4257,1056,14,3,12.02,0.0
4258,1056,15,3,11.21,1.12
4259,1056,249,1,5.07,0.0
4260,1056,29,1,5.4,0.54
4261,1056,25,1,19.85,0.0
4262,1057,187,2,11.12,1.11
4263,1057,212,3,7.47,0.0
4264,1058,16,1,3.81,0.0
4265,1058,11,3,10.32,0.0
4266,1058,64,2,15.35,0.0
4267,1058,14,2,12.02,0.0
4268,1059,225,2,2.04,0.0
4269,1059,37,1,16.44,0.0
4270,1059,175,2,4.87,0.0
4271,1059,16,1,3.81,0.0
4272,1059,177,1,5.69,0.0
4273,1059,90,1,3.2,0.0
4274,1060,16,2,3.81,0.0
4275,1060,20,1,19.92,0.0
4276,1061,22,3,16.56,0.0
4277,1061,15,1,11.21,0.0
4278,1062,35,4,3.73,0.0
4279,1062,163,1,13.57,0.0
4280,1062,40,1,15.33,0.0
4281,1062,12,4,12.04,0.0
4282,1062,19,1,7.1,0.0
4283,1063,8,2,23.8,0.0
4284,1063,98,1,24.18,0.0
4285,1063,36,3,23.88,0.0
4286,1064,3,3,16.72,0.0
4287,1064,27,2,24.04,0.0
4288,1064,139,2,5.55,0.0
4289,1064,14,2,12.02,0.0
4290,1065,32,1,5.99,0.0
4291,1065,25,2,19.85,0.0
4292,1065,114,1,18.17,0.0
4293,1066,226,1,10.11,0.0
4294,1066,131,3,13.68,0.0
4295,1067,152,3,7.38,0.0
4296,1067,148,3,24.3,0.0
4297,1067,63,1,10.84,0.0
4298,1068,44,1,24.69,0.0
4299,1068,21,3,3.76,0.0
4300,1068,23,1,14.2,0.0
4301,1068,91,3,16.51,0.0
4302,1068,30,1,4.36,0.0
4303,1069,161,1,19.7,1.97
4304,1069,2,3,11.3,0.0
4305,1069,37,1,16.44,0.0
4306,1069,86,2,23.11,0.0
4307,1069,88,1,19.81,0.0
4308,1070,32,3,5.99,0.0
4309,1070,9,3,12.58,0.0
4310,1070,21,1,3.76,0.0
4311,1070,22,2,16.56,0.0
4312,1070,93,1,9.58,0.0
4313,1071,32,2,5.99,0.0
4314,1071,40,2,15.33,0.0
4315,1071,110,3,14.86,0.0
4316,1071,19,2,7.1,0.71
4317,1071,182,1,22.94,0.0
4318,1071,23,3,14.2,0.0
4319,1072,32,3,5.99,0.0
4320,1072,36,1,23.88,0.0
4321,1072,15,1,11.21,0.0
4322,1072,17,3,22.02,2.2
4323,1072,246,3,4.38,0.0
4324,1072,157,1,6.46,0.65
4325,1073,224,1,8.7,0.87
4326,1073,170,3,13.05,0.0
4327,1073,90,3,3.2,0.0
4328,1074,36,2,23.88,0.0
4329,1074,75,3,20.65,0.0
4330,1074,21,2,3.76,0.0
4331,1074,25,3,19.85,0.0
4332,1074,27,3,24.04,2.4
4333,1074,31,2,7.89,0.79
4334,1075,10,3,17.86,0.0
4335,1075,118,3,4.15,0.0
4336,1076,161,1,19.7,0.0
4337,1076,122,3,9.1,0.0
4338,1076,9,2,12.58,0.0
4339,1076,12,2,12.04,0.0
4340,1076,16,1,3.81,0.0
4341,1076,26,3,10.08,0.0
4342,1077,24,2,6.46,0.0
4343,1077,22,2,16.56,0.0
4344,1077,118,2,4.15,0.0
4345,1077,175,2,4.87,0.0
4346,1078,8,2,23.8,0.0
4347,1078,13,1,4.43,0.0
4348,1079,34,1,19.46,0.0
4349,1079,38,2,12.67,0.0
4350,1079,207,1,5.44,0.0
4351,1079,15,2,11.21,0.0
4352,1079,56,1,2.86,0.0
4353,1079,25,2,19.85,0.0
4354,1080,74,1,12.36,0.0
4355,1080,19,1,7.1,0.0
4356,1080,165,3,5.73,0.0
4357,1080,227,2,15.13,0.0
4358,1081,160,2,12.13,0.0
4359,1081,9,3,12.58,0.0
4360,1081,11,1,10.32,0.0
4361,1081,201,2,19.45,0.0
4362,1082,73,3,24.03,0.0
4363,1082,16,2,3.81,0.0
4364,1082,81,2,18.28,0.0
4365,1082,18,1,19.15,0.0
4366,1082,153,2,7.5,0.0
4367,1083,36,2,23.88,0.0
4368,1083,6,2,24.22,0.0
4369,1083,8,3,23.8,0.0
4370,1083,14,1,12.02,0.0
4371,1083,17,3,22.02,0.0
4372,1083,58,2,8.6,0.0
4373,1084,3,3,16.72,0.0
4374,1084,5,1,11.32,0.0
4375,1084,37,3,16.44,0.0
4376,1084,21,1,3.76,0.0
4377,1084,22,3,16.56,0.0
4378,1085,40,2,15.33,0.0
4379,1085,38,2,12.67,0.0
4380,1086,35,3,3.73,0.0
4381,1086,100,3,5.46,0.0
4382,1086,21,2,3.76,0.0
4383,1087,136,3,22.16,0.0
4384,1087,16,1,3.81,0.0
4385,1088,8,3,23.8,0.0
4386,1088,210,3,11.73,0.0
4387,1088,80,4,2.9,0.0
4388,1089,24,3,6.46,0.0
4389,1089,18,1,19.15,0.0
4390,1090,65,2,23.95,0.0
4391,1090,33,2,5.52,0.0
4392,1090,10,2,17.86,0.0
4393,1090,20,2,19.92,0.0
4394,1090,117,4,22.99,0.0
4395,1090,84,4,16.03,0.0
4396,1091,33,2,5.52,0.0
4397,1091,30,3,4.36,0.0
4398,1092,66,2,19.0,0.0
4399,1092,15,1,11.21,0.0
4400,1092,120,3,13.7,0.0
4401,1092,26,1,10.08,0.0
4402,1092,157,1,6.46,0.0
4403,1093,216,4,16.32,0.0
4404,1093,27,1,24.04,0.0
4405,1093,136,4,22.16,0.0
4406,1093,14,1,12.02,0.0
4407,1094,38,1,12.67,0.0
4408,1094,10,3,17.86,0.0
4409,1094,60,3,24.48,0.0
4410,1094,220,2,14.33,0.0
4411,1094,223,1,18.53,0.0
4412,1095,96,3,7.8,0.0
4413,1095,65,3,23.95,0.0
4414,1095,32,1,5.99,0.0
4415,1095,77,2,24.59,0.0
4416,1095,117,1,22.99,0.0
4417,1096,8,2,23.8,0.0
4418,1096,194,1,18.44,0.0
4419,1096,34,3,19.46,0.0
4420,1096,30,3,4.36,0.0
4421,1097,18,3,19.15,0.0
4422,1097,36,2,23.88,2.39
4423,1097,23,2,14.2,0.0
4424,1098,140,3,6.16,0.0
4425,1098,37,1,16.44,0.0
4426,1099,24,2,6.46,0.0
4427,1099,163,2,13.57,1.36
4428,1099,36,3,23.88,0.0
4429,1099,120,1,13.7,0.0
4430,1100,9,1,12.58,0.0
4431,1100,35,2,3.73,0.37
4432,1100,37,1,16.44,0.0
4433,1100,135,1,17.22,0.0
4434,1101,64,3,15.35,0.0
4435,1101,40,3,15.33,0.0
4436,1101,13,2,4.43,0.0
4437,1101,18,3,19.15,1.92
4438,1101,29,3,5.4,0.0
4439,1101,31,3,7.89,0.0
4440,1102,177,3,5.69,0.0
4441,1102,10,3,17.86,0.0
4442,1103,32,2,5.99,0.0
4443,1103,64,3,15.35,0.0
4444,1103,34,1,19.46,0.0
4445,1103,102,1,17.26,0.0
4446,1103,116,1,24.93,0.0
4447,1103,92,3,9.7,0.0
4448,1104,128,2,5.56,0.56
4449,1104,16,1,3.81,0.0
4450,1104,81,3,18.28,1.83
4451,1104,20,1,19.92,0.0
4452,1104,149,2,16.04,0.0
4453,1104,116,1,24.93,0.0
4454,1105,97,1,21.59,0.0
4455,1105,2,3,11.3,0.0
4456,1105,23,1,14.2,0.0
4457,1106,49,2,12.79,0.0
4458,1106,27,3,24.04,0.0
4459,1106,38,2,12.67,0.0
4460,1107,82,3,24.79,0.0
4461,1107,236,3,2.47,0.25
4462,1107,31,1,7.89,0.79
4463,1108,27,1,24.04,0.0
4464,1108,35,3,3.73,0.0
4465,1108,11,1,10.32,0.0
4466,1109,40,3,15.33,1.53
4467,1109,153,2,7.5,0.0
4468,1109,84,2,16.03,0.0
4469,1109,15,3,11.21,1.12
4470,1110,1,3,11.87,0.0
4471,1110,12,2,12.04,1.2
4472,1110,142,2,16.37,0.0
4473,1110,214,1,7.48,0.0
4474,1110,24,2,6.46,0.0
4475,1111,37,3,16.44,0.0
4476,1111,10,3,17.86,0.0
4477,1111,15,2,11.21,0.0
4478,1111,24,2,6.46,0.0
4479,1111,25,1,19.85,0.0
4480,1111,31,1,7.89,0.0
4481,1112,25,1,19.85,1.99
4482,1112,241,3,19.19,0.0
4483,1112,29,3,5.4,0.0
4484,1112,17,3,22.02,0.0
4485,1113,37,2,16.44,0.0
4486,1113,38,1,12.67,0.0
4487,1113,150,2,19.3,0.0
4488,1113,24,2,6.46,0.0
4489,1113,29,1,5.4,0.0
4490,1114,35,3,3.73,0.0
4491,1114,34,3,19.46,0.0
4492,1114,195,3,9.71,0.0
4493,1114,12,2,12.04,0.0
4494,1115,48,1,12.11,0.0
4495,1115,82,2,24.79,2.48
4496,1115,3,3,16.72,0.0
4497,1115,38,2,12.67,0.0
4498,1116,32,2,5.99,0.0
4499,1116,1,3,11.87,1.19
4500,1116,5,3,11.32,0.0
4501,1117,18,3,19.15,0.0
4502,1117,28,2,16.85,0.0
4503,1118,38,3,12.67,0.0
4504,1118,39,2,14.97,0.0
4505,1118,112,1,9.55,0.0
4506,1118,16,3,3.81,0.0
4507,1118,62,3,15.66,0.0
4508,1119,16,2,3.81,0.0
4509,1119,186,2,11.54,1.15
4510,1119,11,3,10.32,0.0
4511,1119,30,1,4.36,0.0
4512,1120,72,1,13.53,0.0
4513,1120,105,3,17.09,0.0
4514,1120,8,3,23.8,2.38
4515,1120,23,3,14.2,0.0
4516,1120,27,1,24.04,0.0
4517,1121,154,3,24.21,2.42
4518,1121,11,1,10.32,0.0
4519,1121,38,2,12.67,0.0
4520,1122,112,3,9.55,0.0
4521,1122,16,2,3.81,0.0
4522,1123,28,3,16.85,0.0
4523,1123,29,1,5.4,0.0
4524,1123,118,3,4.15,0.0
4525,1123,63,1,10.84,0.0
4526,1124,224,1,8.7,0.0
4527,1124,13,2,4.43,0.0
4528,1124,15,2,11.21,0.0
4529,1124,210,2,11.73,1.17
4530,1124,25,3,19.85,0.0
4531,1124,29,3,5.4,0.0
4532,1125,33,3,5.52,0.55
4533,1125,11,2,10.32,1.03
4534,1125,14,1,12.02,0.0
4535,1126,16,3,3.81,0.0
4536,1126,26,2,10.08,0.0
4537,1126,20,3,19.92,0.0
4538,1126,6,2,24.22,0.0
4539,1127,24,2,6.46,0.0
4540,1127,218,1,21.24,2.12
4541,1127,29,2,5.4,0.0
4542,1128,40,1,15.33,0.0
4543,1128,8,2,23.8,2.38
4544,1128,243,3,3.55,0.0
4545,1128,53,1,10.09,0.0
4546,1128,154,1,24.21,0.0
4547,1129,113,2,4.94,0.49
4548,1129,14,2,12.02,0.0
4549,1130,18,2,19.15,0.0
4550,1130,35,2,3.73,0.0
4551,1130,7,3,5.95,0.0
4552,1131,13,3,4.43,0.0
4553,1131,113,3,4.94,0.0
4554,1131,18,3,19.15,1.92
4555,1131,115,2,23.78,0.0
4556,1131,215,3,16.7,0.0
4557,1132,213,3,4.8,0.0
4558,1132,154,2,24.21,0.0
4559,1132,27,1,24.04,0.0
4560,1132,188,1,10.6,0.0
4561,1132,94,2,14.83,0.0
4562,1132,31,2,7.89,0.0
4563,1133,24,2,6.46,0.0
4564,1133,2,3,11.3,0.0
4565,1134,2,2,11.3,0.0
4566,1134,31,1,7.89,0.0
4567,1135,18,2,19.15,0.0
4568,1135,220,1,14.33,0.0
4569,1135,5,4,11.32,0.0
4570,1136,38,3,12.67,0.0
4571,1136,40,3,15.33,0.0
4572,1136,9,1,12.58,0.0
4573,1136,219,1,13.5,0.0
4574,1136,60,2,24.48,0.0
4575,1136,30,1,4.36,0.0
4576,1137,2,1,11.3,0.0
4577,1137,9,2,12.58,0.0
4578,1137,111,1,16.8,0.0
4579,1137,21,1,3.76,0.0
4580,1137,27,1,24.04,2.4
4581,1137,31,3,7.89,0.0
4582,1138,116,1,24.93,0.0
4583,1138,149,1,16.04,0.0
4584,1138,94,1,14.83,0.0
4585,1138,7,2,5.95,0.0
4586,1139,17,2,22.02,0.0
4587,1139,66,2,19.0,0.0
4588,1139,52,1,15.6,0.0
4589,1140,1,1,11.87,0.0
4590,1140,234,1,20.09,0.0
4591,1140,2,1,11.3,0.0
4592,1140,33,2,5.52,0.0
4593,1141,211,4,19.85,0.0
4594,1141,179,3,13.81,0.0
4595,1142,33,3,5.52,0.0
4596,1142,2,1,11.3,0.0
4597,1142,114,3,18.17,0.0
4598,1143,13,2,4.43,0.44
4599,1143,15,1,11.21,0.0
4600,1143,20,3,19.92,0.0
4601,1143,118,3,4.15,0.42
4602,1143,90,1,3.2,0.0
4603,1144,2,1,11.3,0.0
4604,1144,15,2,11.21,1.12
4605,1144,84,1,16.03,0.0
4606,1144,53,3,10.09,0.0
4607,1144,31,2,7.89,0.0
4608,1145,11,2,10.32,0.0
4609,1145,91,1,16.51,1.65
4610,1145,116,2,24.93,0.0
4611,1145,61,1,4.08,0.0
4612,1146,16,2,3.81,0.0
4613,1146,9,3,12.58,0.0
4614,1147,32,2,5.99,0.6
4615,1147,34,1,19.46,1.95
4616,1147,5,1,11.32,0.0
4617,1147,9,3,12.58,0.0
4618,1147,20,3,19.92,0.0
4619,1148,27,2,24.04,0.0
4620,1148,37,3,16.44,0.0
4621,1149,169,1,3.2,0.0
4622,1149,91,2,16.51,1.65
4623,1149,173,1,18.36,0.0
4624,1149,71,3,15.92,0.0
4625,1150,12,1,12.04,0.0
4626,1150,16,3,3.81,0.38
4627,1150,19,3,7.1,0.0
4628,1150,56,3,2.86,0.0
4629,1150,59,1,16.83,0.0
4630,1150,28,1,16.85,0.0
4631,1151,33,1,5.52,0.0
4632,1151,12,2,12.04,0.0
4633,1152,26,3,10.08,0.0
4634,1152,12,3,12.04,0.0
4635,1153,8,3,23.8,0.0
4636,1153,11,4,10.32,0.0
4637,1154,16,2,3.81,0.0
4638,1154,158,2,17.6,0.0
4639,1154,15,1,11.21,1.12
4640,1155,163,2,13.57,0.0
4641,1155,232,2,23.93,0.0
4642,1155,9,1,12.58,0.0
4643,1155,15,3,11.21,1.12
4644,1155,16,1,3.81,0.0
4645,1155,126,1,6.42,0.0
4646,1156,64,1,15.35,0.0
4647,1156,17,3,22.02,0.0
4648,1156,20,2,19.92,0.0
4649,1156,158,2,17.6,0.0
4650,1157,35,3,3.73,0.0
4651,1157,38,3,12.67,0.0
4652,1157,12,3,12.04,0.0
4653,1157,13,1,4.43,0.0
4654,1157,19,3,7.1,0.0
4655,1157,119,1,17.42,1.74
4656,1158,104,2,9.14,0.0
4657,1158,19,3,7.1,0.0
4658,1159,26,2,10.08,0.0
4659,1159,95,2,10.89,0.0
4660,1160,16,3,3.81,0.0
4661,1160,35,1,3.73,0.0
4662,1160,133,3,18.99,0.0
4663,1161,3,3,16.72,1.67
4664,1161,35,2,3.73,0.0
4665,1161,5,1,11.32,0.0
4666,1161,15,2,11.21,0.0
4667,1161,18,3,19.15,0.0
4668,1161,93,1,9.58,0.0
4669,1162,8,3,23.8,0.0
4670,1162,32,1,5.99,0.0
4671,1162,12,2,12.04,0.0
4672,1162,86,2,23.11,0.0
4673,1163,120,3,13.7,0.0
4674,1163,23,2,14.2,0.0
4675,1163,141,2,17.94,0.0
4676,1163,39,1,14.97,0.0
4677,1164,128,3,5.56,0.56
4678,1164,1,1,11.87,0.0
4679,1164,32,1,5.99,0.0
4680,1164,39,2,14.97,0.0
4681,1164,74,1,12.36,1.24
4682,1165,38,3,12.67,0.0
4683,1165,10,3,17.86,0.0
4684,1165,173,3,18.36,0.0
4685,1165,19,1,7.1,0.0
4686,1165,28,3,16.85,0.0
4687,1166,20,2,19.92,0.0
4688,1166,39,2,14.97,0.0
4689,1167,154,2,24.21,0.0
4690,1167,12,1,12.04,0.0
4691,1168,160,2,12.13,0.0
4692,1168,36,3,23.88,0.0
4693,1168,8,1,23.8,0.0
4694,1168,10,3,17.86,0.0
4695,1168,11,2,10.32,0.0
4696,1168,143,3,22.76,0.0
4697,1169,34,3,19.46,0.0
4698,1169,36,1,23.88,0.0
4699,1169,29,1,5.4,0.0
4700,1169,38,3,12.67,0.0
4701,1170,136,2,22.16,0.0
4702,1170,34,2,19.46,0.0
4703,1170,5,2,11.32,0.0
4704,1171,192,2,9.33,0.93
4705,1171,43,3,16.79,0.0
4706,1171,15,1,11.21,0.0
4707,1171,114,1,18.17,0.0
4708,1171,27,2,24.04,0.0
4709,1172,138,2,15.74,0.0
4710,1172,2,2,11.3,0.0
4711,1172,38,2,12.67,1.27
4712,1173,28,3,16.85,0.0
4713,1173,37,3,16.44,0.0
4714,1173,39,2,14.97,0.0
4715,1174,134,1,14.11,0.0
4716,1174,6,2,24.22,0.0
4717,1175,176,2,3.93,0.39
4718,1175,65,3,23.95,0.0
4719,1175,10,2,17.86,0.0
4720,1175,14,3,12.02,0.0
4721,1176,3,2,16.72,0.0
4722,1176,4,2,8.66,0.0
4723,1176,5,3,11.32,0.0
4724,1176,169,2,3.2,0.0
4725,1176,20,2,19.92,0.0
4726,1176,159,4,15.12,1.51
4727,1177,102,1,17.26,0.0
4728,1177,39,3,14.97,1.5
4729,1177,40,1,15.33,0.0
4730,1177,167,1,15.91,0.0
4731,1177,15,1,11.21,0.0
4732,1178,192,2,9.33,0.0
4733,1178,3,2,16.72,1.67
4734,1178,7,1,5.95,0.6
4735,1178,10,2,17.86,0.0
4736,1178,19,2,7.1,0.0
4737,1179,2,1,11.3,0.0
4738,1179,35,1,3.73,0.0
4739,1180,32,2,5.99,0.0
4740,1180,34,2,19.46,0.0
4741,1180,6,2,24.22,0.0
4742,1180,39,1,14.97,0.0
4743,1180,8,1,23.8,0.0
4744,1180,159,3,15.12,0.0
4745,1181,73,3,24.03,0.0
4746,1181,99,3,15.86,0.0
4747,1181,97,1,21.59,0.0
4748,1181,87,1,10.91,0.0
4749,1182,5,3,11.32,0.0
4750,1182,208,3,23.63,0.0
4751,1182,209,2,16.0,0.0
4752,1182,155,1,20.04,0.0
4753,1182,31,1,7.89,0.0
4754,1183,10,3,17.86,1.79
4755,1183,126,3,6.42,0.0
4756,1184,34,1,19.46,0.0
4757,1184,147,3,18.55,0.0
4758,1184,53,3,10.09,1.01
4759,1184,146,1,10.38,1.04
4760,1185,8,2,23.8,0.0
4761,1185,33,1,5.52,0.0
4762,1185,31,2,7.89,0.0
4763,1186,1,1,11.87,0.0
4764,1186,2,1,11.3,0.0
4765,1186,167,3,15.91,0.0
4766,1186,82,1,24.79,2.48
4767,1186,28,2,16.85,0.0
4768,1187,32,1,5.99,0.0
4769,1187,36,3,23.88,0.0
4770,1187,19,1,7.1,0.0
4771,1187,20,3,19.92,0.0
4772,1187,22,1,16.56,0.0
4773,1188,26,1,10.08,0.0
4774,1188,99,3,15.86,0.0
4775,1188,4,3,8.66,0.87
4776,1188,14,1,12.02,0.0
4777,1189,3,1,16.72,0.0
4778,1189,7,3,5.95,0.0
4779,1190,1,1,11.87,0.0
4780,1190,26,2,10.08,0.0
4781,1190,132,2,14.41,0.0
4782,1190,30,1,4.36,0.0
4783,1191,40,1,15.33,0.0
4784,1191,12,3,12.04,0.0
4785,1191,7,3,5.95,0.0
4786,1192,33,3,5.52,0.0
4787,1192,2,2,11.3,0.0
4788,1192,72,2,13.53,0.0
4789,1192,13,3,4.43,0.44
4790,1192,215,2,16.7,0.0
4791,1193,10,3,17.86,0.0
4792,1193,15,1,11.21,0.0
4793,1194,24,2,6.46,0.0
4794,1194,11,1,10.32,0.0
4795,1194,21,1,3.76,0.0
4796,1195,82,3,24.79,0.0
4797,1195,219,2,13.5,0.0
4798,1195,5,2,11.32,0.0
4799,1196,128,2,5.56,0.0
4800,1196,33,1,5.52,0.0
4801,1196,212,2,7.47,0.0
4802,1196,30,3,4.36,0.0
4803,1197,33,2,5.52,0.0
4804,1197,3,3,16.72,0.0
4805,1197,40,3,15.33,0.0
4806,1197,25,1,19.85,0.0
4807,1197,28,3,16.85,1.69
4808,1198,32,1,5.99,0.0
4809,1198,3,1,16.72,0.0
4810,1199,66,1,19.0,0.0
4811,1199,36,1,23.88,2.39
4812,1199,6,2,24.22,0.0
4813,1199,14,1,12.02,0.0
4814,1200,35,2,3.73,0.0
4815,1200,36,1,23.88,0.0
4816,1200,12,1,12.04,0.0
4817,1201,7,2,5.95,0.0
4818,1201,78,3,3.94,0.0
4819,1201,48,1,12.11,0.0
4820,1201,29,2,5.4,0.0
4821,1201,191,3,7.16,0.0
4822,1202,152,1,7.38,0.0
4823,1202,27,2,24.04,2.4
4824,1202,94,3,14.83,0.0
4825,1203,1,3,11.87,0.0
4826,1203,131,3,13.68,0.0
4827,1203,36,2,23.88,0.0
4828,1203,6,2,24.22,0.0
4829,1203,204,2,22.83,0.0
4830,1203,16,2,3.81,0.0
4831,1204,57,3,10.48,0.0
4832,1204,10,3,17.86,0.0
4833,1204,5,1,11.32,0.0
4834,1204,38,2,12.67,0.0
4835,1205,3,1,16.72,0.0
4836,1205,39,3,14.97,0.0
4837,1205,13,2,4.43,0.44
4838,1205,23,2,14.2,0.0
4839,1205,30,1,4.36,0.0
4840,1206,34,2,19.46,0.0
4841,1206,204,1,22.83,0.0
4842,1206,47,2,9.27,0.0
4843,1206,18,2,19.15,1.92
4844,1206,21,2,3.76,0.0
4845,1206,158,1,17.6,0.0
4846,1207,69,2,15.15,0.0
4847,1207,247,3,15.38,0.0
4848,1207,24,3,6.46,0.0
4849,1207,151,2,20.03,0.0
4850,1207,61,1,4.08,0.0
4851,1208,121,3,2.42,0.0
4852,1208,28,3,16.85,0.0
4853,1208,159,1,15.12,0.0
4854,1209,35,1,3.73,0.0
4855,1209,4,3,8.66,0.0
4856,1209,12,4,12.04,0.0
4857,1209,120,1,13.7,0.0
4858,1209,31,1,7.89,0.0
4859,1210,117,3,22.99,0.0
4860,1210,21,2,3.76,0.0
4861,1210,11,1,10.32,0.0
4862,1210,37,1,16.44,0.0
4863,1211,116,3,24.93,0.0
4864,1211,63,1,10.84,0.0
4865,1212,65,2,23.95,0.0
4866,1212,52,3,15.6,0.0
4867,1212,1,3,11.87,0.0
4868,1212,25,1,19.85,0.0
4869,1213,160,1,12.13,1.21
4870,1213,98,3,24.18,0.0
4871,1213,5,3,11.32,1.13
4872,1213,21,3,3.76,0.0
4873,1213,59,2,16.83,0.0
4874,1214,11,1,10.32,0.0
4875,1214,14,2,12.02,0.0
4876,1215,21,4,3.76,0.0
4877,1215,6,4,24.22,0.0
4878,1216,3,1,16.72,0.0
4879,1216,77,2,24.59,0.0
4880,1217,120,3,13.7,0.0
4881,1217,235,3,13.68,0.0
4882,1217,29,1,5.4,0.0
4883,1217,86,1,23.11,0.0
4884,1218,2,2,11.3,0.0
4885,1218,4,1,8.66,0.0
4886,1218,165,3,5.73,0.0
4887,1218,230,1,14.04,0.0
4888,1218,57,1,10.48,0.0
4889,1218,127,2,25.0,0.0
4890,1219,1,1,11.87,0.0
4891,1219,6,1,24.22,0.0
4892,1219,39,3,14.97,0.0
4893,1220,1,3,11.87,0.0
4894,1220,2,3,11.3,0.0
4895,1220,22,2,16.56,0.0
4896,1220,39,2,14.97,0.0
4897,1221,16,3,3.81,0.0
4898,1221,161,1,19.7,0.0
4899,1221,19,1,7.1,0.0
4900,1222,35,2,3.73,0.0
4901,1222,9,3,12.58,0.0
4902,1222,21,1,3.76,0.0
4903,1222,189,2,10.88,1.09
4904,1222,158,3,17.6,0.0
4905,1223,48,1,12.11,1.21
4906,1223,27,1,24.04,0.0
4907,1223,6,3,24.22,0.0
4908,1224,29,2,5.4,0.0
4909,1224,14,1,12.02,0.0
4910,1224,30,2,4.36,0.44
4911,1225,10,2,17.86,0.0
4912,1225,34,2,19.46,0.0
4913,1226,96,1,7.8,0.0
4914,1226,82,3,24.79,0.0
4915,1227,32,1,5.99,0.0
4916,1227,2,2,11.3,0.0
4917,1227,40,2,15.33,0.0
4918,1227,211,1,19.85,0.0
4919,1227,20,2,19.92,0.0
4920,1227,27,1,24.04,0.0
4921,1228,91,3,16.51,0.0
4922,1228,23,2,14.2,0.0
4923,1229,32,1,5.99,0.0
4924,1229,65,4,23.95,0.0
4925,1229,37,4,16.44,1.64
4926,1229,10,1,17.86,0.0
4927,1229,77,4,24.59,0.0
4928,1229,21,1,3.76,0.0
4929,1230,4,2,8.66,0.0
4930,1230,6,2,24.22,0.0
4931,1230,10,2,17.86,0.0
4932,1230,234,2,20.09,0.0
4933,1230,142,3,16.37,0.0
4934,1230,24,1,6.46,0.0
4935,1231,8,3,23.8,0.0
4936,1231,34,2,19.46,0.0
4937,1231,21,3,3.76,0.0
4938,1231,23,3,14.2,0.0
4939,1232,129,1,8.8,0.0
4940,1232,230,2,14.04,0.0
4941,1232,242,1,10.21,0.0
4942,1232,21,1,3.76,0.0
4943,1232,221,2,16.53,0.0
4944,1233,7,1,5.95,0.0
4945,1233,40,1,15.33,0.0
4946,1233,12,1,12.04,0.0
4947,1233,46,1,24.33,0.0
4948,1233,19,2,7.1,0.0
4949,1234,33,1,5.52,0.0
4950,1234,2,1,11.3,0.0
4951,1234,28,3,16.85,1.69
4952,1234,31,1,7.89,0.0
4953,1235,64,2,15.35,0.0
4954,1235,25,1,19.85,0.0
4955,1235,233,1,14.51,0.0
4956,1236,24,2,6.46,0.0
4957,1236,196,1,5.36,0.0
4958,1236,126,2,6.42,0.0
4959,1237,2,3,11.3,1.13
4960,1237,5,1,11.32,0.0
4961,1237,182,3,22.94,0.0
4962,1238,32,2,5.99,0.0
4963,1238,195,2,9.71,0.0
4964,1238,41,3,17.67,0.0
4965,1238,19,3,7.1,0.0
4966,1238,23,1,14.2,0.0
4967,1239,1,2,11.87,0.0
4968,1239,36,1,23.88,0.0
4969,1239,42,3,22.29,0.0
4970,1239,145,2,3.0,0.0
4971,1239,18,1,19.15,0.0
4972,1239,120,2,13.7,0.0
4973,1240,67,2,2.94,0.0
4974,1240,36,2,23.88,0.0
4975,1240,10,2,17.86,0.0
4976,1240,19,2,7.1,0.0
4977,1240,26,2,10.08,0.0
4978,1240,29,3,5.4,0.0
4979,1241,1,1,11.87,0.0
4980,1241,35,3,3.73,0.0
4981,1241,20,2,19.92,0.0
4982,1241,30,3,4.36,0.0
4983,1242,238,3,3.0,0.3
4984,1242,17,1,22.02,2.2
4985,1242,20,2,19.92,0.0
4986,1242,84,2,16.03,0.0
4987,1242,29,2,5.4,0.54
4988,1243,16,3,3.81,0.0
4989,1243,17,2,22.02,0.0
4990,1243,12,1,12.04,0.0
4991,1243,14,2,12.02,0.0
4992,1244,3,1,16.72,0.0
4993,1244,39,1,14.97,0.0
4994,1244,8,1,23.8,0.0
4995,1244,236,2,2.47,0.25
4996,1244,50,3,16.52,0.0
4997,1244,26,1,10.08,0.0
4998,1245,122,3,9.1,0.0
4999,1245,35,1,3.73,0.0
5000,1246,33,2,5.52,0.0
5001,1246,6,4,24.22,0.0
5002,1247,2,1,11.3,0.0
5003,1247,219,3,13.5,1.35
5004,1248,69,1,15.15,0.0
5005,1248,38,3,12.67,0.0
5006,1248,7,2,5.95,0.0
5007,1248,13,2,4.43,0.0
5008,1248,15,1,11.21,0.0
5009,1248,113,3,4.94,0.0
5010,1249,8,3,23.8,0.0
5011,1249,209,3,16.0,0.0
5012,1249,214,1,7.48,0.0
5013,1249,23,1,14.2,0.0
5014,1249,26,1,10.08,0.0
5015,1250,3,1,16.72,0.0
5016,1250,6,1,24.22,0.0
5017,1251,32,1,5.99,0.0
5018,1251,24,3,6.46,0.0
5019,1251,20,1,19.92,0.0
5020,1251,31,2,7.89,0.0
5021,1252,161,1,19.7,0.0
5022,1252,197,4,2.88,0.0
5023,1252,5,4,11.32,0.0
5024,1252,109,4,3.95,0.0
5025,1252,15,3,11.21,1.12
5026,1252,21,4,3.76,0.0
5027,1253,210,3,11.73,0.0
5028,1253,36,3,23.88,0.0
5029,1254,9,3,12.58,0.0
5030,1254,188,2,10.6,0.0
5031,1254,4,2,8.66,0.0
5032,1254,130,3,20.13,0.0
5033,1255,22,2,16.56,0.0
5034,1255,127,2,25.0,0.0
5035,1256,88,3,19.81,0.0
5036,1256,24,3,6.46,0.0
5037,1256,21,1,3.76,0.38
5038,1257,24,1,6.46,0.0
5039,1257,35,2,3.73,0.0
5040,1257,142,2,16.37,0.0
5041,1258,32,1,5.99,0.0
5042,1258,36,3,23.88,0.0
5043,1258,107,1,4.97,0.0
5044,1258,19,1,7.1,0.0
5045,1258,152,3,7.38,0.0
5046,1258,25,3,19.85,0.0
5047,1259,85,2,10.37,0.0
5048,1259,6,4,24.22,0.0
5049,1260,17,1,22.02,0.0
5050,1260,26,2,10.08,0.0
5051,1260,12,3,12.04,0.0
5052,1261,8,1,23.8,0.0
5053,1261,25,2,19.85,0.0
5054,1261,11,1,10.32,0.0
5055,1261,20,1,19.92,0.0
5056,1262,8,3,23.8,0.0
5057,1262,174,2,13.87,0.0
5058,1263,200,3,21.12,2.11
5059,1263,19,3,7.1,0.0
5060,1263,205,3,2.44,0.0
5061,1263,158,1,17.6,0.0
5062,1264,34,1,19.46,0.0
5063,1264,4,3,8.66,0.0
5064,1264,36,1,23.88,0.0
5065,1264,38,2,12.67,0.0
5066,1264,175,1,4.87,0.0
5067,1264,28,2,16.85,0.0
5068,1265,80,1,2.9,0.0
5069,1265,21,1,3.76,0.0
5070,1266,67,1,2.94,0.0
5071,1266,83,2,14.05,0.0
5072,1266,34,2,19.46,0.0
5073,1266,149,3,16.04,0.0
5074,1267,121,1,2.42,0.0
5075,1267,18,3,19.15,0.0
5076,1267,116,2,24.93,0.0
5077,1267,119,3,17.42,0.0
5078,1268,176,3,3.93,0.0
5079,1268,25,3,19.85,0.0
5080,1268,2,2,11.3,0.0
5081,1268,14,1,12.02,0.0
5082,1269,34,1,19.46,0.0
5083,1269,8,3,23.8,0.0
5084,1269,11,3,10.32,0.0
5085,1269,178,3,12.33,0.0
5086,1269,22,3,16.56,0.0
5087,1269,24,1,6.46,0.0
5088,1270,178,2,12.33,0.0
5089,1270,29,2,5.4,0.0
5090,1271,172,3,23.49,0.0
5091,1271,36,2,23.88,0.0
5092,1271,31,3,7.89,0.0
5093,1272,160,3,12.13,1.21
5094,1272,2,2,11.3,0.0
5095,1273,8,3,23.8,0.0
5096,1273,16,3,3.81,0.0
5097,1273,39,2,14.97,0.0
5098,1274,232,1,23.93,0.0
5099,1274,105,3,17.09,0.0
5100,1274,12,1,12.04,0.0
5101,1274,37,3,16.44,0.0
5102,1275,32,3,5.99,0.6
5103,1275,4,1,8.66,0.0
5104,1275,16,2,3.81,0.0
5105,1275,18,1,19.15,0.0
5106,1275,21,3,3.76,0.0
5107,1276,112,3,9.55,0.0
5108,1276,25,2,19.85,0.0
5109,1276,39,1,14.97,0.0
5110,1276,31,3,7.89,0.0
5111,1277,4,2,8.66,0.0
5112,1277,171,1,10.54,1.05
5113,1277,12,3,12.04,0.0
5114,1277,109,3,3.95,0.0
5115,1277,20,3,19.92,0.0
5116,1278,8,2,23.8,0.0
5117,1278,40,1,15.33,0.0
5118,1278,14,2,12.02,1.2
5119,1278,16,2,3.81,0.0
5120,1278,31,2,7.89,0.0
5121,1279,36,1,23.88,0.0
5122,1279,39,2,14.97,0.0
5123,1279,40,1,15.33,0.0
5124,1279,60,1,24.48,0.0
5125,1279,31,2,7.89,0.0
5126,1280,10,2,17.86,0.0
5127,1280,12,3,12.04,0.0
5128,1281,33,1,5.52,0.0
5129,1281,220,1,14.33,0.0
5130,1281,4,2,8.66,0.0
5131,1281,46,1,24.33,0.0
5132,1282,156,3,22.79,0.0
5133,1282,157,1,6.46,0.65
5134,1283,32,1,5.99,0.0
5135,1283,1,1,11.87,0.0
5136,1283,35,3,3.73,0.0
5137,1283,14,4,12.02,0.0
5138,1283,17,4,22.02,0.0
5139,1284,1,3,11.87,0.0
5140,1284,40,2,15.33,0.0
5141,1284,9,2,12.58,0.0
5142,1284,15,1,11.21,0.0
5143,1284,16,3,3.81,0.0
5144,1284,144,2,18.59,1.86
5145,1285,74,2,12.36,0.0
5146,1285,20,1,19.92,0.0
5147,1286,24,2,6.46,0.0
5148,1286,15,2,11.21,0.0
5149,1287,24,1,6.46,0.65
5150,1287,228,2,6.31,0.0
5151,1287,231,1,10.29,0.0
5152,1288,8,2,23.8,0.0
5153,1288,11,2,10.32,0.0
5154,1288,37,3,16.44,0.0
5155,1289,6,2,24.22,0.0
5156,1289,141,1,17.94,0.0
5157,1289,79,1,16.86,0.0
5158,1289,189,1,10.88,0.0
5159,1289,30,2,4.36,0.0
5160,1290,32,3,5.99,0.0
5161,1290,26,2,10.08,0.0
5162,1290,11,1,10.32,0.0
5163,1291,59,2,16.83,1.68
5164,1291,23,3,14.2,0.0
5165,1292,32,2,5.99,0.0
5166,1292,33,2,5.52,0.0
5167,1292,35,1,3.73,0.0
5168,1292,39,1,14.97,0.0
5169,1292,233,1,14.51,0.0
5170,1292,19,3,7.1,0.0
5171,1293,4,2,8.66,0.0
5172,1293,7,1,5.95,0.0
5173,1293,48,3,12.11,0.0
5174,1293,17,3,22.02,0.0
5175,1293,21,1,3.76,0.0
5176,1293,22,1,16.56,0.0
5177,1294,169,3,3.2,0.0
5178,1294,148,1,24.3,0.0
5179,1294,21,3,3.76,0.0
5180,1295,18,2,19.15,0.0
5181,1295,26,3,10.08,0.0
5182,1296,64,1,15.35,0.0
5183,1296,240,1,10.59,0.0
5184,1297,40,3,15.33,0.0
5185,1297,193,1,4.28,0.0
5186,1298,129,3,8.8,0.0
5187,1298,33,1,5.52,0.55
5188,1298,7,1,5.95,0.0
5189,1298,40,2,15.33,0.0
5190,1298,39,1,14.97,0.0
5191,1298,16,1,3.81,0.38
5192,1299,2,2,11.3,0.0
5193,1299,6,1,24.22,2.42
5194,1299,188,1,10.6,0.0
5195,1299,190,1,3.88,0.0
5196,1299,95,1,10.89,0.0
5197,1300,230,3,14.04,0.0
5198,1300,15,1,11.21,0.0
5199,1301,40,2,15.33,0.0
5200,1301,31,4,7.89,0.0
5201,1301,63,3,10.84,0.0
5202,1302,147,1,18.55,0.0
5203,1302,196,1,5.36,0.0
5204,1303,225,2,2.04,0.0
5205,1303,35,1,3.73,0.37
5206,1303,9,3,12.58,0.0
5207,1303,239,2,10.9,0.0
5208,1303,26,3,10.08,0.0
5209,1304,5,2,11.32,0.0
5210,1304,231,3,10.29,0.0
5211,1304,172,3,23.49,0.0
5212,1304,245,1,17.11,0.0
5213,1304,30,1,4.36,0.0
5214,1305,112,2,9.55,0.0
5215,1305,84,1,16.03,1.6
5216,1305,7,3,5.95,0.0
5217,1306,1,2,11.87,0.0
5218,1306,33,2,5.52,0.0
5219,1306,36,3,23.88,0.0
5220,1306,38,3,12.67,1.27
5221,1306,18,2,19.15,0.0
5222,1306,20,3,19.92,1.99
5223,1307,80,2,2.9,0.0
5224,1307,26,1,10.08,0.0
5225,1307,70,1,6.33,0.0
5226,1307,215,3,16.7,0.0
5227,1308,18,3,19.15,0.0
5228,1308,4,1,8.66,0.0
5229,1308,135,2,17.22,0.0
5230,1309,11,1,10.32,0.0
5231,1309,35,2,3.73,0.0
5232,1309,3,3,16.72,0.0
5233,1309,174,1,13.87,0.0
5234,1310,37,2,16.44,0.0
5235,1310,22,1,16.56,0.0
5236,1311,97,2,21.59,0.0
5237,1311,232,3,23.93,0.0
5238,1311,40,1,15.33,0.0
5239,1311,9,2,12.58,0.0
5240,1311,30,3,4.36,0.0
5241,1312,9,3,12.58,1.26
5242,1312,13,1,4.43,0.0
5243,1312,19,3,7.1,0.0
5244,1312,21,2,3.76,0.0
5245,1312,248,2,19.4,0.0
5246,1312,219,3,13.5,1.35
5247,1313,8,2,23.8,0.0
5248,1313,10,2,17.86,0.0
5249,1313,12,3,12.04,0.0
5250,1313,24,3,6.46,0.0
5251,1313,30,1,4.36,0.0
5252,1314,44,4,24.69,0.0
5253,1314,133,1,18.99,0.0
5254,1314,207,4,5.44,0.0
5255,1315,35,2,3.73,0.0
5256,1315,4,2,8.66,0.0
5257,1315,7,1,5.95,0.0
5258,1315,170,1,13.05,0.0
5259,1315,16,3,3.81,0.0
5260,1316,26,2,10.08,0.0
5261,1316,23,1,14.2,0.0
5262,1317,40,1,15.33,0.0
5263,1317,36,1,23.88,0.0
5264,1317,213,3,4.8,0.0
5265,1318,33,2,5.52,0.0
5266,1318,13,2,4.43,0.0
5267,1318,14,1,12.02,0.0
5268,1318,152,2,7.38,0.0
5269,1318,124,3,9.86,0.0
5270,1319,32,1,5.99,0.0
5271,1319,29,1,5.4,0.0
5272,1320,35,3,3.73,0.0
5273,1320,13,2,4.43,0.0
5274,1320,112,2,9.55,0.0
5275,1320,62,3,15.66,0.0
5276,1320,31,2,7.89,0.0
5277,1321,237,1,22.09,2.21
5278,1321,26,2,10.08,0.0
5279,1321,36,1,23.88,0.0
5280,1321,37,1,16.44,0.0
5281,1322,40,2,15.33,0.0
5282,1322,23,3,14.2,0.0
5283,1323,21,2,3.76,0.0
5284,1323,23,3,14.2,0.0
5285,1324,1,2,11.87,0.0
5286,1324,5,1,11.32,0.0
5287,1324,84,1,16.03,0.0
5288,1324,181,3,4.11,0.0
5289,1324,246,1,4.38,0.0
5290,1324,27,2,24.04,0.0
5291,1325,2,1,11.3,0.0
5292,1325,6,1,24.22,0.0
5293,1326,11,1,10.32,0.0
5294,1326,20,2,19.92,0.0
5295,1327,9,1,12.58,0.0
5296,1327,28,1,16.85,0.0
5297,1327,20,1,19.92,0.0
5298,1327,86,1,23.11,0.0
5299,1328,163,3,13.57,0.0
5300,1328,138,3,15.74,0.0
5301,1328,236,1,2.47,0.0
5302,1328,15,3,11.21,0.0
5303,1328,18,1,19.15,0.0
5304,1328,56,3,2.86,0.0
5305,1329,2,4,11.3,1.13
5306,1329,7,1,5.95,0.0
5307,1330,35,1,3.73,0.0
5308,1330,5,1,11.32,1.13
5309,1330,165,3,5.73,0.0
5310,1330,106,1,17.23,0.0
5311,1330,211,1,19.85,0.0
5312,1330,22,3,16.56,0.0
5313,1331,1,4,11.87,0.0
5314,1331,34,3,19.46,0.0
5315,1331,6,4,24.22,0.0
5316,1331,11,2,10.32,0.0
5317,1331,175,2,4.87,0.0
5318,1331,27,4,24.04,0.0
5319,1332,33,4,5.52,0.0
5320,1332,34,2,19.46,0.0
5321,1332,38,1,12.67,0.0
5322,1332,12,4,12.04,0.0
5323,1332,145,2,3.0,0.0
5324,1332,244,3,7.55,0.0
5325,1333,33,1,5.52,0.0
5326,1333,97,3,21.59,0.0
5327,1333,35,2,3.73,0.0
5328,1333,6,2,24.22,0.0
5329,1333,39,1,14.97,0.0
5330,1333,40,3,15.33,0.0
5331,1334,2,1,11.3,0.0
5332,1334,71,1,15.92,0.0
5333,1334,9,2,12.58,0.0
5334,1334,15,1,11.21,0.0
5335,1334,23,4,14.2,1.42
5336,1334,30,4,4.36,0.0
5337,1335,2,1,11.3,0.0
5338,1335,40,4,15.33,0.0
5339,1335,10,3,17.86,0.0
5340,1335,17,4,22.02,0.0
5341,1335,25,3,19.85,0.0
5342,1336,34,1,19.46,0.0
5343,1336,20,3,19.92,0.0
5344,1337,4,2,8.66,0.0
5345,1337,166,3,6.59,0.0
5346,1337,31,1,7.89,0.0
5347,1338,24,3,6.46,0.0
5348,1338,222,1,15.23,0.0
5349,1339,34,2,19.46,0.0
5350,1339,76,1,21.26,0.0
5351,1339,228,1,6.31,0.0
5352,1339,6,1,24.22,0.0
5353,1340,8,2,23.8,0.0
5354,1340,2,1,11.3,0.0
5355,1340,54,1,3.71,0.0
5356,1340,31,3,7.89,0.0
5357,1341,129,3,8.8,0.88
5358,1341,100,3,5.46,0.0
5359,1341,132,2,14.41,0.0
5360,1341,14,1,12.02,0.0
5361,1341,22,3,16.56,0.0
5362,1342,16,2,3.81,0.0
5363,1342,19,2,7.1,0.71
5364,1342,3,2,16.72,0.0
5365,1342,101,3,3.87,0.0
5366,1343,66,2,19.0,0.0
5367,1343,39,3,14.97,0.0
5368,1343,40,1,15.33,0.0
5369,1343,16,1,3.81,0.0
5370,1343,146,3,10.38,0.0
5371,1343,30,3,4.36,0.0
5372,1344,34,2,19.46,0.0
5373,1344,84,1,16.03,0.0
5374,1344,101,3,3.87,0.0
5375,1345,46,2,24.33,0.0
5376,1345,18,1,19.15,0.0
5377,1345,6,2,24.22,0.0
5378,1346,11,2,10.32,0.0
5379,1346,25,3,19.85,0.0
5380,1346,27,2,24.04,0.0
5381,1346,203,2,16.15,0.0
5382,1347,27,2,24.04,2.4
5383,1347,14,1,12.02,0.0
5384,1348,18,2,19.15,0.0
5385,1348,23,1,14.2,0.0
5386,1348,21,3,3.76,0.0
5387,1348,22,2,16.56,0.0
5388,1348,215,3,16.7,0.0
5389,1349,17,2,22.02,0.0
5390,1349,23,1,14.2,0.0
5391,1349,143,1,22.76,0.0
5392,1350,3,1,16.72,1.67
5393,1350,136,3,22.16,0.0
5394,1350,11,1,10.32,0.0
5395,1350,187,2,11.12,0.0
5396,1350,21,2,3.76,0.0
5397,1350,27,2,24.04,0.0
5398,1351,32,3,5.99,0.0
5399,1351,9,2,12.58,0.0
5400,1351,27,2,24.04,0.0
5401,1351,36,2,23.88,0.0
5402,1352,8,1,23.8,2.38
5403,1352,99,1,15.86,0.0
5404,1353,112,1,9.55,0.0
5405,1353,8,2,23.8,0.0
5406,1353,32,2,5.99,0.0
5407,1353,4,2,8.66,0.0
5408,1354,77,1,24.59,2.46
5409,1354,114,2,18.17,0.0
5410,1354,153,2,7.5,0.0
5411,1354,27,2,24.04,0.0
5412,1354,25,2,19.85,0.0
5413,1355,37,2,16.44,0.0
5414,1355,38,1,12.67,0.0
5415,1355,138,3,15.74,0.0
5416,1355,16,4,3.81,0.0
5417,1355,117,1,22.99,0.0
5418,1355,30,2,4.36,0.0
5419,1356,64,3,15.35,0.0
5420,1356,4,1,8.66,0.0
5421,1356,250,1,10.1,0.0
5422,1356,17,2,22.02,0.0
5423,1356,87,3,10.91,0.0
5424,1356,122,3,9.1,0.0
5425,1357,217,1,3.44,0.0
5426,1357,102,2,17.26,0.0
5427,1357,20,1,19.92,0.0
5428,1357,185,1,23.4,0.0
5429,1357,30,3,4.36,0.0
5430,1358,3,1,16.72,0.0
5431,1358,235,3,13.68,0.0
5432,1358,29,3,5.4,0.0
5433,1358,31,1,7.89,0.0
5434,1359,133,3,18.99,1.9
5435,1359,40,2,15.33,0.0
5436,1359,168,1,22.08,0.0
5437,1359,17,2,22.02,0.0
5438,1359,27,3,24.04,2.4
5439,1360,4,1,8.66,0.0
5440,1360,135,2,17.22,0.0
5441,1360,169,1,3.2,0.0
5442,1360,19,3,7.1,0.0
5443,1360,22,2,16.56,0.0
5444,1360,26,1,10.08,1.01
5445,1361,7,2,5.95,0.6
5446,1361,17,4,22.02,0.0
5447,1361,121,3,2.42,0.24
5448,1361,29,2,5.4,0.0
5449,1361,94,2,14.83,0.0
5450,1362,16,1,3.81,0.0
5451,1362,4,3,8.66,0.87
5452,1362,76,3,21.26,0.0
5453,1363,224,2,8.7,0.0
5454,1363,5,3,11.32,0.0
5455,1363,198,2,23.1,0.0
5456,1363,11,3,10.32,0.0
5457,1363,12,3,12.04,0.0
5458,1363,20,3,19.92,0.0
5459,1364,19,3,7.1,0.0
5460,1364,99,3,15.86,0.0
5461,1364,30,1,4.36,0.0
5462,1365,21,1,3.76,0.0
5463,1365,13,2,4.43,0.0
5464,1365,110,3,14.86,0.0
5465,1366,1,3,11.87,0.0
5466,1366,101,2,3.87,0.0
5467,1366,203,1,16.15,0.0
5468,1366,22,3,16.56,0.0
5469,1366,23,1,14.2,0.0
5470,1366,30,1,4.36,0.0
5471,1367,172,2,23.49,2.35
5472,1367,13,2,4.43,0.0
5473,1368,18,2,19.15,0.0
5474,1368,83,3,14.05,0.0
5475,1368,36,1,23.88,2.39
5476,1368,103,3,23.09,0.0
5477,1369,32,1,5.99,0.0
5478,1369,225,2,2.04,0.0
5479,1369,2,1,11.3,0.0
5480,1369,48,2,12.11,0.0
5481,1370,131,2,13.68,1.37
5482,1370,36,3,23.88,0.0
5483,1370,6,3,24.22,0.0
5484,1370,8,1,23.8,0.0
5485,1370,12,1,12.04,0.0
5486,1371,16,3,3.81,0.38
5487,1371,150,3,19.3,0.0
5488,1372,8,3,23.8,0.0
5489,1372,15,3,11.21,0.0
5490,1373,116,3,24.93,0.0
5491,1373,109,1,3.95,0.0
5492,1373,14,2,12.02,0.0
5493,1374,3,2,16.72,0.0
5494,1374,196,4,5.36,0.0
5495,1374,4,3,8.66,0.0
5496,1374,140,2,6.16,0.0
5497,1374,13,4,4.43,0.0
5498,1374,189,2,10.88,0.0
5499,1375,33,2,5.52,0.0
5500,1375,34,1,19.46,0.0
5501,1375,11,1,10.32,1.03
5502,1375,20,2,19.92,0.0
5503,1375,21,4,3.76,0.0
5504,1376,35,2,3.73,0.0
5505,1376,39,2,14.97,0.0
5506,1376,12,2,12.04,0.0
5507,1376,50,1,16.52,0.0
5508,1376,19,2,7.1,0.0
5509,1376,27,1,24.04,0.0
5510,1377,66,1,19.0,0.0
5511,1377,100,2,5.46,0.0
5512,1377,165,3,5.73,0.57
5513,1377,13,2,4.43,0.0
5514,1377,20,1,19.92,0.0
5515,1377,126,3,6.42,0.0
5516,1378,77,4,24.59,0.0
5517,1378,14,3,12.02,0.0
5518,1378,17,1,22.02,0.0
5519,1378,20,1,19.92,0.0
5520,1378,24,2,6.46,0.0
5521,1378,121,1,2.42,0.0
5522,1379,17,3,22.02,0.0
5523,1379,214,3,7.48,0.0
5524,1380,113,2,4.94,0.0
5525,1380,35,2,3.73,0.0
5526,1380,157,3,6.46,0.0
5527,1381,10,1,17.86,0.0
5528,1381,45,2,9.43,0.0
5529,1381,22,3,16.56,0.0
5530,1381,247,1,15.38,0.0
5531,1382,32,2,5.99,0.0
5532,1382,135,2,17.22,0.0
5533,1382,223,1,18.53,0.0
5534,1383,27,1,24.04,0.0
5535,1383,4,1,8.66,0.0
5536,1384,160,1,12.13,0.0
5537,1384,225,2,2.04,0.0
5538,1385,33,1,5.52,0.0
5539,1385,2,1,11.3,0.0
5540,1385,7,2,5.95,0.0
5541,1385,219,2,13.5,0.0
5542,1385,30,1,4.36,0.0
5543,1386,242,3,10.21,0.0
5544,1386,37,1,16.44,0.0
5545,1386,28,2,16.85,0.0
5546,1386,29,1,5.4,0.54
5547,1387,38,2,12.67,0.0
5548,1387,7,1,5.95,0.0
5549,1387,145,2,3.0,0.0
5550,1387,17,2,22.02,0.0
5551,1387,29,3,5.4,0.0
5552,1387,31,1,7.89,0.0
5553,1388,197,2,2.88,0.0
5554,1388,30,1,4.36,0.0
5555,1389,18,1,19.15,0.0
5556,1389,107,3,4.97,0.0
5557,1390,38,1,12.67,0.0
5558,1390,4,2,8.66,0.0
5559,1390,77,1,24.59,0.0
5560,1390,6,1,24.22,0.0
5561,1391,38,3,12.67,0.0
5562,1391,6,1,24.22,0.0
5563,1391,9,3,12.58,0.0
5564,1391,28,3,16.85,0.0
5565,1391,31,2,7.89,0.0
5566,1392,98,4,24.18,0.0
5567,1392,35,2,3.73,0.0
5568,1392,5,1,11.32,0.0
5569,1392,139,1,5.55,0.0
5570,1392,16,2,3.81,0.0
5571,1393,8,3,23.8,0.0
5572,1393,12,1,12.04,0.0
5573,1393,14,2,12.02,0.0
5574,1393,47,2,9.27,0.93
5575,1393,25,3,19.85,0.0
5576,1393,221,2,16.53,0.0
5577,1394,10,2,17.86,0.0
5578,1394,228,3,6.31,0.0
5579,1394,23,3,14.2,0.0
5580,1395,2,3,11.3,0.0
5581,1395,132,3,14.41,1.44
5582,1395,4,3,8.66,0.0
5583,1395,165,1,5.73,0.0
5584,1395,39,2,14.97,0.0
5585,1395,150,1,19.3,0.0
5586,1396,33,1,5.52,0.0
5587,1396,3,1,16.72,0.0
5588,1396,21,2,3.76,0.0
5589,1397,32,3,5.99,0.0
5590,1397,1,1,11.87,0.0
5591,1397,78,1,3.94,0.0
5592,1397,21,1,3.76,0.0
5593,1397,23,1,14.2,1.42
5594,1397,29,1,5.4,0.0
5595,1398,38,1,12.67,0.0
5596,1398,7,1,5.95,0.0
5597,1398,10,3,17.86,0.0
5598,1398,43,2,16.79,0.0
5599,1398,203,1,16.15,0.0
5600,1398,25,3,19.85,0.0
5601,1399,23,1,14.2,0.0
5602,1399,37,1,16.44,0.0
5603,1399,79,1,16.86,0.0
5604,1399,165,2,5.73,0.0
5605,1400,1,1,11.87,0.0
5606,1400,15,1,11.21,0.0
5607,1401,72,1,13.53,1.35
5608,1401,233,1,14.51,0.0
5609,1401,39,2,14.97,1.5
5610,1401,23,1,14.2,0.0
5611,1402,139,2,5.55,0.0
5612,1402,4,2,8.66,0.0
5613,1403,36,3,23.88,2.39
5614,1403,222,3,15.23,0.0
5615,1403,7,3,5.95,0.0
5616,1404,65,3,23.95,0.0
5617,1404,2,2,11.3,0.0
5618,1404,68,2,22.91,0.0
5619,1404,10,3,17.86,0.0
5620,1404,26,3,10.08,0.0
5621,1404,124,3,9.86,0.0
5622,1405,25,1,19.85,0.0
5623,1405,19,2,7.1,0.0
5624,1405,29,2,5.4,0.54
5625,1406,40,1,15.33,0.0
5626,1406,27,2,24.04,0.0
5627,1407,132,3,14.41,0.0
5628,1407,18,3,19.15,0.0
5629,1407,22,2,16.56,0.0
5630,1407,23,1,14.2,0.0
5631,1407,25,3,19.85,0.0
5632,1408,8,1,23.8,0.0
5633,1408,91,2,16.51,0.0
5634,1408,35,3,3.73,0.0
5635,1409,37,3,16.44,0.0
5636,1409,7,3,5.95,0.0
5637,1409,40,3,15.33,1.53
5638,1409,12,2,12.04,0.0
5639,1409,27,2,24.04,0.0
5640,1410,34,3,19.46,0.0
5641,1410,11,3,10.32,0.0
5642,1410,114,3,18.17,1.82
5643,1410,24,3,6.46,0.0
5644,1410,27,1,24.04,2.4
5645,1411,35,3,3.73,0.0
5646,1411,20,2,19.92,0.0
5647,1412,16,3,3.81,0.0
5648,1412,2,3,11.3,0.0
5649,1413,33,3,5.52,0.0
5650,1413,34,1,19.46,0.0
5651,1413,97,2,21.59,0.0
5652,1413,4,2,8.66,0.0
5653,1413,10,1,17.86,1.79
5654,1413,19,3,7.1,0.0
5655,1414,32,2,5.99,0.0
5656,1414,33,2,5.52,0.0
5657,1414,14,2,12.02,0.0
5658,1414,113,1,4.94,0.0
5659,1414,29,1,5.4,0.0
5660,1415,136,2,22.16,0.0
5661,1415,10,1,17.86,0.0
5662,1415,6,2,24.22,0.0
5663,1416,10,3,17.86,0.0
5664,1416,197,2,2.88,0.0
5665,1416,159,3,15.12,0.0
5666,1417,33,3,5.52,0.0
5667,1417,34,2,19.46,0.0
5668,1417,3,3,16.72,0.0
5669,1417,37,3,16.44,0.0
5670,1417,42,1,22.29,0.0
5671,1417,26,2,10.08,1.01
5672,1418,32,2,5.99,0.0
5673,1418,37,1,16.44,0.0
5674,1418,12,2,12.04,0.0
5675,1418,145,3,3.0,0.0
5676,1418,23,2,14.2,0.0
5677,1419,59,1,16.83,0.0
5678,1419,39,3,14.97,0.0
5679,1420,24,3,6.46,0.0
5680,1420,33,2,5.52,0.0
5681,1420,64,1,15.35,0.0
5682,1421,6,2,24.22,0.0
5683,1421,39,2,14.97,0.0
5684,1421,19,2,7.1,0.0
5685,1421,27,3,24.04,0.0
5686,1421,28,3,16.85,1.69
5687,1421,191,2,7.16,0.0
5688,1422,3,1,16.72,0.0
5689,1422,38,1,12.67,0.0
5690,1422,200,2,21.12,0.0
5691,1422,16,1,3.81,0.0
5692,1422,145,2,3.0,0.3
5693,1422,31,1,7.89,0.0
5694,1423,135,3,17.22,0.0
5695,1423,16,1,3.81,0.0
5696,1423,82,1,24.79,0.0
5697,1423,21,2,3.76,0.0
5698,1423,60,3,24.48,0.0
5699,1423,31,1,7.89,0.0
5700,1424,49,1,12.79,0.0
5701,1424,34,1,19.46,0.0
5702,1424,15,1,11.21,0.0
5703,1424,31,2,7.89,0.0
5704,1425,200,2,21.12,0.0
5705,1425,40,3,15.33,0.0
5706,1425,11,1,10.32,0.0
5707,1425,187,2,11.12,0.0
5708,1425,27,2,24.04,0.0
5709,1426,1,1,11.87,1.19
5710,1426,4,3,8.66,0.0
5711,1427,48,1,12.11,0.0
5712,1427,8,1,23.8,0.0
5713,1428,1,2,11.87,0.0
5714,1428,4,2,8.66,0.0
5715,1428,42,2,22.29,0.0
5716,1428,217,3,3.44,0.0
5717,1428,27,1,24.04,0.0
5718,1428,156,3,22.79,0.0
5719,1429,217,1,3.44,0.0
5720,1429,5,2,11.32,0.0
5721,1429,9,1,12.58,0.0
5722,1430,64,3,15.35,0.0
5723,1430,237,1,22.09,0.0
5724,1430,14,2,12.02,1.2
5725,1430,244,2,7.55,0.0
5726,1430,27,2,24.04,0.0
5727,1431,235,1,13.68,0.0
5728,1431,39,2,14.97,0.0
5729,1432,161,3,19.7,1.97
5730,1432,34,3,19.46,0.0
5731,1432,37,3,16.44,0.0
5732,1432,69,3,15.15,0.0
5733,1432,6,2,24.22,0.0
5734,1432,108,1,18.3,0.0
5735,1433,241,1,19.19,1.92
5736,1433,2,3,11.3,1.13
5737,1433,163,1,13.57,0.0
5738,1433,30,1,4.36,0.0
5739,1434,34,3,19.46,0.0
5740,1434,6,2,24.22,0.0
5741,1434,59,1,16.83,1.68
5742,1434,11,1,10.32,1.03
5743,1434,27,1,24.04,0.0
5744,1435,37,2,16.44,1.64
5745,1435,9,2,12.58,0.0
5746,1435,11,3,10.32,0.0
5747,1435,16,3,3.81,0.0
5748,1435,186,3,11.54,0.0
5749,1435,61,3,4.08,0.0
5750,1436,1,1,11.87,0.0
5751,1436,34,3,19.46,0.0
5752,1436,149,2,16.04,0.0
5753,1436,39,3,14.97,0.0
5754,1437,1,1,11.87,0.0
5755,1437,36,3,23.88,0.0
5756,1437,39,3,14.97,0.0
5757,1437,87,3,10.91,0.0
5758,1437,123,2,23.88,0.0
5759,1438,58,3,8.6,0.0
5760,1438,46,2,24.33,0.0
5761,1439,32,2,5.99,0.0
5762,1439,17,1,22.02,0.0
5763,1439,22,1,16.56,0.0
5764,1440,8,2,23.8,0.0
5765,1440,33,3,5.52,0.0
5766,1440,145,2,3.0,0.0
5767,1440,32,3,5.99,0.0
5768,1441,97,1,21.59,2.16
5769,1441,34,3,19.46,0.0
5770,1441,3,2,16.72,0.0
5771,1441,36,4,23.88,0.0
5772,1442,40,2,15.33,0.0
5773,1442,33,2,5.52,0.0
5774,1442,14,2,12.02,0.0
5775,1443,129,3,8.8,0.0
5776,1443,67,4,2.94,0.0
5777,1443,38,4,12.67,0.0
5778,1443,7,1,5.95,0.0
5779,1443,22,4,16.56,0.0
5780,1444,12,3,12.04,0.0
5781,1444,5,3,11.32,1.13
5782,1445,1,1,11.87,0.0
5783,1445,7,2,5.95,0.0
5784,1446,36,2,23.88,0.0
5785,1446,7,3,5.95,0.0
5786,1446,40,1,15.33,0.0
5787,1446,12,1,12.04,0.0
5788,1446,15,1,11.21,0.0
5789,1447,33,1,5.52,0.0
5790,1447,120,2,13.7,1.37
5791,1447,24,3,6.46,0.0
5792,1447,26,1,10.08,0.0
5793,1447,188,2,10.6,0.0
5794,1447,189,1,10.88,0.0
5795,1448,28,3,16.85,0.0
5796,1448,109,4,3.95,0.0
5797,1448,63,2,10.84,1.08
5798,1449,72,3,13.53,0.0
5799,1449,9,2,12.58,0.0
5800,1449,27,2,24.04,0.0
5801,1450,32,3,5.99,0.0
5802,1450,9,2,12.58,0.0
5803,1450,37,1,16.44,0.0
5804,1450,174,2,13.87,0.0
5805,1451,19,1,7.1,0.0
5806,1451,85,1,10.37,0.0
5807,1452,96,3,7.8,0.0
5808,1452,4,3,8.66,0.0
5809,1452,12,3,12.04,0.0
5810,1452,180,3,21.11,0.0
5811,1452,182,1,22.94,0.0
5812,1452,29,2,5.4,0.0
5813,1453,239,3,10.9,0.0
5814,1453,35,1,3.73,0.37
5815,1453,227,1,15.13,0.0
5816,1453,23,2,14.2,0.0
5817,1454,11,1,10.32,0.0
5818,1454,38,1,12.67,0.0
5819,1455,169,1,3.2,0.0
5820,1455,11,2,10.32,0.0
5821,1455,75,2,20.65,0.0
5822,1455,213,2,4.8,0.0
5823,1455,249,2,5.07,0.0
5824,1455,27,3,24.04,0.0
5825,1456,10,1,17.86,0.0
5826,1456,7,2,5.95,0.0
5827,1457,33,3,5.52,0.0
5828,1457,40,1,15.33,0.0
5829,1457,16,1,3.81,0.0
5830,1457,21,1,3.76,0.0
5831,1457,23,3,14.2,0.0
5832,1457,189,1,10.88,0.0
5833,1458,32,2,5.99,0.6
5834,1458,33,2,5.52,0.0
5835,1458,229,1,17.37,0.0
5836,1458,102,1,17.26,0.0
5837,1458,21,2,3.76,0.0
5838,1459,35,1,3.73,0.0
5839,1459,171,3,10.54,0.0
5840,1459,5,2,11.32,0.0
5841,1460,24,2,6.46,0.0
5842,1460,11,1,10.32,0.0
5843,1460,19,3,7.1,0.0
5844,1460,230,3,14.04,0.0
5845,1461,19,2,7.1,0.0
5846,1461,11,2,10.32,0.0
5847,1461,7,3,5.95,0.0
5848,1462,3,3,16.72,0.0
5849,1462,195,1,9.71,0.97
5850,1462,36,3,23.88,0.0
5851,1463,34,1,19.46,0.0
5852,1463,3,3,16.72,0.0
5853,1463,109,1,3.95,0.0
5854,1463,23,3,14.2,0.0
5855,1463,250,2,10.1,0.0
5856,1464,34,3,19.46,0.0
5857,1464,35,2,3.73,0.0
5858,1464,41,3,17.67,0.0
5859,1464,16,1,3.81,0.0
5860,1464,28,3,16.85,0.0
5861,1465,33,3,5.52,0.55
5862,1465,241,1,19.19,0.0
5863,1465,35,2,3.73,0.0
5864,1465,29,1,5.4,0.0
5865,1466,8,2,23.8,0.0
5866,1466,3,3,16.72,0.0
5867,1466,28,3,16.85,0.0
5868,1466,216,1,16.32,0.0
5869,1467,225,1,2.04,0.0
5870,1467,34,2,19.46,1.95
5871,1467,39,2,14.97,0.0
5872,1467,176,2,3.93,0.0
5873,1467,50,2,16.52,0.0
5874,1467,24,2,6.46,0.0
5875,1468,168,1,22.08,0.0
5876,1468,37,1,16.44,0.0
5877,1468,21,2,3.76,0.0
5878,1468,7,1,5.95,0.0
5879,1469,2,3,11.3,0.0
5880,1469,29,3,5.4,0.54
5881,1470,32,4,5.99,0.0
5882,1470,230,2,14.04,0.0
5883,1470,23,4,14.2,0.0
5884,1470,31,3,7.89,0.79
5885,1470,159,1,15.12,0.0
5886,1471,17,3,22.02,0.0
5887,1471,22,1,16.56,0.0
5888,1471,30,3,4.36,0.0
5889,1472,194,2,18.44,0.0
5890,1472,35,3,3.73,0.37
5891,1472,36,3,23.88,0.0
5892,1472,37,1,16.44,0.0
5893,1472,28,1,16.85,0.0
5894,1472,127,2,25.0,0.0
5895,1473,18,2,19.15,1.92
5896,1473,91,3,16.51,0.0
5897,1473,122,2,9.1,0.0
5898,1474,32,1,5.99,0.0
5899,1474,4,2,8.66,0.0
5900,1474,232,1,23.93,0.0
5901,1474,80,3,2.9,0.0
5902,1474,31,3,7.89,0.0
5903,1475,32,1,5.99,0.0
5904,1475,194,3,18.44,0.0
5905,1475,34,2,19.46,0.0
5906,1475,39,3,14.97,0.0
5907,1476,17,3,22.02,0.0
5908,1476,15,3,11.21,0.0
5909,1476,13,3,4.43,0.0
5910,1476,23,2,14.2,0.0
5911,1477,35,1,3.73,0.0
5912,1477,39,1,14.97,0.0
5913,1477,7,1,5.95,0.6
5914,1477,20,1,19.92,0.0
5915,1477,22,3,16.56,0.0
5916,1478,8,1,23.8,0.0
5917,1478,75,2,20.65,0.0
5918,1478,4,3,8.66,0.0
5919,1478,21,2,3.76,0.0
5920,1479,9,1,12.58,0.0
5921,1479,21,3,3.76,0.0
5922,1479,37,2,16.44,0.0
5923,1479,14,1,12.02,0.0
5924,1480,5,2,11.32,0.0
5925,1480,8,2,23.8,0.0
5926,1480,41,2,17.67,0.0
5927,1480,11,2,10.32,0.0
5928,1480,116,1,24.93,0.0
5929,1481,62,3,15.66,0.0
5930,1481,135,3,17.22,0.0
5931,1482,38,2,12.67,0.0
5932,1482,7,1,5.95,0.0
5933,1482,106,3,17.23,0.0
5934,1482,13,3,4.43,0.0
5935,1482,14,2,12.02,0.0
5936,1482,24,3,6.46,0.0
5937,1483,35,3,3.73,0.0
5938,1483,228,3,6.31,0.0
5939,1483,235,1,13.68,0.0
5940,1483,50,2,16.52,0.0
5941,1483,25,3,19.85,0.0
5942,1483,63,1,10.84,0.0
5943,1484,25,3,19.85,0.0
5944,1484,235,2,13.68,0.0
5945,1484,37,1,16.44,0.0
5946,1485,9,3,12.58,0.0
5947,1485,19,2,7.1,0.71
5948,1486,24,1,6.46,0.0
5949,1486,12,3,12.04,0.0
5950,1486,4,2,8.66,0.0
5951,1487,1,1,11.87,0.0
5952,1487,168,3,22.08,0.0
5953,1487,11,1,10.32,0.0
5954,1487,108,3,18.3,0.0
5955,1487,12,2,12.04,0.0
5956,1487,27,1,24.04,0.0
5957,1488,89,4,17.61,0.0
5958,1488,5,3,11.32,1.13
5959,1488,140,2,6.16,0.0
5960,1488,18,1,19.15,0.0
5961,1488,185,3,23.4,0.0
5962,1488,30,2,4.36,0.44
5963,1489,33,1,5.52,0.0
5964,1489,36,2,23.88,0.0
5965,1489,37,2,16.44,0.0
5966,1489,165,3,5.73,0.57
5967,1489,46,3,24.33,0.0
5968,1489,218,1,21.24,0.0
5969,1490,36,3,23.88,2.39
5970,1490,37,1,16.44,0.0
5971,1490,138,2,15.74,0.0
5972,1490,12,1,12.04,0.0
5973,1490,18,2,19.15,0.0
5974,1491,9,3,12.58,0.0
5975,1491,23,1,14.2,0.0
5976,1491,24,1,6.46,0.0
5977,1491,153,3,7.5,0.0
5978,1491,27,1,24.04,0.0
5979,1491,62,3,15.66,0.0
5980,1492,19,1,7.1,0.0
5981,1492,17,2,22.02,0.0
5982,1492,11,2,10.32,0.0
5983,1492,93,3,9.58,0.0
5984,1493,233,1,14.51,0.0
5985,1493,25,1,19.85,0.0
5986,1493,1,2,11.87,0.0
5987,1493,23,4,14.2,0.0
5988,1494,129,3,8.8,0.0
5989,1494,39,2,14.97,0.0
5990,1494,9,1,12.58,0.0
5991,1494,52,1,15.6,0.0
5992,1494,93,1,9.58,0.0
5993,1494,30,3,4.36,0.0
5994,1495,32,2,5.99,0.0
5995,1495,66,1,19.0,0.0
5996,1495,3,2,16.72,0.0
5997,1495,16,3,3.81,0.0
5998,1495,61,3,4.08,0.0
5999,1496,33,3,5.52,0.55
6000,1496,4,2,8.66,0.0
6001,1496,165,3,5.73,0.0
6002,1496,30,2,4.36,0.0
6003,1496,223,1,18.53,0.0
6004,1497,237,3,22.09,0.0
6005,1497,34,1,19.46,0.0
6006,1497,11,1,10.32,0.0
6007,1497,29,3,5.4,0.54
6008,1498,192,1,9.33,0.0
6009,1498,226,3,10.11,0.0
6010,1498,68,1,22.91,0.0
6011,1498,208,1,23.63,0.0
6012,1498,27,2,24.04,0.0
6013,1499,226,3,10.11,0.0
6014,1499,34,2,19.46,1.95
6015,1499,10,2,17.86,0.0
6016,1499,11,1,10.32,0.0
6017,1499,248,1,19.4,0.0
6018,1499,31,1,7.89,0.0
6019,1500,9,3,12.58,0.0
6020,1500,2,1,11.3,0.0
6021,1500,5,3,11.32,0.0
6022,1501,224,1,8.7,0.0
6023,1501,37,1,16.44,0.0
6024,1501,39,1,14.97,0.0
6025,1501,12,1,12.04,0.0
6026,1501,118,1,4.15,0.0
6027,1501,63,3,10.84,0.0
6028,1502,1,1,11.87,0.0
6029,1502,9,2,12.58,0.0
6030,1503,65,1,23.95,0.0
6031,1503,129,3,8.8,0.0
6032,1503,2,2,11.3,0.0
6033,1503,163,3,13.57,0.0
6034,1503,38,2,12.67,0.0
6035,1503,28,1,16.85,0.0
6036,1504,34,1,19.46,0.0
6037,1504,36,2,23.88,0.0
6038,1504,197,1,2.88,0.0
6039,1504,40,1,15.33,1.53
6040,1504,11,1,10.32,0.0
6041,1504,22,2,16.56,0.0
6042,1505,89,2,17.61,0.0
6043,1505,220,1,14.33,0.0
6044,1506,35,1,3.73,0.0
6045,1506,17,3,22.02,2.2
6046,1506,85,3,10.37,0.0
6047,1506,247,2,15.38,0.0
6048,1506,31,1,7.89,0.0
6049,1507,3,3,16.72,0.0
6050,1507,70,3,6.33,0.0
6051,1507,9,3,12.58,0.0
6052,1507,19,1,7.1,0.0
6053,1507,24,1,6.46,0.0
6054,1507,25,3,19.85,0.0
6055,1508,1,3,11.87,0.0
6056,1508,10,3,17.86,0.0
6057,1508,27,3,24.04,0.0
6058,1508,4,1,8.66,0.0
6059,1509,64,1,15.35,0.0
6060,1509,3,1,16.72,0.0
6061,1509,36,1,23.88,0.0
6062,1509,40,3,15.33,0.0
6063,1509,180,2,21.11,0.0
6064,1510,1,3,11.87,0.0
6065,1510,2,1,11.3,1.13
6066,1510,11,3,10.32,1.03
6067,1510,150,3,19.3,1.93
6068,1510,60,1,24.48,0.0
6069,1510,126,3,6.42,0.64
6070,1511,1,2,11.87,0.0
6071,1511,35,2,3.73,0.0
6072,1511,7,3,5.95,0.0
6073,1511,136,1,22.16,0.0
6074,1511,11,2,10.32,0.0
6075,1511,210,1,11.73,0.0
6076,1512,4,3,8.66,0.0
6077,1512,15,3,11.21,1.12
6078,1512,19,3,7.1,0.0
6079,1512,24,1,6.46,0.0
6080,1512,153,3,7.5,0.0
6081,1513,24,3,6.46,0.0
6082,1513,13,2,4.43,0.0
6083,1513,182,3,22.94,0.0
6084,1513,31,1,7.89,0.0
6085,1514,104,1,9.14,0.0
6086,1514,32,3,5.99,0.0
6087,1514,237,1,22.09,0.0
6088,1515,26,1,10.08,0.0
6089,1515,4,2,8.66,0.0
6090,1515,7,2,5.95,0.0
6091,1515,247,1,15.38,0.0
6092,1515,58,1,8.6,0.0
6093,1515,187,3,11.12,0.0
6094,1516,1,2,11.87,0.0
6095,1516,12,3,12.04,0.0
6096,1516,5,1,11.32,0.0
6097,1516,23,2,14.2,0.0
6098,1517,37,3,16.44,0.0
6099,1517,38,2,12.67,0.0
6100,1517,15,2,11.21,0.0
6101,1517,16,1,3.81,0.0
6102,1517,18,2,19.15,0.0
6103,1517,29,2,5.4,0.0
6104,1518,36,1,23.88,0.0
6105,1518,7,3,5.95,0.0
6106,1519,6,2,24.22,0.0
6107,1519,170,1,13.05,0.0
6108,1519,13,2,4.43,0.0
6109,1519,15,3,11.21,1.12
6110,1519,147,3,18.55,0.0
6111,1520,1,2,11.87,0.0
6112,1520,199,4,12.87,1.29
6113,1520,9,1,12.58,0.0
6114,1520,12,3,12.04,0.0
6115,1520,221,4,16.53,0.0
6116,1521,249,3,5.07,0.0
6117,1521,33,3,5.52,0.0
6118,1522,32,3,5.99,0.0
6119,1522,56,3,2.86,0.0
6120,1522,40,3,15.33,0.0
6121,1523,26,3,10.08,0.0
6122,1523,36,1,23.88,0.0
6123,1523,20,3,19.92,0.0
6124,1524,39,1,14.97,1.5
6125,1524,201,3,19.45,0.0
6126,1524,13,3,4.43,0.0
6127,1524,206,2,6.96,0.7
6128,1524,16,2,3.81,0.0
6129,1524,23,1,14.2,0.0
6130,1525,241,2,19.19,0.0
6131,1525,162,1,19.9,0.0
6132,1525,6,2,24.22,0.0
6133,1526,33,2,5.52,0.0
6134,1526,8,1,23.8,0.0
6135,1526,78,1,3.94,0.0
6136,1526,17,1,22.02,0.0
6137,1526,189,3,10.88,0.0
6138,1527,104,1,9.14,0.0
6139,1527,35,2,3.73,0.0
6140,1527,22,1,16.56,1.66
6141,1528,4,1,8.66,0.0
6142,1528,8,4,23.8,0.0
6143,1528,21,1,3.76,0.38
6144,1528,221,3,16.53,0.0
6145,1528,30,4,4.36,0.44
6146,1528,31,1,7.89,0.0
6147,1529,36,1,23.88,0.0
6148,1529,235,3,13.68,0.0
6149,1529,143,3,22.76,0.0
6150,1529,112,3,9.55,0.96
6151,1529,121,3,2.42,0.0
6152,1530,152,1,7.38,0.0
6153,1530,18,2,19.15,0.0
6154,1530,7,3,5.95,0.6
6155,1530,167,2,15.91,0.0
6156,1531,26,1,10.08,0.0
6157,1531,15,1,11.21,1.12
6158,1532,2,3,11.3,0.0
6159,1532,23,1,14.2,0.0
6160,1533,1,3,11.87,0.0
6161,1533,35,3,3.73,0.0
6162,1533,159,1,15.12,1.51
6163,1534,17,2,22.02,2.2
6164,1534,106,1,17.23,0.0
6165,1534,35,3,3.73,0.0
6166,1534,13,2,4.43,0.0
6167,1535,128,1,5.56,0.56
6168,1535,38,3,12.67,0.0
6169,1535,10,3,17.86,0.0
6170,1535,51,1,20.32,0.0
6171,1535,27,1,24.04,0.0
6172,1536,130,3,20.13,0.0
6173,1536,20,1,19.92,0.0
6174,1536,38,1,12.67,0.0
6175,1537,231,2,10.29,1.03
6176,1537,10,1,17.86,0.0
6177,1537,173,2,18.36,0.0
6178,1537,48,1,12.11,0.0
6179,1537,51,3,20.32,0.0
6180,1538,12,3,12.04,0.0
6181,1538,39,2,14.97,0.0
6182,1539,72,3,13.53,0.0
6183,1539,25,3,19.85,0.0
6184,1540,2,1,11.3,0.0
6185,1540,36,3,23.88,0.0
6186,1540,51,3,20.32,0.0
6187,1540,26,2,10.08,0.0
6188,1540,27,1,24.04,0.0
6189,1540,156,1,22.79,0.0
6190,1541,18,3,19.15,0.0
6191,1541,2,1,11.3,0.0
6192,1541,70,2,6.33,0.0
6193,1542,92,2,9.7,0.0
6194,1542,13,2,4.43,0.0
6195,1543,23,1,14.2,0.0
6196,1543,31,2,7.89,0.0
6197,1544,197,1,2.88,0.0
6198,1544,108,1,18.3,0.0
6199,1544,12,1,12.04,0.0
6200,1544,247,3,15.38,0.0
6201,1544,26,2,10.08,0.0
6202,1545,33,2,5.52,0.0
6203,1545,34,3,19.46,0.0
6204,1545,1,3,11.87,0.0
6205,1545,4,3,8.66,0.0
6206,1545,39,3,14.97,0.0
6207,1545,18,2,19.15,0.0
6208,1546,33,3,5.52,0.0
6209,1546,1,2,11.87,0.0
6210,1546,40,3,15.33,0.0
6211,1546,10,3,17.86,1.79
6212,1546,18,2,19.15,0.0
6213,1547,2,1,11.3,0.0
6214,1547,10,3,17.86,0.0
6215,1547,228,3,6.31,0.0
6216,1547,22,3,16.56,0.0
6217,1548,32,1,5.99,0.0
6218,1548,36,3,23.88,0.0
6219,1548,9,2,12.58,0.0
6220,1548,210,1,11.73,0.0
6221,1548,19,4,7.1,0.0
6222,1548,28,2,16.85,0.0
6223,1549,36,1,23.88,0.0
6224,1549,5,2,11.32,0.0
6225,1549,10,3,17.86,0.0
6226,1549,77,3,24.59,0.0
6227,1549,240,2,10.59,0.0
6228,1550,17,2,22.02,0.0
6229,1550,23,1,14.2,0.0
6230,1550,157,3,6.46,0.0
6231,1550,15,2,11.21,0.0
6232,1551,160,2,12.13,0.0
6233,1551,1,1,11.87,0.0
6234,1552,32,3,5.99,0.6
6235,1552,8,3,23.8,0.0
6236,1552,200,1,21.12,0.0
6237,1553,33,2,5.52,0.0
6238,1553,171,3,10.54,0.0
6239,1553,17,3,22.02,2.2
6240,1553,21,3,3.76,0.0
6241,1553,26,1,10.08,0.0
6242,1553,159,3,15.12,0.0
6243,1554,5,1,11.32,0.0
6244,1554,133,3,18.99,0.0
6245,1554,11,2,10.32,0.0
6246,1554,178,1,12.33,0.0
6247,1554,23,3,14.2,0.0
6248,1555,24,3,6.46,0.65
6249,1555,2,2,11.3,0.0
6250,1555,28,3,16.85,0.0
6251,1555,102,3,17.26,1.73
6252,1556,35,3,3.73,0.0
6253,1556,13,4,4.43,0.0
6254,1557,100,2,5.46,0.0
6255,1557,229,1,17.37,0.0
6256,1557,40,2,15.33,0.0
6257,1557,8,2,23.8,0.0
6258,1557,15,2,11.21,0.0
6259,1557,149,1,16.04,0.0
6260,1558,6,2,24.22,0.0
6261,1558,39,3,14.97,0.0
6262,1558,16,2,3.81,0.0
6263,1558,211,2,19.85,0.0
6264,1558,245,2,17.11,0.0
6265,1558,23,1,14.2,0.0
6266,1559,192,3,9.33,0.0
6267,1559,177,3,5.69,0.0
6268,1559,8,3,23.8,0.0
6269,1560,17,2,22.02,0.0
6270,1560,38,3,12.67,0.0
6271,1560,6,1,24.22,0.0
6272,1561,40,2,15.33,0.0
6273,1561,2,3,11.3,0.0
6274,1561,35,2,3.73,0.0
6275,1562,2,3,11.3,1.13
6276,1562,10,3,17.86,0.0
6277,1562,27,3,24.04,0.0
6278,1562,13,2,4.43,0.0
6279,1563,35,3,3.73,0.0
6280,1563,4,3,8.66,0.0
6281,1563,5,1,11.32,0.0
6282,1564,40,2,15.33,0.0
6283,1564,37,3,16.44,1.64
6284,1564,39,1,14.97,0.0
6285,1565,99,2,15.86,0.0
6286,1565,4,3,8.66,0.87
6287,1565,37,1,16.44,0.0
6288,1565,148,1,24.3,0.0
6289,1565,25,3,19.85,0.0
6290,1565,27,2,24.04,2.4
6291,1566,24,2,6.46,0.0
6292,1566,8,3,23.8,0.0
6293,1566,4,2,8.66,0.0
6294,1566,13,3,4.43,0.0
6295,1567,34,3,19.46,0.0
6296,1567,197,4,2.88,0.0
6297,1567,12,3,12.04,0.0
6298,1567,238,4,3.0,0.0
6299,1567,16,2,3.81,0.0
6300,1568,32,1,5.99,0.0
6301,1568,2,3,11.3,0.0
6302,1568,149,1,16.04,0.0
6303,1568,23,2,14.2,0.0
6304,1569,24,1,6.46,0.0
6305,1569,43,2,16.79,0.0
6306,1570,3,2,16.72,0.0
6307,1570,5,3,11.32,0.0
6308,1570,155,1,20.04,0.0
6309,1570,147,3,18.55,0.0
6310,1570,27,3,24.04,2.4
6311,1571,33,2,5.52,0.0
6312,1571,40,2,15.33,0.0
6313,1571,13,3,4.43,0.0
6314,1571,238,1,3.0,0.0
6315,1571,176,1,3.93,0.0
6316,1571,159,3,15.12,0.0
6317,1572,149,2,16.04,0.0
6318,1572,14,1,12.02,0.0
6319,1572,7,1,5.95,0.0
6320,1573,33,1,5.52,0.0
6321,1573,178,3,12.33,0.0
6322,1573,27,2,24.04,0.0
6323,1573,130,3,20.13,0.0
6324,1574,17,1,22.02,0.0
6325,1574,35,1,3.73,0.0
6326,1574,140,3,6.16,0.0
6327,1574,30,3,4.36,0.0
6328,1575,33,1,5.52,0.0
6329,1575,39,1,14.97,0.0
6330,1575,16,3,3.81,0.0
6331,1575,19,3,7.1,0.0
6332,1575,184,1,22.35,0.0
6333,1575,31,2,7.89,0.0
6334,1576,40,3,15.33,0.0
6335,1576,9,1,12.58,0.0
6336,1576,15,3,11.21,0.0
6337,1576,21,3,3.76,0.0
6338,1576,30,1,4.36,0.0
6339,1577,38,2,12.67,0.0
6340,1577,234,3,20.09,0.0
6341,1577,17,3,22.02,0.0
6342,1577,20,2,19.92,0.0
6343,1577,26,2,10.08,0.0
6344,1578,2,2,11.3,0.0
6345,1578,155,3,20.04,0.0
6346,1579,2,2,11.3,0.0
6347,1579,3,1,16.72,0.0
6348,1579,34,2,19.46,0.0
6349,1579,14,1,12.02,1.2
6350,1579,15,2,11.21,0.0
6351,1579,114,3,18.17,0.0
6352,1580,241,1,19.19,0.0
6353,1580,10,1,17.86,0.0
6354,1580,28,1,16.85,0.0
6355,1581,32,2,5.99,0.0
6356,1581,35,1,3.73,0.37
6357,1581,7,2,5.95,0.6
6358,1581,13,2,4.43,0.0
6359,1581,148,2,24.3,0.0
6360,1581,23,2,14.2,0.0
6361,1582,232,2,23.93,0.0
6362,1582,20,1,19.92,0.0
6363,1582,39,1,14.97,0.0
6364,1583,1,2,11.87,0.0
6365,1583,34,1,19.46,0.0
6366,1583,35,1,3.73,0.0
6367,1583,131,1,13.68,0.0
6368,1583,37,2,16.44,0.0
6369,1583,75,1,20.65,0.0
6370,1584,12,2,12.04,0.0
6371,1584,228,3,6.31,0.0
6372,1584,37,3,16.44,0.0
6373,1584,22,1,16.56,0.0
6374,1585,14,1,12.02,0.0
6375,1585,31,3,7.89,0.0
6376,1586,3,1,16.72,0.0
6377,1586,7,2,5.95,0.0
6378,1586,140,1,6.16,0.0
6379,1586,79,2,16.86,0.0
6380,1586,189,3,10.88,0.0
6381,1586,30,1,4.36,0.44
6382,1587,5,3,11.32,0.0
6383,1587,11,1,10.32,0.0
6384,1587,110,1,14.86,0.0
6385,1587,20,2,19.92,0.0
6386,1587,221,2,16.53,0.0
6387,1588,105,3,17.09,0.0
6388,1588,15,1,11.21,0.0
6389,1588,19,1,7.1,0.0
6390,1588,20,1,19.92,0.0
6391,1588,61,1,4.08,0.0
6392,1589,6,2,24.22,0.0
6393,1589,7,1,5.95,0.0
6394,1589,144,2,18.59,0.0
6395,1589,18,1,19.15,1.92
6396,1589,56,2,2.86,0.0
6397,1590,11,2,10.32,0.0
6398,1590,35,1,3.73,0.0
6399,1591,208,2,23.63,0.0
6400,1591,106,2,17.23,0.0
6401,1591,180,1,21.11,0.0
6402,1591,125,1,19.62,0.0
6403,1592,197,2,2.88,0.0
6404,1592,79,2,16.86,0.0
6405,1592,21,2,3.76,0.0
6406,1592,26,3,10.08,0.0
6407,1592,95,1,10.89,0.0
6408,1593,32,1,5.99,0.0
6409,1593,7,1,5.95,0.0
6410,1593,38,2,12.67,0.0
6411,1593,23,2,14.2,0.0
6412,1594,29,2,5.4,0.0
6413,1594,19,2,7.1,0.0
6414,1594,23,3,14.2,0.0
6415,1594,24,2,6.46,0.0
6416,1594,152,1,7.38,0.0
6417,1595,11,4,10.32,0.0
6418,1595,167,2,15.91,0.0
6419,1596,33,2,5.52,0.0
6420,1596,2,1,11.3,1.13
6421,1596,37,2,16.44,0.0
6422,1596,27,1,24.04,0.0
6423,1596,221,2,16.53,1.65
6424,1597,16,2,3.81,0.0
6425,1597,63,4,10.84,0.0
6426,1598,32,1,5.99,0.0
6427,1598,37,1,16.44,0.0
6428,1598,176,2,3.93,0.0
6429,1598,18,3,19.15,0.0
6430,1598,27,1,24.04,0.0
6431,1598,31,2,7.89,0.0
6432,1599,17,3,22.02,0.0
6433,1599,106,1,17.23,0.0
6434,1599,180,3,21.11,2.11
6435,1599,25,2,19.85,0.0
6436,1600,10,2,17.86,1.79
6437,1600,203,3,16.15,0.0
6438,1600,12,1,12.04,0.0
6439,1600,54,3,3.71,0.0
6440,1600,27,2,24.04,0.0
6441,1600,222,2,15.23,0.0
6442,1601,5,2,11.32,0.0
6443,1601,37,3,16.44,0.0
6444,1601,10,2,17.86,0.0
6445,1601,20,3,19.92,0.0
6446,1601,187,3,11.12,0.0
6447,1602,4,3,8.66,0.0
6448,1602,39,2,14.97,0.0
6449,1602,16,1,3.81,0.0
6450,1602,18,2,19.15,0.0
6451,1602,57,3,10.48,0.0
6452,1603,4,3,8.66,0.0
6453,1603,13,4,4.43,0.0
6454,1603,7,4,5.95,0.0
6455,1604,242,3,10.21,0.0
6456,1604,115,3,23.78,0.0
6457,1604,238,1,3.0,0.0
6458,1604,199,3,12.87,0.0
6459,1605,226,2,10.11,0.0
6460,1605,31,3,7.89,0.0
6461,1606,2,3,11.3,0.0
6462,1606,38,1,12.67,0.0
6463,1606,9,2,12.58,0.0
6464,1606,14,1,12.02,0.0
6465,1606,177,1,5.69,0.0
6466,1606,181,4,4.11,0.0
6467,1607,32,2,5.99,0.0
6468,1607,97,1,21.59,0.0
6469,1607,226,3,10.11,0.0
6470,1607,5,1,11.32,0.0
6471,1607,55,1,12.62,0.0
6472,1607,26,1,10.08,0.0
6473,1608,225,1,2.04,0.2
6474,1608,137,2,16.21,0.0
6475,1608,21,3,3.76,0.0
6476,1609,36,1,23.88,2.39
6477,1609,205,3,2.44,0.0
6478,1610,25,2,19.85,0.0
6479,1610,139,2,5.55,0.0
6480,1610,21,1,3.76,0.0
6481,1610,1,2,11.87,0.0
6482,1611,2,1,11.3,0.0
6483,1611,6,3,24.22,0.0
6484,1611,234,2,20.09,0.0
6485,1611,20,3,19.92,0.0
6486,1611,23,3,14.2,0.0
6487,1612,8,2,23.8,0.0
6488,1612,14,1,12.02,0.0
6489,1612,143,1,22.76,0.0
6490,1612,147,3,18.55,0.0
6491,1612,28,2,16.85,0.0
6492,1613,124,1,9.86,0.0
6493,1613,7,1,5.95,0.6
6494,1613,36,2,23.88,0.0
6495,1613,247,3,15.38,0.0
6496,1614,31,3,7.89,0.0
6497,1614,15,1,11.21,0.0
6498,1615,40,1,15.33,0.0
6499,1615,97,1,21.59,0.0
6500,1615,7,1,5.95,0.0
6501,1615,15,3,11.21,0.0
6502,1616,16,2,3.81,0.0
6503,1616,67,3,2.94,0.0
6504,1616,13,1,4.43,0.0
6505,1616,6,1,24.22,0.0
6506,1617,24,3,6.46,0.0
6507,1617,83,3,14.05,0.0
6508,1617,123,3,23.88,0.0
6509,1617,213,1,4.8,0.0
6510,1618,32,3,5.99,0.0
6511,1618,17,3,22.02,0.0
6512,1618,210,1,11.73,0.0
6513,1618,18,2,19.15,0.0
6514,1618,26,1,10.08,1.01
6515,1619,231,3,10.29,0.0
6516,1619,104,1,9.14,0.0
6517,1619,15,1,11.21,0.0
6518,1619,121,3,2.42,0.0
6519,1619,28,1,16.85,0.0
6520,1619,29,1,5.4,0.0
6521,1620,180,1,21.11,0.0
6522,1620,22,2,16.56,0.0
6523,1620,36,2,23.88,0.0
6524,1621,212,2,7.47,0.0
6525,1621,6,1,24.22,0.0
6526,1622,10,3,17.86,0.0
6527,1622,51,2,20.32,0.0
6528,1622,22,3,16.56,0.0
6529,1623,3,2,16.72,0.0
6530,1623,38,2,12.67,0.0
6531,1623,10,1,17.86,0.0
6532,1623,78,3,3.94,0.0
6533,1623,85,1,10.37,0.0
6534,1624,3,3,16.72,0.0
6535,1624,136,3,22.16,0.0
6536,1624,9,1,12.58,0.0
6537,1624,214,2,7.48,0.0
6538,1624,30,2,4.36,0.44
6539,1625,169,1,3.2,0.0
6540,1625,34,2,19.46,0.0
6541,1625,2,1,11.3,0.0
6542,1625,110,1,14.86,0.0
6543,1626,26,3,10.08,0.0
6544,1626,29,2,5.4,0.0
6545,1626,22,2,16.56,0.0
6546,1626,39,1,14.97,0.0
6547,1627,209,3,16.0,0.0
6548,1627,14,3,12.02,0.0
6549,1627,39,1,14.97,0.0
6550,1628,6,1,24.22,0.0
6551,1628,103,2,23.09,0.0
6552,1628,7,1,5.95,0.0
6553,1628,10,2,17.86,0.0
6554,1628,119,1,17.42,1.74
6555,1628,26,1,10.08,0.0
6556,1629,33,2,5.52,0.0
6557,1629,6,3,24.22,0.0
6558,1629,15,2,11.21,0.0
6559,1629,21,2,3.76,0.0
6560,1629,29,1,5.4,0.0
6561,1629,31,1,7.89,0.0
6562,1630,138,1,15.74,0.0
6563,1630,11,2,10.32,0.0
6564,1630,139,3,5.55,0.0
6565,1630,14,2,12.02,0.0
6566,1630,209,1,16.0,0.0
6567,1630,22,2,16.56,0.0
6568,1631,10,2,17.86,1.79
6569,1631,236,2,2.47,0.0
6570,1631,159,3,15.12,1.51
6571,1632,137,3,16.21,0.0
6572,1632,23,2,14.2,0.0
6573,1633,33,3,5.52,0.0
6574,1633,36,1,23.88,0.0
6575,1633,38,1,12.67,0.0
6576,1633,8,3,23.8,0.0
6577,1633,141,2,17.94,0.0
6578,1634,99,2,15.86,0.0
6579,1634,22,1,16.56,0.0
6580,1635,33,3,5.52,0.0
6581,1635,12,3,12.04,0.0
6582,1635,206,1,6.96,0.0
6583,1635,21,1,3.76,0.0
6584,1635,22,1,16.56,0.0
6585,1635,28,2,16.85,0.0
6586,1636,4,3,8.66,0.0
6587,1636,6,2,24.22,0.0
6588,1636,13,3,4.43,0.0
6589,1636,17,1,22.02,0.0
6590,1636,18,1,19.15,0.0
6591,1637,6,1,24.22,0.0
6592,1637,232,1,23.93,0.0
6593,1637,29,3,5.4,0.54
6594,1637,150,3,19.3,0.0
6595,1637,157,1,6.46,0.0
6596,1638,18,3,19.15,0.0
6597,1638,139,1,5.55,0.0
6598,1638,22,1,16.56,0.0
6599,1639,32,2,5.99,0.0
6600,1639,86,2,23.11,0.0
6601,1640,5,3,11.32,0.0
6602,1640,9,3,12.58,0.0
6603,1640,13,2,4.43,0.0
6604,1640,143,3,22.76,0.0
6605,1640,120,2,13.7,0.0
6606,1641,24,3,6.46,0.65
6607,1641,193,3,4.28,0.0
6608,1641,10,1,17.86,0.0
6609,1641,9,2,12.58,0.0
6610,1642,34,1,19.46,0.0
6611,1642,85,2,10.37,0.0
6612,1642,118,2,4.15,0.0
6613,1643,112,2,9.55,0.0
6614,1643,16,1,3.81,0.0
6615,1643,204,1,22.83,0.0
6616,1643,30,3,4.36,0.0
6617,1644,54,1,3.71,0.0
6618,1644,12,1,12.04,0.0
6619,1644,238,3,3.0,0.0
6620,1645,19,2,7.1,0.0
6621,1645,23,1,14.2,0.0
6622,1646,5,1,11.32,0.0
6623,1646,232,2,23.93,0.0
6624,1646,16,1,3.81,0.0
6625,1646,216,3,16.32,0.0
6626,1646,31,2,7.89,0.0
6627,1647,164,3,11.63,0.0
6628,1647,233,4,14.51,0.0
6629,1647,10,4,17.86,0.0
6630,1647,20,4,19.92,0.0
6631,1647,24,3,6.46,0.0
6632,1648,1,1,11.87,0.0
6633,1648,28,3,16.85,0.0
6634,1648,29,2,5.4,0.0
6635,1649,17,2,22.02,0.0
6636,1649,206,2,6.96,0.0
6637,1650,2,3,11.3,0.0
6638,1650,99,3,15.86,1.59
6639,1650,10,2,17.86,0.0
6640,1650,248,4,19.4,0.0
6641,1650,26,2,10.08,0.0
6642,1650,27,2,24.04,0.0
6643,1651,36,1,23.88,0.0
6644,1651,39,3,14.97,0.0
6645,1651,77,3,24.59,0.0
6646,1651,80,2,2.9,0.0
6647,1651,212,2,7.47,0.0
6648,1651,20,2,19.92,0.0
6649,1652,33,1,5.52,0.0
6650,1652,18,3,19.15,0.0
6651,1652,45,3,9.43,0.0
6652,1652,22,2,16.56,0.0
6653,1653,34,3,19.46,0.0
6654,1653,5,2,11.32,0.0
6655,1653,39,3,14.97,0.0
6656,1653,80,1,2.9,0.29
6657,1653,21,3,3.76,0.0
6658,1653,25,2,19.85,0.0
6659,1654,32,2,5.99,0.0
6660,1654,1,2,11.87,0.0
6661,1654,37,3,16.44,0.0
6662,1654,39,3,14.97,0.0
6663,1654,40,2,15.33,0.0
6664,1654,61,3,4.08,0.0
6665,1655,20,3,19.92,0.0
6666,1655,21,3,3.76,0.0
6667,1655,60,3,24.48,0.0
6668,1655,36,3,23.88,0.0
6669,1656,27,2,24.04,0.0
6670,1656,19,3,7.1,0.0
6671,1656,192,3,9.33,0.0
6672,1656,7,3,5.95,0.0
6673,1657,2,2,11.3,0.0
6674,1657,34,3,19.46,0.0
6675,1657,131,3,13.68,0.0
6676,1657,79,3,16.86,0.0
6677,1657,21,3,3.76,0.0
6678,1657,88,1,19.81,0.0
6679,1658,33,2,5.52,0.0
6680,1658,11,2,10.32,0.0
6681,1659,13,3,4.43,0.0
6682,1659,180,1,21.11,0.0
6683,1659,150,2,19.3,0.0
6684,1659,24,2,6.46,0.65
6685,1659,25,2,19.85,0.0
6686,1659,93,3,9.58,0.0
6687,1660,193,3,4.28,0.0
6688,1660,68,3,22.91,0.0
6689,1660,40,2,15.33,1.53
6690,1660,73,1,24.03,2.4
6691,1660,27,3,24.04,0.0
6692,1661,2,2,11.3,0.0
6693,1661,21,3,3.76,0.0
6694,1661,71,1,15.92,0.0
6695,1662,33,2,5.52,0.0
6696,1662,229,4,17.37,0.0
6697,1662,6,3,24.22,0.0
6698,1662,8,4,23.8,2.38
6699,1662,9,2,12.58,0.0
6700,1663,2,1,11.3,0.0
6701,1663,40,2,15.33,0.0
6702,1663,9,4,12.58,0.0
6703,1663,242,1,10.21,0.0
6704,1663,21,2,3.76,0.0
6705,1663,26,2,10.08,0.0
6706,1664,33,3,5.52,0.0
6707,1664,70,1,6.33,0.0
6708,1665,8,2,23.8,0.0
6709,1665,1,3,11.87,0.0
6710,1665,187,3,11.12,0.0
6711,1665,55,4,12.62,0.0
6712,1666,6,3,24.22,0.0
6713,1666,38,1,12.67,0.0
6714,1666,17,1,22.02,0.0
6715,1666,22,3,16.56,1.66
6716,1666,26,3,10.08,0.0
6717,1666,159,2,15.12,0.0
6718,1667,34,2,19.46,0.0
6719,1667,130,2,20.13,0.0
6720,1667,10,2,17.86,0.0
6721,1667,12,2,12.04,0.0
6722,1667,23,2,14.2,1.42
6723,1668,17,1,22.02,0.0
6724,1668,202,3,12.79,0.0
6725,1668,35,2,3.73,0.0
6726,1668,13,1,4.43,0.0
6727,1669,41,3,17.67,0.0
6728,1669,21,1,3.76,0.0
6729,1670,24,3,6.46,0.0
6730,1670,1,3,11.87,0.0
6731,1670,196,1,5.36,0.0
6732,1670,15,2,11.21,0.0
6733,1671,28,1,16.85,0.0
6734,1671,167,1,15.91,0.0
6735,1672,34,3,19.46,1.95
6736,1672,35,3,3.73,0.0
6737,1672,10,1,17.86,1.79
6738,1672,13,1,4.43,0.0
6739,1672,81,1,18.28,0.0
6740,1673,224,1,8.7,0.87
6741,1673,37,1,16.44,0.0
6742,1673,83,3,14.05,0.0
6743,1673,20,2,19.92,0.0
6744,1673,22,2,16.56,1.66
6745,1673,122,3,9.1,0.0
6746,1674,2,2,11.3,0.0
6747,1674,6,3,24.22,0.0
6748,1675,132,1,14.41,0.0
6749,1675,71,2,15.92,0.0
6750,1676,1,3,11.87,0.0
6751,1676,3,3,16.72,0.0
6752,1676,22,1,16.56,0.0
6753,1677,24,2,6.46,0.0
6754,1677,10,1,17.86,0.0
6755,1677,13,1,4.43,0.0
6756,1677,200,2,21.12,0.0
6757,1678,49,4,12.79,0.0
6758,1678,28,1,16.85,0.0
6759,1678,6,4,24.22,0.0
6760,1678,39,3,14.97,0.0
6761,1679,35,2,3.73,0.0
6762,1679,22,2,16.56,0.0
6763,1679,30,3,4.36,0.0
6764,1679,175,2,4.87,0.0
6765,1680,12,2,12.04,0.0
6766,1680,14,2,12.02,1.2
6767,1680,178,1,12.33,0.0
6768,1680,116,3,24.93,0.0
6769,1680,95,3,10.89,0.0
6770,1681,10,2,17.86,0.0
6771,1681,219,1,13.5,0.0
6772,1681,37,1,16.44,0.0
6773,1682,32,4,5.99,0.0
6774,1682,162,4,19.9,0.0
6775,1682,198,2,23.1,0.0
6776,1682,171,3,10.54,1.05
6777,1682,26,2,10.08,1.01
6778,1683,96,2,7.8,0.0
6779,1683,132,2,14.41,0.0
6780,1683,245,4,17.11,0.0
6781,1684,5,1,11.32,0.0
6782,1684,37,3,16.44,0.0
6783,1684,10,1,17.86,0.0
6784,1684,13,2,4.43,0.0
6785,1684,14,3,12.02,0.0
6786,1684,247,1,15.38,0.0
6787,1685,22,3,16.56,0.0
6788,1685,31,1,7.89,0.0
6789,1686,114,1,18.17,0.0
6790,1686,36,3,23.88,2.39
6791,1687,36,1,23.88,0.0
6792,1687,157,1,6.46,0.0
6793,1688,32,2,5.99,0.0
6794,1688,2,2,11.3,0.0
6795,1689,1,3,11.87,0.0
6796,1689,31,2,7.89,0.0
6797,1689,33,2,5.52,0.0
6798,1690,33,2,5.52,0.0
6799,1690,37,2,16.44,1.64
6800,1690,38,2,12.67,0.0
6801,1690,11,1,10.32,0.0
6802,1690,16,2,3.81,0.0
6803,1690,114,1,18.17,0.0
6804,1691,32,2,5.99,0.0
6805,1691,243,3,3.55,0.0
6806,1691,14,2,12.02,0.0
6807,1692,18,1,19.15,1.92
6808,1692,3,1,16.72,0.0
6809,1693,36,2,23.88,0.0
6810,1693,15,2,11.21,0.0
6811,1693,16,1,3.81,0.0
6812,1693,51,2,20.32,0.0
6813,1693,23,1,14.2,0.0
6814,1694,35,1,3.73,0.0
6815,1694,36,3,23.88,0.0
6816,1694,37,3,16.44,0.0
6817,1694,7,3,5.95,0.0
6818,1694,20,2,19.92,0.0
6819,1695,142,1,16.37,0.0
6820,1695,211,3,19.85,0.0
6821,1695,22,1,16.56,0.0
6822,1695,29,3,5.4,0.0
6823,1695,62,1,15.66,0.0
6824,1695,31,1,7.89,0.0
6825,1696,38,2,12.67,0.0
6826,1696,9,1,12.58,0.0
6827,1696,25,1,19.85,0.0
6828,1696,29,2,5.4,0.54
6829,1696,31,2,7.89,0.0
6830,1697,2,1,11.3,0.0
6831,1697,71,3,15.92,0.0
6832,1698,33,1,5.52,0.55
6833,1698,10,3,17.86,0.0
6834,1698,11,1,10.32,0.0
6835,1698,18,3,19.15,0.0
6836,1698,147,4,18.55,0.0
6837,1698,58,4,8.6,0.0
6838,1699,16,2,3.81,0.0
6839,1699,8,1,23.8,0.0
6840,1699,23,3,14.2,0.0
6841,1699,183,1,20.78,0.0
6842,1700,28,2,16.85,0.0
6843,1700,198,1,23.1,0.0
6844,1700,22,2,16.56,0.0
6845,1700,39,2,14.97,0.0
6846,1701,33,1,5.52,0.55
6847,1701,27,3,24.04,0.0
6848,1701,20,2,19.92,0.0
6849,1701,36,1,23.88,0.0
6850,1702,2,1,11.3,0.0
6851,1702,234,1,20.09,0.0
6852,1702,13,1,4.43,0.0
6853,1702,119,1,17.42,0.0
6854,1702,25,2,19.85,0.0
6855,1703,17,1,22.02,0.0
6856,1703,10,1,17.86,0.0
6857,1703,27,2,24.04,0.0
6858,1703,247,2,15.38,0.0
6859,1704,82,2,24.79,0.0
6860,1704,36,2,23.88,0.0
6861,1704,166,3,6.59,0.0
6862,1704,6,2,24.22,2.42
6863,1705,7,1,5.95,0.0
6864,1705,40,1,15.33,0.0
6865,1705,144,1,18.59,1.86
6866,1705,17,2,22.02,0.0
6867,1705,85,2,10.37,0.0
6868,1705,24,1,6.46,0.0
6869,1706,40,3,15.33,0.0
6870,1706,219,3,13.5,0.0
6871,1706,12,3,12.04,0.0
6872,1706,15,2,11.21,0.0
6873,1707,100,3,5.46,0.0
6874,1707,36,2,23.88,0.0
6875,1707,37,3,16.44,0.0
6876,1707,63,3,10.84,0.0
6877,1708,33,1,5.52,0.0
6878,1708,94,3,14.83,1.48
6879,1708,1,1,11.87,0.0
6880,1708,7,2,5.95,0.0
6881,1709,1,3,11.87,0.0
6882,1709,37,2,16.44,0.0
6883,1709,16,2,3.81,0.0
6884,1709,82,1,24.79,0.0
6885,1709,215,3,16.7,0.0
6886,1709,27,3,24.04,0.0
6887,1710,9,2,12.58,0.0
6888,1710,74,2,12.36,0.0
6889,1710,18,2,19.15,0.0
6890,1710,22,3,16.56,0.0
6891,1710,31,3,7.89,0.0
6892,1711,224,3,8.7,0.0
6893,1711,4,1,8.66,0.0
6894,1711,209,2,16.0,0.0
6895,1711,216,1,16.32,0.0
6896,1711,26,2,10.08,0.0
6897,1711,29,1,5.4,0.0
6898,1712,145,1,3.0,0.0
6899,1712,2,1,11.3,0.0
6900,1713,33,3,5.52,0.55
6901,1713,228,1,6.31,0.0
6902,1713,21,1,3.76,0.0
6903,1713,181,2,4.11,0.0
6904,1713,28,3,16.85,1.69
6905,1714,27,2,24.04,2.4
6906,1714,13,2,4.43,0.0
6907,1714,150,3,19.3,0.0
6908,1714,15,2,11.21,0.0
6909,1715,26,1,10.08,0.0
6910,1715,38,3,12.67,0.0
6911,1715,31,3,7.89,0.0
6912,1716,82,2,24.79,0.0
6913,1716,35,2,3.73,0.0
6914,1716,90,3,3.2,0.0
6915,1716,47,3,9.27,0.0
6916,1717,226,3,10.11,0.0
6917,1717,34,3,19.46,0.0
6918,1717,39,2,14.97,0.0
6919,1717,20,4,19.92,0.0
6920,1717,22,3,16.56,0.0
6921,1717,30,3,4.36,0.0
6922,1718,18,3,19.15,0.0
6923,1718,244,2,7.55,0.0
6924,1718,222,2,15.23,0.0
6925,1718,84,1,16.03,0.0
6926,1719,40,3,15.33,0.0
6927,1719,21,2,3.76,0.0
6928,1720,40,1,15.33,0.0
6929,1720,2,1,11.3,0.0
6930,1720,116,2,24.93,0.0
6931,1721,34,3,19.46,0.0
6932,1721,38,3,12.67,0.0
6933,1721,40,1,15.33,0.0
6934,1721,49,1,12.79,0.0
6935,1721,31,3,7.89,0.0
6936,1722,20,1,19.92,1.99
6937,1722,23,2,14.2,0.0
6938,1722,37,4,16.44,0.0
6939,1722,127,1,25.0,0.0
6940,1723,150,3,19.3,0.0
6941,1723,62,2,15.66,0.0
6942,1724,35,2,3.73,0.37
6943,1724,9,3,12.58,0.0
6944,1724,43,3,16.79,0.0
6945,1724,27,1,24.04,0.0
6946,1724,93,2,9.58,0.0
6947,1725,32,3,5.99,0.0
6948,1725,12,1,12.04,0.0
6949,1726,10,2,17.86,0.0
6950,1726,27,2,24.04,0.0
6951,1726,124,2,9.86,0.0
6952,1726,244,1,7.55,0.0
6953,1727,153,3,7.5,0.0
6954,1727,3,1,16.72,0.0
6955,1727,92,3,9.7,0.0
6956,1728,126,2,6.42,0.0
6957,1728,23,1,14.2,0.0
6958,1729,3,2,16.72,0.0
6959,1729,20,3,19.92,0.0
6960,1729,38,3,12.67,0.0
6961,1730,93,3,9.58,0.0
6962,1730,37,1,16.44,0.0
6963,1730,222,2,15.23,0.0
6964,1731,4,3,8.66,0.0
6965,1731,39,1,14.97,0.0
6966,1731,8,2,23.8,0.0
6967,1731,9,2,12.58,0.0
6968,1731,18,2,19.15,0.0
6969,1731,188,1,10.6,0.0
6970,1732,3,3,16.72,0.0
6971,1732,19,4,7.1,0.0
6972,1732,238,4,3.0,0.0
6973,1732,151,4,20.03,0.0
6974,1733,38,3,12.67,0.0
6975,1733,31,1,7.89,0.0
6976,1734,24,2,6.46,0.0
6977,1734,4,1,8.66,0.0
6978,1735,169,3,3.2,0.0
6979,1735,123,2,23.88,0.0
6980,1736,24,2,6.46,0.65
6981,1736,145,1,3.0,0.0
6982,1736,2,3,11.3,0.0
6983,1736,19,1,7.1,0.71
6984,1737,15,1,11.21,0.0
6985,1737,5,3,11.32,0.0
6986,1737,31,3,7.89,0.0
6987,1738,156,2,22.79,0.0
6988,1738,7,3,5.95,0.0
6989,1739,14,2,12.02,0.0
6990,1739,52,1,15.6,0.0
6991,1739,23,1,14.2,0.0
6992,1739,29,1,5.4,0.0
6993,1739,30,2,4.36,0.0
6994,1740,160,3,12.13,0.0
6995,1740,33,3,5.52,0.0
6996,1740,181,1,4.11,0.0
6997,1741,145,1,3.0,0.0
6998,1741,19,1,7.1,0.0
6999,1741,31,3,7.89,0.0
7000,1742,180,2,21.11,0.0
7001,1742,22,1,16.56,1.66
7002,1743,33,1,5.52,0.55
7003,1743,36,2,23.88,0.0
7004,1743,104,1,9.14,0.0
7005,1743,43,3,16.79,0.0
7006,1743,176,1,3.93,0.0
7007,1743,209,2,16.0,0.0
7008,1744,165,2,5.73,0.0
7009,1744,16,1,3.81,0.0
7010,1744,17,3,22.02,0.0
7011,1744,179,1,13.81,0.0
7012,1744,247,1,15.38,0.0
7013,1744,27,2,24.04,0.0
7014,1745,7,2,5.95,0.0
7015,1745,9,2,12.58,0.0
7016,1745,138,3,15.74,0.0
7017,1745,21,2,3.76,0.0
7018,1745,248,3,19.4,0.0
7019,1746,2,3,11.3,0.0
7020,1746,30,1,4.36,0.0
7021,1747,1,1,11.87,0.0
7022,1747,10,3,17.86,0.0
7023,1747,23,2,14.2,0.0
7024,1748,6,1,24.22,0.0
7025,1748,39,1,14.97,0.0
7026,1748,11,1,10.32,0.0
7027,1748,16,2,3.81,0.0
7028,1748,249,1,5.07,0.0
7029,1749,149,3,16.04,0.0
7030,1749,30,2,4.36,0.44
7031,1749,31,1,7.89,0.0
7032,1750,199,2,12.87,0.0
7033,1750,105,3,17.09,0.0
7034,1750,236,2,2.47,0.0
7035,1750,174,2,13.87,0.0
7036,1750,246,2,4.38,0.0
7037,1750,31,2,7.89,0.0
7038,1751,2,2,11.3,0.0
7039,1751,3,1,16.72,0.0
7040,1751,137,3,16.21,0.0
7041,1751,110,3,14.86,0.0
7042,1751,24,1,6.46,0.0
7043,1752,154,2,24.21,0.0
7044,1752,39,2,14.97,0.0
7045,1753,24,3,6.46,0.0
7046,1753,9,2,12.58,0.0
7047,1753,71,2,15.92,0.0
7048,1754,38,2,12.67,0.0
7049,1754,114,3,18.17,0.0
7050,1754,244,3,7.55,0.0
7051,1754,14,2,12.02,0.0
7052,1755,3,3,16.72,0.0
7053,1755,28,1,16.85,1.69
7054,1755,39,2,14.97,0.0
7055,1756,10,3,17.86,0.0
7056,1756,178,2,12.33,0.0
7057,1756,19,2,7.1,0.0
7058,1756,153,3,7.5,0.0
7059,1756,30,1,4.36,0.0
7060,1757,40,1,15.33,0.0
7061,1757,36,1,23.88,0.0
7062,1757,38,2,12.67,0.0
7063,1757,31,1,7.89,0.0
7064,1758,37,2,16.44,0.0
7065,1758,141,2,17.94,0.0
7066,1758,239,3,10.9,0.0
7067,1758,18,1,19.15,0.0
7068,1758,21,2,3.76,0.0
7069,1758,24,1,6.46,0.0
7070,1759,24,3,6.46,0.0
7071,1759,30,3,4.36,0.0
7072,1760,192,2,9.33,0.0
7073,1760,18,3,19.15,0.0
7074,1760,10,3,17.86,0.0
7075,1761,8,2,23.8,0.0
7076,1761,106,1,17.23,0.0
7077,1761,18,1,19.15,0.0
7078,1761,55,3,12.62,0.0
7079,1761,58,2,8.6,0.86
7080,1761,27,2,24.04,0.0
7081,1762,1,1,11.87,0.0
7082,1762,7,3,5.95,0.0
7083,1762,4,2,8.66,0.0
7084,1762,39,1,14.97,0.0
7085,1763,2,1,11.3,0.0
7086,1763,10,2,17.86,0.0
7087,1763,181,1,4.11,0.0
7088,1763,184,2,22.35,0.0
7089,1763,30,1,4.36,0.0
7090,1764,205,1,2.44,0.0
7091,1764,31,1,7.89,0.0
7092,1765,35,2,3.73,0.0
7093,1765,13,2,4.43,0.0
7094,1765,38,2,12.67,0.0
7095,1766,8,1,23.8,0.0
7096,1766,26,1,10.08,0.0
7097,1766,12,2,12.04,0.0
7098,1767,34,2,19.46,0.0
7099,1767,35,2,3.73,0.0
7100,1767,6,3,24.22,0.0
7101,1767,105,3,17.09,0.0
7102,1767,138,2,15.74,0.0
7103,1768,200,1,21.12,0.0
7104,1768,249,1,5.07,0.0
7105,1768,20,4,19.92,0.0
7106,1769,160,3,12.13,0.0
7107,1769,8,2,23.8,0.0
7108,1769,26,3,10.08,0.0
7109,1770,1,1,11.87,0.0
7110,1770,119,3,17.42,0.0
7111,1770,151,3,20.03,0.0
7112,1770,24,1,6.46,0.0
7113,1770,28,3,16.85,0.0
7114,1771,209,1,16.0,0.0
7115,1771,107,3,4.97,0.0
7116,1771,15,1,11.21,0.0
7117,1772,17,2,22.02,0.0
7118,1772,50,2,16.52,1.65
7119,1772,3,1,16.72,0.0
7120,1772,158,3,17.6,0.0
7121,1773,32,1,5.99,0.6
7122,1773,33,1,5.52,0.0
7123,1773,231,3,10.29,0.0
7124,1773,12,1,12.04,0.0
7125,1773,47,2,9.27,0.0
7126,1773,241,3,19.19,0.0
7127,1774,24,4,6.46,0.0
7128,1774,129,2,8.8,0.0
7129,1774,247,3,15.38,0.0
7130,1774,15,2,11.21,0.0
7131,1775,16,1,3.81,0.0
7132,1775,233,3,14.51,0.0
7133,1775,234,1,20.09,0.0
7134,1775,7,3,5.95,0.0
7135,1776,90,2,3.2,0.0
7136,1776,12,3,12.04,0.0
7137,1776,127,1,25.0,0.0
7138,1776,23,3,14.2,0.0
7139,1777,216,3,16.32,1.63
7140,1777,24,3,6.46,0.0
7141,1777,18,2,19.15,0.0
7142,1777,5,3,11.32,1.13
7143,1778,32,2,5.99,0.0
7144,1778,122,2,9.1,0.0
7145,1779,32,2,5.99,0.0
7146,1779,49,1,12.79,0.0
7147,1779,37,3,16.44,0.0
7148,1780,27,3,24.04,0.0
7149,1780,36,1,23.88,0.0
7150,1781,8,3,23.8,0.0
7151,1781,36,1,23.88,0.0
7152,1781,14,1,12.02,0.0
7153,1782,34,1,19.46,0.0
7154,1782,39,1,14.97,0.0
7155,1782,7,2,5.95,0.0
7156,1782,19,1,7.1,0.0
7157,1782,21,1,3.76,0.38
7158,1782,25,1,19.85,0.0
7159,1783,17,1,22.02,0.0
7160,1783,203,3,16.15,0.0
7161,1783,190,1,3.88,0.0
7162,1783,38,3,12.67,0.0
7163,1784,32,3,5.99,0.6
7164,1784,24,1,6.46,0.0
7165,1784,212,2,7.47,0.0
7166,1784,13,2,4.43,0.0
7167,1785,222,1,15.23,0.0
7168,1785,6,2,24.22,0.0
7169,1786,3,2,16.72,1.67
7170,1786,127,3,25.0,0.0
7171,1786,20,3,19.92,0.0
7172,1786,31,1,7.89,0.0
7173,1786,158,2,17.6,0.0
7174,1786,223,2,18.53,0.0
7175,1787,171,1,10.54,1.05
7176,1787,13,3,4.43,0.0
7177,1787,30,3,4.36,0.0
7178,1787,31,1,7.89,0.0
7179,1788,4,2,8.66,0.0
7180,1788,176,3,3.93,0.39
7181,1788,21,1,3.76,0.0
7182,1788,26,3,10.08,0.0
7183,1788,29,3,5.4,0.0
7184,1789,8,2,23.8,0.0
7185,1789,22,3,16.56,0.0
7186,1789,7,3,5.95,0.0
7187,1790,17,1,22.02,0.0
7188,1790,10,2,17.86,0.0
7189,1790,29,1,5.4,0.0
7190,1791,10,3,17.86,0.0
7191,1791,31,1,7.89,0.0
7192,1792,240,2,10.59,0.0
7193,1792,58,3,8.6,0.0
7194,1792,31,3,7.89,0.0
7195,1793,162,1,19.9,1.99
7196,1793,34,2,19.46,0.0
7197,1793,29,2,5.4,0.0
7198,1793,22,3,16.56,0.0
7199,1794,204,1,22.83,0.0
7200,1794,37,3,16.44,0.0
7201,1794,133,1,18.99,0.0
7202,1794,15,3,11.21,0.0
7203,1795,56,3,2.86,0.0
7204,1795,27,2,24.04,0.0
7205,1795,4,3,8.66,0.0
7206,1796,33,3,5.52,0.0
7207,1796,34,2,19.46,0.0
7208,1796,6,1,24.22,0.0
7209,1796,199,1,12.87,0.0
7210,1796,58,1,8.6,0.0
7211,1797,227,2,15.13,0.0
7212,1797,4,3,8.66,0.0
7213,1797,11,2,10.32,0.0
7214,1797,177,2,5.69,0.0
7215,1797,185,1,23.4,0.0
7216,1797,158,1,17.6,0.0
7217,1798,7,2,5.95,0.0
7218,1798,9,3,12.58,0.0
7219,1798,107,3,4.97,0.0
7220,1798,14,2,12.02,0.0
7221,1798,87,1,10.91,0.0
7222,1798,25,3,19.85,0.0
7223,1799,37,2,16.44,0.0
7224,1799,7,1,5.95,0.0
7225,1799,12,1,12.04,0.0
7226,1799,16,3,3.81,0.0
7227,1799,26,2,10.08,0.0
7228,1800,34,2,19.46,0.0
7229,1800,39,2,14.97,0.0
7230,1800,15,1,11.21,0.0
7231,1800,246,3,4.38,0.44
7232,1800,25,1,19.85,0.0
7233,1801,29,4,5.4,0.0
7234,1801,133,4,18.99,0.0
7235,1802,38,3,12.67,0.0
7236,1802,175,1,4.87,0.0
7237,1803,31,1,7.89,0.79
7238,1803,29,3,5.4,0.0
7239,1803,47,1,9.27,0.0
7240,1804,1,1,11.87,0.0
7241,1804,35,2,3.73,0.0
7242,1804,6,2,24.22,0.0
7243,1804,202,1,12.79,0.0
7244,1804,22,1,16.56,0.0
7245,1804,157,1,6.46,0.0
7246,1805,240,3,10.59,0.0
7247,1805,53,3,10.09,0.0
7248,1805,23,2,14.2,0.0
7249,1805,29,3,5.4,0.0
7250,1805,158,3,17.6,0.0
7251,1806,168,2,22.08,0.0
7252,1806,35,1,3.73,0.0
7253,1806,20,1,19.92,0.0
7254,1806,31,1,7.89,0.0
7255,1807,21,3,3.76,0.0
7256,1807,37,3,16.44,0.0
7257,1807,238,3,3.0,0.0
7258,1808,33,1,5.52,0.0
7259,1808,39,4,14.97,0.0
7260,1808,8,2,23.8,0.0
7261,1808,12,2,12.04,0.0
7262,1808,16,1,3.81,0.0
7263,1809,2,1,11.3,0.0
7264,1809,231,1,10.29,0.0
7265,1809,173,3,18.36,0.0
7266,1809,151,2,20.03,0.0
7267,1809,58,2,8.6,0.0
7268,1810,11,3,10.32,0.0
7269,1810,204,3,22.83,0.0
7270,1810,15,1,11.21,0.0
7271,1811,5,1,11.32,0.0
7272,1811,34,3,19.46,0.0
7273,1811,13,1,4.43,0.0
7274,1811,39,3,14.97,0.0
7275,1812,193,1,4.28,0.0
7276,1812,1,2,11.87,0.0
7277,1812,3,1,16.72,0.0
7278,1812,37,3,16.44,0.0
7279,1812,8,1,23.8,0.0
7280,1812,21,1,3.76,0.0
7281,1813,80,3,2.9,0.0
7282,1813,35,3,3.73,0.0
7283,1813,22,1,16.56,0.0
7284,1814,25,2,19.85,0.0
7285,1814,36,3,23.88,0.0
7286,1814,37,2,16.44,0.0
7287,1815,1,4,11.87,0.0
7288,1815,38,3,12.67,0.0
7289,1815,13,2,4.43,0.0
7290,1815,16,2,3.81,0.0
7291,1815,22,4,16.56,1.66
7292,1815,23,2,14.2,0.0
7293,1816,70,1,6.33,0.0
7294,1816,6,3,24.22,0.0
7295,1816,23,4,14.2,0.0
7296,1816,122,3,9.1,0.0
7297,1816,30,4,4.36,0.0
7298,1817,241,2,19.19,0.0
7299,1817,11,3,10.32,1.03
7300,1818,32,3,5.99,0.6
7301,1818,74,2,12.36,0.0
7302,1818,15,2,11.21,0.0
7303,1818,81,2,18.28,0.0
7304,1818,29,1,5.4,0.0
7305,1819,33,3,5.52,0.0
7306,1819,23,2,14.2,1.42
7307,1820,32,3,5.99,0.0
7308,1820,99,2,15.86,0.0
7309,1820,14,3,12.02,0.0
7310,1820,117,3,22.99,0.0
7311,1820,30,1,4.36,0.0
7312,1820,31,2,7.89,0.79
7313,1821,10,1,17.86,0.0
7314,1821,22,2,16.56,0.0
7315,1821,39,3,14.97,0.0
7316,1822,40,3,15.33,0.0
7317,1822,7,2,5.95,0.0
7318,1823,32,3,5.99,0.0
7319,1823,82,3,24.79,0.0
7320,1823,221,3,16.53,0.0
7321,1823,95,2,10.89,0.0
7322,1824,1,3,11.87,0.0
7323,1824,164,3,11.63,0.0
7324,1824,249,4,5.07,0.0
7325,1824,12,3,12.04,0.0
7326,1824,181,2,4.11,0.0
7327,1824,25,4,19.85,0.0
7328,1825,36,3,23.88,0.0
7329,1825,132,3,14.41,1.44
7330,1825,172,3,23.49,0.0
7331,1825,239,3,10.9,0.0
7332,1825,183,3,20.78,0.0
7333,1825,31,3,7.89,0.0
7334,1826,152,3,7.38,0.0
7335,1826,16,3,3.81,0.0
7336,1826,2,3,11.3,1.13
7337,1827,36,2,23.88,0.0
7338,1827,14,2,12.02,0.0
7339,1827,209,2,16.0,0.0
7340,1827,120,1,13.7,0.0
7341,1827,26,1,10.08,0.0
7342,1827,222,3,15.23,0.0
7343,1828,155,1,20.04,0.0
7344,1828,4,2,8.66,0.0
7345,1829,20,3,19.92,1.99
7346,1829,111,1,16.8,0.0
7347,1830,9,1,12.58,1.26
7348,1830,11,2,10.32,0.0
7349,1830,20,2,19.92,0.0
7350,1831,10,1,17.86,0.0
7351,1831,35,1,3.73,0.0
7352,1832,1,3,11.87,0.0
7353,1832,12,2,12.04,0.0
7354,1832,175,3,4.87,0.0
7355,1832,22,1,16.56,0.0
7356,1832,88,3,19.81,0.0
7357,1832,26,3,10.08,1.01
7358,1833,233,3,14.51,0.0
7359,1833,30,2,4.36,0.0
7360,1834,24,3,6.46,0.0
7361,1834,34,2,19.46,0.0
7362,1835,194,3,18.44,0.0
7363,1835,197,1,2.88,0.0
7364,1836,33,4,5.52,0.0
7365,1836,165,3,5.73,0.57
7366,1836,7,4,5.95,0.0
7367,1837,6,3,24.22,0.0
7368,1837,9,2,12.58,0.0
7369,1837,12,2,12.04,0.0
7370,1837,17,3,22.02,0.0
7371,1837,223,1,18.53,0.0
7372,1838,10,3,17.86,0.0
7373,1838,29,1,5.4,0.0
7374,1838,181,3,4.11,0.0
7375,1839,32,3,5.99,0.0
7376,1839,3,3,16.72,0.0
7377,1839,4,2,8.66,0.0
7378,1839,9,3,12.58,0.0
7379,1839,80,3,2.9,0.0
7380,1840,3,3,16.72,0.0
7381,1840,11,2,10.32,0.0
7382,1840,184,3,22.35,2.24
7383,1841,2,3,11.3,0.0
7384,1841,27,2,24.04,0.0
7385,1841,37,1,16.44,0.0
7386,1841,7,2,5.95,0.0
7387,1842,8,1,23.8,0.0
7388,1842,112,3,9.55,0.0
7389,1842,20,2,19.92,0.0
7390,1842,6,3,24.22,0.0
7391,1843,38,1,12.67,0.0
7392,1843,43,3,16.79,0.0
7393,1843,139,3,5.55,0.0
7394,1843,21,2,3.76,0.0
7395,1843,27,2,24.04,0.0
7396,1844,26,3,10.08,0.0
7397,1844,222,1,15.23,0.0
7398,1845,3,1,16.72,0.0
7399,1845,84,2,16.03,0.0
7400,1845,23,2,14.2,0.0
7401,1846,35,3,3.73,0.0
7402,1846,6,2,24.22,0.0
7403,1846,39,1,14.97,0.0
7404,1846,15,3,11.21,0.0
7405,1846,20,4,19.92,0.0
7406,1846,26,3,10.08,0.0
7407,1847,1,1,11.87,0.0
7408,1847,233,1,14.51,0.0
7409,1847,189,2,10.88,0.0
7410,1847,239,1,10.9,0.0
7411,1848,130,3,20.13,0.0
7412,1848,81,1,18.28,0.0
7413,1848,242,3,10.21,0.0
7414,1848,18,2,19.15,0.0
7415,1848,22,1,16.56,1.66
7416,1849,7,3,5.95,0.0
7417,1849,39,1,14.97,1.5
7418,1850,176,3,3.93,0.0
7419,1850,7,3,5.95,0.0
7420,1851,96,1,7.8,0.0
7421,1851,72,3,13.53,0.0
7422,1852,189,1,10.88,0.0
7423,1852,30,3,4.36,0.0
7424,1853,157,1,6.46,0.0
7425,1853,7,2,5.95,0.0
7426,1854,93,2,9.58,0.0
7427,1854,37,1,16.44,0.0
7428,1854,23,3,14.2,0.0
7429,1855,9,1,12.58,1.26
7430,1855,75,2,20.65,0.0
7431,1855,179,2,13.81,0.0
7432,1855,152,2,7.38,0.74
7433,1855,26,3,10.08,1.01
7434,1855,220,1,14.33,0.0
7435,1856,24,2,6.46,0.0
7436,1856,18,1,19.15,0.0
7437,1856,139,2,5.55,0.0
7438,1856,6,3,24.22,0.0
7439,1857,2,1,11.3,0.0
7440,1857,34,3,19.46,0.0
7441,1857,52,2,15.6,0.0
7442,1857,12,1,12.04,0.0
7443,1858,26,3,10.08,0.0
7444,1858,118,2,4.15,0.0
7445,1858,21,3,3.76,0.0
7446,1858,141,1,17.94,1.79
7447,1859,3,1,16.72,0.0
7448,1859,39,3,14.97,0.0
7449,1859,10,2,17.86,1.79
7450,1859,109,1,3.95,0.0
7451,1859,111,1,16.8,0.0
7452,1860,29,2,5.4,0.0
7453,1860,31,1,7.89,0.0
7454,1861,65,2,23.95,0.0
7455,1861,4,2,8.66,0.0
7456,1861,6,3,24.22,0.0
7457,1861,13,2,4.43,0.0
7458,1861,15,1,11.21,0.0
7459,1861,248,1,19.4,0.0
7460,1862,150,2,19.3,0.0
7461,1862,19,3,7.1,0.0
7462,1862,29,2,5.4,0.0
7463,1862,22,1,16.56,0.0
7464,1863,9,1,12.58,0.0
7465,1863,22,1,16.56,0.0
7466,1863,1,3,11.87,0.0
7467,1863,31,3,7.89,0.0
7468,1864,32,3,5.99,0.0
7469,1864,36,1,23.88,0.0
7470,1864,200,1,21.12,0.0
7471,1864,8,1,23.8,0.0
7472,1864,31,1,7.89,0.0
7473,1865,225,3,2.04,0.0
7474,1865,4,2,8.66,0.0
7475,1865,7,3,5.95,0.0
7476,1865,20,2,19.92,0.0
7477,1865,23,3,14.2,0.0
7478,1865,221,2,16.53,0.0
7479,1866,24,4,6.46,0.0
7480,1866,226,4,10.11,0.0
7481,1866,59,1,16.83,0.0
7482,1866,228,3,6.31,0.0
7483,1867,15,1,11.21,0.0
7484,1867,198,2,23.1,0.0
7485,1867,215,2,16.7,0.0
7486,1868,99,1,15.86,0.0
7487,1868,38,1,12.67,0.0
7488,1868,6,1,24.22,0.0
7489,1868,137,2,16.21,0.0
7490,1868,31,2,7.89,0.0
7491,1869,9,1,12.58,1.26
7492,1869,218,2,21.24,0.0
7493,1870,24,1,6.46,0.0
7494,1870,2,1,11.3,0.0
7495,1870,11,1,10.32,0.0
7496,1870,22,3,16.56,0.0
7497,1871,155,3,20.04,0.0
7498,1871,19,2,7.1,0.71
7499,1871,22,2,16.56,1.66
7500,1871,24,2,6.46,0.0
7501,1871,27,1,24.04,0.0
7502,1871,190,2,3.88,0.0
7503,1872,25,2,19.85,0.0
7504,1872,227,1,15.13,0.0
7505,1872,6,3,24.22,0.0
7506,1872,1,1,11.87,0.0
7507,1873,9,2,12.58,0.0
7508,1873,118,2,4.15,0.0
7509,1873,143,1,22.76,0.0
7510,1874,39,1,14.97,1.5
7511,1874,13,1,4.43,0.0
7512,1874,20,3,19.92,0.0
7513,1874,26,3,10.08,0.0
7514,1874,28,1,16.85,0.0
7515,1875,18,3,19.15,1.92
7516,1875,20,2,19.92,0.0
7517,1876,142,3,16.37,0.0
7518,1876,28,1,16.85,0.0
7519,1876,174,3,13.87,1.39
7520,1876,23,3,14.2,0.0
7521,1877,4,3,8.66,0.0
7522,1877,198,1,23.1,0.0
7523,1877,11,2,10.32,0.0
7524,1877,12,2,12.04,0.0
7525,1877,52,2,15.6,0.0
7526,1877,56,2,2.86,0.0
7527,1878,10,3,17.86,0.0
7528,1878,20,3,19.92,0.0
7529,1878,21,4,3.76,0.0
7530,1879,39,3,14.97,0.0
7531,1879,199,3,12.87,0.0
7532,1880,20,3,19.92,1.99
7533,1880,23,2,14.2,0.0
7534,1881,12,3,12.04,0.0
7535,1881,18,2,19.15,1.92
7536,1881,189,1,10.88,0.0
7537,1881,25,3,19.85,0.0
7538,1881,29,2,5.4,0.0
7539,1882,3,2,16.72,0.0
7540,1882,36,1,23.88,0.0
7541,1882,5,1,11.32,0.0
7542,1882,41,3,17.67,0.0
7543,1882,212,3,7.47,0.0
7544,1882,222,1,15.23,0.0
7545,1883,146,1,10.38,0.0
7546,1883,30,3,4.36,0.0
7547,1884,96,2,7.8,0.0
7548,1884,11,2,10.32,0.0
7549,1884,4,2,8.66,0.0
7550,1885,2,1,11.3,0.0
7551,1885,35,3,3.73,0.0
7552,1885,131,1,13.68,0.0
7553,1885,38,3,12.67,0.0
7554,1885,12,3,12.04,0.0
7555,1885,25,3,19.85,0.0
7556,1886,33,1,5.52,0.55
7557,1886,17,2,22.02,0.0
7558,1886,23,2,14.2,0.0
7559,1886,24,2,6.46,0.0
7560,1886,26,2,10.08,0.0
7561,1887,24,1,6.46,0.0
7562,1887,2,3,11.3,0.0
7563,1888,32,2,5.99,0.6
7564,1888,106,3,17.23,0.0
7565,1888,39,3,14.97,0.0
7566,1889,2,3,11.3,0.0
7567,1889,8,2,23.8,0.0
7568,1889,11,2,10.32,0.0
7569,1889,15,2,11.21,0.0
7570,1889,24,2,6.46,0.0
7571,1889,219,2,13.5,0.0
7572,1890,16,2,3.81,0.0
7573,1890,24,2,6.46,0.0
7574,1890,90,1,3.2,0.0
7575,1890,45,2,9.43,0.0
7576,1891,34,2,19.46,0.0
7577,1891,3,3,16.72,0.0
7578,1891,39,2,14.97,0.0
7579,1891,83,2,14.05,0.0
7580,1891,21,3,3.76,0.0
7581,1892,163,3,13.57,0.0
7582,1892,13,3,4.43,0.0
7583,1893,25,2,19.85,0.0
7584,1893,29,1,5.4,0.0
7585,1893,118,1,4.15,0.0
7586,1894,226,2,10.11,0.0
7587,1894,27,1,24.04,0.0
7588,1894,30,2,4.36,0.0
7589,1895,36,1,23.88,0.0
7590,1895,6,1,24.22,0.0
7591,1895,235,1,13.68,0.0
7592,1895,13,2,4.43,0.0
7593,1895,17,2,22.02,0.0
7594,1896,3,1,16.72,0.0
7595,1896,36,1,23.88,0.0
7596,1896,39,3,14.97,0.0
7597,1896,10,1,17.86,0.0
7598,1896,120,3,13.7,0.0
7599,1896,30,2,4.36,0.0
7600,1897,2,3,11.3,0.0
7601,1897,195,3,9.71,0.0
7602,1897,250,1,10.1,0.0
7603,1897,115,1,23.78,0.0
7604,1897,26,2,10.08,0.0
7605,1898,13,1,4.43,0.0
7606,1898,111,2,16.8,0.0
7607,1898,148,1,24.3,0.0
7608,1898,23,2,14.2,0.0
7609,1898,121,3,2.42,0.0
7610,1898,31,3,7.89,0.0
7611,1899,3,2,16.72,0.0
7612,1899,5,2,11.32,0.0
7613,1899,8,2,23.8,0.0
7614,1899,23,1,14.2,0.0
7615,1899,29,3,5.4,0.54
7616,1900,40,3,15.33,0.0
7617,1900,33,3,5.52,0.0
7618,1900,180,3,21.11,0.0
7619,1900,53,3,10.09,0.0
7620,1901,176,2,3.93,0.0
7621,1901,33,2,5.52,0.0
7622,1901,100,2,5.46,0.0
7623,1901,29,3,5.4,0.0
7624,1902,32,2,5.99,0.6
7625,1902,131,3,13.68,0.0
7626,1902,16,1,3.81,0.0
7627,1902,19,3,7.1,0.0
7628,1902,25,1,19.85,0.0
7629,1903,32,4,5.99,0.0
7630,1903,33,2,5.52,0.0
7631,1903,34,4,19.46,1.95
7632,1903,37,4,16.44,0.0
7633,1903,76,3,21.26,2.13
7634,1903,31,2,7.89,0.79
7635,1904,33,3,5.52,0.0
7636,1904,213,2,4.8,0.0
7637,1904,22,2,16.56,0.0
7638,1904,23,3,14.2,0.0
7639,1904,121,3,2.42,0.0
7640,1905,25,1,19.85,0.0
7641,1905,178,3,12.33,0.0
7642,1906,34,3,19.46,0.0
7643,1906,205,1,2.44,0.0
7644,1907,160,2,12.13,0.0
7645,1907,6,3,24.22,0.0
7646,1907,8,2,23.8,0.0
7647,1907,233,3,14.51,0.0
7648,1907,206,1,6.96,0.0
7649,1907,180,1,21.11,0.0
7650,1908,32,2,5.99,0.0
7651,1908,36,4,23.88,0.0
7652,1908,16,4,3.81,0.0
7653,1908,19,4,7.1,0.0
7654,1908,244,3,7.55,0.0
7655,1909,33,1,5.52,0.0
7656,1909,107,1,4.97,0.5
7657,1909,14,3,12.02,0.0
7658,1909,24,3,6.46,0.0
7659,1909,30,2,4.36,0.0
7660,1910,171,1,10.54,0.0
7661,1910,244,1,7.55,0.0
7662,1910,13,1,4.43,0.0
7663,1910,22,1,16.56,1.66
7664,1911,32,3,5.99,0.0
7665,1911,7,1,5.95,0.0
7666,1911,9,3,12.58,0.0
7667,1911,13,2,4.43,0.0
7668,1911,31,2,7.89,0.0
7669,1912,17,2,22.02,0.0
7670,1912,37,1,16.44,0.0
7671,1912,39,1,14.97,0.0
7672,1913,32,1,5.99,0.0
7673,1913,237,3,22.09,0.0
7674,1913,6,1,24.22,0.0
7675,1914,120,3,13.7,0.0
7676,1914,29,2,5.4,0.0
7677,1915,163,1,13.57,0.0
7678,1915,171,1,10.54,0.0
7679,1915,12,2,12.04,0.0
7680,1915,237,3,22.09,0.0
7681,1915,78,1,3.94,0.39
7682,1916,110,1,14.86,0.0
7683,1916,7,3,5.95,0.0
7684,1917,36,2,23.88,0.0
7685,1917,200,2,21.12,0.0
7686,1917,17,3,22.02,0.0
7687,1917,213,1,4.8,0.0
7688,1917,28,3,16.85,0.0
7689,1918,34,4,19.46,0.0
7690,1918,11,2,10.32,0.0
7691,1918,214,3,7.48,0.0
7692,1918,7,3,5.95,0.0
7693,1919,33,3,5.52,0.0
7694,1919,129,3,8.8,0.0
7695,1919,10,1,17.86,0.0
7696,1919,16,3,3.81,0.0
7697,1919,22,1,16.56,0.0
7698,1919,184,3,22.35,0.0
7699,1920,65,3,23.95,0.0
7700,1920,206,1,6.96,0.0
7701,1921,10,3,17.86,1.79
7702,1921,107,2,4.97,0.0
7703,1921,15,2,11.21,0.0
7704,1921,180,1,21.11,0.0
7705,1921,86,2,23.11,0.0
7706,1922,1,2,11.87,0.0
7707,1922,33,3,5.52,0.0
7708,1922,30,3,4.36,0.0
7709,1922,23,2,14.2,0.0
7710,1923,128,2,5.56,0.0
7711,1923,17,1,22.02,0.0
7712,1923,137,1,16.21,1.62
7713,1923,28,3,16.85,0.0
7714,1924,48,1,12.11,1.21
7715,1924,191,3,7.16,0.0
7716,1925,35,1,3.73,0.0
7717,1925,101,3,3.87,0.0
7718,1925,7,1,5.95,0.0
7719,1926,2,2,11.3,0.0
7720,1926,34,3,19.46,0.0
7721,1926,14,1,12.02,0.0
7722,1926,241,1,19.19,0.0
7723,1926,23,2,14.2,0.0
7724,1926,27,3,24.04,0.0
7725,1927,27,4,24.04,2.4
7726,1927,187,1,11.12,1.11
7727,1927,15,3,11.21,0.0
7728,1927,25,2,19.85,0.0
7729,1927,91,2,16.51,0.0
7730,1928,23,1,14.2,0.0
7731,1928,15,3,11.21,0.0
7732,1929,8,2,23.8,2.38
7733,1929,82,1,24.79,0.0
7734,1929,27,3,24.04,2.4
7735,1930,9,3,12.58,0.0
7736,1930,26,1,10.08,0.0
7737,1930,10,1,17.86,0.0
7738,1930,29,2,5.4,0.0
7739,1931,32,3,5.99,0.0
7740,1931,6,1,24.22,0.0
7741,1931,107,2,4.97,0.0
7742,1931,18,1,19.15,0.0
7743,1931,21,3,3.76,0.0
7744,1932,218,3,21.24,0.0
7745,1932,34,3,19.46,0.0
7746,1932,7,2,5.95,0.6
7747,1933,27,1,24.04,0.0
7748,1933,25,1,19.85,0.0
7749,1933,235,3,13.68,0.0
7750,1933,6,1,24.22,0.0
7751,1934,160,3,12.13,0.0
7752,1934,32,2,5.99,0.6
7753,1934,11,1,10.32,0.0
7754,1934,20,1,19.92,0.0
7755,1934,22,3,16.56,0.0
7756,1934,119,3,17.42,0.0
7757,1935,11,1,10.32,0.0
7758,1935,1,3,11.87,0.0
7759,1935,171,2,10.54,0.0
7760,1935,21,2,3.76,0.0
7761,1936,19,2,7.1,0.71
7762,1936,55,1,12.62,0.0
7763,1936,15,3,11.21,0.0
7764,1937,10,2,17.86,0.0
7765,1937,19,4,7.1,0.0
7766,1938,152,3,7.38,0.0
7767,1938,232,3,23.93,0.0
7768,1939,32,3,5.99,0.0
7769,1939,28,4,16.85,0.0
7770,1940,163,1,13.57,0.0
7771,1940,28,1,16.85,0.0
7772,1940,20,1,19.92,0.0
7773,1941,34,1,19.46,0.0
7774,1941,132,3,14.41,0.0
7775,1941,11,2,10.32,0.0
7776,1941,116,2,24.93,0.0
7777,1941,151,1,20.03,0.0
7778,1942,225,1,2.04,0.0
7779,1942,38,1,12.67,0.0
7780,1942,15,2,11.21,0.0
7781,1943,61,1,4.08,0.0
7782,1943,19,2,7.1,0.0
7783,1943,165,1,5.73,0.0
7784,1944,40,2,15.33,0.0
7785,1944,217,3,3.44,0.0
7786,1944,32,1,5.99,0.0
7787,1944,13,2,4.43,0.0
7788,1945,227,2,15.13,1.51
7789,1945,58,1,8.6,0.0
7790,1945,36,1,23.88,0.0
7791,1945,26,3,10.08,0.0
7792,1945,27,3,24.04,0.0
7793,1945,124,3,9.86,0.0
7794,1946,27,3,24.04,2.4
7795,1946,12,2,12.04,0.0
7796,1946,21,2,3.76,0.0
7797,1946,174,3,13.87,1.39
7798,1947,4,2,8.66,0.0
7799,1947,40,2,15.33,0.0
7800,1947,18,1,19.15,0.0
7801,1947,117,1,22.99,0.0
7802,1947,53,1,10.09,0.0
7803,1947,26,3,10.08,0.0
7804,1948,32,3,5.99,0.0
7805,1948,39,3,14.97,0.0
7806,1948,20,2,19.92,1.99
7807,1948,24,2,6.46,0.0
7808,1948,30,1,4.36,0.0
7809,1949,140,1,6.16,0.0
7810,1949,5,2,11.32,1.13
7811,1950,36,4,23.88,0.0
7812,1950,6,2,24.22,0.0
7813,1950,38,2,12.67,0.0
7814,1950,17,2,22.02,0.0
7815,1950,223,4,18.53,0.0
7816,1951,40,1,15.33,0.0
7817,1951,161,3,19.7,0.0
7818,1951,183,1,20.78,0.0
7819,1952,193,3,4.28,0.0
7820,1952,4,2,8.66,0.0
7821,1952,150,2,19.3,0.0
7822,1953,4,1,8.66,0.0
7823,1953,30,1,4.36,0.0
7824,1953,23,1,14.2,0.0
7825,1954,2,3,11.3,0.0
7826,1954,39,2,14.97,0.0
7827,1954,13,2,4.43,0.44
7828,1954,20,1,19.92,0.0
7829,1954,21,2,3.76,0.0
7830,1954,122,2,9.1,0.0
7831,1955,18,3,19.15,0.0
7832,1955,27,1,24.04,0.0
7833,1955,12,3,12.04,0.0
7834,1955,117,2,22.99,0.0
7835,1956,32,1,5.99,0.0
7836,1956,121,1,2.42,0.24
7837,1956,10,1,17.86,0.0
7838,1956,20,2,19.92,0.0
7839,1957,18,3,19.15,0.0
7840,1957,14,3,12.02,0.0
7841,1957,6,2,24.22,0.0
7842,1957,31,1,7.89,0.0
7843,1958,73,1,24.03,0.0
7844,1958,9,1,12.58,0.0
7845,1958,106,1,17.23,0.0
7846,1958,24,3,6.46,0.0
7847,1958,25,3,19.85,0.0
7848,1959,36,2,23.88,0.0
7849,1959,51,3,20.32,0.0
7850,1959,86,2,23.11,0.0
7851,1959,184,3,22.35,0.0
7852,1959,25,3,19.85,0.0
7853,1959,27,2,24.04,0.0
7854,1960,225,2,2.04,0.0
7855,1960,33,3,5.52,0.0
7856,1960,38,1,12.67,0.0
7857,1960,17,1,22.02,0.0
7858,1960,245,3,17.11,0.0
7859,1960,126,2,6.42,0.0
7860,1961,164,1,11.63,0.0
7861,1961,8,1,23.8,0.0
7862,1961,105,1,17.09,0.0
7863,1961,148,3,24.3,0.0
7864,1961,24,2,6.46,0.0
7865,1961,59,2,16.83,0.0
7866,1962,40,2,15.33,0.0
7867,1962,247,1,15.38,0.0
7868,1962,23,1,14.2,0.0
7869,1963,50,1,16.52,0.0
7870,1963,155,1,20.04,0.0
7871,1963,36,2,23.88,0.0
7872,1963,6,3,24.22,0.0
7873,1964,130,2,20.13,0.0
7874,1964,37,2,16.44,0.0
7875,1964,6,2,24.22,0.0
7876,1965,5,3,11.32,0.0
7877,1965,37,1,16.44,1.64
7878,1965,102,1,17.26,0.0
7879,1965,8,1,23.8,0.0
7880,1965,7,3,5.95,0.0
7881,1965,12,3,12.04,0.0
7882,1966,32,2,5.99,0.6
7883,1966,20,2,19.92,0.0
7884,1967,65,1,23.95,2.4
7885,1967,18,2,19.15,0.0
7886,1967,5,3,11.32,0.0
7887,1967,239,3,10.9,0.0
7888,1968,26,3,10.08,0.0
7889,1968,196,1,5.36,0.0
7890,1968,28,2,16.85,0.0
7891,1968,20,3,19.92,0.0
7892,1969,6,2,24.22,0.0
7893,1969,39,1,14.97,0.0
7894,1969,40,2,15.33,0.0
7895,1969,140,1,6.16,0.62
7896,1969,146,2,10.38,0.0
7897,1969,223,1,18.53,0.0
7898,1970,203,1,16.15,0.0
7899,1970,15,3,11.21,1.12
7900,1970,17,2,22.02,0.0
7901,1970,18,3,19.15,0.0
7902,1970,150,3,19.3,0.0
7903,1971,67,2,2.94,0.0
7904,1971,4,1,8.66,0.87
7905,1971,112,3,9.55,0.0
7906,1971,181,3,4.11,0.0
7907,1971,22,1,16.56,0.0
7908,1971,27,2,24.04,0.0
7909,1972,96,1,7.8,0.0
7910,1972,17,3,22.02,0.0
7911,1972,30,3,4.36,0.0
7912,1972,1,1,11.87,0.0
7913,1973,40,3,15.33,0.0
7914,1973,9,1,12.58,0.0
7915,1973,146,1,10.38,0.0
7916,1973,48,1,12.11,0.0
7917,1974,12,3,12.04,0.0
7918,1974,14,3,12.02,0.0
7919,1974,114,3,18.17,0.0
7920,1974,21,3,3.76,0.0
7921,1974,28,3,16.85,0.0
7922,1974,29,1,5.4,0.0
7923,1975,129,3,8.8,0.88
7924,1975,10,2,17.86,0.0
7925,1975,171,2,10.54,0.0
7926,1975,21,3,3.76,0.38
7927,1975,26,1,10.08,0.0
7928,1975,29,2,5.4,0.0
7929,1976,34,2,19.46,0.0
7930,1976,165,1,5.73,0.57
7931,1976,38,1,12.67,0.0
7932,1976,140,2,6.16,0.0
7933,1976,18,4,19.15,0.0
7934,1977,235,3,13.68,0.0
7935,1977,100,2,5.46,0.0
7936,1977,22,3,16.56,0.0
7937,1978,2,2,11.3,0.0
7938,1978,26,3,10.08,0.0
7939,1978,6,2,24.22,0.0
7940,1979,4,2,8.66,0.0
7941,1979,38,3,12.67,0.0
7942,1979,9,3,12.58,0.0
7943,1979,182,3,22.94,0.0
7944,1979,54,2,3.71,0.0
7945,1980,1,2,11.87,0.0
7946,1980,33,4,5.52,0.0
7947,1980,37,3,16.44,0.0
7948,1980,236,1,2.47,0.0
7949,1980,80,2,2.9,0.0
7950,1980,25,2,19.85,0.0
7951,1981,6,3,24.22,0.0
7952,1981,9,2,12.58,0.0
7953,1981,11,1,10.32,0.0
7954,1981,12,2,12.04,0.0
7955,1981,77,1,24.59,0.0
7956,1981,112,3,9.55,0.0
7957,1982,73,2,24.03,0.0
7958,1982,16,1,3.81,0.0
7959,1982,213,3,4.8,0.0
7960,1982,217,1,3.44,0.0
7961,1982,31,2,7.89,0.0
7962,1983,82,2,24.79,0.0
7963,1983,236,1,2.47,0.0
7964,1983,21,3,3.76,0.0
7965,1984,11,1,10.32,0.0
7966,1984,26,3,10.08,0.0
7967,1984,10,2,17.86,0.0
7968,1984,7,3,5.95,0.0
7969,1985,8,3,23.8,2.38
7970,1985,3,1,16.72,0.0
7971,1985,29,3,5.4,0.0
7972,1985,31,3,7.89,0.0
7973,1986,8,1,23.8,0.0
7974,1986,9,3,12.58,0.0
7975,1986,118,1,4.15,0.0
7976,1986,24,2,6.46,0.0
7977,1986,91,3,16.51,1.65
7978,1986,157,1,6.46,0.0
7979,1987,194,1,18.44,0.0
7980,1987,35,1,3.73,0.37
7981,1988,9,1,12.58,0.0
7982,1988,190,3,3.88,0.0
7983,1989,10,2,17.86,0.0
7984,1989,34,3,19.46,0.0
7985,1989,15,3,11.21,0.0
7986,1990,9,1,12.58,0.0
7987,1990,12,3,12.04,0.0
7988,1991,9,2,12.58,0.0
7989,1991,20,1,19.92,0.0
7990,1991,6,3,24.22,0.0
7991,1991,33,2,5.52,0.0
7992,1992,97,1,21.59,2.16
7993,1992,35,1,3.73,0.0
7994,1992,38,3,12.67,0.0
7995,1993,106,3,17.23,0.0
7996,1993,126,1,6.42,0.0
7997,1993,167,3,15.91,0.0
7998,1994,48,2,12.11,0.0
7999,1994,4,1,8.66,0.0
8000,1995,34,2,19.46,0.0
8001,1995,4,2,8.66,0.0
8002,1995,12,2,12.04,0.0
8003,1995,19,1,7.1,0.0
8004,1995,119,4,17.42,0.0
8005,1996,3,2,16.72,0.0
8006,1996,36,2,23.88,0.0
8007,1997,33,1,5.52,0.0
8008,1997,22,3,16.56,0.0
8009,1997,15,4,11.21,0.0
8010,1998,24,1,6.46,0.0
8011,1998,76,2,21.26,0.0
8012,1999,28,2,16.85,0.0
8013,1999,21,3,3.76,0.0
8014,2000,17,1,22.02,0.0
8015,2000,11,1,10.32,0.0
8016,2000,5,3,11.32,0.0
8017,2000,33,3,5.52,0.55
8018,2001,28,2,16.85,0.0
8019,2001,133,2,18.99,0.0
8020,2002,84,3,16.03,0.0
8021,2002,4,1,8.66,0.0
8022,2002,31,1,7.89,0.0
8023,2002,247,1,15.38,0.0
8024,2003,1,2,11.87,0.0
8025,2003,34,3,19.46,0.0
8026,2003,6,3,24.22,0.0
8027,2003,8,2,23.8,0.0
8028,2003,51,1,20.32,0.0
8029,2003,244,1,7.55,0.0
8030,2004,3,1,16.72,0.0
8031,2004,27,3,24.04,0.0
8032,2004,36,2,23.88,0.0
8033,2005,220,3,14.33,0.0
8034,2005,27,1,24.04,0.0
8035,2005,172,1,23.49,0.0
8036,2005,20,1,19.92,0.0
8037,2006,19,2,7.1,0.0
8038,2006,116,3,24.93,0.0
8039,2007,33,2,5.52,0.55
8040,2007,6,2,24.22,0.0
8041,2007,95,2,10.89,0.0
8042,2008,34,1,19.46,0.0
8043,2008,38,1,12.67,1.27
8044,2008,10,2,17.86,0.0
8045,2008,80,1,2.9,0.0
8046,2008,120,1,13.7,1.37
8047,2009,144,3,18.59,0.0
8048,2009,199,2,12.87,1.29
8049,2009,4,3,8.66,0.0
8050,2009,15,3,11.21,0.0
8051,2010,32,1,5.99,0.0
8052,2010,40,2,15.33,0.0
8053,2010,239,1,10.9,0.0
8054,2011,5,1,11.32,0.0
8055,2011,112,3,9.55,0.0
8056,2011,186,1,11.54,0.0
8057,2011,28,3,16.85,0.0
8058,2011,29,1,5.4,0.0
8059,2012,33,1,5.52,0.55
8060,2012,37,1,16.44,0.0
8061,2012,15,1,11.21,0.0
8062,2012,18,1,19.15,0.0
8063,2012,20,2,19.92,1.99
8064,2012,63,1,10.84,0.0
8065,2013,3,2,16.72,0.0
8066,2013,74,2,12.36,0.0
8067,2013,11,3,10.32,0.0
8068,2014,11,1,10.32,0.0
8069,2014,178,3,12.33,0.0
8070,2014,26,1,10.08,0.0
8071,2014,23,2,14.2,0.0
8072,2015,16,1,3.81,0.0
8073,2015,17,1,22.02,0.0
8074,2015,15,1,11.21,0.0
8075,2015,31,3,7.89,0.0
8076,2016,21,1,3.76,0.0
8077,2016,150,3,19.3,0.0
8078,2017,181,1,4.11,0.0
8079,2017,182,2,22.94,0.0
8080,2018,18,3,19.15,1.92
8081,2018,21,2,3.76,0.0
8082,2018,221,2,16.53,0.0
8083,2018,6,1,24.22,0.0
8084,2019,15,2,11.21,0.0
8085,2019,18,2,19.15,0.0
8086,2019,51,1,20.32,0.0
8087,2019,24,3,6.46,0.0
8088,2019,62,3,15.66,0.0
8089,2020,4,2,8.66,0.0
8090,2020,221,2,16.53,0.0
8091,2021,126,2,6.42,0.0
8092,2021,11,3,10.32,0.0
8093,2021,22,2,16.56,0.0
8094,2021,39,2,14.97,0.0
8095,2022,24,1,6.46,0.0
8096,2022,20,2,19.92,0.0
8097,2023,154,4,24.21,0.0
8098,2023,4,3,8.66,0.0
8099,2023,246,1,4.38,0.0
8100,2024,34,1,19.46,0.0
8101,2024,30,2,4.36,0.0
8102,2025,10,2,17.86,0.0
8103,2025,30,1,4.36,0.0
8104,2025,14,2,12.02,0.0
8105,2026,33,1,5.52,0.0
8106,2026,162,1,19.9,0.0
8107,2026,4,1,8.66,0.0
8108,2026,6,1,24.22,0.0
8109,2026,105,1,17.09,0.0
8110,2026,170,3,13.05,0.0
8111,2027,10,2,17.86,0.0
8112,2027,13,3,4.43,0.0
8113,2028,35,1,3.73,0.0
8114,2028,3,4,16.72,0.0
8115,2028,12,4,12.04,0.0
8116,2029,9,1,12.58,0.0
8117,2029,12,3,12.04,0.0
8118,2029,5,2,11.32,0.0
8119,2029,17,3,22.02,0.0
8120,2030,168,2,22.08,2.21
8121,2030,131,2,13.68,0.0
8122,2030,205,3,2.44,0.0
8123,2031,32,1,5.99,0.0
8124,2031,25,2,19.85,0.0
8125,2031,31,2,7.89,0.0
8126,2032,136,2,22.16,0.0
8127,2032,180,2,21.11,0.0
8128,2033,128,2,5.56,0.0
8129,2033,19,2,7.1,0.0
8130,2034,160,2,12.13,0.0
8131,2034,1,3,11.87,0.0
8132,2034,6,1,24.22,0.0
8133,2034,8,1,23.8,0.0
8134,2034,40,3,15.33,0.0
8135,2034,29,2,5.4,0.0
8136,2035,10,1,17.86,0.0
8137,2035,6,2,24.22,0.0
8138,2036,21,2,3.76,0.0
8139,2036,27,3,24.04,0.0
8140,2036,220,2,14.33,0.0
8141,2036,213,2,4.8,0.0
8142,2037,32,1,5.99,0.0
8143,2037,33,3,5.52,0.0
8144,2038,1,3,11.87,1.19
8145,2038,3,2,16.72,0.0
8146,2039,9,2,12.58,1.26
8147,2039,84,3,16.03,0.0
8148,2039,21,3,3.76,0.0
8149,2039,6,1,24.22,0.0
8150,2040,65,2,23.95,2.4
8151,2040,3,2,16.72,0.0
8152,2040,9,1,12.58,0.0
8153,2040,175,3,4.87,0.0
8154,2040,18,2,19.15,0.0
8155,2040,31,3,7.89,0.0
8156,2041,2,3,11.3,0.0
8157,2041,12,2,12.04,0.0
8158,2041,144,3,18.59,0.0
8159,2041,246,3,4.38,0.0
8160,2041,218,2,21.24,0.0
8161,2041,29,3,5.4,0.0
8162,2042,20,3,19.92,0.0
8163,2042,44,3,24.69,2.47
8164,2042,37,3,16.44,0.0
8165,2042,22,1,16.56,0.0
8166,2043,20,1,19.92,0.0
8167,2043,29,3,5.4,0.0
8168,2044,204,3,22.83,0.0
8169,2044,23,2,14.2,0.0
8170,2044,183,1,20.78,0.0
8171,2045,24,2,6.46,0.0
8172,2045,155,2,20.04,0.0
8173,2046,162,1,19.9,0.0
8174,2046,123,1,23.88,0.0
8175,2047,16,1,3.81,0.0
8176,2047,25,2,19.85,0.0
8177,2047,192,3,9.33,0.0
8178,2047,33,3,5.52,0.0
8179,2048,4,1,8.66,0.0
8180,2048,23,1,14.2,1.42
8181,2048,84,3,16.03,0.0
8182,2049,32,2,5.99,0.0
8183,2049,37,1,16.44,0.0
8184,2049,12,1,12.04,0.0
8185,2049,13,3,4.43,0.0
8186,2049,115,1,23.78,0.0
8187,2050,16,2,3.81,0.0
8188,2050,241,1,19.19,0.0
8189,2050,222,1,15.23,0.0
8190,2051,162,2,19.9,1.99
8191,2051,19,2,7.1,0.0
8192,2051,247,3,15.38,0.0
8193,2052,37,2,16.44,0.0
8194,2052,29,2,5.4,0.0
8195,2052,39,1,14.97,1.5
8196,2053,32,1,5.99,0.0
8197,2053,98,1,24.18,0.0
8198,2053,2,2,11.3,0.0
8199,2054,184,2,22.35,2.24
8200,2054,4,3,8.66,0.0
8201,2054,5,1,11.32,0.0
8202,2054,38,3,12.67,0.0
8203,2055,10,1,17.86,0.0
8204,2055,12,1,12.04,0.0
8205,2055,111,3,16.8,0.0
8206,2056,32,3,5.99,0.0
8207,2056,34,2,19.46,0.0
8208,2056,36,3,23.88,0.0
8209,2056,6,3,24.22,0.0
8210,2056,26,3,10.08,0.0
8211,2057,32,2,5.99,0.0
8212,2057,25,1,19.85,0.0
8213,2057,10,1,17.86,0.0
8214,2058,37,1,16.44,0.0
8215,2058,230,3,14.04,0.0
8216,2059,1,1,11.87,0.0
8217,2059,4,3,8.66,0.0
8218,2059,15,3,11.21,0.0
8219,2059,18,1,19.15,0.0
8220,2059,180,1,21.11,0.0
8221,2059,28,3,16.85,0.0
8222,2060,33,2,5.52,0.0
8223,2060,196,1,5.36,0.0
8224,2060,16,3,3.81,0.0
8225,2060,23,2,14.2,0.0
8226,2060,31,3,7.89,0.0
8227,2061,184,3,22.35,0.0
8228,2061,78,1,3.94,0.0
8229,2061,47,1,9.27,0.0
8230,2062,246,1,4.38,0.0
8231,2062,15,2,11.21,0.0
8232,2063,36,4,23.88,2.39
8233,2063,165,2,5.73,0.0
8234,2063,70,4,6.33,0.0
8235,2063,113,1,4.94,0.0
8236,2063,25,4,19.85,0.0
8237,2063,31,1,7.89,0.0
8238,2064,11,2,10.32,0.0
8239,2064,148,2,24.3,0.0
8240,2064,216,1,16.32,1.63
8241,2064,27,2,24.04,0.0
8242,2064,30,1,4.36,0.0
8243,2065,9,2,12.58,0.0
8244,2065,66,2,19.0,0.0
8245,2065,28,3,16.85,0.0
8246,2065,22,1,16.56,0.0
8247,2066,36,2,23.88,0.0
8248,2066,167,3,15.91,0.0
8249,2066,11,3,10.32,1.03
8250,2066,18,2,19.15,0.0
8251,2066,28,3,16.85,0.0
8252,2066,30,1,4.36,0.0
8253,2067,82,1,24.79,0.0
8254,2067,11,2,10.32,0.0
8255,2067,92,1,9.7,0.0
8256,2067,14,3,12.02,0.0
8257,2068,32,1,5.99,0.0
8258,2068,3,2,16.72,0.0
8259,2068,131,1,13.68,0.0
8260,2068,13,3,4.43,0.0
8261,2068,15,1,11.21,0.0
8262,2069,3,2,16.72,0.0
8263,2069,35,1,3.73,0.0
8264,2069,9,2,12.58,1.26
8265,2069,202,2,12.79,0.0
8266,2069,177,1,5.69,0.0
8267,2070,35,2,3.73,0.0
8268,2070,165,3,5.73,0.0
8269,2070,15,1,11.21,0.0
8270,2070,241,2,19.19,0.0
8271,2070,245,1,17.11,0.0
8272,2070,30,2,4.36,0.0
8273,2071,8,1,23.8,0.0
8274,2071,9,2,12.58,0.0
8275,2071,35,2,3.73,0.0
8276,2071,4,2,8.66,0.0
8277,2072,12,3,12.04,0.0
8278,2072,81,3,18.28,0.0
8279,2072,17,4,22.02,0.0
8280,2072,243,4,3.55,0.0
8281,2072,21,4,3.76,0.0
8282,2073,28,3,16.85,0.0
8283,2073,20,3,19.92,0.0
8284,2073,30,1,4.36,0.0
8285,2074,185,1,23.4,0.0
8286,2074,23,3,14.2,0.0
8287,2075,32,1,5.99,0.0
8288,2075,193,3,4.28,0.0
8289,2075,36,1,23.88,0.0
8290,2075,109,3,3.95,0.0
8291,2075,120,1,13.7,0.0
8292,2075,27,2,24.04,0.0
8293,2076,121,1,2.42,0.0
8294,2076,124,1,9.86,0.0
8295,2077,218,3,21.24,0.0
8296,2077,3,1,16.72,0.0
8297,2077,36,3,23.88,0.0
8298,2077,167,3,15.91,0.0
8299,2078,113,2,4.94,0.0
8300,2078,22,1,16.56,0.0
8301,2079,36,3,23.88,0.0
8302,2079,175,1,4.87,0.0
8303,2079,25,2,19.85,0.0
8304,2079,28,1,16.85,0.0
8305,2079,30,2,4.36,0.0
8306,2080,203,1,16.15,0.0
8307,2080,5,3,11.32,0.0
8308,2080,15,1,11.21,0.0
8309,2081,112,3,9.55,0.0
8310,2081,11,2,10.32,0.0
8311,2081,28,2,16.85,0.0
8312,2081,37,1,16.44,0.0
8313,2082,1,3,11.87,1.19
8314,2082,7,2,5.95,0.0
8315,2082,13,2,4.43,0.0
8316,2082,182,3,22.94,0.0
8317,2082,30,1,4.36,0.0
8318,2082,31,3,7.89,0.0
8319,2083,33,2,5.52,0.0
8320,2083,28,3,16.85,0.0
8321,2083,22,3,16.56,0.0
8322,2084,224,2,8.7,0.0
8323,2084,15,3,11.21,1.12
8324,2084,21,3,3.76,0.0
8325,2084,245,2,17.11,0.0
8326,2084,23,1,14.2,0.0
8327,2085,32,2,5.99,0.0
8328,2085,130,2,20.13,2.01
8329,2085,137,1,16.21,0.0
8330,2085,10,1,17.86,0.0
8331,2085,19,2,7.1,0.0
8332,2085,127,2,25.0,0.0
8333,2086,33,1,5.52,0.55
8334,2086,84,3,16.03,0.0
8335,2086,158,1,17.6,0.0
8336,2087,26,2,10.08,0.0
8337,2087,5,2,11.32,0.0
8338,2088,3,2,16.72,0.0
8339,2088,133,3,18.99,0.0
8340,2088,39,1,14.97,0.0
8341,2088,21,1,3.76,0.0
8342,2088,26,3,10.08,0.0
8343,2089,62,2,15.66,0.0
8344,2089,143,1,22.76,0.0
8345,2090,82,3,24.79,0.0
8346,2090,11,2,10.32,0.0
8347,2090,84,3,16.03,0.0
8348,2090,23,3,14.2,0.0
8349,2091,27,1,24.04,0.0
8350,2091,156,1,22.79,0.0
8351,2092,128,3,5.56,0.0
8352,2092,35,3,3.73,0.0
8353,2092,5,3,11.32,0.0
8354,2092,166,1,6.59,0.0
8355,2092,38,2,12.67,1.27
8356,2092,20,1,19.92,0.0
8357,2093,34,1,19.46,0.0
8358,2093,4,2,8.66,0.0
8359,2093,14,3,12.02,0.0
8360,2093,20,1,19.92,0.0
8361,2093,52,1,15.6,0.0
8362,2094,26,4,10.08,0.0
8363,2094,18,1,19.15,0.0
8364,2094,234,1,20.09,0.0
8365,2094,15,4,11.21,1.12
8366,2095,224,2,8.7,0.0
8367,2095,196,1,5.36,0.0
8368,2095,133,3,18.99,0.0
8369,2095,36,2,23.88,0.0
8370,2095,55,3,12.62,0.0
8371,2095,120,3,13.7,0.0
8372,2096,49,3,12.79,0.0
8373,2096,20,2,19.92,0.0
8374,2097,34,1,19.46,0.0
8375,2097,166,3,6.59,0.0
8376,2097,8,1,23.8,0.0
8377,2097,11,2,10.32,0.0
8378,2097,15,2,11.21,0.0
8379,2097,27,3,24.04,0.0
8380,2098,9,3,12.58,0.0
8381,2098,171,3,10.54,0.0
8382,2098,118,2,4.15,0.0
8383,2099,225,2,2.04,0.0
8384,2099,226,3,10.11,0.0
8385,2099,201,3,19.45,0.0
8386,2099,238,3,3.0,0.0
8387,2099,27,2,24.04,0.0
8388,2100,35,3,3.73,0.0
8389,2100,5,2,11.32,1.13
8390,2100,16,1,3.81,0.0
8391,2100,20,2,19.92,0.0
8392,2100,28,3,16.85,0.0
8393,2100,62,2,15.66,0.0
8394,2101,33,2,5.52,0.0
8395,2101,3,1,16.72,0.0
8396,2101,40,1,15.33,0.0
8397,2101,118,1,4.15,0.0
8398,2101,246,3,4.38,0.0
8399,2102,2,2,11.3,0.0
8400,2102,34,1,19.46,0.0
8401,2102,51,2,20.32,0.0
8402,2102,247,3,15.38,1.54
8403,2102,24,1,6.46,0.0
8404,2103,1,3,11.87,0.0
8405,2103,168,3,22.08,0.0
8406,2103,137,2,16.21,0.0
8407,2103,107,4,4.97,0.0
8408,2103,111,1,16.8,0.0
8409,2103,175,1,4.87,0.0
8410,2104,35,1,3.73,0.0
8411,2104,11,3,10.32,0.0
8412,2104,189,3,10.88,0.0
8413,2105,7,1,5.95,0.6
8414,2105,15,2,11.21,0.0
8415,2105,242,3,10.21,0.0
8416,2105,20,3,19.92,0.0
8417,2105,22,3,16.56,0.0
8418,2105,25,3,19.85,0.0
8419,2106,224,2,8.7,0.87
8420,2106,36,3,23.88,0.0
8421,2107,37,3,16.44,0.0
8422,2107,207,1,5.44,0.0
8423,2107,17,3,22.02,0.0
8424,2107,90,1,3.2,0.0
8425,2107,95,2,10.89,0.0
8426,2107,31,3,7.89,0.0
8427,2108,34,1,19.46,0.0
8428,2108,3,3,16.72,0.0
8429,2108,44,1,24.69,0.0
8430,2108,147,3,18.55,0.0
8431,2108,55,2,12.62,0.0
8432,2108,23,3,14.2,0.0
8433,2109,1,2,11.87,0.0
8434,2109,156,1,22.79,0.0
8435,2109,18,3,19.15,0.0
8436,2109,24,1,6.46,0.0
8437,2109,27,1,24.04,0.0
8438,2109,28,1,16.85,0.0
8439,2110,18,1,19.15,0.0
8440,2110,242,1,10.21,0.0
8441,2110,55,2,12.62,0.0
8442,2111,42,3,22.29,0.0
8443,2111,14,2,12.02,0.0
8444,2111,116,2,24.93,0.0
8445,2111,20,2,19.92,0.0
8446,2111,156,3,22.79,0.0
8447,2112,9,3,12.58,0.0
8448,2112,7,1,5.95,0.6
8449,2112,95,3,10.89,0.0
8450,2113,40,1,15.33,0.0
8451,2113,139,1,5.55,0.0
8452,2113,17,2,22.02,0.0
8453,2113,125,4,19.62,0.0
8454,2113,25,2,19.85,0.0
8455,2113,29,1,5.4,0.0
8456,2114,12,2,12.04,0.0
8457,2114,5,3,11.32,0.0
8458,2114,22,1,16.56,0.0
8459,2115,34,2,19.46,0.0
8460,2115,6,3,24.22,0.0
8461,2115,14,2,12.02,0.0
8462,2115,23,2,14.2,0.0
8463,2116,99,3,15.86,0.0
8464,2116,78,4,3.94,0.0
8465,2116,207,1,5.44,0.0
8466,2116,21,1,3.76,0.0
8467,2116,31,3,7.89,0.0
8468,2117,19,3,7.1,0.0
8469,2117,52,1,15.6,0.0
8470,2117,4,2,8.66,0.0
8471,2117,70,1,6.33,0.0
8472,2118,163,3,13.57,0.0
8473,2118,9,1,12.58,1.26
8474,2118,170,3,13.05,0.0
8475,2118,11,2,10.32,0.0
8476,2118,27,2,24.04,0.0
8477,2119,7,3,5.95,0.0
8478,2119,8,3,23.8,0.0
8479,2119,79,1,16.86,0.0
8480,2119,21,2,3.76,0.0
8481,2119,86,3,23.11,2.31
8482,2119,216,3,16.32,0.0
8483,2120,17,3,22.02,0.0
8484,2120,115,3,23.78,0.0
8485,2121,184,1,22.35,0.0
8486,2121,25,3,19.85,0.0
8487,2121,157,3,6.46,0.0
8488,2121,6,2,24.22,0.0
8489,2122,226,3,10.11,0.0
8490,2122,12,3,12.04,0.0
8491,2122,20,1,19.92,0.0
8492,2122,247,3,15.38,0.0
8493,2123,32,1,5.99,0.6
8494,2123,33,2,5.52,0.0
8495,2123,31,3,7.89,0.0
8496,2123,39,2,14.97,0.0
8497,2124,69,1,15.15,0.0
8498,2124,39,4,14.97,0.0
8499,2124,19,2,7.1,0.0
8500,2124,119,3,17.42,0.0
8501,2124,22,3,16.56,1.66
8502,2124,23,1,14.2,0.0
8503,2125,36,1,23.88,0.0
8504,2125,39,1,14.97,0.0
8505,2125,81,3,18.28,0.0
8506,2125,122,3,9.1,0.0
8507,2125,31,2,7.89,0.0
8508,2126,176,2,3.93,0.0
8509,2126,18,3,19.15,1.92
8510,2126,85,2,10.37,0.0
8511,2126,29,3,5.4,0.0
8512,2126,30,3,4.36,0.0
8513,2127,35,3,3.73,0.0
8514,2127,147,1,18.55,0.0
8515,2128,13,2,4.43,0.0
8516,2128,38,2,12.67,0.0
8517,2129,36,2,23.88,2.39
8518,2129,237,3,22.09,0.0
8519,2129,22,1,16.56,0.0
8520,2130,169,2,3.2,0.0
8521,2130,20,3,19.92,0.0
8522,2130,28,2,16.85,0.0
8523,2130,206,3,6.96,0.0
8524,2131,38,1,12.67,0.0
8525,2131,6,3,24.22,0.0
8526,2132,33,3,5.52,0.0
8527,2132,10,1,17.86,0.0
8528,2132,17,3,22.02,0.0
8529,2133,152,1,7.38,0.74
8530,2133,50,2,16.52,0.0
8531,2133,12,3,12.04,0.0
8532,2134,19,2,7.1,0.0
8533,2134,194,2,18.44,0.0
8534,2134,235,3,13.68,0.0
8535,2135,1,2,11.87,0.0
8536,2135,5,3,11.32,0.0
8537,2135,85,1,10.37,0.0
8538,2135,25,3,19.85,0.0
8539,2135,30,1,4.36,0.44
8540,2136,25,2,19.85,0.0
8541,2136,187,3,11.12,0.0
8542,2136,13,3,4.43,0.44
8543,2136,243,1,3.55,0.0
8544,2137,36,1,23.88,0.0
8545,2137,39,1,14.97,0.0
8546,2137,8,3,23.8,0.0
8547,2137,14,1,12.02,0.0
8548,2137,18,1,19.15,0.0
8549,2137,54,1,3.71,0.0
8550,2138,172,2,23.49,0.0
8551,2138,15,3,11.21,0.0
8552,2138,5,3,11.32,0.0
8553,2138,7,2,5.95,0.0
8554,2139,16,2,3.81,0.0
8555,2139,219,2,13.5,0.0
8556,2139,243,3,3.55,0.0
8557,2140,35,1,3.73,0.0
8558,2140,34,2,19.46,0.0
8559,2140,11,1,10.32,0.0
8560,2141,3,4,16.72,0.0
8561,2141,87,1,10.91,0.0
8562,2141,25,3,19.85,0.0
8563,2141,29,4,5.4,0.0
8564,2141,30,3,4.36,0.0
8565,2142,222,1,15.23,0.0
8566,2142,31,2,7.89,0.0
8567,2143,37,1,16.44,0.0
8568,2143,166,1,6.59,0.0
8569,2143,8,1,23.8,0.0
8570,2143,40,1,15.33,0.0
8571,2143,170,2,13.05,0.0
8572,2143,204,1,22.83,0.0
8573,2144,25,2,19.85,0.0
8574,2144,11,1,10.32,0.0
8575,2144,28,3,16.85,0.0
8576,2144,21,1,3.76,0.0
8577,2145,32,3,5.99,0.0
8578,2145,34,1,19.46,0.0
8579,2145,100,2,5.46,0.55
8580,2145,12,3,12.04,0.0
8581,2145,31,1,7.89,0.0
8582,2146,143,1,22.76,0.0
8583,2146,223,3,18.53,0.0
8584,2147,12,2,12.04,0.0
8585,2147,17,3,22.02,0.0
8586,2147,84,3,16.03,1.6
8587,2147,28,2,16.85,0.0
8588,2147,95,3,10.89,0.0
8589,2148,194,3,18.44,0.0
8590,2148,142,2,16.37,0.0
8591,2148,14,1,12.02,0.0
8592,2148,119,2,17.42,0.0
8593,2149,34,2,19.46,1.95
8594,2149,6,2,24.22,0.0
8595,2149,11,1,10.32,0.0
8596,2149,17,2,22.02,0.0
8597,2149,248,2,19.4,0.0
8598,2149,57,1,10.48,0.0
8599,2150,105,3,17.09,0.0
8600,2150,52,2,15.6,0.0
8601,2151,17,1,22.02,0.0
8602,2151,238,1,3.0,0.0
8603,2152,24,1,6.46,0.0
8604,2152,73,2,24.03,0.0
8605,2152,38,3,12.67,1.27
8606,2153,3,2,16.72,0.0
8607,2153,35,4,3.73,0.37
8608,2153,90,1,3.2,0.32
8609,2153,18,3,19.15,0.0
8610,2153,26,3,10.08,0.0
8611,2153,28,4,16.85,0.0
8612,2154,1,2,11.87,0.0
8613,2154,7,4,5.95,0.0
8614,2154,168,4,22.08,2.21
8615,2154,105,3,17.09,0.0
8616,2154,26,1,10.08,0.0
8617,2154,27,4,24.04,0.0
8618,2155,36,2,23.88,0.0
8619,2155,16,4,3.81,0.0
8620,2155,20,1,19.92,0.0
8621,2155,25,3,19.85,0.0
8622,2155,27,3,24.04,2.4
8623,2156,25,2,19.85,0.0
8624,2156,36,2,23.88,0.0
8625,2157,34,3,19.46,0.0
8626,2157,163,2,13.57,0.0
8627,2157,11,1,10.32,0.0
8628,2157,17,2,22.02,0.0
8629,2157,29,2,5.4,0.0
8630,2158,225,3,2.04,0.0
8631,2158,1,2,11.87,0.0
8632,2158,5,3,11.32,1.13
8633,2158,13,1,4.43,0.0
8634,2158,14,3,12.02,0.0
8635,2158,117,2,22.99,2.3
8636,2159,137,3,16.21,0.0
8637,2159,12,2,12.04,0.0
8638,2159,114,2,18.17,1.82
8639,2159,26,1,10.08,0.0
8640,2159,223,1,18.53,1.85
8641,2160,161,1,19.7,0.0
8642,2160,131,1,13.68,0.0
8643,2160,5,3,11.32,0.0
8644,2160,40,1,15.33,0.0
8645,2160,16,1,3.81,0.0
8646,2160,17,3,22.02,0.0
8647,2161,4,2,8.66,0.0
8648,2161,5,2,11.32,0.0
8649,2161,102,3,17.26,0.0
8650,2161,40,1,15.33,0.0
8651,2161,20,1,19.92,0.0
8652,2161,30,3,4.36,0.0
8653,2162,1,3,11.87,0.0
8654,2162,7,4,5.95,0.0
8655,2163,33,1,5.52,0.0
8656,2163,12,3,12.04,0.0
8657,2163,69,3,15.15,0.0
8658,2164,25,1,19.85,0.0
8659,2164,27,3,24.04,0.0
8660,2164,21,1,3.76,0.0
8661,2164,243,2,3.55,0.0
8662,2165,34,1,19.46,0.0
8663,2165,3,3,16.72,1.67
8664,2165,8,2,23.8,0.0
8665,2165,15,2,11.21,0.0
8666,2165,26,3,10.08,0.0
8667,2165,155,3,20.04,0.0
8668,2166,4,3,8.66,0.0
8669,2166,10,3,17.86,0.0
8670,2166,236,3,2.47,0.0
8671,2166,19,3,7.1,0.0
8672,2166,31,1,7.89,0.0
8673,2167,1,1,11.87,0.0
8674,2167,36,1,23.88,0.0
8675,2168,210,1,11.73,0.0
8676,2168,20,3,19.92,0.0
8677,2168,7,2,5.95,0.0
8678,2169,24,1,6.46,0.0
8679,2169,211,2,19.85,0.0
8680,2169,23,2,14.2,0.0
8681,2170,24,1,6.46,0.0
8682,2170,27,1,24.04,0.0
8683,2170,78,3,3.94,0.39
8684,2170,63,2,10.84,0.0
8685,2171,64,2,15.35,0.0
8686,2171,16,1,3.81,0.0
8687,2171,35,2,3.73,0.0
8688,2172,145,2,3.0,0.0
8689,2172,13,2,4.43,0.0
8690,2172,22,3,16.56,0.0
8691,2172,23,2,14.2,0.0
8692,2173,73,3,24.03,2.4
8693,2173,198,1,23.1,0.0
8694,2174,1,2,11.87,0.0
8695,2174,18,1,19.15,0.0
8696,2174,4,3,8.66,0.0
8697,2174,229,2,17.37,0.0
8698,2175,26,3,10.08,0.0
8699,2175,36,2,23.88,0.0
8700,2175,13,2,4.43,0.0
8701,2175,23,3,14.2,0.0
8702,2176,11,3,10.32,0.0
8703,2176,44,1,24.69,0.0
8704,2176,12,1,12.04,0.0
8705,2176,86,2,23.11,0.0
8706,2176,62,3,15.66,0.0
8707,2177,20,2,19.92,0.0
8708,2177,37,3,16.44,1.64
8709,2177,15,1,11.21,0.0
8710,2178,64,1,15.35,0.0
8711,2178,8,3,23.8,0.0
8712,2178,31,2,7.89,0.0
8713,2179,18,2,19.15,0.0
8714,2179,12,3,12.04,0.0
8715,2179,167,1,15.91,0.0
8716,2180,120,3,13.7,0.0
8717,2180,9,3,12.58,0.0
8718,2180,114,1,18.17,0.0
8719,2180,18,1,19.15,0.0
8720,2181,37,1,16.44,0.0
8721,2181,22,3,16.56,0.0
8722,2182,17,1,22.02,0.0
8723,2182,202,3,12.79,0.0
8724,2182,14,2,12.02,1.2
8725,2182,23,3,14.2,0.0
8726,2183,100,1,5.46,0.0
8727,2183,5,1,11.32,0.0
8728,2183,38,3,12.67,0.0
8729,2183,6,2,24.22,0.0
8730,2183,138,2,15.74,0.0
8731,2183,19,1,7.1,0.0
8732,2184,9,3,12.58,0.0
8733,2184,17,1,22.02,0.0
8734,2185,8,2,23.8,0.0
8735,2185,7,2,5.95,0.6
8736,2186,58,3,8.6,0.0
8737,2186,14,3,12.02,0.0
8738,2187,6,1,24.22,0.0
8739,2187,8,3,23.8,0.0
8740,2187,10,3,17.86,0.0
8741,2187,174,1,13.87,0.0
8742,2187,25,3,19.85,0.0
8743,2187,31,1,7.89,0.0
8744,2188,24,2,6.46,0.0
8745,2188,174,1,13.87,0.0
8746,2189,33,3,5.52,0.0
8747,2189,6,2,24.22,0.0
8748,2190,86,3,23.11,0.0
8749,2190,37,3,16.44,0.0
8750,2190,62,3,15.66,1.57
8751,2190,6,1,24.22,0.0
8752,2191,4,2,8.66,0.0
8753,2191,39,2,14.97,0.0
8754,2191,8,3,23.8,0.0
8755,2191,10,1,17.86,0.0
8756,2191,25,3,19.85,1.99
8757,2191,94,1,14.83,0.0
8758,2192,227,2,15.13,0.0
8759,2192,7,1,5.95,0.0
8760,2192,40,1,15.33,0.0
8761,2192,11,1,10.32,0.0
8762,2192,17,3,22.02,0.0
8763,2192,21,2,3.76,0.0
8764,2193,7,2,5.95,0.0
8765,2193,10,2,17.86,1.79
8766,2193,23,3,14.2,0.0
8767,2193,26,3,10.08,0.0
8768,2193,189,2,10.88,0.0
8769,2193,31,3,7.89,0.79
8770,2194,33,1,5.52,0.0
8771,2194,3,2,16.72,0.0
8772,2194,168,3,22.08,0.0
8773,2194,137,1,16.21,0.0
8774,2194,18,3,19.15,0.0
8775,2194,95,1,10.89,0.0
8776,2195,34,3,19.46,0.0
8777,2195,6,2,24.22,0.0
8778,2195,12,2,12.04,0.0
8779,2195,23,1,14.2,0.0
8780,2195,28,2,16.85,0.0
8781,2196,24,2,6.46,0.0
8782,2196,27,1,24.04,0.0
8783,2196,149,1,16.04,0.0
8784,2196,31,2,7.89,0.0
8785,2197,66,3,19.0,0.0
8786,2197,4,3,8.66,0.0
8787,2197,7,3,5.95,0.0
8788,2197,136,2,22.16,0.0
8789,2197,219,2,13.5,0.0
8790,2197,30,1,4.36,0.0
8791,2198,16,2,3.81,0.0
8792,2198,149,1,16.04,0.0
8793,2199,35,2,3.73,0.0
8794,2199,3,2,16.72,0.0
8795,2199,138,3,15.74,0.0
8796,2199,12,1,12.04,1.2
8797,2199,177,3,5.69,0.0
8798,2199,26,2,10.08,0.0
8799,2200,1,3,11.87,0.0
8800,2200,39,3,14.97,0.0
8801,2200,105,2,17.09,1.71
8802,2200,17,2,22.02,0.0
8803,2200,87,3,10.91,0.0
8804,2201,13,1,4.43,0.0
8805,2201,159,2,15.12,0.0
8806,2202,40,2,15.33,0.0
8807,2202,33,1,5.52,0.0
8808,2202,31,1,7.89,0.0
8809,2203,4,1,8.66,0.87
8810,2203,22,3,16.56,0.0
8811,2204,32,2,5.99,0.0
8812,2204,7,2,5.95,0.0
8813,2204,8,3,23.8,0.0
8814,2204,14,2,12.02,0.0
8815,2204,179,2,13.81,0.0
8816,2205,36,2,23.88,0.0
8817,2205,12,1,12.04,0.0
8818,2205,7,1,5.95,0.0
8819,2206,83,1,14.05,0.0
8820,2206,30,2,4.36,0.0
8821,2207,12,3,12.04,0.0
8822,2207,22,2,16.56,0.0
8823,2207,119,1,17.42,0.0
8824,2207,24,2,6.46,0.0
8825,2207,29,3,5.4,0.0
8826,2208,13,1,4.43,0.0
8827,2208,223,2,18.53,0.0
8828,2209,148,1,24.3,0.0
8829,2209,37,2,16.44,0.0
8830,2209,190,2,3.88,0.0
8831,2210,234,3,20.09,0.0
8832,2210,147,2,18.55,1.86
8833,2210,37,2,16.44,0.0
8834,2211,97,2,21.59,0.0
8835,2211,7,2,5.95,0.0
8836,2211,39,2,14.97,0.0
8837,2211,14,3,12.02,0.0
8838,2211,15,3,11.21,0.0
8839,2211,188,2,10.6,0.0
8840,2212,5,3,11.32,0.0
8841,2212,8,1,23.8,0.0
8842,2212,202,1,12.79,0.0
8843,2212,240,2,10.59,0.0
8844,2212,146,1,10.38,0.0
8845,2213,196,3,5.36,0.0
8846,2213,74,3,12.36,0.0
8847,2213,116,1,24.93,0.0
8848,2213,22,2,16.56,0.0
8849,2213,119,3,17.42,0.0
8850,2213,28,1,16.85,0.0
8851,2214,123,3,23.88,0.0
8852,2214,21,3,3.76,0.0
8853,2214,23,3,14.2,0.0
8854,2215,3,3,16.72,0.0
8855,2215,229,1,17.37,0.0
8856,2215,170,3,13.05,0.0
8857,2215,12,1,12.04,0.0
8858,2215,18,1,19.15,0.0
8859,2216,17,2,22.02,0.0
8860,2216,250,3,10.1,0.0
8861,2216,35,1,3.73,0.0
8862,2216,33,3,5.52,0.0
8863,2217,36,1,23.88,2.39
8864,2217,37,3,16.44,0.0
8865,2217,8,3,23.8,0.0
8866,2217,218,1,21.24,2.12
8867,2217,28,1,16.85,0.0
8868,2218,2,3,11.3,0.0
8869,2218,5,1,11.32,0.0
8870,2218,70,3,6.33,0.0
8871,2218,39,3,14.97,0.0
8872,2218,12,1,12.04,0.0
8873,2218,22,2,16.56,0.0
8874,2219,39,1,14.97,0.0
8875,2219,215,2,16.7,0.0
8876,2220,3,2,16.72,0.0
8877,2220,40,3,15.33,0.0
8878,2220,9,2,12.58,0.0
8879,2220,11,2,10.32,0.0
8880,2220,108,1,18.3,0.0
8881,2221,40,3,15.33,0.0
8882,2221,10,3,17.86,0.0
8883,2221,31,1,7.89,0.0
8884,2222,38,2,12.67,0.0
8885,2222,7,2,5.95,0.0
8886,2222,39,1,14.97,1.5
8887,2222,19,3,7.1,0.71
8888,2222,22,1,16.56,0.0
8889,2222,25,2,19.85,0.0
8890,2223,6,4,24.22,0.0
8891,2223,199,2,12.87,0.0
8892,2223,79,1,16.86,0.0
8893,2223,214,3,7.48,0.0
8894,2223,57,1,10.48,0.0
8895,2223,25,1,19.85,0.0
8896,2224,70,3,6.33,0.0
8897,2224,232,1,23.93,0.0
8898,2224,9,2,12.58,1.26
8899,2224,19,1,7.1,0.0
8900,2224,20,3,19.92,0.0
8901,2224,56,1,2.86,0.0
8902,2225,33,2,5.52,0.0
8903,2225,109,3,3.95,0.0
8904,2225,4,1,8.66,0.0
8905,2225,12,1,12.04,0.0
8906,2226,5,3,11.32,0.0
8907,2226,37,3,16.44,0.0
8908,2226,12,1,12.04,0.0
8909,2226,77,1,24.59,0.0
8910,2226,241,2,19.19,0.0
8911,2226,246,2,4.38,0.0
8912,2227,33,2,5.52,0.0
8913,2227,168,2,22.08,0.0
8914,2227,107,1,4.97,0.0
8915,2227,113,1,4.94,0.0
8916,2227,22,2,16.56,0.0
8917,2227,26,1,10.08,0.0
8918,2228,226,4,10.11,0.0
8919,2228,36,4,23.88,0.0
8920,2228,230,4,14.04,1.4
8921,2228,6,1,24.22,2.42
8922,2228,14,2,12.02,0.0
8923,2229,161,1,19.7,0.0
8924,2229,12,1,12.04,0.0
8925,2229,114,2,18.17,0.0
8926,2229,246,1,4.38,0.0
8927,2229,29,1,5.4,0.54
8928,2230,10,3,17.86,0.0
8929,2230,100,3,5.46,0.0
8930,2230,15,2,11.21,1.12
8931,2231,1,3,11.87,0.0
8932,2231,231,2,10.29,0.0
8933,2231,176,2,3.93,0.0
8934,2231,17,2,22.02,0.0
8935,2231,29,1,5.4,0.0
8936,2232,16,2,3.81,0.0
8937,2232,220,1,14.33,0.0
8938,2232,47,2,9.27,0.0
8939,2232,15,1,11.21,0.0
8940,2233,17,1,22.02,0.0
8941,2233,169,1,3.2,0.0
8942,2233,21,2,3.76,0.0
8943,2233,33,3,5.52,0.0
8944,2234,194,2,18.44,0.0
8945,2234,34,1,19.46,0.0
8946,2234,5,1,11.32,0.0
8947,2234,11,3,10.32,0.0
8948,2234,14,1,12.02,0.0
8949,2234,83,3,14.05,0.0
8950,2235,33,3,5.52,0.0
8951,2235,194,2,18.44,0.0
8952,2235,5,3,11.32,0.0
8953,2235,140,1,6.16,0.0
8954,2235,248,3,19.4,0.0
8955,2235,27,2,24.04,0.0
8956,2236,194,2,18.44,0.0
8957,2236,2,3,11.3,0.0
8958,2236,35,1,3.73,0.0
8959,2236,37,1,16.44,1.64
8960,2236,5,3,11.32,1.13
8961,2236,16,1,3.81,0.0
8962,2237,36,2,23.88,0.0
8963,2237,77,3,24.59,0.0
8964,2237,144,2,18.59,0.0
8965,2237,16,3,3.81,0.0
8966,2237,127,1,25.0,0.0
8967,2238,7,2,5.95,0.6
8968,2238,15,1,11.21,0.0
8969,2239,122,1,9.1,0.0
8970,2239,180,2,21.11,0.0
8971,2239,12,3,12.04,1.2
8972,2239,114,3,18.17,0.0
8973,2240,35,1,3.73,0.0
8974,2240,21,3,3.76,0.0
8975,2240,6,3,24.22,0.0
8976,2241,27,2,24.04,2.4
8977,2241,37,1,16.44,0.0
8978,2241,111,1,16.8,0.0
8979,2242,73,2,24.03,0.0
8980,2242,249,2,5.07,0.0
8981,2242,36,1,23.88,0.0
8982,2242,93,2,9.58,0.0
8983,2243,5,2,11.32,0.0
8984,2243,39,2,14.97,0.0
8985,2243,80,3,2.9,0.0
8986,2243,19,1,7.1,0.0
8987,2243,20,2,19.92,0.0
8988,2243,89,3,17.61,0.0
8989,2244,8,3,23.8,0.0
8990,2244,40,3,15.33,0.0
8991,2244,140,2,6.16,0.0
8992,2244,20,2,19.92,0.0
8993,2244,124,2,9.86,0.0
8994,2245,11,2,10.32,0.0
8995,2245,116,1,24.93,0.0
8996,2245,23,3,14.2,0.0
8997,2245,56,3,2.86,0.0
8998,2245,250,1,10.1,0.0
8999,2246,25,3,19.85,0.0
9000,2246,115,2,23.78,0.0
9001,2246,15,2,11.21,0.0
9002,2247,16,3,3.81,0.0
9003,2247,18,3,19.15,0.0
9004,2247,11,3,10.32,0.0
9005,2248,13,1,4.43,0.0
9006,2248,37,3,16.44,0.0
9007,2248,31,3,7.89,0.0
9008,2249,66,3,19.0,0.0
9009,2249,18,3,19.15,0.0
9010,2249,20,2,19.92,0.0
9011,2249,25,3,19.85,0.0
9012,2249,26,3,10.08,1.01
9013,2249,30,3,4.36,0.0
9014,2250,25,3,19.85,0.0
9015,2250,21,1,3.76,0.0
9016,2251,37,2,16.44,0.0
9017,2251,19,2,7.1,0.71
9018,2251,13,3,4.43,0.0
9019,2251,175,1,4.87,0.0
9020,2252,25,2,19.85,1.99
9021,2252,189,1,10.88,0.0
9022,2252,159,1,15.12,0.0
9023,2253,32,3,5.99,0.0
9024,2253,36,2,23.88,2.39
9025,2253,238,3,3.0,0.0
9026,2253,15,3,11.21,0.0
9027,2253,240,1,10.59,0.0
9028,2253,17,2,22.02,2.2
9029,2254,192,2,9.33,0.0
9030,2254,7,1,5.95,0.0
9031,2254,207,3,5.44,0.0
9032,2254,17,1,22.02,0.0
9033,2254,29,3,5.4,0.0
9034,2255,14,2,12.02,0.0
9035,2255,23,2,14.2,0.0
9036,2256,4,2,8.66,0.87
9037,2256,7,2,5.95,0.0
9038,2257,16,3,3.81,0.0
9039,2257,241,3,19.19,0.0
9040,2257,31,2,7.89,0.79
9041,2258,5,2,11.32,0.0
9042,2258,43,3,16.79,0.0
9043,2258,17,1,22.02,0.0
9044,2258,24,1,6.46,0.0
9045,2258,29,3,5.4,0.0
9046,2259,24,1,6.46,0.0
9047,2259,20,1,19.92,0.0
9048,2259,38,2,12.67,0.0
9049,2259,167,1,15.91,0.0
9050,2260,223,1,18.53,0.0
9051,2260,12,3,12.04,0.0
9052,2260,14,2,12.02,0.0
9053,2260,31,3,7.89,0.0
9054,2261,9,3,12.58,0.0
9055,2261,21,1,3.76,0.0
9056,2262,138,2,15.74,0.0
9057,2262,108,3,18.3,0.0
9058,2262,12,2,12.04,0.0
9059,2262,214,3,7.48,0.0
9060,2263,35,3,3.73,0.37
9061,2263,36,1,23.88,0.0
9062,2263,37,3,16.44,0.0
9063,2263,27,3,24.04,0.0
9064,2263,124,2,9.86,0.0
9065,2264,96,2,7.8,0.0
9066,2264,4,2,8.66,0.0
9067,2264,5,1,11.32,0.0
9068,2264,15,2,11.21,0.0
9069,2264,23,1,14.2,0.0
9070,2264,216,1,16.32,1.63
9071,2265,10,1,17.86,0.0
9072,2265,147,2,18.55,1.86
9073,2265,204,4,22.83,0.0
9074,2265,219,3,13.5,0.0
9075,2266,8,2,23.8,0.0
9076,2266,19,1,7.1,0.0
9077,2266,12,3,12.04,0.0
9078,2267,24,1,6.46,0.0
9079,2267,39,2,14.97,0.0
9080,2268,36,3,23.88,0.0
9081,2268,4,2,8.66,0.0
9082,2268,40,2,15.33,0.0
9083,2268,75,1,20.65,0.0
9084,2268,111,3,16.8,0.0
9085,2268,28,2,16.85,0.0
9086,2269,104,1,9.14,0.0
9087,2269,35,3,3.73,0.0
9088,2269,6,1,24.22,2.42
9089,2269,23,2,14.2,1.42
9090,2270,10,1,17.86,0.0
9091,2270,15,3,11.21,0.0
9092,2270,22,1,16.56,0.0
9093,2270,121,1,2.42,0.0
9094,2270,29,3,5.4,0.0
9095,2271,128,2,5.56,0.0
9096,2271,33,3,5.52,0.0
9097,2271,67,2,2.94,0.0
9098,2271,163,3,13.57,0.0
9099,2271,38,2,12.67,0.0
9100,2271,246,3,4.38,0.0
9101,2272,156,2,22.79,0.0
9102,2272,6,1,24.22,0.0
9103,2272,183,1,20.78,0.0
9104,2273,194,3,18.44,0.0
9105,2273,77,1,24.59,0.0
9106,2273,14,3,12.02,0.0
9107,2273,144,2,18.59,0.0
9108,2273,23,3,14.2,0.0
9109,2273,26,3,10.08,0.0
9110,2274,4,3,8.66,0.0
9111,2274,38,3,12.67,0.0
9112,2274,40,2,15.33,0.0
9113,2274,11,2,10.32,0.0
9114,2274,87,3,10.91,0.0
9115,2274,29,2,5.4,0.0
9116,2275,120,2,13.7,0.0
9117,2275,18,1,19.15,0.0
9118,2275,223,3,18.53,0.0
9119,2276,26,2,10.08,0.0
9120,2276,21,2,3.76,0.0
9121,2276,142,1,16.37,0.0
9122,2276,71,3,15.92,0.0
9123,2277,34,3,19.46,0.0
9124,2277,35,3,3.73,0.0
9125,2277,37,1,16.44,0.0
9126,2277,14,2,12.02,0.0
9127,2277,82,3,24.79,0.0
9128,2277,26,2,10.08,0.0
9129,2278,26,1,10.08,1.01
9130,2278,89,3,17.61,1.76
9131,2278,34,1,19.46,1.95
9132,2278,211,3,19.85,0.0
9133,2279,8,1,23.8,0.0
9134,2279,29,3,5.4,0.54
9135,2280,34,3,19.46,0.0
9136,2280,40,3,15.33,0.0
9137,2280,10,2,17.86,0.0
9138,2280,78,4,3.94,0.0
9139,2280,15,4,11.21,0.0
9140,2280,187,4,11.12,0.0
9141,2281,3,3,16.72,0.0
9142,2281,4,1,8.66,0.0
9143,2281,6,1,24.22,0.0
9144,2281,15,1,11.21,0.0
9145,2281,20,3,19.92,0.0
9146,2281,24,2,6.46,0.0
9147,2282,28,3,16.85,0.0
9148,2282,22,1,16.56,1.66
9149,2283,24,1,6.46,0.0
9150,2283,169,1,3.2,0.32
9151,2283,21,3,3.76,0.0
9152,2283,190,1,3.88,0.0
9153,2284,1,1,11.87,0.0
9154,2284,198,2,23.1,0.0
9155,2284,62,1,15.66,0.0
9156,2284,39,4,14.97,0.0
9157,2285,32,3,5.99,0.0
9158,2285,17,2,22.02,0.0
9159,2285,37,3,16.44,0.0
9160,2286,104,1,9.14,0.0
9161,2286,11,3,10.32,0.0
9162,2287,27,3,24.04,2.4
9163,2287,131,2,13.68,0.0
9164,2287,38,3,12.67,0.0
9165,2288,96,2,7.8,0.0
9166,2288,1,1,11.87,0.0
9167,2288,5,3,11.32,0.0
9168,2288,239,2,10.9,0.0
9169,2288,29,3,5.4,0.0
9170,2288,30,1,4.36,0.44
9171,2289,37,3,16.44,0.0
9172,2289,20,3,19.92,0.0
9173,2289,23,1,14.2,0.0
9174,2289,56,2,2.86,0.0
9175,2289,24,1,6.46,0.0
9176,2290,24,1,6.46,0.0
9177,2290,19,3,7.1,0.0
9178,2290,37,1,16.44,0.0
9179,2290,22,3,16.56,0.0
9180,2291,9,1,12.58,0.0
9181,2291,10,1,17.86,0.0
9182,2291,12,2,12.04,0.0
9183,2291,147,1,18.55,0.0
9184,2291,213,2,4.8,0.0
9185,2291,31,3,7.89,0.0
9186,2292,40,3,15.33,0.0
9187,2292,34,2,19.46,0.0
9188,2292,21,1,3.76,0.0
9189,2292,142,3,16.37,0.0
9190,2293,33,3,5.52,0.0
9191,2293,194,2,18.44,0.0
9192,2293,195,3,9.71,0.97
9193,2293,17,2,22.02,0.0
9194,2294,19,1,7.1,0.0
9195,2294,218,2,21.24,2.12
9196,2294,3,1,16.72,0.0
9197,2295,121,3,2.42,0.0
9198,2295,125,1,19.62,0.0
9199,2296,176,2,3.93,0.0
9200,2296,29,2,5.4,0.0
9201,2296,213,3,4.8,0.48
9202,2297,225,3,2.04,0.0
9203,2297,11,2,10.32,0.0
9204,2297,14,3,12.02,0.0
9205,2297,60,2,24.48,0.0
9206,2297,29,1,5.4,0.0
9207,2297,62,3,15.66,0.0
9208,2298,17,3,22.02,2.2
9209,2298,20,2,19.92,1.99
9210,2298,22,3,16.56,0.0
9211,2299,225,2,2.04,0.2
9212,2299,7,1,5.95,0.0
9213,2299,15,2,11.21,0.0
9214,2300,16,3,3.81,0.0
9215,2300,161,1,19.7,1.97
9216,2300,5,1,11.32,0.0
9217,2301,202,3,12.79,0.0
9218,2301,95,3,10.89,1.09
9219,2302,249,2,5.07,0.0
9220,2302,25,3,19.85,0.0
9221,2302,110,1,14.86,0.0
9222,2302,30,1,4.36,0.0
9223,2303,96,1,7.8,0.78
9224,2303,10,1,17.86,0.0
9225,2303,18,3,19.15,0.0
9226,2303,147,1,18.55,0.0
9227,2303,20,2,19.92,1.99
9228,2303,27,2,24.04,0.0
9229,2304,32,1,5.99,0.0
9230,2304,58,1,8.6,0.0
9231,2304,198,2,23.1,2.31
9232,2304,190,3,3.88,0.0
9233,2305,11,3,10.32,0.0
9234,2305,68,1,22.91,2.29
9235,2306,1,1,11.87,0.0
9236,2306,100,1,5.46,0.0
9237,2306,60,2,24.48,0.0
9238,2307,19,2,7.1,0.0
9239,2307,20,4,19.92,0.0
9240,2307,21,3,3.76,0.0
9241,2307,119,2,17.42,0.0
9242,2307,219,3,13.5,0.0
9243,2308,32,2,5.99,0.0
9244,2308,16,2,3.81,0.38
9245,2309,126,2,6.42,0.0
9246,2309,21,2,3.76,0.0
9247,2309,14,2,12.02,0.0
9248,2310,5,3,11.32,0.0
9249,2310,37,2,16.44,0.0
9250,2310,232,2,23.93,0.0
9251,2310,20,2,19.92,0.0
9252,2310,27,2,24.04,0.0
9253,2311,230,2,14.04,0.0
9254,2311,39,2,14.97,0.0
9255,2311,13,1,4.43,0.0
9256,2311,16,3,3.81,0.0
9257,2311,25,1,19.85,0.0
9258,2311,186,3,11.54,0.0
9259,2312,34,3,19.46,0.0
9260,2312,26,1,10.08,0.0
9261,2312,24,2,6.46,0.0
9262,2312,122,1,9.1,0.0
9263,2312,125,2,19.62,0.0
9264,2312,30,1,4.36,0.44
9265,2313,17,3,22.02,0.0
9266,2313,227,1,15.13,0.0
9267,2313,62,2,15.66,0.0
9268,2314,12,2,12.04,0.0
9269,2314,189,2,10.88,0.0
9270,2315,3,1,16.72,0.0
9271,2315,200,2,21.12,0.0
9272,2315,106,1,17.23,0.0
9273,2315,14,2,12.02,0.0
9274,2315,183,2,20.78,0.0
9275,2316,99,2,15.86,0.0
9276,2316,200,1,21.12,0.0
9277,2316,8,1,23.8,2.38
9278,2316,124,3,9.86,0.0
9279,2316,29,1,5.4,0.54
9280,2316,127,2,25.0,2.5
9281,2317,10,1,17.86,0.0
9282,2317,62,4,15.66,1.57
9283,2318,8,3,23.8,0.0
9284,2318,29,3,5.4,0.0
9285,2318,21,3,3.76,0.0
9286,2319,34,2,19.46,0.0
9287,2319,5,1,11.32,0.0
9288,2319,6,2,24.22,0.0
9289,2319,104,2,9.14,0.0
9290,2319,15,2,11.21,0.0
9291,2320,108,2,18.3,0.0
9292,2320,57,2,10.48,1.05
9293,2320,42,3,22.29,2.23
9294,2320,236,2,2.47,0.0
9295,2321,177,3,5.69,0.0
9296,2321,37,1,16.44,0.0
9297,2322,32,3,5.99,0.0
9298,2322,198,1,23.1,0.0
9299,2322,12,1,12.04,0.0
9300,2322,14,2,12.02,0.0
9301,2322,18,2,19.15,0.0
9302,2323,33,3,5.52,0.0
9303,2323,68,1,22.91,0.0
9304,2323,8,2,23.8,0.0
9305,2323,211,2,19.85,0.0
9306,2323,185,3,23.4,0.0
9307,2323,25,1,19.85,1.99
9308,2324,33,1,5.52,0.0
9309,2324,35,2,3.73,0.0
9310,2324,20,1,19.92,0.0
9311,2324,30,3,4.36,0.0
9312,2325,28,2,16.85,0.0
9313,2325,31,1,7.89,0.0
9314,2326,188,3,10.6,0.0
9315,2326,213,2,4.8,0.0
9316,2326,158,2,17.6,1.76
9317,2326,39,2,14.97,0.0
9318,2327,33,2,5.52,0.0
9319,2327,13,3,4.43,0.0
9320,2327,18,3,19.15,0.0
9321,2327,55,2,12.62,0.0
9322,2327,123,1,23.88,0.0
9323,2328,5,1,11.32,0.0
9324,2328,6,1,24.22,0.0
9325,2328,11,1,10.32,0.0
9326,2328,15,2,11.21,0.0
9327,2328,93,3,9.58,0.0
9328,2329,16,2,3.81,0.0
9329,2329,185,3,23.4,0.0
9330,2329,13,1,4.43,0.0
9331,2330,19,2,7.1,0.0
9332,2330,30,1,4.36,0.0
9333,2330,15,1,11.21,0.0
9334,2331,6,2,24.22,0.0
9335,2331,39,1,14.97,0.0
9336,2331,232,4,23.93,2.39
9337,2331,7,4,5.95,0.6
9338,2331,14,2,12.02,0.0
9339,2332,179,3,13.81,0.0
9340,2332,29,3,5.4,0.0
9341,2333,208,1,23.63,0.0
9342,2333,38,3,12.67,0.0
9343,2333,205,3,2.44,0.0
9344,2333,134,1,14.11,0.0
9345,2334,27,1,24.04,0.0
9346,2334,22,2,16.56,1.66
9347,2334,15,3,11.21,0.0
9348,2335,219,3,13.5,0.0
9349,2335,69,1,15.15,0.0
9350,2336,4,1,8.66,0.87
9351,2336,14,3,12.02,0.0
9352,2337,168,1,22.08,0.0
9353,2337,37,2,16.44,0.0
9354,2338,24,4,6.46,0.0
9355,2338,13,4,4.43,0.44
9356,2339,8,3,23.8,0.0
9357,2339,3,3,16.72,0.0
9358,2339,12,3,12.04,0.0
9359,2339,37,1,16.44,0.0
9360,2340,35,2,3.73,0.37
9361,2340,196,2,5.36,0.0
9362,2340,13,1,4.43,0.0
9363,2340,83,2,14.05,0.0
9364,2340,30,3,4.36,0.0
9365,2341,64,2,15.35,0.0
9366,2341,69,2,15.15,0.0
9367,2341,18,2,19.15,0.0
9368,2341,210,1,11.73,0.0
9369,2341,243,3,3.55,0.0
9370,2341,114,3,18.17,0.0
9371,2342,34,3,19.46,0.0
9372,2342,12,1,12.04,0.0
9373,2342,21,3,3.76,0.0
9374,2342,28,2,16.85,0.0
9375,2342,29,1,5.4,0.54
9376,2343,249,2,5.07,0.51
9377,2343,77,1,24.59,0.0
9378,2343,133,1,18.99,0.0
9379,2344,160,2,12.13,0.0
9380,2344,1,1,11.87,0.0
9381,2344,6,2,24.22,0.0
9382,2344,107,1,4.97,0.0
9383,2344,214,2,7.48,0.0
9384,2345,38,1,12.67,0.0
9385,2345,43,3,16.79,0.0
9386,2345,142,1,16.37,0.0
9387,2346,33,2,5.52,0.0
9388,2346,28,1,16.85,0.0
9389,2346,29,2,5.4,0.0
9390,2347,32,1,5.99,0.0
9391,2347,111,2,16.8,0.0
9392,2347,146,1,10.38,0.0
9393,2347,52,3,15.6,0.0
9394,2347,127,3,25.0,0.0
9395,2348,1,3,11.87,0.0
9396,2348,36,1,23.88,0.0
9397,2348,11,1,10.32,0.0
9398,2348,236,2,2.47,0.0
9399,2348,182,2,22.94,0.0
9400,2349,240,3,10.59,0.0
9401,2349,9,1,12.58,0.0
9402,2349,3,1,16.72,0.0
9403,2349,43,3,16.79,0.0
9404,2350,161,1,19.7,0.0
9405,2350,164,2,11.63,0.0
9406,2350,36,2,23.88,0.0
9407,2350,90,1,3.2,0.0
9408,2350,186,1,11.54,0.0
9409,2351,31,1,7.89,0.0
9410,2351,239,1,10.9,0.0
9411,2352,192,3,9.33,0.0
9412,2352,195,1,9.71,0.0
9413,2352,60,3,24.48,0.0
9414,2352,236,1,2.47,0.0
9415,2353,32,4,5.99,0.0
9416,2353,49,4,12.79,0.0
9417,2353,196,4,5.36,0.0
9418,2353,13,1,4.43,0.0
9419,2354,13,3,4.43,0.44
9420,2354,182,1,22.94,0.0
9421,2355,32,1,5.99,0.0
9422,2355,17,1,22.02,2.2
9423,2355,4,2,8.66,0.0
9424,2356,5,2,11.32,1.13
9425,2356,40,2,15.33,0.0
9426,2356,11,3,10.32,0.0
9427,2356,18,1,19.15,0.0
9428,2356,183,2,20.78,0.0
9429,2356,94,3,14.83,0.0
9430,2357,82,1,24.79,0.0
9431,2357,189,3,10.88,0.0
9432,2357,181,2,4.11,0.0
9433,2358,36,3,23.88,0.0
9434,2358,71,2,15.92,0.0
9435,2358,40,1,15.33,0.0
9436,2358,13,2,4.43,0.0
9437,2358,29,2,5.4,0.0
9438,2359,34,1,19.46,0.0
9439,2359,35,3,3.73,0.37
9440,2359,3,2,16.72,0.0
9441,2359,42,2,22.29,0.0
9442,2359,13,3,4.43,0.0
9443,2360,6,1,24.22,0.0
9444,2360,7,1,5.95,0.0
9445,2360,203,1,16.15,0.0
9446,2360,12,1,12.04,0.0
9447,2360,18,2,19.15,1.92
9448,2360,127,2,25.0,0.0
9449,2361,3,1,16.72,0.0
9450,2361,165,1,5.73,0.0
9451,2362,36,3,23.88,0.0
9452,2362,104,3,9.14,0.0
9453,2362,8,1,23.8,0.0
9454,2362,15,2,11.21,0.0
9455,2362,241,1,19.19,0.0
9456,2362,60,3,24.48,0.0
9457,2363,164,3,11.63,0.0
9458,2363,233,1,14.51,0.0
9459,2363,14,3,12.02,0.0
9460,2363,17,1,22.02,0.0
9461,2363,248,3,19.4,0.0
9462,2364,39,1,14.97,1.5
9463,2364,8,3,23.8,0.0
9464,2364,17,1,22.02,0.0
9465,2364,20,1,19.92,1.99
9466,2364,24,3,6.46,0.0
9467,2365,4,3,8.66,0.0
9468,2365,5,2,11.32,0.0
9469,2365,17,2,22.02,0.0
9470,2365,18,2,19.15,0.0
9471,2365,54,1,3.71,0.0
9472,2366,26,2,10.08,1.01
9473,2366,82,1,24.79,0.0
9474,2366,10,1,17.86,1.79
9475,2366,20,3,19.92,0.0
9476,2367,35,1,3.73,0.0
9477,2367,132,2,14.41,0.0
9478,2367,39,1,14.97,0.0
9479,2367,7,2,5.95,0.0
9480,2368,203,2,16.15,0.0
9481,2368,4,3,8.66,0.0
9482,2369,152,1,7.38,0.74
9483,2369,105,1,17.09,0.0
9484,2369,234,1,20.09,0.0
9485,2370,192,3,9.33,0.93
9486,2370,183,2,20.78,0.0
9487,2370,2,1,11.3,0.0
9488,2370,39,2,14.97,1.5
9489,2371,139,2,5.55,0.0
9490,2371,16,3,3.81,0.38
9491,2371,241,3,19.19,0.0
9492,2371,153,3,7.5,0.0
9493,2371,26,3,10.08,0.0
9494,2372,16,1,3.81,0.0
9495,2372,2,3,11.3,0.0
9496,2372,6,2,24.22,0.0
9497,2372,111,1,16.8,0.0
9498,2373,195,2,9.71,0.0
9499,2373,4,2,8.66,0.0
9500,2373,198,3,23.1,0.0
9501,2373,232,2,23.93,0.0
9502,2373,105,1,17.09,0.0
9503,2373,17,1,22.02,0.0
9504,2374,33,1,5.52,0.0
9505,2374,6,3,24.22,0.0
9506,2374,10,2,17.86,0.0
9507,2374,24,2,6.46,0.0
9508,2374,25,3,19.85,0.0
9509,2375,1,2,11.87,0.0
9510,2375,2,2,11.3,0.0
9511,2375,35,1,3.73,0.0
9512,2375,33,2,5.52,0.0
9513,2375,5,3,11.32,0.0
9514,2375,11,3,10.32,0.0
9515,2376,27,3,24.04,0.0
9516,2376,7,1,5.95,0.0
9517,2376,14,1,12.02,1.2
9518,2376,207,2,5.44,0.0
9519,2377,3,2,16.72,0.0
9520,2377,247,3,15.38,0.0
9521,2378,35,2,3.73,0.0
9522,2378,39,1,14.97,0.0
9523,2378,40,3,15.33,1.53
9524,2378,235,1,13.68,0.0
9525,2378,22,1,16.56,0.0
9526,2378,27,3,24.04,2.4
9527,2379,32,3,5.99,0.0
9528,2379,14,2,12.02,0.0
9529,2379,15,3,11.21,0.0
9530,2379,50,3,16.52,0.0
9531,2379,59,2,16.83,0.0
9532,2380,5,3,11.32,0.0
9533,2380,9,1,12.58,0.0
9534,2380,13,3,4.43,0.0
9535,2380,18,3,19.15,0.0
9536,2380,24,3,6.46,0.0
9537,2381,71,3,15.92,1.59
9538,2381,73,1,24.03,0.0
9539,2381,20,3,19.92,0.0
9540,2381,246,2,4.38,0.0
9541,2381,30,1,4.36,0.0
9542,2382,25,2,19.85,1.99
9543,2382,18,2,19.15,0.0
9544,2382,30,1,4.36,0.0
9545,2383,98,1,24.18,0.0
9546,2383,39,1,14.97,0.0
9547,2384,161,2,19.7,0.0
9548,2384,11,2,10.32,0.0
9549,2384,175,1,4.87,0.49
9550,2384,145,3,3.0,0.0
9551,2384,24,3,6.46,0.65
9552,2385,42,2,22.29,0.0
9553,2385,158,3,17.6,0.0
9554,2386,4,2,8.66,0.0
9555,2386,37,3,16.44,0.0
9556,2386,6,3,24.22,0.0
9557,2386,40,2,15.33,0.0
9558,2386,27,1,24.04,0.0
9559,2386,28,2,16.85,0.0
9560,2387,1,1,11.87,0.0
9561,2387,6,3,24.22,2.42
9562,2388,241,1,19.19,1.92
9563,2388,5,3,11.32,0.0
9564,2388,143,3,22.76,0.0
9565,2389,40,1,15.33,0.0
9566,2389,115,1,23.78,0.0
9567,2389,15,1,11.21,0.0
9568,2390,37,3,16.44,0.0
9569,2390,40,3,15.33,0.0
9570,2390,109,2,3.95,0.0
9571,2390,28,2,16.85,0.0
9572,2390,31,3,7.89,0.0
9573,2391,200,1,21.12,0.0
9574,2391,57,3,10.48,0.0
9575,2391,4,2,8.66,0.0
9576,2392,226,3,10.11,0.0
9577,2392,132,1,14.41,0.0
9578,2392,38,3,12.67,0.0
9579,2392,10,1,17.86,0.0
9580,2392,43,3,16.79,0.0
9581,2392,23,2,14.2,0.0
9582,2393,33,1,5.52,0.0
9583,2393,3,2,16.72,1.67
9584,2393,5,3,11.32,0.0
9585,2393,14,2,12.02,0.0
9586,2393,79,2,16.86,0.0
9587,2394,34,3,19.46,0.0
9588,2394,4,1,8.66,0.0
9589,2394,70,1,6.33,0.0
9590,2394,47,3,9.27,0.93
9591,2394,25,1,19.85,0.0
9592,2395,6,1,24.22,0.0
9593,2395,11,3,10.32,0.0
9594,2395,13,2,4.43,0.0
9595,2395,15,2,11.21,0.0
9596,2395,50,2,16.52,0.0
9597,2395,244,1,7.55,0.0
9598,2396,44,1,24.69,2.47
9599,2396,17,3,22.02,0.0
9600,2396,146,1,10.38,0.0
9601,2396,22,2,16.56,0.0
9602,2396,29,2,5.4,0.0
9603,2397,34,2,19.46,0.0
9604,2397,69,3,15.15,0.0
9605,2397,240,3,10.59,1.06
9606,2397,28,3,16.85,0.0
9607,2397,62,3,15.66,0.0
9608,2398,35,3,3.73,0.0
9609,2398,109,2,3.95,0.0
9610,2398,47,3,9.27,0.0
9611,2398,240,3,10.59,0.0
9612,2398,28,3,16.85,0.0
9613,2398,30,1,4.36,0.44
9614,2399,6,2,24.22,0.0
9615,2399,231,3,10.29,0.0
9616,2399,17,1,22.02,0.0
9617,2399,21,1,3.76,0.0
9618,2399,26,2,10.08,0.0
9619,2400,37,1,16.44,0.0
9620,2400,39,1,14.97,0.0
9621,2400,9,3,12.58,0.0
9622,2400,22,1,16.56,0.0
9623,2400,54,3,3.71,0.0
9624,2400,29,1,5.4,0.0
9625,2401,109,4,3.95,0.0
9626,2401,87,2,10.91,0.0
9627,2402,40,3,15.33,0.0
9628,2402,25,3,19.85,1.99
9629,2402,18,2,19.15,0.0
9630,2402,30,2,4.36,0.0
9631,2403,1,1,11.87,0.0
9632,2403,69,1,15.15,0.0
9633,2403,13,2,4.43,0.0
9634,2403,57,3,10.48,0.0
9635,2403,31,2,7.89,0.0
9636,2404,33,2,5.52,0.0
9637,2404,39,1,14.97,1.5
9638,2405,152,2,7.38,0.0
9639,2405,2,2,11.3,0.0
9640,2405,4,2,8.66,0.0
9641,2405,30,1,4.36,0.0
9642,2406,28,1,16.85,0.0
9643,2406,30,2,4.36,0.0
9644,2407,49,2,12.79,0.0
9645,2407,17,3,22.02,0.0
9646,2408,10,3,17.86,0.0
9647,2408,45,2,9.43,0.0
9648,2409,26,3,10.08,0.0
9649,2409,235,4,13.68,0.0
9650,2409,29,3,5.4,0.0
9651,2410,8,4,23.8,0.0
9652,2410,33,1,5.52,0.0
9653,2410,244,3,7.55,0.0
9654,2410,37,4,16.44,0.0
9655,2411,33,2,5.52,0.0
9656,2411,10,3,17.86,0.0
9657,2411,13,2,4.43,0.0
9658,2412,32,2,5.99,0.0
9659,2412,35,2,3.73,0.37
9660,2412,7,3,5.95,0.0
9661,2412,18,1,19.15,0.0
9662,2412,158,3,17.6,0.0
9663,2413,33,3,5.52,0.0
9664,2413,26,2,10.08,0.0
9665,2413,37,3,16.44,0.0
9666,2413,14,3,12.02,0.0
9667,2414,16,3,3.81,0.38
9668,2414,34,3,19.46,0.0
9669,2414,205,3,2.44,0.0
9670,2414,31,1,7.89,0.0
9671,2415,38,3,12.67,0.0
9672,2415,18,1,19.15,0.0
9673,2415,19,2,7.1,0.0
9674,2415,151,1,20.03,0.0
9675,2415,28,1,16.85,1.69
9676,2415,29,2,5.4,0.0
9677,2416,44,2,24.69,0.0
9678,2416,133,4,18.99,0.0
9679,2416,15,1,11.21,0.0
9680,2417,25,3,19.85,0.0
9681,2417,123,1,23.88,0.0
9682,2417,36,3,23.88,0.0
9683,2418,36,2,23.88,0.0
9684,2418,6,2,24.22,0.0
9685,2418,11,1,10.32,0.0
9686,2418,24,3,6.46,0.0
9687,2418,26,3,10.08,0.0
9688,2418,30,3,4.36,0.0
9689,2419,74,3,12.36,0.0
9690,2419,219,1,13.5,0.0
9691,2420,33,2,5.52,0.0
9692,2420,34,4,19.46,0.0
9693,2420,10,1,17.86,1.79
9694,2420,207,4,5.44,0.0
9695,2420,210,4,11.73,0.0
9696,2420,117,3,22.99,0.0
9697,2421,11,2,10.32,0.0
9698,2421,175,1,4.87,0.0
9699,2422,27,3,24.04,0.0
9700,2422,28,2,16.85,0.0
9701,2422,195,1,9.71,0.0
9702,2422,14,3,12.02,0.0
9703,2423,17,1,22.02,0.0
9704,2423,3,3,16.72,0.0
9705,2424,9,2,12.58,1.26
9706,2424,19,2,7.1,0.0
9707,2424,35,1,3.73,0.0
9708,2425,24,2,6.46,0.0
9709,2425,19,1,7.1,0.0
9710,2425,36,3,23.88,2.39
9711,2425,38,3,12.67,0.0
9712,2426,1,2,11.87,0.0
9713,2426,37,1,16.44,0.0
9714,2426,17,3,22.02,0.0
9715,2426,58,2,8.6,0.0
9716,2426,28,2,16.85,0.0
9717,2426,30,3,4.36,0.0
9718,2427,17,1,22.02,0.0
9719,2427,3,1,16.72,0.0
9720,2427,28,1,16.85,0.0
9721,2427,191,3,7.16,0.0
9722,2428,33,1,5.52,0.0
9723,2428,137,3,16.21,0.0
9724,2428,110,1,14.86,0.0
9725,2429,34,1,19.46,1.95
9726,2429,4,2,8.66,0.0
9727,2429,36,2,23.88,0.0
9728,2429,39,2,14.97,0.0
9729,2429,76,3,21.26,0.0
9730,2429,19,3,7.1,0.0
9731,2430,2,3,11.3,0.0
9732,2430,40,3,15.33,1.53
9733,2430,11,1,10.32,0.0
9734,2430,20,1,19.92,0.0
9735,2430,21,1,3.76,0.0
9736,2431,32,1,5.99,0.0
9737,2431,36,3,23.88,2.39
9738,2431,20,1,19.92,0.0
9739,2431,38,1,12.67,0.0
9740,2432,8,1,23.8,0.0
9741,2432,16,1,3.81,0.0
9742,2432,132,1,14.41,0.0
9743,2433,131,2,13.68,0.0
9744,2433,30,1,4.36,0.0
9745,2434,19,3,7.1,0.0
9746,2434,236,2,2.47,0.0
9747,2434,109,2,3.95,0.0
9748,2434,76,1,21.26,0.0
9749,2435,4,1,8.66,0.0
9750,2435,20,2,19.92,0.0
9751,2436,216,2,16.32,0.0
9752,2436,25,3,19.85,0.0
9753,2436,21,1,3.76,0.0
9754,2437,19,1,7.1,0.0
9755,2437,37,4,16.44,0.0
9756,2437,39,4,14.97,0.0
9757,2438,144,3,18.59,0.0
9758,2438,24,3,6.46,0.0
9759,2439,2,2,11.3,0.0
9760,2439,5,3,11.32,0.0
9761,2439,9,3,12.58,0.0
9762,2439,209,1,16.0,0.0
9763,2439,22,2,16.56,0.0
9764,2439,26,2,10.08,0.0
9765,2440,123,3,23.88,0.0
9766,2440,5,4,11.32,0.0
9767,2440,239,2,10.9,0.0
9768,2441,65,2,23.95,0.0
9769,2441,195,1,9.71,0.0
9770,2441,38,2,12.67,0.0
9771,2441,23,2,14.2,0.0
9772,2441,126,1,6.42,0.0
9773,2442,155,3,20.04,0.0
9774,2442,20,2,19.92,0.0
9775,2442,30,1,4.36,0.0
9776,2442,223,1,18.53,0.0
9777,2443,134,1,14.11,0.0
9778,2443,10,3,17.86,0.0
9779,2443,85,1,10.37,0.0
9780,2443,25,3,19.85,0.0
9781,2443,90,2,3.2,0.0
9782,2444,19,2,7.1,0.71
9783,2444,27,1,24.04,0.0
9784,2444,85,2,10.37,0.0
9785,2444,31,3,7.89,0.0
9786,2445,192,3,9.33,0.93
9787,2445,40,1,15.33,0.0
9788,2446,128,1,5.56,0.0
9789,2446,2,3,11.3,0.0
9790,2446,163,2,13.57,0.0
9791,2446,39,1,14.97,1.5
9792,2446,11,3,10.32,0.0
9793,2447,26,2,10.08,0.0
9794,2447,2,2,11.3,0.0
9795,2447,28,3,16.85,0.0
9796,2447,30,3,4.36,0.0
9797,2448,89,3,17.61,0.0
9798,2448,9,3,12.58,0.0
9799,2448,135,2,17.22,0.0
9800,2449,36,1,23.88,2.39
9801,2449,8,3,23.8,2.38
9802,2449,17,1,22.02,0.0
9803,2449,148,2,24.3,0.0
9804,2449,20,2,19.92,0.0
9805,2449,27,3,24.04,0.0
9806,2450,49,2,12.79,0.0
9807,2450,226,2,10.11,0.0
9808,2450,28,2,16.85,0.0
9809,2450,31,1,7.89,0.0
9810,2451,16,2,3.81,0.0
9811,2451,25,3,19.85,0.0
9812,2451,3,1,16.72,0.0
9813,2451,30,3,4.36,0.0
9814,2452,32,1,5.99,0.0
9815,2452,4,3,8.66,0.87
9816,2452,39,2,14.97,0.0
9817,2452,10,3,17.86,0.0
9818,2452,17,3,22.02,0.0
9819,2452,18,3,19.15,0.0
9820,2453,97,1,21.59,0.0
9821,2453,39,1,14.97,0.0
9822,2453,47,2,9.27,0.0
9823,2453,23,3,14.2,0.0
9824,2453,222,1,15.23,0.0
9825,2454,136,3,22.16,0.0
9826,2454,34,2,19.46,0.0
9827,2454,21,1,3.76,0.38
9828,2454,71,2,15.92,0.0
9829,2455,33,2,5.52,0.0
9830,2455,4,1,8.66,0.0
9831,2455,9,1,12.58,0.0
9832,2455,16,2,3.81,0.0
9833,2455,18,3,19.15,0.0
9834,2455,22,3,16.56,1.66
9835,2456,3,2,16.72,0.0
9836,2456,10,2,17.86,0.0
9837,2456,13,2,4.43,0.0
9838,2456,16,1,3.81,0.0
9839,2456,26,3,10.08,1.01
9840,2456,30,3,4.36,0.0
9841,2457,35,1,3.73,0.0
9842,2457,36,2,23.88,0.0
9843,2457,68,1,22.91,0.0
9844,2457,230,2,14.04,0.0
9845,2457,22,3,16.56,0.0
9846,2457,214,2,7.48,0.0
9847,2458,224,1,8.7,0.0
9848,2458,37,1,16.44,0.0
9849,2458,16,3,3.81,0.0
9850,2458,94,1,14.83,0.0
9851,2458,31,1,7.89,0.0
9852,2459,114,2,18.17,0.0
9853,2459,12,1,12.04,1.2
9854,2459,14,3,12.02,0.0
9855,2460,121,1,2.42,0.0
9856,2460,4,2,8.66,0.0
9857,2460,166,3,6.59,0.0
9858,2460,110,3,14.86,1.49
9859,2460,25,3,19.85,0.0
9860,2461,64,3,15.35,0.0
9861,2461,243,2,3.55,0.0
9862,2462,5,3,11.32,0.0
9863,2462,16,1,3.81,0.0
9864,2462,18,2,19.15,0.0
9865,2462,24,3,6.46,0.0
9866,2462,189,2,10.88,0.0
9867,2463,34,2,19.46,0.0
9868,2463,8,2,23.8,0.0
9869,2463,48,3,12.11,0.0
9870,2463,123,2,23.88,0.0
9871,2463,31,3,7.89,0.0
9872,2464,210,1,11.73,1.17
9873,2464,36,2,23.88,0.0
9874,2464,39,1,14.97,1.5
9875,2465,11,1,10.32,0.0
9876,2465,175,1,4.87,0.0
9877,2465,177,1,5.69,0.57
9878,2465,22,3,16.56,0.0
9879,2465,25,2,19.85,0.0
9880,2466,38,1,12.67,1.27
9881,2466,171,2,10.54,0.0
9882,2466,45,3,9.43,0.0
9883,2466,17,3,22.02,0.0
9884,2466,20,2,19.92,0.0
9885,2466,21,3,3.76,0.0
9886,2467,2,2,11.3,0.0
9887,2467,4,1,8.66,0.0
9888,2467,11,1,10.32,0.0
9889,2467,31,3,7.89,0.0
9890,2467,94,2,14.83,0.0
9891,2467,159,1,15.12,0.0
9892,2468,185,2,23.4,0.0
9893,2468,172,1,23.49,0.0
9894,2468,110,1,14.86,1.49
9895,2469,38,1,12.67,0.0
9896,2469,30,1,4.36,0.44
9897,2470,2,3,11.3,0.0
9898,2470,131,2,13.68,0.0
9899,2470,6,1,24.22,2.42
9900,2470,212,1,7.47,0.0
9901,2470,24,3,6.46,0.0
9902,2470,25,3,19.85,0.0
9903,2471,26,2,10.08,0.0
9904,2471,171,2,10.54,0.0
9905,2471,36,2,23.88,0.0
9906,2472,7,2,5.95,0.0
9907,2472,9,2,12.58,0.0
9908,2472,75,2,20.65,0.0
9909,2472,45,1,9.43,0.0
9910,2472,16,3,3.81,0.0
9911,2472,29,3,5.4,0.0
9912,2473,221,4,16.53,1.65
9913,2473,19,2,7.1,0.0
9914,2473,5,4,11.32,0.0
9915,2473,14,2,12.02,0.0
9916,2474,33,3,5.52,0.0
9917,2474,7,3,5.95,0.0
9918,2474,94,1,14.83,0.0
9919,2474,87,2,10.91,0.0
9920,2475,24,2,6.46,0.0
9921,2475,26,3,10.08,1.01
9922,2475,37,2,16.44,0.0
9923,2476,33,1,5.52,0.0
9924,2476,225,3,2.04,0.0
9925,2476,241,3,19.19,0.0
9926,2476,20,1,19.92,0.0
9927,2476,148,1,24.3,2.43
9928,2477,16,3,3.81,0.0
9929,2477,18,2,19.15,0.0
9930,2477,119,2,17.42,0.0
9931,2477,79,4,16.86,0.0
9932,2478,33,4,5.52,0.0
9933,2478,18,1,19.15,0.0
9934,2479,25,1,19.85,0.0
9935,2479,18,2,19.15,1.92
9936,2479,66,3,19.0,1.9
9937,2479,9,2,12.58,0.0
9938,2480,27,2,24.04,0.0
9939,2480,6,1,24.22,0.0
9940,2480,203,2,16.15,0.0
9941,2481,12,3,12.04,0.0
9942,2481,36,1,23.88,0.0
9943,2482,112,2,9.55,0.0
9944,2482,4,1,8.66,0.0
9945,2482,38,2,12.67,0.0
9946,2483,8,2,23.8,2.38
9947,2483,16,1,3.81,0.0
9948,2483,234,3,20.09,0.0
9949,2484,192,2,9.33,0.0
9950,2484,80,2,2.9,0.0
9951,2485,196,2,5.36,0.0
9952,2485,199,2,12.87,1.29
9953,2485,40,1,15.33,0.0
9954,2485,19,3,7.1,0.0
9955,2485,31,1,7.89,0.0
9956,2486,112,1,9.55,0.0
9957,2486,244,3,7.55,0.0
9958,2486,165,1,5.73,0.0
9959,2486,183,2,20.78,0.0
9960,2487,9,1,12.58,0.0
9961,2487,225,2,2.04,0.0
9962,2488,35,3,3.73,0.0
9963,2488,6,3,24.22,0.0
9964,2488,15,2,11.21,0.0
9965,2489,19,3,7.1,0.0
9966,2489,27,1,24.04,0.0
9967,2489,59,1,16.83,0.0
9968,2489,140,3,6.16,0.0
9969,2490,11,3,10.32,0.0
9970,2490,10,1,17.86,0.0
9971,2490,250,3,10.1,0.0
9972,2490,226,1,10.11,0.0
9973,2491,96,2,7.8,0.0
9974,2491,38,3,12.67,0.0
9975,2492,66,1,19.0,0.0
9976,2492,201,1,19.45,0.0
9977,2492,11,1,10.32,0.0
9978,2492,44,1,24.69,0.0
9979,2492,48,2,12.11,0.0
9980,2492,25,1,19.85,0.0
9981,2493,37,3,16.44,0.0
9982,2493,38,3,12.67,0.0
9983,2493,14,1,12.02,0.0
9984,2493,247,1,15.38,1.54
9985,2493,155,3,20.04,0.0
9986,2494,35,3,3.73,0.0
9987,2494,11,1,10.32,0.0
9988,2494,172,1,23.49,0.0
9989,2494,23,1,14.2,0.0
9990,2494,186,1,11.54,0.0
9991,2494,94,3,14.83,0.0
9992,2495,226,2,10.11,0.0
9993,2495,3,3,16.72,0.0
9994,2495,37,2,16.44,0.0
9995,2495,12,2,12.04,0.0
9996,2495,28,3,16.85,0.0
9997,2495,30,2,4.36,0.0
9998,2496,36,2,23.88,0.0
9999,2496,5,2,11.32,0.0
10000,2496,23,1,14.2,0.0
10001,2496,89,3,17.61,0.0
10002,2496,156,3,22.79,0.0
10003,2497,35,2,3.73,0.0
10004,2497,158,1,17.6,0.0
10005,2497,6,2,24.22,0.0
10006,2498,2,3,11.3,1.13
10007,2498,40,2,15.33,1.53
10008,2498,20,2,19.92,0.0
10009,2498,22,3,16.56,0.0
10010,2498,30,3,4.36,0.0
10011,2498,223,1,18.53,1.85
10012,2499,4,3,8.66,0.0
10013,2499,87,2,10.91,0.0
10014,2500,136,3,22.16,0.0
10015,2500,88,2,19.81,0.0
10016,2500,170,3,13.05,0.0
10017,2500,27,2,24.04,0.0
10018,2501,66,1,19.0,1.9
10019,2501,30,3,4.36,0.0
10020,2502,35,3,3.73,0.0
10021,2502,22,1,16.56,0.0
10022,2502,159,2,15.12,0.0
10023,2503,32,1,5.99,0.0
10024,2503,1,3,11.87,0.0
10025,2503,193,1,4.28,0.0
10026,2503,211,3,19.85,0.0
10027,2503,155,3,20.04,0.0
10028,2504,9,1,12.58,0.0
10029,2504,130,2,20.13,0.0
10030,2504,29,1,5.4,0.0
10031,2504,134,3,14.11,0.0
10032,2505,37,1,16.44,0.0
10033,2505,40,1,15.33,0.0
10034,2505,136,1,22.16,0.0
10035,2505,16,1,3.81,0.0
10036,2505,27,2,24.04,0.0
10037,2506,8,1,23.8,2.38
10038,2506,21,2,3.76,0.38
10039,2506,6,3,24.22,2.42
10040,2506,15,1,11.21,0.0
10041,2507,6,1,24.22,0.0
10042,2507,39,1,14.97,0.0
10043,2507,40,1,15.33,0.0
10044,2507,79,3,16.86,0.0
10045,2507,22,3,16.56,0.0
10046,2508,32,1,5.99,0.0
10047,2508,28,2,16.85,1.69
10048,2508,7,1,5.95,0.0
10049,2509,35,3,3.73,0.0
10050,2509,20,3,19.92,0.0
10051,2509,28,3,16.85,0.0
10052,2510,2,1,11.3,0.0
10053,2510,35,3,3.73,0.0
10054,2511,1,2,11.87,1.19
10055,2511,99,1,15.86,0.0
10056,2511,58,1,8.6,0.86
10057,2511,197,1,2.88,0.0
10058,2511,23,1,14.2,1.42
10059,2511,90,3,3.2,0.32
10060,2512,73,1,24.03,0.0
10061,2512,204,2,22.83,0.0
10062,2512,30,1,4.36,0.0
10063,2513,33,3,5.52,0.0
10064,2513,35,1,3.73,0.0
10065,2513,36,3,23.88,0.0
10066,2513,136,2,22.16,0.0
10067,2513,40,2,15.33,0.0
10068,2513,81,2,18.28,0.0
10069,2514,39,3,14.97,0.0
10070,2514,47,1,9.27,0.93
10071,2514,23,3,14.2,0.0
10072,2514,25,2,19.85,0.0
10073,2514,219,1,13.5,0.0
10074,2514,29,3,5.4,0.0
10075,2515,1,3,11.87,0.0
10076,2515,16,2,3.81,0.0
10077,2515,120,3,13.7,0.0
10078,2515,27,2,24.04,0.0
10079,2515,28,1,16.85,0.0
10080,2516,210,3,11.73,0.0
10081,2516,18,2,19.15,1.92
10082,2516,12,1,12.04,0.0
10083,2516,29,2,5.4,0.0
10084,2517,10,3,17.86,0.0
10085,2517,94,2,14.83,0.0
10086,2518,162,3,19.9,0.0
10087,2518,5,1,11.32,0.0
10088,2519,1,1,11.87,1.19
10089,2519,132,2,14.41,0.0
10090,2519,5,4,11.32,0.0
10091,2519,111,4,16.8,1.68
10092,2519,243,1,3.55,0.0
10093,2519,31,2,7.89,0.0
10094,2520,192,3,9.33,0.0
10095,2520,28,3,16.85,0.0
10096,2520,37,1,16.44,0.0
10097,2520,39,2,14.97,1.5
10098,2521,88,1,19.81,0.0
10099,2521,153,1,7.5,0.75
10100,2521,21,1,3.76,0.0
10101,2522,3,4,16.72,0.0
10102,2522,56,2,2.86,0.0
10103,2522,219,1,13.5,0.0
10104,2522,7,3,5.95,0.0
10105,2523,2,3,11.3,0.0
10106,2523,71,3,15.92,0.0
10107,2523,20,3,19.92,0.0
10108,2523,22,3,16.56,0.0
10109,2523,151,1,20.03,0.0
10110,2523,28,2,16.85,0.0
10111,2524,5,1,11.32,0.0
10112,2524,19,3,7.1,0.0
10113,2524,20,3,19.92,1.99
10114,2524,56,2,2.86,0.0
10115,2524,31,1,7.89,0.0
10116,2525,225,2,2.04,0.0
10117,2525,38,1,12.67,0.0
10118,2525,11,2,10.32,0.0
10119,2525,221,2,16.53,0.0
10120,2525,190,1,3.88,0.0
10121,2526,67,1,2.94,0.0
10122,2526,38,2,12.67,0.0
10123,2526,198,3,23.1,0.0
10124,2526,170,3,13.05,0.0
10125,2526,19,3,7.1,0.0
10126,2526,29,1,5.4,0.0
10127,2527,3,1,16.72,0.0
10128,2527,40,3,15.33,0.0
10129,2527,13,2,4.43,0.0
10130,2527,45,3,9.43,0.0
10131,2527,24,1,6.46,0.0
10132,2528,10,2,17.86,1.79
10133,2528,53,2,10.09,0.0
10134,2528,15,1,11.21,0.0
10135,2529,168,1,22.08,0.0
10136,2529,217,2,3.44,0.0
10137,2529,27,3,24.04,0.0
10138,2529,206,2,6.96,0.0
10139,2530,173,2,18.36,0.0
10140,2530,142,3,16.37,0.0
10141,2531,202,2,12.79,0.0
10142,2531,39,3,14.97,0.0
10143,2532,216,3,16.32,0.0
10144,2532,1,3,11.87,1.19
10145,2533,5,1,11.32,1.13
10146,2533,63,2,10.84,0.0
10147,2534,6,1,24.22,0.0
10148,2534,31,3,7.89,0.0
10149,2535,8,2,23.8,0.0
10150,2535,236,3,2.47,0.0
10151,2535,79,3,16.86,0.0
10152,2535,82,3,24.79,0.0
10153,2535,55,1,12.62,0.0
10154,2535,156,3,22.79,0.0
10155,2536,234,2,20.09,0.0
10156,2536,3,1,16.72,0.0
10157,2536,6,2,24.22,0.0
10158,2536,39,1,14.97,0.0
10159,2537,5,3,11.32,0.0
10160,2537,37,3,16.44,0.0
10161,2537,69,1,15.15,0.0
10162,2537,12,3,12.04,0.0
10163,2537,150,1,19.3,0.0
10164,2538,3,1,16.72,0.0
10165,2538,8,2,23.8,0.0
10166,2538,9,1,12.58,0.0
10167,2538,13,2,4.43,0.0
10168,2538,189,2,10.88,0.0
10169,2539,130,2,20.13,0.0
10170,2539,5,1,11.32,0.0
10171,2539,16,2,3.81,0.0
10172,2539,17,3,22.02,0.0
10173,2539,26,1,10.08,0.0
10174,2539,30,3,4.36,0.44
10175,2540,163,2,13.57,0.0
10176,2540,9,2,12.58,0.0
10177,2540,112,3,9.55,0.0
10178,2540,17,3,22.02,0.0
10179,2540,21,2,3.76,0.0
10180,2541,16,3,3.81,0.0
10181,2541,19,1,7.1,0.0
10182,2541,5,3,11.32,0.0
10183,2541,198,1,23.1,0.0
10184,2542,2,3,11.3,0.0
10185,2542,30,2,4.36,0.0
10186,2542,207,1,5.44,0.0
10187,2543,129,3,8.8,0.0
10188,2543,1,1,11.87,1.19
10189,2543,102,2,17.26,0.0
10190,2543,38,2,12.67,0.0
10191,2543,9,2,12.58,0.0
10192,2543,19,3,7.1,0.0
10193,2544,33,1,5.52,0.0
10194,2544,37,2,16.44,0.0
10195,2544,103,1,23.09,0.0
10196,2544,12,2,12.04,0.0
10197,2544,16,3,3.81,0.0
10198,2544,18,3,19.15,0.0
10199,2545,37,1,16.44,0.0
10200,2545,6,2,24.22,0.0
10201,2545,213,1,4.8,0.0
10202,2545,22,3,16.56,1.66
10203,2545,157,3,6.46,0.0
10204,2546,165,2,5.73,0.0
10205,2546,166,2,6.59,0.0
10206,2546,6,3,24.22,0.0
10207,2546,171,3,10.54,0.0
10208,2546,176,2,3.93,0.0
10209,2546,18,1,19.15,0.0
10210,2547,2,1,11.3,0.0
10211,2547,7,2,5.95,0.6
10212,2547,104,1,9.14,0.0
10213,2547,44,3,24.69,2.47
10214,2547,207,3,5.44,0.0
10215,2547,22,2,16.56,0.0
10216,2548,206,3,6.96,0.0
10217,2548,49,3,12.79,0.0
10218,2548,18,2,19.15,0.0
10219,2548,82,4,24.79,0.0
10220,2548,55,1,12.62,0.0
10221,2549,25,2,19.85,0.0
10222,2549,148,2,24.3,0.0
10223,2549,36,2,23.88,0.0
10224,2549,31,3,7.89,0.0
10225,2550,33,1,5.52,0.0
10226,2550,35,3,3.73,0.0
10227,2550,69,3,15.15,0.0
10228,2550,29,2,5.4,0.54
10229,2550,191,2,7.16,0.0
10230,2551,10,3,17.86,0.0
10231,2551,16,3,3.81,0.38
10232,2551,19,1,7.1,0.0
10233,2551,20,3,19.92,0.0
10234,2551,24,3,6.46,0.0
10235,2551,191,3,7.16,0.0
10236,2552,121,1,2.42,0.0
10237,2552,170,4,13.05,0.0
10238,2552,30,3,4.36,0.0
10239,2552,39,3,14.97,0.0
10240,2553,11,2,10.32,0.0
10241,2553,12,2,12.04,0.0
10242,2553,39,2,14.97,0.0
10243,2553,231,1,10.29,0.0
10244,2554,32,3,5.99,0.0
10245,2554,1,1,11.87,0.0
10246,2554,130,2,20.13,0.0
10247,2554,27,3,24.04,0.0
10248,2554,28,3,16.85,0.0
10249,2554,30,3,4.36,0.0
10250,2555,34,3,19.46,0.0
10251,2555,195,3,9.71,0.0
10252,2555,39,3,14.97,1.5
10253,2555,42,1,22.29,2.23
10254,2555,29,1,5.4,0.0
10255,2556,73,2,24.03,0.0
10256,2556,3,4,16.72,0.0
10257,2556,246,3,4.38,0.0
10258,2556,31,2,7.89,0.0
10259,2557,34,2,19.46,0.0
10260,2557,117,3,22.99,0.0
10261,2557,31,2,7.89,0.0
10262,2558,9,1,12.58,0.0
10263,2558,53,1,10.09,0.0
10264,2558,30,2,4.36,0.0
10265,2559,225,1,2.04,0.0
10266,2559,193,3,4.28,0.0
10267,2559,35,3,3.73,0.0
10268,2559,37,2,16.44,0.0
10269,2559,5,2,11.32,0.0
10270,2559,216,3,16.32,0.0
10271,2560,248,1,19.4,0.0
10272,2560,18,3,19.15,0.0
10273,2561,40,2,15.33,0.0
10274,2561,248,2,19.4,0.0
10275,2561,38,1,12.67,0.0
10276,2562,224,3,8.7,0.0
10277,2562,36,2,23.88,0.0
10278,2562,112,2,9.55,0.0
10279,2562,19,1,7.1,0.0
10280,2562,23,1,14.2,0.0
10281,2563,2,1,11.3,0.0
10282,2563,4,3,8.66,0.0
10283,2563,36,1,23.88,0.0
10284,2563,40,1,15.33,0.0
10285,2563,23,1,14.2,0.0
10286,2563,125,3,19.62,1.96
10287,2564,36,1,23.88,0.0
10288,2564,30,3,4.36,0.0
10289,2565,50,3,16.52,0.0
10290,2565,119,1,17.42,0.0
10291,2566,81,2,18.28,0.0
10292,2566,36,3,23.88,0.0
10293,2566,21,3,3.76,0.38
10294,2566,181,1,4.11,0.0
10295,2567,32,2,5.99,0.6
10296,2567,37,4,16.44,0.0
10297,2567,106,1,17.23,0.0
10298,2567,26,1,10.08,0.0
10299,2567,27,4,24.04,0.0
10300,2568,36,1,23.88,0.0
10301,2568,69,1,15.15,0.0
10302,2568,15,3,11.21,0.0
10303,2569,32,2,5.99,0.0
10304,2569,34,2,19.46,0.0
10305,2569,36,3,23.88,0.0
10306,2569,69,2,15.15,0.0
10307,2569,23,3,14.2,0.0
10308,2570,17,2,22.02,0.0
10309,2570,213,3,4.8,0.0
10310,2571,24,3,6.46,0.0
10311,2571,25,2,19.85,0.0
10312,2571,21,3,3.76,0.0
10313,2571,39,1,14.97,0.0
10314,2572,104,3,9.14,0.0
10315,2572,38,2,12.67,0.0
10316,2572,12,3,12.04,0.0
10317,2572,22,2,16.56,0.0
10318,2573,1,1,11.87,0.0
10319,2573,37,2,16.44,0.0
10320,2573,31,2,7.89,0.0
10321,2574,33,1,5.52,0.0
10322,2574,36,1,23.88,0.0
10323,2574,52,3,15.6,0.0
10324,2575,6,1,24.22,0.0
10325,2575,175,1,4.87,0.0
10326,2576,2,3,11.3,0.0
10327,2576,131,1,13.68,1.37
10328,2576,200,1,21.12,0.0
10329,2576,14,3,12.02,0.0
10330,2576,23,2,14.2,0.0
10331,2577,50,2,16.52,0.0
10332,2577,35,1,3.73,0.0
10333,2577,165,2,5.73,0.0
10334,2577,142,2,16.37,0.0
10335,2578,1,1,11.87,0.0
10336,2578,43,3,16.79,1.68
10337,2578,117,4,22.99,0.0
10338,2578,23,4,14.2,0.0
10339,2578,31,2,7.89,0.0
10340,2579,35,3,3.73,0.0
10341,2579,36,1,23.88,0.0
10342,2579,246,3,4.38,0.0
10343,2579,25,3,19.85,0.0
10344,2579,220,2,14.33,0.0
10345,2580,8,1,23.8,0.0
10346,2580,36,2,23.88,0.0
10347,2580,15,1,11.21,0.0
10348,2580,31,3,7.89,0.0
10349,2581,32,1,5.99,0.0
10350,2581,9,2,12.58,0.0
10351,2582,40,3,15.33,0.0
10352,2582,27,3,24.04,0.0
10353,2583,29,2,5.4,0.0
10354,2583,47,2,9.27,0.0
10355,2584,33,2,5.52,0.0
10356,2584,2,3,11.3,0.0
10357,2584,208,3,23.63,0.0
10358,2584,28,1,16.85,0.0
10359,2584,221,1,16.53,0.0
10360,2584,191,3,7.16,0.0
10361,2585,41,3,17.67,0.0
10362,2585,13,1,4.43,0.0
10363,2586,210,2,11.73,0.0
10364,2586,35,1,3.73,0.0
10365,2586,30,1,4.36,0.0
10366,2587,2,3,11.3,0.0
10367,2587,167,3,15.91,0.0
10368,2587,16,1,3.81,0.38
10369,2587,49,2,12.79,0.0
10370,2587,180,2,21.11,0.0
10371,2588,33,1,5.52,0.0
10372,2588,7,3,5.95,0.6
10373,2588,136,2,22.16,0.0
10374,2588,13,2,4.43,0.0
10375,2588,26,1,10.08,0.0
10376,2588,31,3,7.89,0.0
10377,2589,4,2,8.66,0.0
10378,2589,13,1,4.43,0.0
10379,2589,17,2,22.02,0.0
10380,2589,49,2,12.79,0.0
10381,2589,19,3,7.1,0.71
10382,2589,27,2,24.04,0.0
10383,2590,112,1,9.55,0.0
10384,2590,10,3,17.86,0.0
10385,2591,10,1,17.86,1.79
10386,2591,5,1,11.32,0.0
10387,2592,192,3,9.33,0.0
10388,2592,163,1,13.57,0.0
10389,2592,36,2,23.88,0.0
10390,2592,39,2,14.97,0.0
10391,2592,8,3,23.8,0.0
10392,2592,42,3,22.29,0.0
10393,2593,40,1,15.33,0.0
10394,2593,16,3,3.81,0.0
10395,2593,26,2,10.08,0.0
10396,2593,201,1,19.45,0.0
10397,2594,145,3,3.0,0.0
10398,2594,156,3,22.79,2.28
10399,2594,36,1,23.88,0.0
10400,2594,14,3,12.02,0.0
10401,2595,24,1,6.46,0.0
10402,2595,65,3,23.95,0.0
10403,2595,10,3,17.86,0.0
10404,2595,31,1,7.89,0.0
10405,2596,33,1,5.52,0.0
10406,2596,1,1,11.87,0.0
10407,2596,3,2,16.72,1.67
10408,2596,208,3,23.63,0.0
10409,2596,19,1,7.1,0.0
10410,2596,191,3,7.16,0.0
10411,2597,32,2,5.99,0.0
10412,2597,226,2,10.11,0.0
10413,2597,5,2,11.32,0.0
10414,2598,33,3,5.52,0.0
10415,2598,26,1,10.08,0.0
10416,2598,3,2,16.72,0.0
10417,2599,24,1,6.46,0.0
10418,2599,73,1,24.03,0.0
10419,2599,2,1,11.3,0.0
10420,2600,225,2,2.04,0.0
10421,2600,7,3,5.95,0.0
10422,2600,16,1,3.81,0.0
10423,2600,17,3,22.02,0.0
10424,2600,26,1,10.08,0.0
10425,2601,26,2,10.08,0.0
10426,2601,19,1,7.1,0.0
10427,2601,5,2,11.32,0.0
10428,2601,182,1,22.94,0.0
10429,2602,18,2,19.15,0.0
10430,2602,19,2,7.1,0.0
10431,2602,38,2,12.67,0.0
10432,2603,9,1,12.58,0.0
10433,2603,196,3,5.36,0.0
10434,2603,20,2,19.92,0.0
10435,2604,104,1,9.14,0.0
10436,2604,8,3,23.8,2.38
10437,2604,108,1,18.3,0.0
10438,2604,13,1,4.43,0.0
10439,2604,14,3,12.02,0.0
10440,2604,18,1,19.15,0.0
10441,2605,59,2,16.83,0.0
10442,2605,19,3,7.1,0.0
10443,2605,36,3,23.88,0.0
10444,2606,107,2,4.97,0.5
10445,2606,34,3,19.46,0.0
10446,2606,99,1,15.86,0.0
10447,2606,4,2,8.66,0.0
10448,2607,6,1,24.22,2.42
10449,2607,7,2,5.95,0.0
10450,2607,8,2,23.8,0.0
10451,2607,18,2,19.15,0.0
10452,2607,28,1,16.85,0.0
10453,2608,202,3,12.79,0.0
10454,2608,20,1,19.92,1.99
10455,2608,23,1,14.2,0.0
10456,2608,153,3,7.5,0.0
10457,2608,26,2,10.08,0.0
10458,2608,28,3,16.85,0.0
10459,2609,144,1,18.59,0.0
10460,2609,10,2,17.86,1.79
10461,2609,15,2,11.21,0.0
10462,2610,188,3,10.6,0.0
10463,2610,27,3,24.04,0.0
10464,2610,20,3,19.92,0.0
10465,2610,222,1,15.23,0.0
10466,2611,32,1,5.99,0.0
10467,2611,3,2,16.72,1.67
10468,2611,5,3,11.32,0.0
10469,2611,212,2,7.47,0.0
10470,2611,25,2,19.85,0.0
10471,2612,39,3,14.97,1.5
10472,2612,16,2,3.81,0.38
10473,2612,112,3,9.55,0.96
10474,2612,54,3,3.71,0.0
10475,2612,184,1,22.35,0.0
10476,2613,10,1,17.86,0.0
10477,2613,13,3,4.43,0.0
10478,2613,14,2,12.02,0.0
10479,2613,19,2,7.1,0.0
10480,2613,155,1,20.04,0.0
10481,2614,26,1,10.08,1.01
10482,2614,34,3,19.46,0.0
10483,2615,1,1,11.87,1.19
10484,2615,132,3,14.41,0.0
10485,2615,12,1,12.04,0.0
10486,2615,24,2,6.46,0.65
10487,2615,187,1,11.12,0.0
10488,2616,9,4,12.58,0.0
10489,2616,122,1,9.1,0.0
10490,2617,129,3,8.8,0.0
10491,2617,36,3,23.88,0.0
10492,2617,75,4,20.65,0.0
10493,2617,24,1,6.46,0.0
10494,2617,27,2,24.04,0.0
10495,2617,61,2,4.08,0.0
10496,2618,1,1,11.87,0.0
10497,2618,39,1,14.97,0.0
10498,2618,17,2,22.02,0.0
10499,2618,82,3,24.79,0.0
10500,2618,52,3,15.6,0.0
10501,2618,25,3,19.85,1.99
10502,2619,233,3,14.51,0.0
10503,2619,13,1,4.43,0.0
10504,2619,22,2,16.56,0.0
10505,2619,25,3,19.85,0.0
10506,2620,9,1,12.58,0.0
10507,2620,19,1,7.1,0.0
10508,2620,14,1,12.02,0.0
10509,2621,168,2,22.08,0.0
10510,2621,41,3,17.67,0.0
10511,2621,26,2,10.08,0.0
10512,2621,21,1,3.76,0.38
10513,2622,8,1,23.8,0.0
10514,2622,236,2,2.47,0.0
10515,2622,15,2,11.21,0.0
10516,2622,18,3,19.15,0.0
10517,2622,21,2,3.76,0.0
10518,2622,93,2,9.58,0.0
10519,2623,33,2,5.52,0.0
10520,2623,3,1,16.72,0.0
10521,2623,5,3,11.32,0.0
10522,2623,8,2,23.8,0.0
10523,2623,18,1,19.15,0.0
10524,2624,37,2,16.44,0.0
10525,2624,208,2,23.63,0.0
10526,2624,16,3,3.81,0.0
10527,2624,18,1,19.15,0.0
10528,2624,244,2,7.55,0.0
10529,2624,25,3,19.85,0.0
10530,2625,230,1,14.04,0.0
10531,2625,175,2,4.87,0.0
10532,2626,24,1,6.46,0.0
10533,2626,180,3,21.11,0.0
10534,2626,14,2,12.02,0.0
10535,2627,34,2,19.46,0.0
10536,2627,4,3,8.66,0.0
10537,2627,40,2,15.33,0.0
10538,2627,15,3,11.21,0.0
10539,2627,26,1,10.08,0.0
10540,2628,229,2,17.37,0.0
10541,2628,232,2,23.93,0.0
10542,2628,204,3,22.83,0.0
10543,2628,15,1,11.21,0.0
10544,2628,20,3,19.92,0.0
10545,2628,21,3,3.76,0.0
10546,2629,36,2,23.88,0.0
10547,2629,206,1,6.96,0.0
10548,2629,167,2,15.91,1.59
10549,2630,26,3,10.08,0.0
10550,2630,18,1,19.15,0.0
10551,2630,125,1,19.62,0.0
10552,2631,14,3,12.02,0.0
10553,2631,31,1,7.89,0.0
10554,2632,3,1,16.72,0.0
10555,2632,38,2,12.67,0.0
10556,2632,170,1,13.05,0.0
10557,2632,11,2,10.32,0.0
10558,2632,249,1,5.07,0.0
10559,2632,28,2,16.85,0.0
10560,2633,24,3,6.46,0.0
10561,2633,25,3,19.85,0.0
10562,2633,11,3,10.32,0.0
10563,2634,1,3,11.87,0.0
10564,2634,4,3,8.66,0.0
10565,2634,15,3,11.21,0.0
10566,2634,25,2,19.85,0.0
10567,2634,126,2,6.42,0.0
10568,2635,32,2,5.99,0.0
10569,2635,218,3,21.24,0.0
10570,2635,194,3,18.44,0.0
10571,2635,28,3,16.85,0.0
10572,2636,24,4,6.46,0.0
10573,2636,18,4,19.15,0.0
10574,2636,2,4,11.3,1.13
10575,2637,27,3,24.04,0.0
10576,2637,28,2,16.85,0.0
10577,2638,10,2,17.86,0.0
10578,2638,141,3,17.94,0.0
10579,2639,96,3,7.8,0.78
10580,2639,10,3,17.86,0.0
10581,2639,13,3,4.43,0.0
10582,2639,22,3,16.56,0.0
10583,2639,158,3,17.6,1.76
10584,2640,11,2,10.32,0.0
10585,2640,20,1,19.92,0.0
10586,2641,40,1,15.33,0.0
10587,2641,19,2,7.1,0.0
10588,2641,3,1,16.72,0.0
10589,2641,36,3,23.88,0.0
10590,2642,40,1,15.33,0.0
10591,2642,27,1,24.04,0.0
10592,2642,93,3,9.58,0.0
10593,2642,168,2,22.08,0.0
10594,2643,98,2,24.18,0.0
10595,2643,23,3,14.2,0.0
10596,2643,39,1,14.97,0.0
10597,2644,176,2,3.93,0.0
10598,2644,6,3,24.22,0.0
10599,2645,34,3,19.46,0.0
10600,2645,235,2,13.68,0.0
10601,2646,25,3,19.85,0.0
10602,2646,5,4,11.32,0.0
10603,2647,6,1,24.22,0.0
10604,2647,39,2,14.97,0.0
10605,2647,14,2,12.02,0.0
10606,2647,78,3,3.94,0.0
10607,2647,24,3,6.46,0.0
10608,2647,62,1,15.66,0.0
10609,2648,208,1,23.63,0.0
10610,2648,211,2,19.85,0.0
10611,2649,36,3,23.88,0.0
10612,2649,69,2,15.15,0.0
10613,2649,39,1,14.97,0.0
10614,2649,233,1,14.51,0.0
10615,2649,16,3,3.81,0.0
10616,2649,29,3,5.4,0.0
10617,2650,37,2,16.44,1.64
10618,2650,166,2,6.59,0.0
10619,2650,70,1,6.33,0.0
10620,2650,40,1,15.33,0.0
10621,2650,11,1,10.32,0.0
10622,2650,22,3,16.56,0.0
10623,2651,5,1,11.32,0.0
10624,2651,71,2,15.92,0.0
10625,2651,108,3,18.3,0.0
10626,2651,26,3,10.08,0.0
10627,2651,126,1,6.42,0.0
10628,2652,161,3,19.7,0.0
10629,2652,10,2,17.86,0.0
10630,2652,124,3,9.86,0.0
10631,2652,63,1,10.84,0.0
10632,2652,31,1,7.89,0.0
10633,2653,29,2,5.4,0.0
10634,2653,6,3,24.22,0.0
10635,2654,36,4,23.88,2.39
10636,2654,9,2,12.58,0.0
10637,2654,204,1,22.83,0.0
10638,2654,15,4,11.21,0.0
10639,2654,29,2,5.4,0.0
10640,2655,8,1,23.8,0.0
10641,2655,188,3,10.6,0.0
10642,2655,39,2,14.97,0.0
10643,2656,50,1,16.52,0.0
10644,2656,18,1,19.15,0.0
10645,2657,40,1,15.33,0.0
10646,2657,210,4,11.73,0.0
10647,2657,32,2,5.99,0.0
10648,2657,39,2,14.97,0.0
10649,2658,82,1,24.79,2.48
10650,2658,35,2,3.73,0.0
10651,2659,135,3,17.22,0.0
10652,2659,17,1,22.02,0.0
10653,2659,19,1,7.1,0.0
10654,2659,22,1,16.56,0.0
10655,2659,27,2,24.04,0.0
10656,2659,29,3,5.4,0.0
10657,2660,36,1,23.88,0.0
10658,2660,111,2,16.8,1.68
10659,2661,201,2,19.45,1.95
10660,2661,22,2,16.56,0.0
10661,2661,9,3,12.58,0.0
10662,2662,25,3,19.85,0.0
10663,2662,34,4,19.46,0.0
10664,2662,156,2,22.79,0.0
10665,2662,151,3,20.03,2.0
10666,2663,6,3,24.22,0.0
10667,2663,14,1,12.02,0.0
10668,2663,114,3,18.17,0.0
10669,2663,219,3,13.5,0.0
10670,2663,28,1,16.85,0.0
10671,2663,29,2,5.4,0.0
10672,2664,91,1,16.51,0.0
10673,2664,29,2,5.4,0.0
10674,2665,8,3,23.8,2.38
10675,2665,161,3,19.7,0.0
10676,2665,12,4,12.04,0.0
10677,2665,41,4,17.67,1.77
10678,2666,135,1,17.22,0.0
10679,2666,207,2,5.44,0.0
10680,2666,19,3,7.1,0.0
10681,2666,147,1,18.55,0.0
10682,2666,23,1,14.2,0.0
10683,2666,28,3,16.85,0.0
10684,2667,16,2,3.81,0.0
10685,2667,57,3,10.48,0.0
10686,2667,22,2,16.56,0.0
10687,2668,16,3,3.81,0.0
10688,2668,37,2,16.44,1.64
10689,2668,21,3,3.76,0.0
10690,2668,182,3,22.94,0.0
10691,2669,169,3,3.2,0.0
10692,2669,37,1,16.44,1.64
10693,2670,40,3,15.33,0.0
10694,2670,5,3,11.32,0.0
10695,2670,31,1,7.89,0.0
10696,2671,19,1,7.1,0.71
10697,2671,20,2,19.92,0.0
10698,2671,6,1,24.22,0.0
10699,2671,14,1,12.02,0.0
10700,2672,3,1,16.72,0.0
10701,2672,43,3,16.79,0.0
10702,2672,29,1,5.4,0.0
10703,2672,182,1,22.94,0.0
10704,2673,34,1,19.46,0.0
10705,2673,181,1,4.11,0.0
10706,2673,246,2,4.38,0.0
10707,2673,22,1,16.56,0.0
10708,2674,40,1,15.33,1.53
10709,2674,176,1,3.93,0.0
10710,2674,18,1,19.15,0.0
10711,2674,21,2,3.76,0.0
10712,2674,155,3,20.04,0.0
10713,2674,220,3,14.33,0.0
10714,2675,17,2,22.02,0.0
10715,2675,125,2,19.62,0.0
10716,2675,28,3,16.85,0.0
10717,2675,69,1,15.15,0.0
10718,2676,64,1,15.35,1.54
10719,2676,38,1,12.67,0.0
10720,2676,7,3,5.95,0.0
10721,2676,104,2,9.14,0.0
10722,2676,81,2,18.28,0.0
10723,2676,87,3,10.91,1.09
10724,2677,34,3,19.46,1.95
10725,2677,28,3,16.85,0.0
10726,2678,104,2,9.14,0.91
10727,2678,8,1,23.8,0.0
10728,2678,13,3,4.43,0.0
10729,2678,142,2,16.37,1.64
10730,2678,19,3,7.1,0.71
10731,2679,5,3,11.32,0.0
10732,2679,9,1,12.58,0.0
10733,2679,169,3,3.2,0.32
10734,2679,152,3,7.38,0.0
10735,2679,31,3,7.89,0.0
10736,2680,28,3,16.85,0.0
10737,2680,207,3,5.44,0.0
10738,2681,14,3,12.02,0.0
10739,2681,15,1,11.21,0.0
10740,2681,28,2,16.85,0.0
10741,2681,29,1,5.4,0.0
10742,2681,95,1,10.89,0.0
10743,2682,234,2,20.09,0.0
10744,2682,37,2,16.44,0.0
10745,2682,21,4,3.76,0.0
10746,2682,199,2,12.87,0.0
10747,2683,35,1,3.73,0.0
10748,2683,27,1,24.04,0.0
10749,2683,12,1,12.04,1.2
10750,2684,45,3,9.43,0.0
10751,2684,13,1,4.43,0.44
10752,2685,75,2,20.65,0.0
10753,2685,157,3,6.46,0.0
10754,2686,3,2,16.72,0.0
10755,2686,5,1,11.32,0.0
10756,2686,168,2,22.08,0.0
10757,2686,74,1,12.36,0.0
10758,2686,112,1,9.55,0.0
10759,2686,19,2,7.1,0.0
10760,2687,169,3,3.2,0.32
10761,2687,12,2,12.04,0.0
10762,2687,142,2,16.37,0.0
10763,2687,18,1,19.15,0.0
10764,2687,26,1,10.08,0.0
10765,2688,32,1,5.99,0.0
10766,2688,164,2,11.63,0.0
10767,2688,28,3,16.85,0.0
10768,2689,12,4,12.04,0.0
10769,2689,36,3,23.88,0.0
10770,2690,2,2,11.3,0.0
10771,2690,35,1,3.73,0.0
10772,2690,5,2,11.32,0.0
10773,2690,43,2,16.79,0.0
10774,2690,51,2,20.32,0.0
10775,2690,30,2,4.36,0.44
10776,2691,8,1,23.8,0.0
10777,2691,178,1,12.33,0.0
10778,2691,91,1,16.51,0.0
10779,2692,161,2,19.7,0.0
10780,2692,4,3,8.66,0.0
10781,2692,101,1,3.87,0.0
10782,2692,15,3,11.21,0.0
10783,2692,16,3,3.81,0.0
10784,2692,18,1,19.15,1.92
10785,2693,26,3,10.08,0.0
10786,2693,230,3,14.04,1.4
10787,2693,183,1,20.78,2.08
10788,2694,100,4,5.46,0.0
10789,2694,244,3,7.55,0.76
10790,2695,24,2,6.46,0.0
10791,2695,17,2,22.02,0.0
10792,2695,93,2,9.58,0.0
10793,2696,32,2,5.99,0.0
10794,2696,3,1,16.72,0.0
10795,2696,23,2,14.2,0.0
10796,2696,191,2,7.16,0.0
10797,2697,4,1,8.66,0.87
10798,2697,70,4,6.33,0.0
10799,2697,144,3,18.59,0.0
10800,2697,115,4,23.78,0.0
10801,2697,52,3,15.6,0.0
10802,2697,190,4,3.88,0.0
10803,2698,16,2,3.81,0.0
10804,2698,18,1,19.15,0.0
10805,2698,27,1,24.04,0.0
10806,2698,118,3,4.15,0.0
10807,2699,220,2,14.33,0.0
10808,2699,191,1,7.16,0.0
10809,2700,33,3,5.52,0.0
10810,2700,35,1,3.73,0.37
10811,2700,9,2,12.58,1.26
10812,2700,14,1,12.02,0.0
10813,2700,208,3,23.63,0.0
10814,2701,226,3,10.11,0.0
10815,2701,4,1,8.66,0.0
10816,2701,6,2,24.22,0.0
10817,2701,39,2,14.97,0.0
10818,2701,10,1,17.86,0.0
10819,2702,5,2,11.32,0.0
10820,2702,37,2,16.44,0.0
10821,2702,238,1,3.0,0.0
10822,2702,20,1,19.92,0.0
10823,2702,26,3,10.08,0.0
10824,2703,32,3,5.99,0.0
10825,2703,11,3,10.32,0.0
10826,2703,92,1,9.7,0.0
10827,2703,223,1,18.53,0.0
10828,2704,200,3,21.12,0.0
10829,2704,169,2,3.2,0.0
10830,2704,141,2,17.94,0.0
10831,2704,26,3,10.08,0.0
10832,2704,29,3,5.4,0.0
10833,2705,37,1,16.44,1.64
10834,2705,38,3,12.67,0.0
10835,2705,8,1,23.8,0.0
10836,2705,40,3,15.33,0.0
10837,2705,11,2,10.32,1.03
10838,2706,96,1,7.8,0.0
10839,2706,35,2,3.73,0.0
10840,2706,11,2,10.32,0.0
10841,2707,34,1,19.46,0.0
10842,2707,20,2,19.92,0.0
10843,2707,31,1,7.89,0.0
10844,2708,33,2,5.52,0.0
10845,2708,3,2,16.72,0.0
10846,2708,132,3,14.41,0.0
10847,2708,4,1,8.66,0.0
10848,2708,29,3,5.4,0.0
10849,2709,9,1,12.58,0.0
10850,2709,26,1,10.08,0.0
10851,2709,11,3,10.32,0.0
10852,2710,233,3,14.51,0.0
10853,2710,2,1,11.3,0.0
10854,2711,34,1,19.46,0.0
10855,2711,2,1,11.3,1.13
10856,2711,3,2,16.72,0.0
10857,2711,40,3,15.33,1.53
10858,2711,19,2,7.1,0.0
10859,2711,23,2,14.2,0.0
10860,2712,33,2,5.52,0.0
10861,2712,1,1,11.87,0.0
10862,2712,6,3,24.22,0.0
10863,2712,10,1,17.86,0.0
10864,2712,12,1,12.04,0.0
10865,2712,23,1,14.2,1.42
10866,2713,4,1,8.66,0.0
10867,2713,101,2,3.87,0.0
10868,2713,38,3,12.67,0.0
10869,2713,39,3,14.97,0.0
10870,2713,6,1,24.22,0.0
10871,2713,10,3,17.86,0.0
10872,2714,33,3,5.52,0.0
10873,2714,3,2,16.72,0.0
10874,2714,25,2,19.85,0.0
10875,2714,127,1,25.0,0.0
10876,2715,32,1,5.99,0.0
10877,2715,8,1,23.8,0.0
10878,2715,18,1,19.15,0.0
10879,2715,31,3,7.89,0.0
10880,2716,3,3,16.72,0.0
10881,2716,61,2,4.08,0.0
10882,2716,127,3,25.0,0.0
10883,2717,25,1,19.85,0.0
10884,2717,37,1,16.44,0.0
10885,2717,5,1,11.32,0.0
10886,2718,106,2,17.23,0.0
10887,2718,19,1,7.1,0.0
10888,2718,228,1,6.31,0.0
10889,2718,190,2,3.88,0.0
10890,2719,13,2,4.43,0.0
10891,2719,29,2,5.4,0.0
10892,2719,23,1,14.2,0.0
10893,2720,193,3,4.28,0.0
10894,2720,67,2,2.94,0.0
10895,2720,38,3,12.67,0.0
10896,2720,7,1,5.95,0.0
10897,2720,10,1,17.86,0.0
10898,2721,39,3,14.97,0.0
10899,2721,7,1,5.95,0.0
10900,2721,201,3,19.45,0.0
10901,2721,11,2,10.32,1.03
10902,2721,17,2,22.02,0.0
10903,2721,30,1,4.36,0.0
10904,2722,34,1,19.46,0.0
10905,2722,37,3,16.44,0.0
10906,2722,38,2,12.67,0.0
10907,2722,18,1,19.15,0.0
10908,2722,55,2,12.62,0.0
10909,2722,30,2,4.36,0.44
10910,2723,35,1,3.73,0.0
10911,2723,202,2,12.79,0.0
10912,2723,10,1,17.86,1.79
10913,2723,17,1,22.02,0.0
10914,2723,24,1,6.46,0.65
10915,2723,27,2,24.04,0.0
10916,2724,168,2,22.08,0.0
10917,2724,73,4,24.03,0.0
10918,2724,20,2,19.92,0.0
10919,2725,164,1,11.63,0.0
10920,2725,36,1,23.88,0.0
10921,2726,36,2,23.88,0.0
10922,2726,199,2,12.87,0.0
10923,2726,13,1,4.43,0.0
10924,2726,19,2,7.1,0.0
10925,2726,23,2,14.2,0.0
10926,2726,24,2,6.46,0.0
10927,2727,166,1,6.59,0.0
10928,2727,40,2,15.33,0.0
10929,2727,10,1,17.86,0.0
10930,2727,109,2,3.95,0.0
10931,2727,238,2,3.0,0.0
10932,2728,18,2,19.15,0.0
10933,2728,1,2,11.87,0.0
10934,2728,34,1,19.46,0.0
10935,2728,19,3,7.1,0.0
10936,2729,21,1,3.76,0.0
10937,2729,13,2,4.43,0.0
10938,2730,8,2,23.8,0.0
10939,2730,235,1,13.68,0.0
10940,2730,14,1,12.02,0.0
10941,2730,118,1,4.15,0.0
10942,2730,22,2,16.56,0.0
10943,2730,26,2,10.08,0.0
10944,2731,16,1,3.81,0.0
10945,2731,27,1,24.04,0.0
10946,2732,20,2,19.92,0.0
10947,2732,230,2,14.04,0.0
10948,2733,1,3,11.87,0.0
10949,2733,2,3,11.3,0.0
10950,2733,198,2,23.1,0.0
10951,2733,15,1,11.21,0.0
10952,2733,186,1,11.54,0.0
10953,2733,29,3,5.4,0.0
10954,2734,224,1,8.7,0.0
10955,2734,33,3,5.52,0.0
10956,2734,122,2,9.1,0.0
10957,2734,51,2,20.32,0.0
10958,2735,36,3,23.88,0.0
10959,2735,9,3,12.58,0.0
10960,2735,16,3,3.81,0.0
10961,2735,17,2,22.02,0.0
10962,2735,23,1,14.2,0.0
10963,2735,30,1,4.36,0.0
10964,2736,249,2,5.07,0.0
10965,2736,5,3,11.32,0.0
10966,2737,129,3,8.8,0.0
10967,2737,38,2,12.67,0.0
10968,2738,33,3,5.52,0.0
10969,2738,233,1,14.51,0.0
10970,2738,11,2,10.32,0.0
10971,2738,18,1,19.15,0.0
10972,2738,51,3,20.32,0.0
10973,2739,1,1,11.87,0.0
10974,2739,36,1,23.88,0.0
10975,2739,5,3,11.32,0.0
10976,2739,18,2,19.15,0.0
10977,2739,83,2,14.05,0.0
10978,2739,22,1,16.56,0.0
10979,2740,16,2,3.81,0.0
10980,2740,129,3,8.8,0.0
10981,2740,1,2,11.87,0.0
10982,2740,7,3,5.95,0.0
10983,2741,41,3,17.67,0.0
10984,2741,15,1,11.21,1.12
10985,2741,20,1,19.92,0.0
10986,2741,26,3,10.08,0.0
10987,2741,31,1,7.89,0.0
10988,2742,9,1,12.58,1.26
10989,2742,2,1,11.3,0.0
10990,2742,158,1,17.6,0.0
10991,2743,5,3,11.32,1.13
10992,2743,10,2,17.86,0.0
10993,2743,14,3,12.02,0.0
10994,2743,22,3,16.56,0.0
10995,2743,26,3,10.08,0.0
10996,2744,33,3,5.52,0.0
10997,2744,36,3,23.88,2.39
10998,2745,17,1,22.02,0.0
10999,2745,4,3,8.66,0.0
11000,2745,53,2,10.09,1.01
11001,2746,38,2,12.67,0.0
11002,2746,39,3,14.97,0.0
11003,2746,10,2,17.86,0.0
11004,2746,14,3,12.02,0.0
11005,2746,218,2,21.24,0.0
11006,2747,32,1,5.99,0.0
11007,2747,3,2,16.72,0.0
11008,2747,6,3,24.22,0.0
11009,2747,44,3,24.69,0.0
11010,2747,15,1,11.21,0.0
11011,2747,82,2,24.79,0.0
11012,2748,27,2,24.04,0.0
11013,2748,2,1,11.3,0.0
11014,2748,147,3,18.55,0.0
11015,2748,29,3,5.4,0.54
11016,2749,40,1,15.33,0.0
11017,2749,13,1,4.43,0.0
11018,2750,230,1,14.04,0.0
11019,2750,191,1,7.16,0.0
11020,2751,34,1,19.46,0.0
11021,2751,5,1,11.32,0.0
11022,2751,37,1,16.44,1.64
11023,2751,12,3,12.04,0.0
11024,2751,19,3,7.1,0.71
11025,2752,9,1,12.58,0.0
11026,2752,99,2,15.86,0.0
11027,2753,107,1,4.97,0.0
11028,2753,38,3,12.67,0.0
11029,2753,15,1,11.21,0.0
11030,2754,49,3,12.79,0.0
11031,2754,10,1,17.86,0.0
11032,2755,41,3,17.67,0.0
11033,2755,19,2,7.1,0.0
11034,2755,37,1,16.44,0.0
11035,2756,34,3,19.46,0.0
11036,2756,38,1,12.67,0.0
11037,2756,19,3,7.1,0.0
11038,2756,26,1,10.08,0.0
11039,2756,30,2,4.36,0.0
11040,2757,191,2,7.16,0.0
11041,2757,139,1,5.55,0.0
11042,2757,37,3,16.44,0.0
11043,2757,247,2,15.38,0.0
11044,2758,233,1,14.51,0.0
11045,2758,37,3,16.44,0.0
11046,2758,22,2,16.56,0.0
11047,2759,111,2,16.8,0.0
11048,2759,15,1,11.21,0.0
11049,2759,17,3,22.02,0.0
11050,2759,58,1,8.6,0.0
11051,2759,61,2,4.08,0.0
11052,2760,19,3,7.1,0.0
11053,2760,11,3,10.32,0.0
11054,2760,39,1,14.97,0.0
11055,2761,37,1,16.44,0.0
11056,2761,8,1,23.8,0.0
11057,2761,19,2,7.1,0.0
11058,2761,20,3,19.92,0.0
11059,2761,25,1,19.85,0.0
11060,2761,31,2,7.89,0.0
11061,2762,193,1,4.28,0.0
11062,2762,168,2,22.08,0.0
11063,2762,15,1,11.21,0.0
11064,2762,82,1,24.79,0.0
11065,2762,24,2,6.46,0.0
11066,2762,223,2,18.53,0.0
11067,2763,33,3,5.52,0.0
11068,2763,10,2,17.86,0.0
11069,2763,37,2,16.44,0.0
11070,2764,32,1,5.99,0.0
11071,2764,21,3,3.76,0.0
11072,2764,203,2,16.15,1.61
11073,2764,237,2,22.09,0.0
11074,2765,33,3,5.52,0.55
11075,2765,36,2,23.88,0.0
11076,2765,46,3,24.33,0.0
11077,2765,15,1,11.21,0.0
11078,2765,182,3,22.94,0.0
11079,2765,22,3,16.56,0.0
11080,2766,226,2,10.11,0.0
11081,2766,222,2,15.23,0.0
11082,2767,32,3,5.99,0.0
11083,2767,21,3,3.76,0.0
11084,2767,27,3,24.04,0.0
11085,2767,28,3,16.85,0.0
11086,2767,189,2,10.88,0.0
11087,2768,38,1,12.67,0.0
11088,2768,167,1,15.91,0.0
11089,2768,16,1,3.81,0.0
11090,2768,24,2,6.46,0.0
11091,2768,159,1,15.12,0.0
11092,2769,3,2,16.72,0.0
11093,2769,166,3,6.59,0.0
11094,2769,12,3,12.04,0.0
11095,2769,17,3,22.02,0.0
11096,2769,157,3,6.46,0.0
11097,2770,16,2,3.81,0.0
11098,2770,13,3,4.43,0.0
11099,2770,127,3,25.0,0.0
11100,2771,1,1,11.87,0.0
11101,2771,11,3,10.32,0.0
11102,2771,23,1,14.2,0.0
11103,2771,28,2,16.85,0.0
11104,2771,191,1,7.16,0.0
11105,2772,37,2,16.44,0.0
11106,2772,20,1,19.92,0.0
11107,2772,24,1,6.46,0.0
11108,2772,25,3,19.85,0.0
11109,2772,27,2,24.04,0.0
11110,2772,29,1,5.4,0.0
11111,2773,25,1,19.85,0.0
11112,2773,19,3,7.1,0.0
11113,2773,36,2,23.88,0.0
11114,2773,37,1,16.44,0.0
11115,2774,17,3,22.02,0.0
11116,2774,36,3,23.88,0.0
11117,2775,10,3,17.86,0.0
11118,2775,188,2,10.6,0.0
11119,2775,6,2,24.22,0.0
11120,2775,111,1,16.8,0.0
11121,2776,16,3,3.81,0.38
11122,2776,41,3,17.67,0.0
11123,2776,194,2,18.44,0.0
11124,2777,114,1,18.17,0.0
11125,2777,27,2,24.04,0.0
11126,2777,28,2,16.85,0.0
11127,2778,8,1,23.8,0.0
11128,2778,32,1,5.99,0.0
11129,2778,64,4,15.35,0.0
11130,2778,126,2,6.42,0.0
11131,2779,33,1,5.52,0.0
11132,2779,34,3,19.46,0.0
11133,2779,221,2,16.53,0.0
11134,2780,26,1,10.08,0.0
11135,2780,77,2,24.59,0.0
11136,2780,7,1,5.95,0.0
11137,2781,17,1,22.02,0.0
11138,2781,201,2,19.45,0.0
11139,2781,29,1,5.4,0.0
11140,2782,9,1,12.58,0.0
11141,2782,11,1,10.32,0.0
11142,2782,47,1,9.27,0.0
11143,2782,17,3,22.02,0.0
11144,2782,20,2,19.92,0.0
11145,2782,119,2,17.42,0.0
11146,2783,32,1,5.99,0.0
11147,2783,3,3,16.72,0.0
11148,2783,36,4,23.88,0.0
11149,2783,19,1,7.1,0.0
11150,2783,86,2,23.11,0.0
11151,2783,158,3,17.6,1.76
11152,2784,21,2,3.76,0.0
11153,2784,4,1,8.66,0.0
11154,2784,12,3,12.04,0.0
11155,2784,236,1,2.47,0.0
11156,2785,40,3,15.33,1.53
11157,2785,1,2,11.87,0.0
11158,2785,26,4,10.08,0.0
11159,2785,93,3,9.58,0.0
11160,2786,2,2,11.3,0.0
11161,2786,34,1,19.46,1.95
11162,2786,8,2,23.8,0.0
11163,2786,15,2,11.21,0.0
11164,2786,28,3,16.85,0.0
11165,2787,26,3,10.08,0.0
11166,2787,19,3,7.1,0.0
11167,2787,7,2,5.95,0.0
11168,2787,31,2,7.89,0.0
11169,2788,178,1,12.33,1.23
11170,2788,21,1,3.76,0.0
11171,2788,29,3,5.4,0.0
11172,2789,104,1,9.14,0.0
11173,2789,81,3,18.28,0.0
11174,2789,39,3,14.97,0.0
11175,2790,35,2,3.73,0.37
11176,2790,247,2,15.38,0.0
11177,2791,103,3,23.09,0.0
11178,2791,27,1,24.04,0.0
11179,2791,8,1,23.8,0.0
11180,2791,247,2,15.38,0.0
11181,2791,123,1,23.88,0.0
11182,2791,29,3,5.4,0.0
11183,2792,8,2,23.8,0.0
11184,2792,65,1,23.95,0.0
11185,2792,28,3,16.85,0.0
11186,2793,8,1,23.8,2.38
11187,2793,177,1,5.69,0.0
11188,2793,2,3,11.3,0.0
11189,2793,39,3,14.97,0.0
11190,2794,24,3,6.46,0.0
11191,2794,108,2,18.3,0.0
11192,2794,29,3,5.4,0.0
11193,2794,200,1,21.12,0.0
11194,2795,17,1,22.02,0.0
11195,2795,43,3,16.79,0.0
11196,2795,12,3,12.04,0.0
11197,2795,203,3,16.15,0.0
11198,2796,1,1,11.87,1.19
11199,2796,103,2,23.09,0.0
11200,2796,135,2,17.22,0.0
11201,2796,238,1,3.0,0.0
11202,2796,184,3,22.35,0.0
11203,2796,221,3,16.53,0.0
11204,2797,3,3,16.72,0.0
11205,2797,8,3,23.8,0.0
11206,2797,40,1,15.33,0.0
11207,2797,241,3,19.19,0.0
11208,2797,93,2,9.58,0.0
11209,2798,88,1,19.81,0.0
11210,2798,36,2,23.88,0.0
11211,2798,13,2,4.43,0.0
11212,2798,102,2,17.26,0.0
11213,2799,200,1,21.12,0.0
11214,2799,19,1,7.1,0.0
11215,2799,21,1,3.76,0.38
11216,2799,26,2,10.08,0.0
11217,2799,187,2,11.12,0.0
11218,2799,190,3,3.88,0.0
11219,2800,1,1,11.87,0.0
11220,2800,35,1,3.73,0.0
11221,2800,31,3,7.89,0.0
11222,2801,230,1,14.04,0.0
11223,2801,39,2,14.97,0.0
11224,2801,105,3,17.09,0.0
11225,2801,23,3,14.2,0.0
11226,2801,25,1,19.85,0.0
11227,2801,26,1,10.08,0.0
11228,2802,8,3,23.8,0.0
11229,2802,59,2,16.83,0.0
11230,2802,22,2,16.56,0.0
11231,2803,227,1,15.13,0.0
11232,2803,68,3,22.91,0.0
11233,2804,6,3,24.22,2.42
11234,2804,13,1,4.43,0.0
11235,2804,155,3,20.04,0.0
11236,2804,220,2,14.33,1.43
11237,2804,61,2,4.08,0.0
11238,2805,33,3,5.52,0.0
11239,2805,249,2,5.07,0.0
11240,2806,120,3,13.7,0.0
11241,2806,8,2,23.8,0.0
11242,2806,38,1,12.67,0.0
11243,2807,4,4,8.66,0.0
11244,2807,11,4,10.32,0.0
11245,2807,239,4,10.9,0.0
11246,2807,16,2,3.81,0.38
11247,2807,28,4,16.85,1.69
11248,2808,161,3,19.7,0.0
11249,2808,13,1,4.43,0.0
11250,2809,196,2,5.36,0.0
11251,2809,8,2,23.8,2.38
11252,2809,15,1,11.21,0.0
11253,2809,86,3,23.11,2.31
11254,2809,219,3,13.5,0.0
11255,2810,96,3,7.8,0.0
11256,2810,162,4,19.9,0.0
11257,2810,229,3,17.37,1.74
11258,2810,10,1,17.86,0.0
11259,2810,19,4,7.1,0.0
11260,2810,23,1,14.2,0.0
11261,2811,18,1,19.15,0.0
11262,2811,150,3,19.3,0.0
11263,2811,6,4,24.22,0.0
11264,2812,236,1,2.47,0.0
11265,2812,20,2,19.92,0.0
11266,2812,23,1,14.2,0.0
11267,2813,1,3,11.87,1.19
11268,2813,36,3,23.88,0.0
11269,2813,39,1,14.97,0.0
11270,2813,87,2,10.91,0.0
11271,2813,27,3,24.04,0.0
11272,2814,5,3,11.32,0.0
11273,2814,150,2,19.3,0.0
11274,2814,23,3,14.2,0.0
11275,2815,8,1,23.8,0.0
11276,2815,15,1,11.21,0.0
11277,2815,31,1,7.89,0.0
11278,2816,8,2,23.8,0.0
11279,2816,42,3,22.29,2.23
11280,2816,196,2,5.36,0.0
11281,2817,166,3,6.59,0.66
11282,2817,10,2,17.86,0.0
11283,2817,20,2,19.92,1.99
11284,2817,150,2,19.3,0.0
11285,2817,23,3,14.2,0.0
11286,2817,26,3,10.08,0.0
11287,2818,200,2,21.12,0.0
11288,2818,34,2,19.46,0.0
11289,2818,29,1,5.4,0.54
11290,2819,216,3,16.32,0.0
11291,2819,91,1,16.51,1.65
11292,2819,29,2,5.4,0.0
11293,2820,33,1,5.52,0.0
11294,2820,19,3,7.1,0.0
11295,2821,165,3,5.73,0.0
11296,2821,8,2,23.8,0.0
11297,2821,40,1,15.33,0.0
11298,2821,42,2,22.29,0.0
11299,2821,26,1,10.08,0.0
11300,2822,10,3,17.86,0.0
11301,2822,15,3,11.21,0.0
11302,2822,14,1,12.02,0.0
11303,2822,22,2,16.56,0.0
11304,2823,32,2,5.99,0.0
11305,2823,195,2,9.71,0.0
11306,2823,38,1,12.67,0.0
11307,2824,126,2,6.42,0.0
11308,2824,4,1,8.66,0.0
11309,2824,22,2,16.56,0.0
11310,2824,122,2,9.1,0.0
11311,2825,25,1,19.85,0.0
11312,2825,20,2,19.92,0.0
11313,2825,30,3,4.36,0.0
11314,2826,18,1,19.15,0.0
11315,2826,2,2,11.3,0.0
11316,2826,3,1,16.72,0.0
11317,2827,24,2,6.46,0.0
11318,2827,109,3,3.95,0.0
11319,2827,29,2,5.4,0.0
11320,2827,181,2,4.11,0.0
11321,2828,24,1,6.46,0.65
11322,2828,29,2,5.4,0.0
11323,2829,121,1,2.42,0.0
11324,2829,21,4,3.76,0.0
11325,2830,9,1,12.58,0.0
11326,2830,140,3,6.16,0.0
11327,2830,30,2,4.36,0.0
11328,2831,25,2,19.85,0.0
11329,2831,186,3,11.54,0.0
11330,2831,185,1,23.4,0.0
11331,2831,39,3,14.97,0.0
11332,2832,112,3,9.55,0.96
11333,2832,73,1,24.03,0.0
11334,2832,18,2,19.15,0.0
11335,2832,29,2,5.4,0.0
11336,2833,5,2,11.32,0.0
11337,2833,43,2,16.79,0.0
11338,2833,29,3,5.4,0.54
11339,2834,99,3,15.86,0.0
11340,2834,36,1,23.88,0.0
11341,2834,13,3,4.43,0.0
11342,2834,14,2,12.02,0.0
11343,2834,18,2,19.15,0.0
11344,2835,202,1,12.79,0.0
11345,2835,162,3,19.9,0.0
11346,2835,29,1,5.4,0.0
11347,2836,10,3,17.86,0.0
11348,2836,37,2,16.44,0.0
11349,2836,7,2,5.95,0.0
11350,2837,32,2,5.99,0.0
11351,2837,4,2,8.66,0.0
11352,2837,7,2,5.95,0.0
11353,2838,128,1,5.56,0.0
11354,2838,3,1,16.72,0.0
11355,2838,67,3,2.94,0.0
11356,2838,38,2,12.67,0.0
11357,2838,16,2,3.81,0.0
11358,2838,63,1,10.84,0.0
11359,2839,25,1,19.85,0.0
11360,2839,188,3,10.6,0.0
11361,2840,24,2,6.46,0.0
11362,2840,27,3,24.04,0.0
11363,2840,207,2,5.44,0.0
11364,2841,8,3,23.8,2.38
11365,2841,38,3,12.67,0.0
11366,2842,7,2,5.95,0.0
11367,2842,10,3,17.86,0.0
11368,2842,237,2,22.09,0.0
11369,2842,24,3,6.46,0.0
11370,2842,61,2,4.08,0.0
11371,2843,12,2,12.04,0.0
11372,2843,21,2,3.76,0.0
11373,2843,24,2,6.46,0.0
11374,2843,28,2,16.85,0.0
11375,2843,29,1,5.4,0.0
11376,2844,36,1,23.88,0.0
11377,2844,40,2,15.33,0.0
11378,2844,245,2,17.11,1.71
11379,2844,25,2,19.85,0.0
11380,2844,30,3,4.36,0.0
11381,2845,8,1,23.8,0.0
11382,2845,132,1,14.41,0.0
11383,2845,200,3,21.12,0.0
11384,2846,82,4,24.79,0.0
11385,2846,29,1,5.4,0.0
11386,2846,229,1,17.37,0.0
11387,2846,39,4,14.97,0.0
11388,2847,38,3,12.67,0.0
11389,2847,39,1,14.97,0.0
11390,2847,40,3,15.33,0.0
11391,2847,12,3,12.04,0.0
11392,2847,15,3,11.21,0.0
11393,2847,23,2,14.2,0.0
11394,2848,33,3,5.52,0.0
11395,2848,170,3,13.05,0.0
11396,2849,65,3,23.95,0.0
11397,2849,131,3,13.68,0.0
11398,2849,6,3,24.22,0.0
11399,2849,30,3,4.36,0.0
11400,2849,62,2,15.66,1.57
11401,2850,9,3,12.58,1.26
11402,2850,3,1,16.72,0.0
11403,2850,93,3,9.58,0.0
11404,2850,5,2,11.32,0.0
11405,2851,39,3,14.97,0.0
11406,2851,12,1,12.04,1.2
11407,2851,147,3,18.55,0.0
11408,2851,24,2,6.46,0.0
11409,2851,27,1,24.04,0.0
11410,2851,31,3,7.89,0.0
11411,2852,2,2,11.3,0.0
11412,2852,26,2,10.08,0.0
11413,2852,31,3,7.89,0.0
11414,2853,16,3,3.81,0.38
11415,2853,10,2,17.86,0.0
11416,2853,211,1,19.85,1.99
11417,2853,149,3,16.04,0.0
11418,2854,36,2,23.88,0.0
11419,2854,21,1,3.76,0.0
11420,2855,9,2,12.58,1.26
11421,2855,4,2,8.66,0.0
11422,2855,246,4,4.38,0.44
11423,2855,39,1,14.97,0.0
11424,2856,34,2,19.46,0.0
11425,2856,39,2,14.97,1.5
11426,2856,73,2,24.03,0.0
11427,2856,86,2,23.11,0.0
11428,2856,24,3,6.46,0.0
11429,2856,121,3,2.42,0.0
11430,2857,19,1,7.1,0.0
11431,2857,157,2,6.46,0.0
11432,2857,39,1,14.97,0.0
11433,2858,8,1,23.8,2.38
11434,2858,17,2,22.02,0.0
11435,2858,221,1,16.53,0.0
11436,2858,26,2,10.08,1.01
11437,2858,29,1,5.4,0.0
11438,2859,5,3,11.32,1.13
11439,2859,229,1,17.37,0.0
11440,2859,29,2,5.4,0.0
11441,2859,94,3,14.83,0.0
11442,2859,95,1,10.89,0.0
11443,2860,249,3,5.07,0.0
11444,2860,29,4,5.4,0.0
11445,2860,31,4,7.89,0.0
11446,2861,10,1,17.86,0.0
11447,2861,172,2,23.49,0.0
11448,2862,32,1,5.99,0.0
11449,2862,4,1,8.66,0.0
11450,2862,198,1,23.1,0.0
11451,2862,12,1,12.04,0.0
11452,2862,142,2,16.37,0.0
11453,2862,19,2,7.1,0.0
11454,2863,7,3,5.95,0.0
11455,2863,14,3,12.02,0.0
11456,2863,151,3,20.03,0.0
11457,2864,40,2,15.33,0.0
11458,2864,33,2,5.52,0.0
11459,2864,83,2,14.05,0.0
11460,2865,19,1,7.1,0.0
11461,2865,27,3,24.04,0.0
11462,2865,38,2,12.67,0.0
11463,2865,31,1,7.89,0.0
11464,2866,8,1,23.8,0.0
11465,2866,76,2,21.26,0.0
11466,2866,20,3,19.92,1.99
11467,2866,21,1,3.76,0.0
11468,2866,150,3,19.3,0.0
11469,2866,22,3,16.56,0.0
11470,2867,16,1,3.81,0.0
11471,2867,172,1,23.49,0.0
11472,2867,212,2,7.47,0.0
11473,2867,7,3,5.95,0.0
11474,2868,6,1,24.22,0.0
11475,2868,7,3,5.95,0.6
11476,2868,75,2,20.65,0.0
11477,2868,11,2,10.32,0.0
11478,2868,186,3,11.54,0.0
11479,2869,1,3,11.87,0.0
11480,2869,4,3,8.66,0.0
11481,2869,22,1,16.56,0.0
11482,2869,215,1,16.7,1.67
11483,2870,167,1,15.91,0.0
11484,2870,9,1,12.58,0.0
11485,2870,20,3,19.92,0.0
11486,2870,21,1,3.76,0.0
11487,2870,22,2,16.56,0.0
11488,2870,24,3,6.46,0.0
11489,2871,24,3,6.46,0.0
11490,2871,74,3,12.36,0.0
11491,2871,11,1,10.32,0.0
11492,2872,25,3,19.85,0.0
11493,2872,162,3,19.9,0.0
11494,2873,186,2,11.54,1.15
11495,2873,34,3,19.46,0.0
11496,2873,227,1,15.13,0.0
11497,2873,22,2,16.56,0.0
11498,2874,8,3,23.8,0.0
11499,2874,73,4,24.03,0.0
11500,2874,221,2,16.53,0.0
11501,2875,43,2,16.79,0.0
11502,2875,34,3,19.46,0.0
11503,2875,19,2,7.1,0.71
11504,2876,18,4,19.15,0.0
11505,2876,4,3,8.66,0.0
11506,2876,34,1,19.46,0.0
11507,2877,213,2,4.8,0.0
11508,2877,17,1,22.02,0.0
11509,2877,77,1,24.59,0.0
11510,2877,21,3,3.76,0.0
11511,2878,1,1,11.87,0.0
11512,2878,140,3,6.16,0.0
11513,2878,18,2,19.15,0.0
11514,2878,50,1,16.52,0.0
11515,2878,23,3,14.2,0.0
11516,2878,31,1,7.89,0.0
11517,2879,8,2,23.8,0.0
11518,2879,19,3,7.1,0.0
11519,2879,115,1,23.78,0.0
11520,2879,12,3,12.04,0.0
11521,2880,35,2,3.73,0.0
11522,2880,132,1,14.41,0.0
11523,2880,165,1,5.73,0.0
11524,2880,40,2,15.33,0.0
11525,2880,61,1,4.08,0.0
11526,2881,26,1,10.08,1.01
11527,2881,76,1,21.26,0.0
11528,2881,21,2,3.76,0.0
11529,2882,34,2,19.46,0.0
11530,2882,2,2,11.3,0.0
11531,2882,7,1,5.95,0.0
11532,2883,37,3,16.44,0.0
11533,2883,6,2,24.22,2.42
11534,2883,7,2,5.95,0.0
11535,2883,20,4,19.92,0.0
11536,2883,24,1,6.46,0.0
11537,2883,93,2,9.58,0.0
11538,2884,12,1,12.04,0.0
11539,2884,23,1,14.2,0.0
11540,2885,40,3,15.33,0.0
11541,2885,210,3,11.73,0.0
11542,2885,2,3,11.3,0.0
11543,2886,248,1,19.4,0.0
11544,2886,3,2,16.72,0.0
11545,2887,8,1,23.8,2.38
11546,2887,37,1,16.44,0.0
11547,2887,133,1,18.99,0.0
11548,2888,162,3,19.9,0.0
11549,2888,38,1,12.67,0.0
11550,2888,45,2,9.43,0.0
11551,2888,13,1,4.43,0.0
11552,2888,79,1,16.86,0.0
11553,2889,26,2,10.08,1.01
11554,2889,61,2,4.08,0.41
11555,2889,38,2,12.67,0.0
11556,2889,31,1,7.89,0.0
11557,2890,8,1,23.8,0.0
11558,2890,12,3,12.04,0.0
11559,2890,38,2,12.67,1.27
11560,2891,154,1,24.21,0.0
11561,2891,13,2,4.43,0.0
11562,2891,38,1,12.67,0.0
11563,2892,6,2,24.22,0.0
11564,2892,47,1,9.27,0.0
11565,2892,240,3,10.59,1.06
11566,2892,52,1,15.6,0.0
11567,2892,21,1,3.76,0.0
11568,2892,31,3,7.89,0.0
11569,2893,34,3,19.46,0.0
11570,2893,111,2,16.8,0.0
11571,2893,167,3,15.91,0.0
11572,2894,198,1,23.1,2.31
11573,2894,16,3,3.81,0.0
11574,2894,243,1,3.55,0.0
11575,2894,26,1,10.08,0.0
11576,2894,29,2,5.4,0.0
11577,2894,191,3,7.16,0.72
11578,2895,129,1,8.8,0.0
11579,2895,37,1,16.44,0.0
11580,2895,10,3,17.86,0.0
11581,2895,14,3,12.02,0.0
11582,2895,143,3,22.76,0.0
11583,2895,29,2,5.4,0.0
11584,2896,4,2,8.66,0.0
11585,2896,28,3,16.85,0.0
11586,2896,5,2,11.32,0.0
11587,2896,150,3,19.3,1.93
11588,2897,2,3,11.3,0.0
11589,2897,40,2,15.33,0.0
11590,2897,140,1,6.16,0.0
11591,2897,22,1,16.56,0.0
11592,2897,31,1,7.89,0.0
11593,2898,32,3,5.99,0.0
11594,2898,25,1,19.85,0.0
11595,2898,5,1,11.32,0.0
11596,2898,167,1,15.91,0.0
11597,2899,2,3,11.3,0.0
11598,2899,35,1,3.73,0.0
11599,2899,20,1,19.92,0.0
11600,2900,249,1,5.07,0.0
11601,2900,170,2,13.05,0.0
11602,2900,142,2,16.37,0.0
11603,2901,8,3,23.8,0.0
11604,2901,16,2,3.81,0.0
11605,2901,135,3,17.22,0.0
11606,2902,152,3,7.38,0.0
11607,2902,26,4,10.08,0.0
11608,2902,182,3,22.94,0.0
11609,2902,39,1,14.97,0.0
11610,2903,18,3,19.15,0.0
11611,2903,94,3,14.83,0.0
11612,2904,1,3,11.87,0.0
11613,2904,2,2,11.3,0.0
11614,2904,5,3,11.32,0.0
11615,2904,30,1,4.36,0.0
11616,2905,9,1,12.58,0.0
11617,2905,21,1,3.76,0.0
11618,2905,39,3,14.97,0.0
11619,2906,2,3,11.3,0.0
11620,2906,3,2,16.72,0.0
11621,2906,20,3,19.92,0.0
11622,2906,89,2,17.61,0.0
11623,2906,26,3,10.08,0.0
11624,2906,158,2,17.6,0.0
11625,2907,221,1,16.53,0.0
11626,2907,31,3,7.89,0.0
11627,2908,195,2,9.71,0.0
11628,2908,199,2,12.87,0.0
11629,2908,170,3,13.05,0.0
11630,2908,249,1,5.07,0.0
11631,2908,25,1,19.85,0.0
11632,2909,33,2,5.52,0.0
11633,2909,10,1,17.86,0.0
11634,2909,31,2,7.89,0.79
11635,2910,32,3,5.99,0.6
11636,2910,4,2,8.66,0.0
11637,2910,36,2,23.88,0.0
11638,2910,39,3,14.97,0.0
11639,2910,23,2,14.2,0.0
11640,2910,159,1,15.12,0.0
11641,2911,7,3,5.95,0.0
11642,2911,13,1,4.43,0.0
11643,2911,6,1,24.22,0.0
11644,2911,135,2,17.22,0.0
11645,2912,32,2,5.99,0.0
11646,2912,186,2,11.54,0.0
11647,2913,17,1,22.02,0.0
11648,2913,35,4,3.73,0.0
11649,2913,196,3,5.36,0.0
11650,2914,33,2,5.52,0.0
11651,2914,36,3,23.88,0.0
11652,2915,237,2,22.09,0.0
11653,2915,45,3,9.43,0.0
11654,2916,34,1,19.46,0.0
11655,2916,3,1,16.72,0.0
11656,2917,240,4,10.59,0.0
11657,2917,99,2,15.86,0.0
11658,2917,127,4,25.0,0.0
11659,2918,24,1,6.46,0.0
11660,2918,10,3,17.86,0.0
11661,2918,4,4,8.66,0.87
11662,2919,37,3,16.44,0.0
11663,2919,6,1,24.22,0.0
11664,2919,11,3,10.32,0.0
11665,2919,12,1,12.04,0.0
11666,2919,20,2,19.92,0.0
11667,2920,40,2,15.33,0.0
11668,2920,5,1,11.32,0.0
11669,2921,8,1,23.8,0.0
11670,2921,29,3,5.4,0.0
11671,2921,7,3,5.95,0.0
11672,2922,36,2,23.88,0.0
11673,2922,202,2,12.79,0.0
11674,2922,10,1,17.86,0.0
11675,2922,14,2,12.02,1.2
11676,2922,28,3,16.85,0.0
11677,2923,16,2,3.81,0.0
11678,2923,37,1,16.44,0.0
11679,2923,30,2,4.36,0.0
11680,2923,31,1,7.89,0.0
11681,2924,4,3,8.66,0.0
11682,2924,13,2,4.43,0.0
11683,2924,20,2,19.92,0.0
11684,2924,23,3,14.2,0.0
11685,2924,185,2,23.4,0.0
11686,2925,242,1,10.21,0.0
11687,2925,30,2,4.36,0.44
11688,2925,22,2,16.56,0.0
11689,2925,15,2,11.21,0.0
11690,2926,16,2,3.81,0.0
11691,2926,74,3,12.36,0.0
11692,2926,38,1,12.67,0.0
11693,2926,98,2,24.18,0.0
11694,2927,24,1,6.46,0.0
11695,2927,34,3,19.46,0.0
11696,2927,21,1,3.76,0.0
11697,2927,31,3,7.89,0.79
11698,2928,40,3,15.33,1.53
11699,2928,26,3,10.08,0.0
11700,2928,58,2,8.6,0.0
11701,2928,23,3,14.2,0.0
11702,2929,3,3,16.72,0.0
11703,2929,13,3,4.43,0.0
11704,2929,94,3,14.83,1.48
11705,2929,167,1,15.91,0.0
11706,2930,10,3,17.86,0.0
11707,2930,19,2,7.1,0.0
11708,2930,93,1,9.58,0.0
11709,2931,26,2,10.08,0.0
11710,2931,13,2,4.43,0.0
11711,2932,99,3,15.86,0.0
11712,2932,7,1,5.95,0.0
11713,2932,39,1,14.97,0.0
11714,2932,140,1,6.16,0.0
11715,2932,184,3,22.35,0.0
11716,2933,26,3,10.08,0.0
11717,2933,38,1,12.67,0.0
11718,2933,45,3,9.43,0.0
11719,2933,14,3,12.02,0.0
11720,2933,218,3,21.24,0.0
11721,2934,39,1,14.97,1.5
11722,2934,40,2,15.33,0.0
11723,2934,17,1,22.02,0.0
11724,2934,27,2,24.04,0.0
11725,2934,222,3,15.23,1.52
11726,2934,31,1,7.89,0.0
11727,2935,4,3,8.66,0.87
11728,2935,7,3,5.95,0.0
11729,2935,9,1,12.58,0.0
11730,2935,15,3,11.21,0.0
11731,2935,29,2,5.4,0.0
11732,2936,101,1,3.87,0.0
11733,2936,6,3,24.22,0.0
11734,2936,206,3,6.96,0.0
11735,2936,25,3,19.85,0.0
11736,2936,26,1,10.08,0.0
11737,2936,31,3,7.89,0.0
11738,2937,100,2,5.46,0.0
11739,2937,20,1,19.92,0.0
11740,2937,27,2,24.04,0.0
11741,2937,189,1,10.88,0.0
11742,2937,31,1,7.89,0.0
11743,2938,18,3,19.15,0.0
11744,2938,20,3,19.92,0.0
11745,2938,4,1,8.66,0.0
11746,2938,151,1,20.03,0.0
11747,2939,187,3,11.12,0.0
11748,2939,7,2,5.95,0.0
11749,2940,33,3,5.52,0.0
11750,2940,4,3,8.66,0.0
11751,2940,13,3,4.43,0.0
11752,2940,14,1,12.02,0.0
11753,2940,238,2,3.0,0.0
11754,2940,81,1,18.28,0.0
11755,2941,4,1,8.66,0.0
11756,2941,199,1,12.87,0.0
11757,2941,40,2,15.33,0.0
11758,2941,16,1,3.81,0.0
11759,2941,20,3,19.92,0.0
11760,2941,26,3,10.08,0.0
11761,2942,33,3,5.52,0.0
11762,2942,68,2,22.91,0.0
11763,2942,9,3,12.58,1.26
11764,2942,16,1,3.81,0.0
11765,2942,114,2,18.17,0.0
11766,2942,249,2,5.07,0.0
11767,2943,16,1,3.81,0.0
11768,2943,34,3,19.46,0.0
11769,2943,206,2,6.96,0.0
11770,2943,39,2,14.97,0.0
11771,2944,36,3,23.88,0.0
11772,2944,22,1,16.56,0.0
11773,2944,7,1,5.95,0.0
11774,2945,33,3,5.52,0.0
11775,2945,50,2,16.52,0.0
11776,2945,21,2,3.76,0.0
11777,2945,37,3,16.44,0.0
11778,2946,18,3,19.15,0.0
11779,2946,3,1,16.72,0.0
11780,2946,34,3,19.46,0.0
11781,2946,246,1,4.38,0.0
11782,2947,7,1,5.95,0.0
11783,2947,42,3,22.29,0.0
11784,2947,140,3,6.16,0.0
11785,2947,50,2,16.52,1.65
11786,2947,25,1,19.85,0.0
11787,2948,170,1,13.05,1.31
11788,2948,26,1,10.08,0.0
11789,2948,54,3,3.71,0.0
11790,2948,22,3,16.56,0.0
11791,2949,33,2,5.52,0.0
11792,2949,6,3,24.22,0.0
11793,2949,25,3,19.85,0.0
11794,2949,23,2,14.2,0.0
11795,2950,70,1,6.33,0.0
11796,2950,137,1,16.21,0.0
11797,2950,234,2,20.09,0.0
11798,2950,16,1,3.81,0.0
11799,2950,26,3,10.08,0.0
11800,2951,1,1,11.87,0.0
11801,2951,34,3,19.46,0.0
11802,2951,3,2,16.72,0.0
11803,2951,2,3,11.3,0.0
11804,2951,50,1,16.52,0.0
11805,2952,242,2,10.21,0.0
11806,2952,45,2,9.43,0.0
11807,2952,28,2,16.85,0.0
11808,2952,12,2,12.04,0.0
11809,2953,20,3,19.92,1.99
11810,2953,13,3,4.43,0.0
11811,2954,36,2,23.88,0.0
11812,2954,10,1,17.86,0.0
11813,2954,106,1,17.23,0.0
11814,2954,11,1,10.32,0.0
11815,2954,92,1,9.7,0.0
11816,2955,4,2,8.66,0.0
11817,2955,167,1,15.91,0.0
11818,2955,136,3,22.16,2.22
11819,2955,14,1,12.02,0.0
11820,2955,31,2,7.89,0.0
11821,2956,18,3,19.15,0.0
11822,2956,4,2,8.66,0.0
11823,2956,22,1,16.56,0.0
11824,2957,38,3,12.67,0.0
11825,2957,11,1,10.32,0.0
11826,2957,190,1,3.88,0.0
11827,2957,15,3,11.21,0.0
11828,2958,35,3,3.73,0.0
11829,2958,20,1,19.92,0.0
11830,2959,35,2,3.73,0.0
11831,2959,75,1,20.65,2.06
11832,2959,174,2,13.87,0.0
11833,2959,149,4,16.04,0.0
11834,2959,22,4,16.56,0.0
11835,2959,30,4,4.36,0.0
11836,2960,4,3,8.66,0.0
11837,2960,36,3,23.88,0.0
11838,2960,16,2,3.81,0.0
11839,2960,17,2,22.02,0.0
11840,2960,19,3,7.1,0.0
11841,2961,152,3,7.38,0.0
11842,2961,179,1,13.81,1.38
11843,2961,21,3,3.76,0.0
11844,2961,30,1,4.36,0.44
11845,2962,227,2,15.13,0.0
11846,2962,37,2,16.44,0.0
11847,2962,6,3,24.22,0.0
11848,2962,201,2,19.45,0.0
11849,2962,78,2,3.94,0.0
11850,2963,24,3,6.46,0.0
11851,2963,2,2,11.3,0.0
11852,2963,22,3,16.56,0.0
11853,2964,8,1,23.8,2.38
11854,2964,36,2,23.88,0.0
11855,2964,30,2,4.36,0.0
11856,2965,32,2,5.99,0.0
11857,2965,5,2,11.32,0.0
11858,2965,7,2,5.95,0.0
11859,2965,10,2,17.86,0.0
11860,2965,14,2,12.02,0.0
11861,2965,24,1,6.46,0.0
11862,2966,2,1,11.3,0.0
11863,2966,9,1,12.58,0.0
11864,2966,13,3,4.43,0.44
11865,2966,15,3,11.21,0.0
11866,2966,120,2,13.7,0.0
11867,2966,31,1,7.89,0.0
11868,2967,39,3,14.97,0.0
11869,2967,207,3,5.44,0.0
11870,2968,34,1,19.46,0.0
11871,2968,19,2,7.1,0.0
11872,2968,15,3,11.21,0.0
11873,2968,23,1,14.2,0.0
11874,2969,4,1,8.66,0.87
11875,2969,10,1,17.86,0.0
11876,2969,14,1,12.02,0.0
11877,2969,15,1,11.21,0.0
11878,2969,241,3,19.19,0.0
11879,2969,249,3,5.07,0.0
11880,2970,9,3,12.58,0.0
11881,2970,26,3,10.08,0.0
11882,2970,52,3,15.6,0.0
11883,2970,14,1,12.02,1.2
11884,2971,237,2,22.09,0.0
11885,2971,92,1,9.7,0.97
11886,2971,245,2,17.11,0.0
11887,2971,7,3,5.95,0.0
11888,2972,152,1,7.38,0.74
11889,2972,9,2,12.58,0.0
11890,2973,205,2,2.44,0.0
11891,2973,240,1,10.59,0.0
11892,2973,19,1,7.1,0.0
11893,2973,24,1,6.46,0.0
11894,2973,188,3,10.6,0.0
11895,2974,34,3,19.46,0.0
11896,2974,12,3,12.04,0.0
11897,2974,222,1,15.23,0.0
11898,2974,23,1,14.2,0.0
11899,2975,1,2,11.87,0.0
11900,2975,26,1,10.08,0.0
11901,2975,7,1,5.95,0.0
11902,2976,24,2,6.46,0.0
11903,2976,174,2,13.87,1.39
11904,2976,246,3,4.38,0.0
11905,2977,4,2,8.66,0.0
11906,2977,136,3,22.16,0.0
11907,2977,16,1,3.81,0.0
11908,2977,24,3,6.46,0.0
11909,2977,29,3,5.4,0.54
11910,2978,232,3,23.93,0.0
11911,2978,140,3,6.16,0.0
11912,2978,118,2,4.15,0.0
11913,2979,145,2,3.0,0.0
11914,2979,34,2,19.46,0.0
11915,2979,13,2,4.43,0.0
11916,2979,110,2,14.86,0.0
11917,2980,145,3,3.0,0.0
11918,2980,92,1,9.7,0.0
11919,2980,38,3,12.67,0.0
11920,2980,23,1,14.2,0.0
11921,2981,12,1,12.04,0.0
11922,2981,141,2,17.94,0.0
11923,2981,16,3,3.81,0.0
11924,2981,24,1,6.46,0.0
11925,2981,28,3,16.85,0.0
11926,2982,37,2,16.44,1.64
11927,2982,5,1,11.32,0.0
11928,2982,105,3,17.09,0.0
11929,2982,15,2,11.21,0.0
11930,2982,87,3,10.91,0.0
11931,2982,26,1,10.08,0.0
11932,2983,13,1,4.43,0.0
11933,2983,6,2,24.22,0.0
11934,2983,15,1,11.21,1.12
11935,2984,36,2,23.88,0.0
11936,2984,18,2,19.15,0.0
11937,2984,147,3,18.55,0.0
11938,2984,28,3,16.85,0.0
11939,2984,31,2,7.89,0.0
11940,2985,25,3,19.85,0.0
11941,2985,21,3,3.76,0.0
11942,2986,124,3,9.86,0.0
11943,2986,20,1,19.92,0.0
11944,2986,93,1,9.58,0.0
11945,2986,223,2,18.53,0.0
11946,2987,18,2,19.15,0.0
11947,2987,29,1,5.4,0.0
11948,2988,140,2,6.16,0.0
11949,2988,38,3,12.67,0.0
11950,2989,2,3,11.3,0.0
11951,2989,36,3,23.88,0.0
11952,2989,8,3,23.8,0.0
11953,2989,21,1,3.76,0.0
11954,2989,26,2,10.08,0.0
11955,2989,222,2,15.23,1.52
11956,2990,146,3,10.38,0.0
11957,2990,171,1,10.54,0.0
11958,2990,36,1,23.88,0.0
11959,2991,76,1,21.26,0.0
11960,2991,12,3,12.04,1.2
11961,2991,31,1,7.89,0.0
11962,2992,35,1,3.73,0.0
11963,2992,6,2,24.22,0.0
11964,2992,135,1,17.22,0.0
11965,2992,22,1,16.56,1.66
11966,2992,29,2,5.4,0.0
11967,2993,192,1,9.33,0.0
11968,2993,8,1,23.8,0.0
11969,2993,20,1,19.92,1.99
11970,2994,37,1,16.44,0.0
11971,2994,198,1,23.1,0.0
11972,2994,169,1,3.2,0.0
11973,2994,24,3,6.46,0.0
11974,2994,25,1,19.85,0.0
11975,2994,29,3,5.4,0.0
11976,2995,32,2,5.99,0.0
11977,2995,2,2,11.3,0.0
11978,2995,5,1,11.32,0.0
11979,2995,40,2,15.33,0.0
11980,2995,29,2,5.4,0.0
11981,2995,31,3,7.89,0.0
11982,2996,218,2,21.24,0.0
11983,2996,243,2,3.55,0.0
11984,2996,13,3,4.43,0.0
11985,2997,40,1,15.33,1.53
11986,2997,5,3,11.32,0.0
11987,2998,98,2,24.18,0.0
11988,2998,5,3,11.32,0.0
11989,2998,13,1,4.43,0.0
11990,2998,85,2,10.37,0.0
11991,2998,61,3,4.08,0.0
11992,2998,95,3,10.89,0.0
11993,2999,36,2,23.88,0.0
11994,2999,199,1,12.87,0.0
11995,2999,9,3,12.58,0.0
11996,2999,173,1,18.36,0.0
11997,2999,127,2,25.0,0.0
11998,3000,5,2,11.32,0.0
11999,3000,198,2,23.1,0.0
12000,3000,8,1,23.8,2.38
12001,3000,13,1,4.43,0.0
12002,3000,31,3,7.89,0.0
12003,3001,1,2,11.87,0.0
12004,3001,35,1,3.73,0.0
12005,3001,39,3,14.97,0.0
12006,3001,10,3,17.86,0.0
12007,3001,138,3,15.74,0.0
12008,3001,26,1,10.08,1.01
12009,3002,24,2,6.46,0.0
12010,3002,4,2,8.66,0.0
12011,3003,26,1,10.08,0.0
12012,3003,40,2,15.33,0.0
12013,3003,214,3,7.48,0.0
12014,3003,154,2,24.21,2.42
12015,3003,158,3,17.6,0.0
12016,3004,4,1,8.66,0.87
12017,3004,37,3,16.44,0.0
12018,3004,14,2,12.02,0.0
12019,3004,16,2,3.81,0.0
12020,3004,245,3,17.11,0.0
12021,3004,26,3,10.08,1.01
12022,3005,38,3,12.67,0.0
12023,3005,40,1,15.33,0.0
12024,3005,13,4,4.43,0.0
12025,3005,16,1,3.81,0.0
12026,3005,211,1,19.85,0.0
12027,3005,27,2,24.04,0.0
12028,3006,40,1,15.33,0.0
12029,3006,15,1,11.21,0.0
12030,3007,39,1,14.97,0.0
12031,3007,179,2,13.81,0.0
12032,3007,21,1,3.76,0.0
12033,3007,231,1,10.29,0.0
12034,3008,37,3,16.44,0.0
12035,3008,166,1,6.59,0.0
12036,3008,171,3,10.54,0.0
12037,3008,16,2,3.81,0.0
12038,3008,28,2,16.85,0.0
12039,3008,30,2,4.36,0.0
12040,3009,205,3,2.44,0.0
12041,3009,30,1,4.36,0.0
12042,3010,163,1,13.57,1.36
12043,3010,12,3,12.04,0.0
12044,3010,7,1,5.95,0.0
12045,3011,8,2,23.8,0.0
12046,3011,11,3,10.32,0.0
12047,3011,147,1,18.55,0.0
12048,3011,27,2,24.04,0.0
12049,3011,223,3,18.53,0.0
12050,3012,20,2,19.92,0.0
12051,3012,54,3,3.71,0.0
12052,3012,22,3,16.56,1.66
12053,3013,98,1,24.18,0.0
12054,3013,23,3,14.2,0.0
12055,3014,8,3,23.8,0.0
12056,3014,40,1,15.33,0.0
12057,3014,34,3,19.46,0.0
12058,3014,175,2,4.87,0.0
12059,3015,4,1,8.66,0.0
12060,3015,6,1,24.22,2.42
12061,3015,11,2,10.32,0.0
12062,3015,78,1,3.94,0.0
12063,3015,25,1,19.85,0.0
12064,3015,28,1,16.85,0.0
12065,3016,29,1,5.4,0.0
12066,3016,19,3,7.1,0.0
12067,3016,12,3,12.04,0.0
12068,3016,244,3,7.55,0.0
12069,3017,35,1,3.73,0.0
12070,3017,205,1,2.44,0.0
12071,3018,24,1,6.46,0.0
12072,3018,11,1,10.32,0.0
12073,3018,50,2,16.52,1.65
12074,3018,155,1,20.04,0.0
12075,3019,34,3,19.46,0.0
12076,3019,141,2,17.94,0.0
12077,3020,12,2,12.04,0.0
12078,3020,20,1,19.92,0.0
12079,3020,30,3,4.36,0.0
12080,3021,185,2,23.4,0.0
12081,3021,2,2,11.3,0.0
12082,3021,28,1,16.85,0.0
12083,3021,34,2,19.46,0.0
12084,3022,8,1,23.8,0.0
12085,3022,156,3,22.79,0.0
12086,3022,30,2,4.36,0.0
12087,3023,19,1,7.1,0.0
12088,3023,7,2,5.95,0.0
12089,3024,164,1,11.63,0.0
12090,3024,7,2,5.95,0.6
12091,3024,19,1,7.1,0.0
12092,3024,26,1,10.08,0.0
12093,3024,28,1,16.85,0.0
12094,3025,40,1,15.33,0.0
12095,3025,218,1,21.24,0.0
12096,3025,37,2,16.44,0.0
12097,3025,31,1,7.89,0.0
12098,3026,36,1,23.88,0.0
12099,3026,37,3,16.44,0.0
12100,3026,22,1,16.56,0.0
12101,3027,116,4,24.93,0.0
12102,3027,1,2,11.87,0.0
12103,3027,234,2,20.09,0.0
12104,3027,228,3,6.31,0.0
12105,3028,17,1,22.02,0.0
12106,3028,28,2,16.85,0.0
12107,3028,5,2,11.32,0.0
12108,3028,15,2,11.21,0.0
12109,3029,18,3,19.15,0.0
12110,3029,158,2,17.6,0.0
12111,3029,36,1,23.88,0.0
12112,3029,118,4,4.15,0.0
12113,3030,1,2,11.87,0.0
12114,3030,5,3,11.32,0.0
12115,3030,7,3,5.95,0.0
12116,3030,140,2,6.16,0.0
12117,3030,24,3,6.46,0.0
12118,3030,31,3,7.89,0.0
12119,3031,17,1,22.02,0.0
12120,3031,20,3,19.92,0.0
12121,3031,21,3,3.76,0.0
12122,3031,127,2,25.0,0.0
12123,3032,133,2,18.99,1.9
12124,3032,10,2,17.86,0.0
12125,3032,47,3,9.27,0.0
12126,3032,22,2,16.56,0.0
12127,3032,24,1,6.46,0.65
12128,3033,134,2,14.11,0.0
12129,3033,11,1,10.32,0.0
12130,3033,13,3,4.43,0.0
12131,3033,190,2,3.88,0.0
12132,3033,93,3,9.58,0.0
12133,3033,62,1,15.66,1.57
12134,3034,113,3,4.94,0.0
12135,3034,20,4,19.92,0.0
12136,3034,31,1,7.89,0.0
12137,3035,4,1,8.66,0.0
12138,3035,36,3,23.88,0.0
12139,3036,2,2,11.3,0.0
12140,3036,49,3,12.79,0.0
12141,3036,148,3,24.3,0.0
12142,3036,188,2,10.6,0.0
12143,3036,29,1,5.4,0.0
12144,3037,3,3,16.72,0.0
12145,3037,202,1,12.79,0.0
12146,3037,11,1,10.32,0.0
12147,3037,15,1,11.21,0.0
12148,3037,16,2,3.81,0.0
12149,3037,28,3,16.85,0.0
12150,3038,32,3,5.99,0.0
12151,3038,1,2,11.87,0.0
12152,3039,1,1,11.87,0.0
12153,3039,4,2,8.66,0.0
12154,3039,11,3,10.32,0.0
12155,3039,12,3,12.04,0.0
12156,3039,31,1,7.89,0.0
12157,3040,19,2,7.1,0.0
12158,3040,36,1,23.88,0.0
12159,3040,21,3,3.76,0.0
12160,3041,21,2,3.76,0.0
12161,3041,18,1,19.15,0.0
12162,3041,5,3,11.32,0.0
12163,3042,217,1,3.44,0.0
12164,3042,165,1,5.73,0.57
12165,3042,17,1,22.02,0.0
12166,3042,119,1,17.42,1.74
12167,3043,17,2,22.02,2.2
12168,3043,214,2,7.48,0.0
12169,3044,101,2,3.87,0.0
12170,3044,17,2,22.02,0.0
12171,3044,19,2,7.1,0.0
12172,3044,84,2,16.03,0.0
12173,3044,22,2,16.56,0.0
12174,3044,25,2,19.85,0.0
12175,3045,129,1,8.8,0.0
12176,3045,11,1,10.32,0.0
12177,3045,21,1,3.76,0.0
12178,3046,36,2,23.88,0.0
12179,3046,52,1,15.6,0.0
12180,3046,7,2,5.95,0.0
12181,3047,216,3,16.32,0.0
12182,3047,218,2,21.24,0.0
12183,3047,6,3,24.22,0.0
12184,3048,11,2,10.32,0.0
12185,3048,67,1,2.94,0.0
12186,3049,152,3,7.38,0.0
12187,3049,180,1,21.11,2.11
12188,3050,66,2,19.0,0.0
12189,3050,35,2,3.73,0.0
12190,3050,11,1,10.32,1.03
12191,3050,16,3,3.81,0.0
12192,3050,117,1,22.99,0.0
12193,3050,25,3,19.85,0.0
12194,3051,35,3,3.73,0.0
12195,3051,50,3,16.52,0.0
12196,3051,243,2,3.55,0.0
12197,3051,71,3,15.92,0.0
12198,3052,17,1,22.02,0.0
12199,3052,62,1,15.66,0.0
12200,3053,152,2,7.38,0.0
12201,3053,53,3,10.09,0.0
12202,3054,72,1,13.53,0.0
12203,3054,41,1,17.67,0.0
12204,3054,26,3,10.08,0.0
12205,3054,3,2,16.72,0.0
12206,3055,192,1,9.33,0.0
12207,3055,2,2,11.3,0.0
12208,3055,198,2,23.1,0.0
12209,3055,19,1,7.1,0.0
12210,3055,179,1,13.81,0.0
12211,3055,31,1,7.89,0.0
12212,3056,32,2,5.99,0.0
12213,3056,37,1,16.44,0.0
12214,3056,140,3,6.16,0.0
12215,3056,146,1,10.38,0.0
12216,3056,56,3,2.86,0.29
12217,3056,25,3,19.85,0.0
12218,3057,228,3,6.31,0.0
12219,3057,37,2,16.44,0.0
12220,3057,70,3,6.33,0.63
12221,3057,39,3,14.97,0.0
12222,3058,11,2,10.32,0.0
12223,3058,12,2,12.04,0.0
12224,3058,31,1,7.89,0.0
12225,3059,35,2,3.73,0.0
12226,3059,14,3,12.02,0.0
12227,3059,19,2,7.1,0.0
12228,3059,88,1,19.81,0.0
12229,3059,25,2,19.85,0.0
12230,3060,59,1,16.83,0.0
12231,3060,37,1,16.44,0.0
12232,3061,202,3,12.79,0.0
12233,3061,35,3,3.73,0.0
12234,3062,125,3,19.62,0.0
12235,3062,15,3,11.21,0.0
12236,3063,178,2,12.33,0.0
12237,3063,26,2,10.08,1.01
12238,3064,33,2,5.52,0.0
12239,3064,35,1,3.73,0.0
12240,3065,125,2,19.62,0.0
12241,3065,15,2,11.21,0.0
12242,3065,133,2,18.99,1.9
12243,3065,39,2,14.97,0.0
12244,3066,19,2,7.1,0.0
12245,3066,106,2,17.23,1.72
12246,3066,27,2,24.04,2.4
12247,3066,30,3,4.36,0.0
12248,3067,249,4,5.07,0.0
12249,3067,59,3,16.83,1.68
12250,3068,4,1,8.66,0.0
12251,3068,167,3,15.91,0.0
12252,3068,13,1,4.43,0.0
12253,3068,15,1,11.21,0.0
12254,3068,87,1,10.91,0.0
12255,3068,250,3,10.1,0.0
12256,3069,39,2,14.97,0.0
12257,3069,8,2,23.8,0.0
12258,3069,77,2,24.59,0.0
12259,3069,27,2,24.04,0.0
12260,3069,60,3,24.48,0.0
12261,3069,31,1,7.89,0.0
12262,3070,235,1,13.68,0.0
12263,3070,164,3,11.63,0.0
12264,3071,1,1,11.87,0.0
12265,3071,34,1,19.46,0.0
12266,3071,4,2,8.66,0.0
12267,3071,104,2,9.14,0.0
12268,3071,21,1,3.76,0.38
12269,3072,181,3,4.11,0.0
12270,3072,21,1,3.76,0.0
12271,3072,15,3,11.21,0.0
12272,3073,12,3,12.04,0.0
12273,3073,36,1,23.88,0.0
12274,3073,157,3,6.46,0.0
12275,3073,70,1,6.33,0.63
12276,3074,16,1,3.81,0.38
12277,3074,96,1,7.8,0.0
12278,3075,130,2,20.13,2.01
12279,3075,4,1,8.66,0.0
12280,3075,7,1,5.95,0.0
12281,3075,11,1,10.32,0.0
12282,3075,178,1,12.33,0.0
12283,3075,119,2,17.42,0.0
12284,3076,9,2,12.58,0.0
12285,3076,2,1,11.3,0.0
12286,3076,60,3,24.48,0.0
12287,3076,46,3,24.33,0.0
12288,3077,21,1,3.76,0.0
12289,3077,221,2,16.53,0.0
12290,3078,10,3,17.86,0.0
12291,3078,15,2,11.21,0.0
12292,3078,182,2,22.94,0.0
12293,3078,25,1,19.85,0.0
12294,3078,31,2,7.89,0.0
12295,3079,34,2,19.46,0.0
12296,3079,14,1,12.02,0.0
12297,3080,32,1,5.99,0.0
12298,3080,3,3,16.72,0.0
12299,3080,8,3,23.8,0.0
12300,3080,9,3,12.58,0.0
12301,3080,12,1,12.04,0.0
12302,3080,18,1,19.15,0.0
12303,3081,11,1,10.32,0.0
12304,3081,15,2,11.21,0.0
12305,3081,208,2,23.63,0.0
12306,3081,17,1,22.02,0.0
12307,3081,28,2,16.85,0.0
12308,3081,31,3,7.89,0.0
12309,3082,232,1,23.93,0.0
12310,3082,108,3,18.3,0.0
12311,3082,20,2,19.92,0.0
12312,3083,9,3,12.58,0.0
12313,3083,22,2,16.56,1.66
12314,3083,7,1,5.95,0.0
12315,3084,16,2,3.81,0.38
12316,3084,2,1,11.3,0.0
12317,3084,27,1,24.04,0.0
12318,3084,13,3,4.43,0.0
12319,3085,25,1,19.85,0.0
12320,3085,6,1,24.22,0.0
12321,3086,226,1,10.11,0.0
12322,3086,98,3,24.18,0.0
12323,3086,38,2,12.67,0.0
12324,3086,9,3,12.58,0.0
12325,3086,12,3,12.04,0.0
12326,3087,27,1,24.04,0.0
12327,3087,174,1,13.87,0.0
12328,3087,31,3,7.89,0.0
12329,3088,211,3,19.85,0.0
12330,3088,5,3,11.32,1.13
12331,3089,121,3,2.42,0.0
12332,3089,5,2,11.32,0.0
12333,3090,2,3,11.3,0.0
12334,3090,6,1,24.22,0.0
12335,3090,39,1,14.97,0.0
12336,3090,73,2,24.03,2.4
12337,3090,45,1,9.43,0.0
12338,3090,23,1,14.2,0.0
12339,3091,1,1,11.87,0.0
12340,3091,36,2,23.88,0.0
12341,3091,5,1,11.32,0.0
12342,3091,91,3,16.51,1.65
12343,3091,29,1,5.4,0.0
12344,3091,30,3,4.36,0.0
12345,3092,4,2,8.66,0.0
12346,3092,144,2,18.59,0.0
12347,3092,176,1,3.93,0.0
12348,3092,179,1,13.81,0.0
12349,3092,26,3,10.08,0.0
12350,3092,124,2,9.86,0.0
12351,3093,33,3,5.52,0.55
12352,3093,34,3,19.46,1.95
12353,3093,5,2,11.32,0.0
12354,3093,9,1,12.58,0.0
12355,3093,10,1,17.86,0.0
12356,3093,151,3,20.03,0.0
12357,3094,10,3,17.86,0.0
12358,3094,66,2,19.0,1.9
12359,3094,2,2,11.3,0.0
12360,3094,38,1,12.67,0.0
12361,3095,32,3,5.99,0.0
12362,3095,177,3,5.69,0.0
12363,3095,22,3,16.56,0.0
12364,3095,25,1,19.85,1.99
12365,3095,27,3,24.04,0.0
12366,3096,39,3,14.97,1.5
12367,3096,40,3,15.33,0.0
12368,3096,7,2,5.95,0.6
12369,3096,204,1,22.83,0.0
12370,3096,186,3,11.54,0.0
12371,3097,35,1,3.73,0.0
12372,3097,28,2,16.85,0.0
12373,3097,246,3,4.38,0.0
12374,3098,18,1,19.15,0.0
12375,3098,15,2,11.21,0.0
12376,3099,18,1,19.15,0.0
12377,3099,13,2,4.43,0.0
12378,3100,28,2,16.85,1.69
12379,3100,4,1,8.66,0.0
12380,3100,141,1,17.94,0.0
12381,3100,181,1,4.11,0.0
12382,3101,1,3,11.87,0.0
12383,3101,140,3,6.16,0.0
12384,3101,37,2,16.44,0.0
12385,3101,121,2,2.42,0.0
12386,3102,36,1,23.88,2.39
12387,3102,7,1,5.95,0.0
12388,3102,212,2,7.47,0.0
12389,3102,23,2,14.2,1.42
12390,3102,56,2,2.86,0.0
12391,3103,5,2,11.32,0.0
12392,3103,46,2,24.33,0.0
12393,3103,15,3,11.21,0.0
12394,3103,119,2,17.42,0.0
12395,3103,24,3,6.46,0.0
12396,3104,7,1,5.95,0.0
12397,3104,9,2,12.58,0.0
12398,3104,44,1,24.69,0.0
12399,3104,113,3,4.94,0.49
12400,3104,24,3,6.46,0.0
12401,3104,221,2,16.53,1.65
12402,3105,40,1,15.33,0.0
12403,3105,19,1,7.1,0.0
12404,3105,30,3,4.36,0.0
12405,3106,37,3,16.44,0.0
12406,3106,15,2,11.21,0.0
12407,3106,16,2,3.81,0.0
12408,3106,18,3,19.15,0.0
12409,3106,88,3,19.81,0.0
12410,3106,29,2,5.4,0.54
12411,3107,1,2,11.87,0.0
12412,3107,225,2,2.04,0.0
12413,3107,6,1,24.22,0.0
12414,3107,54,2,3.71,0.0
12415,3107,26,1,10.08,0.0
12416,3107,30,1,4.36,0.0
12417,3108,3,4,16.72,0.0
12418,3108,37,1,16.44,0.0
12419,3108,16,1,3.81,0.0
12420,3108,18,2,19.15,0.0
12421,3108,24,2,6.46,0.0
12422,3108,127,1,25.0,2.5
12423,3109,152,3,7.38,0.0
12424,3109,238,3,3.0,0.0
12425,3110,129,2,8.8,0.0
12426,3110,35,3,3.73,0.0
12427,3110,9,3,12.58,0.0
12428,3110,10,2,17.86,0.0
12429,3110,23,2,14.2,1.42
12430,3110,26,1,10.08,0.0
12431,3111,1,1,11.87,0.0
12432,3111,36,1,23.88,0.0
12433,3111,12,2,12.04,0.0
12434,3111,47,2,9.27,0.0
12435,3111,16,2,3.81,0.0
12436,3112,34,1,19.46,0.0
12437,3112,66,4,19.0,0.0
12438,3112,10,3,17.86,1.79
12439,3112,12,4,12.04,0.0
12440,3112,16,2,3.81,0.0
12441,3113,36,1,23.88,0.0
12442,3113,5,3,11.32,0.0
12443,3113,39,1,14.97,0.0
12444,3113,12,1,12.04,0.0
12445,3113,14,2,12.02,0.0
12446,3113,27,2,24.04,0.0
12447,3114,131,2,13.68,0.0
12448,3114,39,2,14.97,0.0
12449,3114,135,1,17.22,1.72
12450,3114,113,1,4.94,0.0
12451,3114,18,1,19.15,0.0
12452,3115,22,1,16.56,0.0
12453,3115,190,3,3.88,0.0
12454,3115,31,3,7.89,0.0
12455,3116,13,3,4.43,0.0
12456,3116,21,2,3.76,0.0
12457,3116,6,2,24.22,0.0
12458,3116,30,2,4.36,0.44
12459,3117,249,2,5.07,0.0
12460,3117,131,1,13.68,0.0
12461,3117,17,3,22.02,0.0
12462,3118,16,2,3.81,0.0
12463,3118,206,1,6.96,0.0
12464,3118,31,2,7.89,0.0
12465,3119,152,2,7.38,0.0
12466,3119,12,3,12.04,0.0
12467,3119,5,2,11.32,0.0
12468,3120,200,3,21.12,0.0
12469,3120,16,1,3.81,0.0
12470,3120,30,3,4.36,0.0
12471,3121,1,3,11.87,0.0
12472,3121,28,1,16.85,0.0
12473,3121,29,3,5.4,0.0
12474,3122,33,3,5.52,0.0
12475,3122,9,3,12.58,0.0
12476,3122,13,3,4.43,0.0
12477,3122,86,3,23.11,0.0
12478,3122,29,2,5.4,0.0
12479,3123,11,2,10.32,0.0
12480,3123,4,2,8.66,0.0
12481,3123,14,1,12.02,1.2
12482,3124,208,2,23.63,0.0
12483,3124,36,1,23.88,0.0
12484,3124,21,3,3.76,0.0
12485,3125,3,2,16.72,0.0
12486,3125,35,4,3.73,0.37
12487,3125,46,2,24.33,0.0
12488,3126,26,3,10.08,0.0
12489,3126,19,3,7.1,0.0
12490,3126,28,1,16.85,0.0
12491,3127,33,1,5.52,0.0
12492,3127,68,2,22.91,2.29
12493,3127,8,2,23.8,0.0
12494,3127,202,2,12.79,0.0
12495,3127,15,1,11.21,0.0
12496,3127,18,1,19.15,1.92
12497,3128,112,2,9.55,0.0
12498,3128,81,2,18.28,0.0
12499,3128,179,1,13.81,0.0
12500,3128,62,3,15.66,0.0
12501,3129,207,1,5.44,0.0
12502,3129,44,2,24.69,0.0
12503,3129,37,1,16.44,0.0
12504,3129,23,1,14.2,0.0
12505,3130,129,1,8.8,0.0
12506,3130,13,3,4.43,0.0
12507,3130,142,1,16.37,0.0
12508,3130,150,2,19.3,0.0
12509,3130,23,2,14.2,0.0
12510,3131,9,3,12.58,0.0
12511,3131,202,3,12.79,0.0
12512,3131,19,2,7.1,0.0
12513,3131,152,2,7.38,0.74
12514,3131,27,2,24.04,0.0
12515,3131,125,1,19.62,0.0
12516,3132,69,2,15.15,0.0
12517,3132,10,2,17.86,0.0
12518,3132,76,3,21.26,0.0
12519,3132,206,3,6.96,0.0
12520,3132,150,1,19.3,0.0
12521,3133,99,3,15.86,0.0
12522,3133,15,3,11.21,0.0
12523,3133,7,1,5.95,0.0
12524,3133,207,1,5.44,0.0
12525,3134,225,2,2.04,0.0
12526,3134,34,2,19.46,0.0
12527,3134,7,2,5.95,0.0
12528,3134,19,1,7.1,0.0
12529,3134,211,2,19.85,0.0
12530,3135,89,1,17.61,0.0
12531,3135,177,1,5.69,0.0
12532,3135,14,1,12.02,0.0
12533,3135,15,1,11.21,0.0
12534,3136,8,2,23.8,0.0
12535,3136,33,3,5.52,0.0
12536,3136,102,1,17.26,0.0
12537,3136,15,1,11.21,0.0
12538,3137,38,1,12.67,1.27
12539,3137,14,3,12.02,1.2
12540,3137,149,2,16.04,1.6
12541,3137,87,2,10.91,0.0
12542,3137,93,2,9.58,0.0
12543,3137,30,1,4.36,0.0
12544,3138,35,2,3.73,0.0
12545,3138,5,2,11.32,0.0
12546,3138,20,2,19.92,0.0
12547,3138,182,2,22.94,0.0
12548,3138,29,1,5.4,0.0
12549,3139,24,2,6.46,0.0
12550,3139,197,2,2.88,0.29
12551,3139,31,1,7.89,0.79
12552,3140,44,1,24.69,0.0
12553,3140,7,2,5.95,0.0
12554,3140,6,1,24.22,0.0
12555,3140,30,3,4.36,0.0
12556,3141,35,3,3.73,0.37
12557,3141,171,1,10.54,0.0
12558,3141,28,2,16.85,0.0
12559,3142,9,2,12.58,0.0
12560,3142,177,2,5.69,0.0
12561,3142,15,2,11.21,1.12
12562,3142,111,1,16.8,0.0
12563,3143,97,2,21.59,0.0
12564,3143,193,1,4.28,0.0
12565,3143,6,3,24.22,0.0
12566,3143,18,2,19.15,0.0
12567,3143,20,1,19.92,0.0
12568,3144,34,3,19.46,0.0
12569,3144,40,3,15.33,0.0
12570,3144,10,3,17.86,0.0
12571,3144,23,1,14.2,0.0
12572,3144,28,3,16.85,0.0
12573,3144,93,2,9.58,0.0
12574,3145,216,1,16.32,0.0
12575,3145,22,1,16.56,0.0
12576,3146,1,1,11.87,0.0
12577,3146,40,3,15.33,0.0
12578,3146,14,3,12.02,0.0
12579,3146,18,2,19.15,0.0
12580,3146,93,2,9.58,0.0
12581,3147,33,3,5.52,0.0
12582,3147,35,1,3.73,0.0
12583,3147,134,1,14.11,0.0
12584,3147,187,2,11.12,0.0
12585,3147,16,1,3.81,0.0
12586,3147,123,1,23.88,0.0
12587,3148,24,2,6.46,0.0
12588,3148,190,2,3.88,0.0
12589,3149,128,3,5.56,0.0
12590,3149,33,3,5.52,0.0
12591,3149,3,2,16.72,1.67
12592,3149,13,2,4.43,0.44
12593,3149,111,2,16.8,0.0
12594,3150,40,1,15.33,0.0
12595,3150,224,1,8.7,0.0
12596,3150,2,1,11.3,0.0
12597,3150,131,3,13.68,0.0
12598,3151,32,2,5.99,0.0
12599,3151,34,1,19.46,1.95
12600,3152,27,1,24.04,0.0
12601,3152,228,2,6.31,0.63
12602,3152,70,2,6.33,0.63
12603,3153,33,3,5.52,0.0
12604,3153,3,3,16.72,0.0
12605,3153,198,2,23.1,0.0
12606,3154,181,3,4.11,0.0
12607,3154,174,3,13.87,0.0
12608,3155,24,3,6.46,0.0
12609,3155,203,1,16.15,1.61
12610,3155,12,3,12.04,0.0
12611,3155,13,3,4.43,0.0
12612,3156,35,3,3.73,0.0
12613,3156,4,3,8.66,0.0
12614,3156,11,3,10.32,1.03
12615,3156,13,3,4.43,0.0
12616,3156,26,2,10.08,0.0
12617,3157,32,2,5.99,0.0
12618,3157,1,4,11.87,0.0
12619,3157,40,2,15.33,0.0
12620,3157,14,2,12.02,0.0
12621,3158,2,3,11.3,0.0
12622,3158,6,2,24.22,0.0
12623,3159,161,2,19.7,0.0
12624,3159,3,1,16.72,0.0
12625,3159,142,1,16.37,0.0
12626,3159,144,3,18.59,0.0
12627,3159,19,2,7.1,0.0
12628,3159,180,3,21.11,0.0
12629,3160,33,3,5.52,0.0
12630,3160,6,2,24.22,0.0
12631,3160,8,3,23.8,0.0
12632,3160,40,1,15.33,0.0
12633,3160,14,2,12.02,0.0
12634,3160,22,1,16.56,0.0
12635,3161,129,1,8.8,0.0
12636,3161,4,1,8.66,0.0
12637,3161,38,2,12.67,0.0
12638,3161,7,3,5.95,0.0
12639,3161,81,1,18.28,0.0
12640,3161,22,3,16.56,0.0
12641,3162,179,1,13.81,0.0
12642,3162,29,1,5.4,0.0
12643,3162,27,2,24.04,0.0
12644,3162,37,1,16.44,0.0
12645,3163,130,2,20.13,0.0
12646,3163,70,1,6.33,0.0
12647,3163,14,3,12.02,1.2
12648,3164,216,1,16.32,0.0
12649,3164,40,3,15.33,0.0
12650,3165,36,1,23.88,0.0
12651,3165,7,1,5.95,0.0
12652,3165,9,3,12.58,0.0
12653,3165,180,4,21.11,0.0
12654,3165,28,4,16.85,0.0
12655,3166,1,2,11.87,0.0
12656,3166,39,2,14.97,0.0
12657,3166,8,2,23.8,0.0
12658,3166,21,1,3.76,0.0
12659,3166,25,1,19.85,0.0
12660,3166,157,3,6.46,0.0
12661,3167,37,1,16.44,0.0
12662,3167,101,3,3.87,0.0
12663,3167,39,2,14.97,0.0
12664,3167,27,3,24.04,0.0
12665,3167,60,2,24.48,0.0
12666,3167,30,2,4.36,0.0
12667,3168,17,2,22.02,0.0
12668,3168,180,2,21.11,0.0
12669,3168,5,3,11.32,0.0
12670,3168,95,1,10.89,0.0
12671,3169,18,3,19.15,0.0
12672,3169,5,1,11.32,0.0
12673,3170,38,1,12.67,0.0
12674,3170,108,2,18.3,0.0
12675,3170,13,2,4.43,0.0
12676,3170,19,1,7.1,0.0
12677,3170,29,3,5.4,0.0
12678,3171,58,1,8.6,0.0
12679,3171,29,2,5.4,0.0
12680,3171,13,3,4.43,0.0
12681,3172,5,4,11.32,0.0
12682,3172,39,2,14.97,0.0
12683,3172,15,2,11.21,0.0
12684,3172,216,3,16.32,1.63
12685,3172,30,1,4.36,0.0
12686,3173,248,1,19.4,0.0
12687,3173,16,1,3.81,0.0
12688,3173,30,2,4.36,0.0
12689,3173,22,3,16.56,0.0
12690,3174,27,1,24.04,0.0
12691,3174,70,3,6.33,0.0
12692,3175,25,2,19.85,0.0
12693,3175,202,3,12.79,0.0
12694,3176,16,3,3.81,0.0
12695,3176,2,3,11.3,1.13
12696,3176,183,1,20.78,0.0
12697,3177,184,2,22.35,0.0
12698,3177,11,1,10.32,0.0
12699,3177,4,3,8.66,0.0
12700,3177,13,1,4.43,0.0
12701,3178,101,1,3.87,0.0
12702,3178,40,1,15.33,0.0
12703,3178,236,1,2.47,0.0
12704,3178,22,1,16.56,0.0
12705,3178,248,3,19.4,0.0
12706,3179,56,1,2.86,0.0
12707,3179,9,2,12.58,0.0
12708,3180,1,3,11.87,0.0
12709,3180,14,3,12.02,0.0
12710,3180,15,1,11.21,0.0
12711,3180,17,1,22.02,0.0
12712,3180,28,3,16.85,0.0
12713,3181,100,3,5.46,0.0
12714,3181,155,1,20.04,2.0
12715,3181,141,3,17.94,0.0
12716,3181,140,3,6.16,0.0
12717,3181,24,2,6.46,0.0
12718,3181,27,1,24.04,0.0
12719,3182,25,1,19.85,0.0
12720,3182,22,2,16.56,0.0
12721,3183,1,2,11.87,0.0
12722,3183,197,2,2.88,0.0
12723,3183,11,1,10.32,0.0
12724,3183,140,1,6.16,0.0
12725,3183,15,1,11.21,0.0
12726,3184,24,3,6.46,0.0
12727,3184,187,1,11.12,0.0
12728,3185,57,1,10.48,0.0
12729,3185,21,1,3.76,0.0
12730,3185,93,2,9.58,0.0
12731,3185,38,1,12.67,0.0
12732,3186,24,3,6.46,0.0
12733,3186,22,1,16.56,0.0
12734,3187,20,3,19.92,0.0
12735,3187,181,1,4.11,0.0
12736,3187,31,3,7.89,0.0
12737,3188,40,2,15.33,0.0
12738,3188,32,1,5.99,0.0
12739,3188,19,2,7.1,0.0
12740,3188,6,3,24.22,0.0
12741,3189,37,3,16.44,0.0
12742,3189,39,3,14.97,0.0
12743,3189,231,1,10.29,0.0
12744,3189,14,3,12.02,0.0
12745,3189,15,2,11.21,0.0
12746,3189,247,1,15.38,0.0
12747,3190,39,1,14.97,1.5
12748,3190,11,3,10.32,0.0
12749,3190,235,2,13.68,0.0
12750,3190,14,2,12.02,0.0
12751,3190,18,3,19.15,0.0
12752,3190,60,1,24.48,0.0
12753,3191,32,1,5.99,0.0
12754,3191,2,3,11.3,0.0
12755,3191,5,3,11.32,0.0
12756,3191,7,3,5.95,0.0
12757,3191,10,3,17.86,0.0
12758,3191,18,3,19.15,0.0
12759,3192,8,3,23.8,0.0
12760,3192,44,2,24.69,0.0
12761,3192,181,3,4.11,0.41
12762,3192,206,2,6.96,0.0
12763,3193,33,2,5.52,0.0
12764,3193,227,3,15.13,1.51
12765,3193,5,1,11.32,0.0
12766,3193,18,3,19.15,0.0
12767,3193,121,1,2.42,0.0
12768,3193,95,3,10.89,1.09
12769,3194,225,1,2.04,0.0
12770,3194,7,1,5.95,0.0
12771,3194,169,2,3.2,0.0
12772,3194,21,2,3.76,0.0
12773,3194,29,3,5.4,0.0
12774,3195,35,3,3.73,0.0
12775,3195,36,3,23.88,0.0
12776,3195,37,1,16.44,0.0
12777,3195,90,1,3.2,0.0
12778,3195,29,3,5.4,0.0
12779,3196,34,3,19.46,0.0
12780,3196,3,3,16.72,0.0
12781,3196,158,1,17.6,0.0
12782,3197,9,3,12.58,1.26
12783,3197,211,2,19.85,0.0
12784,3197,7,2,5.95,0.0
12785,3197,191,3,7.16,0.0
12786,3198,107,3,4.97,0.0
12787,3198,67,3,2.94,0.0
12788,3198,28,2,16.85,0.0
12789,3198,21,2,3.76,0.0
12790,3199,93,1,9.58,0.96
12791,3199,36,1,23.88,0.0
12792,3199,29,3,5.4,0.0
12793,3200,40,3,15.33,0.0
12794,3200,1,1,11.87,0.0
12795,3200,35,1,3.73,0.0
12796,3200,36,1,23.88,0.0
12797,3201,24,1,6.46,0.0
12798,3201,3,2,16.72,0.0
12799,3202,4,3,8.66,0.0
12800,3202,17,1,22.02,0.0
12801,3202,20,2,19.92,0.0
12802,3202,248,2,19.4,0.0
12803,3202,25,1,19.85,0.0
12804,3203,209,1,16.0,0.0
12805,3203,115,2,23.78,0.0
12806,3203,126,2,6.42,0.0
12807,3203,143,1,22.76,0.0
12808,3204,11,3,10.32,0.0
12809,3204,123,2,23.88,0.0
12810,3204,171,3,10.54,0.0
12811,3204,158,3,17.6,0.0
12812,3205,225,2,2.04,0.0
12813,3205,132,1,14.41,0.0
12814,3205,36,1,23.88,0.0
12815,3205,11,2,10.32,0.0
12816,3205,19,2,7.1,0.0
12817,3205,31,3,7.89,0.0
12818,3206,96,1,7.8,0.0
12819,3206,35,2,3.73,0.0
12820,3206,170,3,13.05,0.0
12821,3206,51,1,20.32,0.0
12822,3206,25,1,19.85,0.0
12823,3207,18,1,19.15,1.92
12824,3207,34,2,19.46,0.0
12825,3207,2,1,11.3,0.0
12826,3207,142,1,16.37,1.64
12827,3208,9,1,12.58,0.0
12828,3208,36,3,23.88,0.0
12829,3208,30,1,4.36,0.0
12830,3209,64,1,15.35,0.0
12831,3209,3,1,16.72,0.0
12832,3209,190,1,3.88,0.0
12833,3210,32,2,5.99,0.0
12834,3210,27,2,24.04,0.0
12835,3210,5,3,11.32,0.0
12836,3210,247,1,15.38,0.0
12837,3211,3,1,16.72,0.0
12838,3211,240,1,10.59,0.0
12839,3211,241,2,19.19,0.0
12840,3211,25,2,19.85,0.0
12841,3211,157,1,6.46,0.0
12842,3211,31,1,7.89,0.0
12843,3212,50,4,16.52,0.0
12844,3212,5,1,11.32,0.0
12845,3213,164,2,11.63,0.0
12846,3213,156,1,22.79,0.0
12847,3214,180,1,21.11,0.0
12848,3214,20,3,19.92,0.0
12849,3215,39,1,14.97,0.0
12850,3215,71,3,15.92,0.0
12851,3215,23,1,14.2,0.0
12852,3215,28,3,16.85,0.0
12853,3215,31,3,7.89,0.0
12854,3216,32,2,5.99,0.0
12855,3216,13,1,4.43,0.0
12856,3216,16,2,3.81,0.0
12857,3216,25,2,19.85,1.99
12858,3216,191,3,7.16,0.0
12859,3217,35,2,3.73,0.0
12860,3217,3,2,16.72,0.0
12861,3217,36,3,23.88,0.0
12862,3218,3,3,16.72,0.0
12863,3218,22,2,16.56,0.0
12864,3219,4,3,8.66,0.0
12865,3219,37,2,16.44,0.0
12866,3219,40,2,15.33,0.0
12867,3219,55,1,12.62,0.0
12868,3219,25,3,19.85,1.99
12869,3219,190,2,3.88,0.0
12870,3220,2,3,11.3,0.0
12871,3220,131,3,13.68,0.0
12872,3220,66,2,19.0,0.0
12873,3220,13,3,4.43,0.0
12874,3220,20,1,19.92,0.0
12875,3220,28,1,16.85,0.0
12876,3221,74,3,12.36,0.0
12877,3221,76,1,21.26,0.0
12878,3221,19,2,7.1,0.0
12879,3221,180,1,21.11,0.0
12880,3221,216,3,16.32,0.0
12881,3221,125,2,19.62,0.0
12882,3222,181,1,4.11,0.0
12883,3222,6,3,24.22,0.0
12884,3223,120,2,13.7,0.0
12885,3223,163,2,13.57,0.0
12886,3224,34,3,19.46,0.0
12887,3224,136,3,22.16,0.0
12888,3224,8,2,23.8,0.0
12889,3224,233,1,14.51,0.0
12890,3224,31,3,7.89,0.0
12891,3225,21,3,3.76,0.38
12892,3225,7,3,5.95,0.0
12893,3226,1,2,11.87,0.0
12894,3226,59,3,16.83,0.0
12895,3226,33,2,5.52,0.0
12896,3227,11,1,10.32,0.0
12897,3227,183,2,20.78,0.0
12898,3228,5,2,11.32,0.0
12899,3228,37,1,16.44,0.0
12900,3228,168,2,22.08,0.0
12901,3228,113,2,4.94,0.0
12902,3228,18,1,19.15,0.0
12903,3228,244,3,7.55,0.0
12904,3229,80,2,2.9,0.29
12905,3229,9,2,12.58,0.0
12906,3229,11,1,10.32,0.0
12907,3229,23,3,14.2,0.0
12908,3230,32,2,5.99,0.0
12909,3230,198,1,23.1,0.0
12910,3230,6,3,24.22,0.0
12911,3230,40,3,15.33,0.0
12912,3230,23,3,14.2,0.0
12913,3230,187,1,11.12,0.0
12914,3231,2,1,11.3,0.0
12915,3231,196,1,5.36,0.0
12916,3231,201,1,19.45,0.0
12917,3231,18,3,19.15,0.0
12918,3231,92,1,9.7,0.0
12919,3232,97,1,21.59,0.0
12920,3232,178,2,12.33,0.0
12921,3232,13,3,4.43,0.0
12922,3233,9,3,12.58,1.26
12923,3233,14,3,12.02,0.0
12924,3234,139,3,5.55,0.0
12925,3234,20,1,19.92,0.0
12926,3235,200,3,21.12,0.0
12927,3235,11,2,10.32,1.03
12928,3235,18,3,19.15,1.92
12929,3235,24,1,6.46,0.0
12930,3235,26,3,10.08,1.01
12931,3236,65,1,23.95,2.4
12932,3236,25,1,19.85,0.0
12933,3236,6,1,24.22,0.0
12934,3237,1,2,11.87,0.0
12935,3237,34,2,19.46,0.0
12936,3237,5,2,11.32,0.0
12937,3237,139,3,5.55,0.0
12938,3237,209,2,16.0,0.0
12939,3237,20,3,19.92,0.0
12940,3238,35,2,3.73,0.0
12941,3238,228,3,6.31,0.0
12942,3238,39,2,14.97,0.0
12943,3238,12,2,12.04,0.0
12944,3238,17,1,22.02,2.2
12945,3238,29,2,5.4,0.0
12946,3239,40,3,15.33,0.0
12947,3239,19,2,7.1,0.0
12948,3240,24,1,6.46,0.0
12949,3240,23,1,14.2,0.0
12950,3241,8,1,23.8,0.0
12951,3241,9,1,12.58,0.0
12952,3242,125,2,19.62,0.0
12953,3242,94,2,14.83,0.0
12954,3243,72,4,13.53,0.0
12955,3243,9,2,12.58,0.0
12956,3243,34,3,19.46,0.0
12957,3244,5,1,11.32,0.0
12958,3244,199,2,12.87,0.0
12959,3244,10,2,17.86,0.0
12960,3244,11,3,10.32,0.0
12961,3244,77,3,24.59,0.0
12962,3244,180,2,21.11,0.0
12963,3245,160,1,12.13,0.0
12964,3245,40,2,15.33,0.0
12965,3245,202,1,12.79,0.0
12966,3245,110,3,14.86,0.0
12967,3245,18,1,19.15,0.0
12968,3245,26,1,10.08,0.0
12969,3246,82,1,24.79,0.0
12970,3246,37,1,16.44,0.0
12971,3247,19,2,7.1,0.0
12972,3247,1,3,11.87,1.19
12973,3247,177,4,5.69,0.0
12974,3247,212,2,7.47,0.0
12975,3248,40,3,15.33,1.53
12976,3248,42,1,22.29,0.0
12977,3248,20,3,19.92,0.0
12978,3248,78,1,3.94,0.0
12979,3249,170,3,13.05,0.0
12980,3249,19,3,7.1,0.0
12981,3249,4,2,8.66,0.0
12982,3249,38,2,12.67,0.0
12983,3250,226,3,10.11,0.0
12984,3250,38,2,12.67,0.0
12985,3251,40,2,15.33,0.0
12986,3251,1,1,11.87,0.0
12987,3251,36,2,23.88,2.39
12988,3251,39,1,14.97,0.0
12989,3252,232,3,23.93,0.0
12990,3252,1,3,11.87,0.0
12991,3252,99,1,15.86,0.0
12992,3252,14,1,12.02,0.0
12993,3253,20,1,19.92,1.99
12994,3253,30,3,4.36,0.0
12995,3254,39,3,14.97,0.0
12996,3254,70,2,6.33,0.0
12997,3254,7,3,5.95,0.0
12998,3255,16,4,3.81,0.0
12999,3255,19,3,7.1,0.0
13000,3255,13,4,4.43,0.0
13001,3255,6,3,24.22,0.0
13002,3256,33,1,5.52,0.0
13003,3256,207,2,5.44,0.0
13004,3256,19,1,7.1,0.0
13005,3256,183,3,20.78,0.0
13006,3257,41,1,17.67,0.0
13007,3257,99,3,15.86,0.0
13008,3257,157,2,6.46,0.0
13009,3257,39,3,14.97,0.0
13010,3258,32,2,5.99,0.0
13011,3258,1,1,11.87,0.0
13012,3258,8,3,23.8,0.0
13013,3258,104,3,9.14,0.0
13014,3258,172,2,23.49,0.0
13015,3258,15,1,11.21,0.0
13016,3259,98,4,24.18,0.0
13017,3259,67,4,2.94,0.0
13018,3259,135,1,17.22,0.0
13019,3259,119,2,17.42,0.0
13020,3259,188,2,10.6,0.0
13021,3259,29,2,5.4,0.0
13022,3260,131,1,13.68,0.0
13023,3260,36,1,23.88,0.0
13024,3260,6,2,24.22,0.0
13025,3260,202,1,12.79,0.0
13026,3260,11,1,10.32,0.0
13027,3260,57,2,10.48,0.0
13028,3261,23,1,14.2,1.42
13029,3261,14,3,12.02,0.0
13030,3261,22,3,16.56,0.0
13031,3261,39,3,14.97,0.0
13032,3262,134,3,14.11,0.0
13033,3262,7,1,5.95,0.0
13034,3262,178,2,12.33,0.0
13035,3262,18,1,19.15,0.0
13036,3262,220,2,14.33,0.0
13037,3263,11,2,10.32,1.03
13038,3263,7,2,5.95,0.0
13039,3264,112,2,9.55,0.0
13040,3264,34,3,19.46,0.0
13041,3264,51,2,20.32,0.0
13042,3265,34,1,19.46,0.0
13043,3265,2,3,11.3,0.0
13044,3265,31,1,7.89,0.0
13045,3266,115,2,23.78,0.0
13046,3266,147,1,18.55,0.0
13047,3266,139,3,5.55,0.0
13048,3266,171,1,10.54,0.0
13049,3267,24,1,6.46,0.0
13050,3267,26,3,10.08,0.0
13051,3267,93,3,9.58,0.96
13052,3268,1,4,11.87,0.0
13053,3268,34,3,19.46,0.0
13054,3268,6,1,24.22,0.0
13055,3269,25,1,19.85,0.0
13056,3269,34,1,19.46,0.0
13057,3269,26,3,10.08,0.0
13058,3269,205,3,2.44,0.24
13059,3270,27,3,24.04,0.0
13060,3270,68,3,22.91,0.0
13061,3270,14,1,12.02,0.0
13062,3270,6,3,24.22,0.0
13063,3271,24,3,6.46,0.0
13064,3271,12,3,12.04,0.0
13065,3272,105,3,17.09,0.0
13066,3272,29,2,5.4,0.0
13067,3272,37,2,16.44,0.0
13068,3273,12,3,12.04,0.0
13069,3273,11,3,10.32,0.0
13070,3273,156,2,22.79,0.0
13071,3273,21,3,3.76,0.0
13072,3274,26,2,10.08,0.0
13073,3274,15,1,11.21,0.0
13074,3275,1,3,11.87,0.0
13075,3275,5,3,11.32,0.0
13076,3275,38,1,12.67,0.0
13077,3275,19,2,7.1,0.0
13078,3275,88,3,19.81,0.0
13079,3275,125,1,19.62,0.0
13080,3276,5,1,11.32,0.0
13081,3276,6,3,24.22,0.0
13082,3277,2,2,11.3,0.0
13083,3277,195,1,9.71,0.0
13084,3277,11,3,10.32,0.0
13085,3277,19,3,7.1,0.71
13086,3277,27,1,24.04,0.0
13087,3277,29,3,5.4,0.0
13088,3278,37,1,16.44,0.0
13089,3278,170,2,13.05,0.0
13090,3278,12,2,12.04,0.0
13091,3278,177,2,5.69,0.57
13092,3278,19,1,7.1,0.0
13093,3278,51,1,20.32,0.0
13094,3279,18,1,19.15,0.0
13095,3279,19,1,7.1,0.0
13096,3279,14,2,12.02,1.2
13097,3280,17,1,22.02,0.0
13098,3280,30,1,4.36,0.0
13099,3281,226,2,10.11,0.0
13100,3281,227,1,15.13,0.0
13101,3281,22,1,16.56,0.0
13102,3281,23,3,14.2,0.0
13103,3281,28,1,16.85,0.0
13104,3282,49,1,12.79,0.0
13105,3282,13,1,4.43,0.0
13106,3282,9,1,12.58,0.0
13107,3283,32,3,5.99,0.0
13108,3283,192,2,9.33,0.0
13109,3283,7,1,5.95,0.0
13110,3283,190,3,3.88,0.0
13111,3283,30,3,4.36,0.0
13112,3283,31,2,7.89,0.0
13113,3284,4,1,8.66,0.0
13114,3284,110,2,14.86,1.49
13115,3284,15,2,11.21,0.0
13116,3284,127,2,25.0,0.0
13117,3284,95,1,10.89,0.0
13118,3285,121,3,2.42,0.0
13119,3285,15,2,11.21,0.0
13120,3285,215,3,16.7,0.0
13121,3285,25,1,19.85,0.0
13122,3285,30,2,4.36,0.0
13123,3285,63,1,10.84,0.0
13124,3286,1,1,11.87,0.0
13125,3286,38,2,12.67,0.0
13126,3286,42,2,22.29,0.0
13127,3286,12,1,12.04,0.0
13128,3286,17,1,22.02,0.0
13129,3287,16,3,3.81,0.0
13130,3287,189,2,10.88,0.0
13131,3287,6,1,24.22,0.0
13132,3288,24,2,6.46,0.0
13133,3288,175,1,4.87,0.0
13134,3289,6,2,24.22,0.0
13135,3289,110,3,14.86,0.0
13136,3289,23,3,14.2,0.0
13137,3289,59,1,16.83,0.0
13138,3289,157,2,6.46,0.65
13139,3289,31,1,7.89,0.0
13140,3290,217,2,3.44,0.0
13141,3290,11,3,10.32,0.0
13142,3290,239,1,10.9,0.0
13143,3291,30,1,4.36,0.0
13144,3291,230,3,14.04,0.0
13145,3291,39,3,14.97,0.0
13146,3292,33,2,5.52,0.0
13147,3292,2,3,11.3,1.13
13148,3292,11,2,10.32,0.0
13149,3292,121,3,2.42,0.0
13150,3292,28,1,16.85,0.0
13151,3293,40,3,15.33,0.0
13152,3293,11,2,10.32,0.0
13153,3293,47,1,9.27,0.0
13154,3293,148,1,24.3,2.43
13155,3293,117,2,22.99,0.0
13156,3293,24,1,6.46,0.0
13157,3294,33,2,5.52,0.0
13158,3294,10,1,17.86,1.79
13159,3294,15,2,11.21,0.0
13160,3294,17,2,22.02,0.0
13161,3294,87,2,10.91,0.0
13162,3295,10,1,17.86,0.0
13163,3295,107,2,4.97,0.0
13164,3295,15,3,11.21,0.0
13165,3295,26,2,10.08,0.0
13166,3295,27,2,24.04,0.0
13167,3296,231,3,10.29,0.0
13168,3296,40,1,15.33,0.0
13169,3296,19,1,7.1,0.0
13170,3296,23,1,14.2,0.0
13171,3296,30,3,4.36,0.0
13172,3297,115,2,23.78,0.0
13173,3297,148,2,24.3,0.0
13174,3297,29,1,5.4,0.0
13175,3298,26,1,10.08,0.0
13176,3298,5,3,11.32,0.0
13177,3299,3,3,16.72,0.0
13178,3299,14,3,12.02,0.0
13179,3300,32,1,5.99,0.0
13180,3300,40,3,15.33,0.0
13181,3300,113,2,4.94,0.0
13182,3300,23,2,14.2,1.42
13183,3300,28,2,16.85,0.0
13184,3301,35,1,3.73,0.0
13185,3301,36,3,23.88,0.0
13186,3301,7,3,5.95,0.0
13187,3301,61,3,4.08,0.0
13188,3301,158,1,17.6,0.0
13189,3302,32,1,5.99,0.0
13190,3302,3,2,16.72,0.0
13191,3302,166,1,6.59,0.0
13192,3302,6,2,24.22,0.0
13193,3302,40,1,15.33,0.0
13194,3302,9,2,12.58,1.26
13195,3303,84,1,16.03,0.0
13196,3303,13,3,4.43,0.0
13197,3303,14,1,12.02,0.0
13198,3304,23,1,14.2,0.0
13199,3304,14,3,12.02,0.0
13200,3304,63,1,10.84,0.0
13201,3305,8,1,23.8,0.0
13202,3305,11,3,10.32,0.0
13203,3305,173,2,18.36,0.0
13204,3305,15,2,11.21,0.0
13205,3305,28,1,16.85,0.0
13206,3306,10,1,17.86,0.0
13207,3306,187,1,11.12,0.0
13208,3306,22,2,16.56,0.0
13209,3307,9,2,12.58,1.26
13210,3307,126,2,6.42,0.0
13211,3307,31,1,7.89,0.0
13212,3308,16,3,3.81,0.38
13213,3308,147,2,18.55,0.0
13214,3308,13,3,4.43,0.0
13215,3309,225,3,2.04,0.0
13216,3309,3,2,16.72,0.0
13217,3309,120,2,13.7,0.0
13218,3309,123,3,23.88,0.0
13219,3309,29,2,5.4,0.0
13220,3310,153,3,7.5,0.0
13221,3310,90,1,3.2,0.0
13222,3310,15,2,11.21,0.0
13223,3310,23,2,14.2,0.0
13224,3311,35,3,3.73,0.0
13225,3311,164,2,11.63,0.0
13226,3311,17,3,22.02,0.0
13227,3311,19,2,7.1,0.0
13228,3311,30,2,4.36,0.0
13229,3312,217,2,3.44,0.0
13230,3312,91,1,16.51,0.0
13231,3313,40,3,15.33,0.0
13232,3313,35,2,3.73,0.0
13233,3313,152,3,7.38,0.0
13234,3314,32,2,5.99,0.0
13235,3314,1,3,11.87,0.0
13236,3314,7,2,5.95,0.6
13237,3315,25,3,19.85,0.0
13238,3315,5,3,11.32,0.0
13239,3316,1,1,11.87,0.0
13240,3316,20,3,19.92,0.0
13241,3317,225,2,2.04,0.0
13242,3317,28,3,16.85,0.0
13243,3317,207,2,5.44,0.0
13244,3318,99,2,15.86,1.59
13245,3318,35,3,3.73,0.0
13246,3318,36,1,23.88,0.0
13247,3318,11,2,10.32,0.0
13248,3318,23,2,14.2,0.0
13249,3319,120,2,13.7,0.0
13250,3319,33,1,5.52,0.0
13251,3319,9,3,12.58,0.0
13252,3319,1,2,11.87,0.0
13253,3320,3,3,16.72,0.0
13254,3320,196,2,5.36,0.0
13255,3321,11,2,10.32,0.0
13256,3321,18,3,19.15,0.0
13257,3321,37,3,16.44,0.0
13258,3321,181,1,4.11,0.0
13259,3322,139,2,5.55,0.0
13260,3322,12,2,12.04,0.0
13261,3322,18,2,19.15,0.0
13262,3322,22,2,16.56,0.0
13263,3322,218,2,21.24,0.0
13264,3323,1,1,11.87,1.19
13265,3323,3,1,16.72,0.0
13266,3323,29,1,5.4,0.0
13267,3324,205,2,2.44,0.0
13268,3324,23,2,14.2,1.42
13269,3325,9,1,12.58,0.0
13270,3325,67,2,2.94,0.0
13271,3325,29,2,5.4,0.0
13272,3326,24,1,6.46,0.0
13273,3326,25,3,19.85,0.0
13274,3326,27,2,24.04,0.0
13275,3327,4,2,8.66,0.0
13276,3327,220,1,14.33,0.0
13277,3327,125,2,19.62,0.0
13278,3327,6,3,24.22,0.0
13279,3328,24,2,6.46,0.65
13280,3328,187,1,11.12,0.0
13281,3328,37,3,16.44,0.0
13282,3329,32,2,5.99,0.0
13283,3329,69,2,15.15,0.0
13284,3329,7,1,5.95,0.0
13285,3329,9,3,12.58,0.0
13286,3329,14,1,12.02,0.0
13287,3329,17,3,22.02,0.0
13288,3330,33,2,5.52,0.0
13289,3330,1,2,11.87,0.0
13290,3330,6,3,24.22,0.0
13291,3330,14,2,12.02,1.2
13292,3330,26,3,10.08,0.0
13293,3331,133,1,18.99,1.9
13294,3331,14,3,12.02,0.0
13295,3331,47,2,9.27,0.0
13296,3331,17,2,22.02,0.0
13297,3331,21,1,3.76,0.0
13298,3332,105,1,17.09,0.0
13299,3332,20,3,19.92,0.0
13300,3332,5,3,11.32,0.0
13301,3332,23,3,14.2,0.0
13302,3333,11,3,10.32,0.0
13303,3333,116,2,24.93,2.49
13304,3333,22,3,16.56,0.0
13305,3333,23,3,14.2,0.0
13306,3333,25,1,19.85,1.99
13307,3333,31,3,7.89,0.79
13308,3334,32,2,5.99,0.0
13309,3334,233,3,14.51,0.0
13310,3334,139,1,5.55,0.0
13311,3334,212,2,7.47,0.0
13312,3334,20,1,19.92,0.0
13313,3334,25,1,19.85,0.0
13314,3335,32,2,5.99,0.0
13315,3335,27,3,24.04,0.0
13316,3335,92,3,9.7,0.0
13317,3335,29,1,5.4,0.0
13318,3335,31,3,7.89,0.0
13319,3336,32,2,5.99,0.0
13320,3336,37,1,16.44,0.0
13321,3336,11,2,10.32,0.0
13322,3336,21,2,3.76,0.0
13323,3336,25,3,19.85,0.0
13324,3336,125,3,19.62,0.0
13325,3337,25,1,19.85,0.0
13326,3337,11,3,10.32,0.0
13327,3338,37,1,16.44,0.0
13328,3338,7,2,5.95,0.0
13329,3338,209,3,16.0,0.0
13330,3338,22,2,16.56,0.0
13331,3338,27,3,24.04,0.0
13332,3338,31,1,7.89,0.0
13333,3339,128,1,5.56,0.0
13334,3339,4,1,8.66,0.87
13335,3339,13,1,4.43,0.0
13336,3339,83,1,14.05,0.0
13337,3339,25,2,19.85,1.99
13338,3340,16,3,3.81,0.0
13339,3340,228,3,6.31,0.63
13340,3341,1,3,11.87,0.0
13341,3341,35,3,3.73,0.37
13342,3341,37,3,16.44,0.0
13343,3341,5,3,11.32,0.0
13344,3341,39,3,14.97,0.0
13345,3342,195,4,9.71,0.0
13346,3342,28,4,16.85,0.0
13347,3343,39,2,14.97,0.0
13348,3343,40,3,15.33,0.0
13349,3343,9,1,12.58,0.0
13350,3343,15,3,11.21,0.0
13351,3343,29,3,5.4,0.0
13352,3343,30,1,4.36,0.0
13353,3344,35,3,3.73,0.0
13354,3344,6,3,24.22,0.0
13355,3344,8,2,23.8,0.0
13356,3344,22,2,16.56,0.0
13357,3344,214,2,7.48,0.0
13358,3344,90,3,3.2,0.0
13359,3345,65,3,23.95,0.0
13360,3345,1,1,11.87,0.0
13361,3345,13,2,4.43,0.0
13362,3345,14,3,12.02,0.0
13363,3345,250,3,10.1,1.01
13364,3345,29,2,5.4,0.0
13365,3346,221,1,16.53,0.0
13366,3346,6,2,24.22,0.0
13367,3346,30,1,4.36,0.0
13368,3347,196,1,5.36,0.0
13369,3347,27,3,24.04,0.0
13370,3347,4,1,8.66,0.0
13371,3347,47,1,9.27,0.0
13372,3348,40,1,15.33,0.0
13373,3348,190,1,3.88,0.39
13374,3348,183,1,20.78,0.0
13375,3349,24,3,6.46,0.0
13376,3349,137,2,16.21,0.0
13377,3349,184,1,22.35,0.0
13378,3349,7,1,5.95,0.0
13379,3350,1,2,11.87,0.0
13380,3350,3,3,16.72,0.0
13381,3350,204,3,22.83,0.0
13382,3350,13,3,4.43,0.0
13383,3350,112,1,9.55,0.0
13384,3350,210,2,11.73,0.0
13385,3351,234,1,20.09,0.0
13386,3351,38,1,12.67,0.0
13387,3351,119,2,17.42,0.0
13388,3352,26,1,10.08,0.0
13389,3352,236,1,2.47,0.0
13390,3352,21,3,3.76,0.0
13391,3352,158,2,17.6,0.0
13392,3353,232,2,23.93,0.0
13393,3353,115,1,23.78,0.0
13394,3353,35,3,3.73,0.0
13395,3354,5,2,11.32,0.0
13396,3354,8,1,23.8,2.38
13397,3354,20,2,19.92,0.0
13398,3354,117,3,22.99,0.0
13399,3354,24,3,6.46,0.0
13400,3355,2,1,11.3,0.0
13401,3355,4,3,8.66,0.0
13402,3356,40,1,15.33,0.0
13403,3356,10,2,17.86,0.0
13404,3356,36,2,23.88,0.0
13405,3356,159,3,15.12,0.0
13406,3357,24,2,6.46,0.0
13407,3357,28,1,16.85,0.0
13408,3357,7,2,5.95,0.0
13409,3358,130,1,20.13,0.0
13410,3358,164,1,11.63,0.0
13411,3359,35,1,3.73,0.0
13412,3359,43,1,16.79,0.0
13413,3359,31,1,7.89,0.0
13414,3359,39,2,14.97,0.0
13415,3360,4,1,8.66,0.0
13416,3360,228,2,6.31,0.0
13417,3360,147,3,18.55,1.86
13418,3360,214,2,7.48,0.75
13419,3360,27,1,24.04,0.0
13420,3361,5,3,11.32,0.0
13421,3361,38,1,12.67,0.0
13422,3361,103,1,23.09,0.0
13423,3361,11,2,10.32,0.0
13424,3361,114,1,18.17,1.82
13425,3361,54,1,3.71,0.0
13426,3362,3,1,16.72,1.67
13427,3362,8,3,23.8,0.0
13428,3362,233,3,14.51,0.0
13429,3362,22,1,16.56,0.0
13430,3362,26,1,10.08,0.0
13431,3363,32,2,5.99,0.0
13432,3363,234,2,20.09,0.0
13433,3363,19,2,7.1,0.0
13434,3363,21,2,3.76,0.0
13435,3364,26,3,10.08,0.0
13436,3364,36,3,23.88,0.0
13437,3365,17,3,22.02,0.0
13438,3365,20,1,19.92,0.0
13439,3365,223,1,18.53,0.0
13440,3366,48,1,12.11,0.0
13441,3366,10,2,17.86,0.0
13442,3366,36,3,23.88,0.0
13443,3366,95,1,10.89,0.0
13444,3367,8,3,23.8,0.0
13445,3367,33,2,5.52,0.0
13446,3367,4,3,8.66,0.0
13447,3367,117,4,22.99,0.0
13448,3368,7,1,5.95,0.0
13449,3368,176,3,3.93,0.0
13450,3368,90,3,3.2,0.0
13451,3368,125,2,19.62,0.0
13452,3368,31,2,7.89,0.0
13453,3369,1,3,11.87,0.0
13454,3369,31,2,7.89,0.0
13455,3370,27,1,24.04,0.0
13456,3370,29,2,5.4,0.0
13457,3370,22,3,16.56,0.0
13458,3371,230,2,14.04,0.0
13459,3371,231,1,10.29,1.03
13460,3371,141,1,17.94,0.0
13461,3371,115,3,23.78,0.0
13462,3371,191,2,7.16,0.0
13463,3372,37,3,16.44,0.0
13464,3372,13,1,4.43,0.0
13465,3372,18,3,19.15,0.0
13466,3372,152,1,7.38,0.0
13467,3372,27,3,24.04,2.4
13468,3373,20,3,19.92,0.0
13469,3373,6,3,24.22,0.0
13470,3374,10,3,17.86,0.0
13471,3374,30,3,4.36,0.0
13472,3374,31,1,7.89,0.0
13473,3375,27,2,24.04,0.0
13474,3375,244,2,7.55,0.0
13475,3376,17,3,22.02,2.2
13476,3376,27,3,24.04,0.0
13477,3376,6,3,24.22,0.0
13478,3377,172,3,23.49,0.0
13479,3377,134,2,14.11,0.0
13480,3377,31,1,7.89,0.0
13481,3378,6,2,24.22,0.0
13482,3378,40,3,15.33,0.0
13483,3378,18,2,19.15,0.0
13484,3378,19,2,7.1,0.0
13485,3378,114,1,18.17,0.0
13486,3378,22,1,16.56,0.0
13487,3379,39,3,14.97,0.0
13488,3379,111,2,16.8,1.68
13489,3379,16,1,3.81,0.0
13490,3379,22,1,16.56,1.66
13491,3379,27,1,24.04,0.0
13492,3380,6,3,24.22,0.0
13493,3380,136,2,22.16,0.0
13494,3380,11,3,10.32,1.03
13495,3380,211,2,19.85,1.99
13496,3380,152,1,7.38,0.0
13497,3381,208,1,23.63,2.36
13498,3381,6,3,24.22,0.0
13499,3382,3,1,16.72,0.0
13500,3382,37,1,16.44,0.0
13501,3382,13,2,4.43,0.0
13502,3382,21,3,3.76,0.0
13503,3382,150,1,19.3,0.0
13504,3383,37,2,16.44,0.0
13505,3383,239,2,10.9,0.0
13506,3384,15,2,11.21,0.0
13507,3384,7,2,5.95,0.0
13508,3385,9,1,12.58,0.0
13509,3385,20,3,19.92,0.0
13510,3385,39,1,14.97,0.0
13511,3386,188,1,10.6,0.0
13512,3386,139,3,5.55,0.0
13513,3386,4,2,8.66,0.0
13514,3387,65,3,23.95,0.0
13515,3387,3,3,16.72,1.67
13516,3387,40,3,15.33,0.0
13517,3387,212,3,7.47,0.0
13518,3387,20,3,19.92,0.0
13519,3387,52,2,15.6,0.0
13520,3388,2,1,11.3,0.0
13521,3388,71,3,15.92,0.0
13522,3388,19,1,7.1,0.0
13523,3388,90,2,3.2,0.0
13524,3388,28,3,16.85,1.69
13525,3388,31,2,7.89,0.0
13526,3389,9,1,12.58,0.0
13527,3389,10,1,17.86,0.0
13528,3389,5,1,11.32,0.0
13529,3389,62,2,15.66,0.0
13530,3390,197,3,2.88,0.0
13531,3390,198,1,23.1,0.0
13532,3390,10,2,17.86,0.0
13533,3390,86,3,23.11,0.0
13534,3390,29,3,5.4,0.0
13535,3390,30,1,4.36,0.0
13536,3391,82,3,24.79,0.0
13537,3391,19,2,7.1,0.71
13538,3391,109,1,3.95,0.4
13539,3391,31,1,7.89,0.79
13540,3392,40,2,15.33,0.0
13541,3392,36,1,23.88,0.0
13542,3392,31,2,7.89,0.0
13543,3393,35,3,3.73,0.0
13544,3393,3,3,16.72,0.0
13545,3393,6,1,24.22,0.0
13546,3393,9,2,12.58,0.0
13547,3393,18,2,19.15,0.0
13548,3393,21,1,3.76,0.0
13549,3394,21,3,3.76,0.0
13550,3394,29,1,5.4,0.0
13551,3394,15,3,11.21,0.0
13552,3395,32,2,5.99,0.0
13553,3395,34,1,19.46,0.0
13554,3395,35,3,3.73,0.0
13555,3395,131,1,13.68,0.0
13556,3395,14,1,12.02,0.0
13557,3396,193,2,4.28,0.0
13558,3396,38,1,12.67,1.27
13559,3396,112,4,9.55,0.96
13560,3396,17,1,22.02,0.0
13561,3396,51,1,20.32,0.0
13562,3397,3,1,16.72,0.0
13563,3397,197,2,2.88,0.0
13564,3397,13,3,4.43,0.0
13565,3397,21,2,3.76,0.0
13566,3397,27,3,24.04,0.0
13567,3397,127,3,25.0,0.0
13568,3398,8,3,23.8,0.0
13569,3398,10,3,17.86,1.79
13570,3398,28,3,16.85,0.0
13571,3399,61,1,4.08,0.0
13572,3399,6,2,24.22,0.0
13573,3400,29,3,5.4,0.0
13574,3400,23,1,14.2,0.0
13575,3401,25,1,19.85,0.0
13576,3401,10,2,17.86,0.0
13577,3401,22,1,16.56,1.66
13578,3402,25,2,19.85,0.0
13579,3402,242,3,10.21,0.0
13580,3402,165,2,5.73,0.0
13581,3403,41,2,17.67,0.0
13582,3403,10,3,17.86,0.0
13583,3403,13,1,4.43,0.0
13584,3403,27,2,24.04,0.0
13585,3403,222,3,15.23,0.0
13586,3404,114,3,18.17,1.82
13587,3404,195,3,9.71,0.0
13588,3405,202,2,12.79,0.0
13589,3405,180,1,21.11,0.0
13590,3406,245,3,17.11,0.0
13591,3406,20,3,19.92,0.0
13592,3406,23,1,14.2,0.0
13593,3406,15,2,11.21,0.0
13594,3407,82,1,24.79,0.0
13595,3407,12,1,12.04,0.0
13596,3407,4,2,8.66,0.0
13597,3407,15,2,11.21,0.0
13598,3408,192,2,9.33,0.0
13599,3408,34,3,19.46,0.0
13600,3408,37,1,16.44,1.64
13601,3408,181,3,4.11,0.0
13602,3408,187,3,11.12,0.0
13603,3409,211,1,19.85,1.99
13604,3409,22,2,16.56,0.0
13605,3410,28,4,16.85,0.0
13606,3410,21,3,3.76,0.0
13607,3410,39,2,14.97,1.5
13608,3411,200,1,21.12,0.0
13609,3411,12,1,12.04,0.0
13610,3411,20,3,19.92,0.0
13611,3411,23,2,14.2,0.0
13612,3411,31,3,7.89,0.0
13613,3412,3,3,16.72,0.0
13614,3412,134,3,14.11,0.0
13615,3412,39,2,14.97,1.5
13616,3412,8,3,23.8,0.0
13617,3412,10,1,17.86,0.0
13618,3412,84,1,16.03,0.0
13619,3413,242,3,10.21,1.02
13620,3413,2,2,11.3,0.0
13621,3413,149,2,16.04,0.0
13622,3413,15,2,11.21,0.0
13623,3414,2,1,11.3,0.0
13624,3414,12,2,12.04,0.0
13625,3414,20,3,19.92,0.0
13626,3414,247,1,15.38,0.0
13627,3414,25,3,19.85,1.99
13628,3414,91,3,16.51,0.0
13629,3415,34,1,19.46,0.0
13630,3415,21,3,3.76,0.0
13631,3415,119,3,17.42,0.0
13632,3415,219,1,13.5,0.0
13633,3415,31,1,7.89,0.79
13634,3416,35,1,3.73,0.0
13635,3416,38,1,12.67,1.27
13636,3416,231,3,10.29,0.0
13637,3416,72,2,13.53,0.0
13638,3416,114,2,18.17,0.0
13639,3416,83,2,14.05,0.0
13640,3417,33,2,5.52,0.0
13641,3417,37,3,16.44,0.0
13642,3417,168,1,22.08,0.0
13643,3417,21,3,3.76,0.0
13644,3417,27,1,24.04,0.0
13645,3418,32,1,5.99,0.0
13646,3418,105,1,17.09,0.0
13647,3418,36,2,23.88,0.0
13648,3418,85,1,10.37,0.0
13649,3419,35,2,3.73,0.0
13650,3419,5,3,11.32,0.0
13651,3419,11,1,10.32,0.0
13652,3419,15,1,11.21,0.0
13653,3419,86,3,23.11,0.0
13654,3420,233,1,14.51,0.0
13655,3420,148,1,24.3,0.0
13656,3420,245,2,17.11,0.0
13657,3420,123,1,23.88,0.0
13658,3420,31,1,7.89,0.0
13659,3421,101,2,3.87,0.0
13660,3421,10,3,17.86,1.79
13661,3421,11,3,10.32,0.0
13662,3421,119,1,17.42,0.0
13663,3421,61,3,4.08,0.0
13664,3421,95,2,10.89,0.0
13665,3422,2,1,11.3,0.0
13666,3422,135,1,17.22,0.0
13667,3422,20,3,19.92,1.99
13668,3422,23,1,14.2,0.0
13669,3422,221,1,16.53,0.0
13670,3423,134,3,14.11,0.0
13671,3423,16,1,3.81,0.0
13672,3423,80,2,2.9,0.0
13673,3423,248,2,19.4,0.0
13674,3423,28,2,16.85,0.0
13675,3424,32,1,5.99,0.6
13676,3424,34,1,19.46,0.0
13677,3424,3,3,16.72,0.0
13678,3424,16,1,3.81,0.0
13679,3424,19,3,7.1,0.0
13680,3424,157,2,6.46,0.0
13681,3425,32,3,5.99,0.0
13682,3425,129,3,8.8,0.88
13683,3425,3,1,16.72,0.0
13684,3425,140,3,6.16,0.0
13685,3425,12,1,12.04,0.0
13686,3425,61,2,4.08,0.41
13687,3426,32,1,5.99,0.6
13688,3426,33,3,5.52,0.0
13689,3426,157,1,6.46,0.0
13690,3427,21,3,3.76,0.0
13691,3427,102,2,17.26,0.0
13692,3428,129,2,8.8,0.0
13693,3428,131,1,13.68,0.0
13694,3428,6,1,24.22,0.0
13695,3428,8,2,23.8,0.0
13696,3428,144,1,18.59,0.0
13697,3428,19,1,7.1,0.0
13698,3429,8,1,23.8,0.0
13699,3429,18,3,19.15,0.0
13700,3429,39,1,14.97,0.0
13701,3430,43,2,16.79,0.0
13702,3430,221,2,16.53,0.0
13703,3430,31,3,7.89,0.0
13704,3431,8,3,23.8,0.0
13705,3431,214,1,7.48,0.0
13706,3431,247,3,15.38,0.0
13707,3432,40,2,15.33,0.0
13708,3432,19,2,7.1,0.0
13709,3432,37,1,16.44,0.0
13710,3433,8,2,23.8,0.0
13711,3433,14,3,12.02,0.0
13712,3434,16,2,3.81,0.0
13713,3434,18,1,19.15,0.0
13714,3435,17,2,22.02,0.0
13715,3435,90,2,3.2,0.0
13716,3435,223,2,18.53,0.0
13717,3435,138,3,15.74,0.0
13718,3436,9,3,12.58,0.0
13719,3436,5,2,11.32,0.0
13720,3437,73,3,24.03,0.0
13721,3437,131,3,13.68,0.0
13722,3438,2,1,11.3,0.0
13723,3438,3,3,16.72,0.0
13724,3438,34,2,19.46,0.0
13725,3439,17,2,22.02,0.0
13726,3439,241,3,19.19,0.0
13727,3439,69,1,15.15,0.0
13728,3440,2,2,11.3,1.13
13729,3440,6,2,24.22,2.42
13730,3440,11,1,10.32,0.0
13731,3440,48,1,12.11,0.0
13732,3440,28,3,16.85,0.0
13733,3440,31,1,7.89,0.0
13734,3441,3,1,16.72,0.0
13735,3441,38,2,12.67,0.0
13736,3442,39,2,14.97,0.0
13737,3442,83,2,14.05,0.0
13738,3442,51,3,20.32,0.0
13739,3442,25,1,19.85,0.0
13740,3442,31,3,7.89,0.79
13741,3443,33,3,5.52,0.0
13742,3443,34,2,19.46,0.0
13743,3443,199,1,12.87,1.29
13744,3443,13,3,4.43,0.0
13745,3443,29,1,5.4,0.0
13746,3444,192,3,9.33,0.0
13747,3444,2,3,11.3,0.0
13748,3444,21,3,3.76,0.0
13749,3444,27,2,24.04,0.0
13750,3444,31,3,7.89,0.0
13751,3445,41,1,17.67,0.0
13752,3445,35,1,3.73,0.0
13753,3445,7,1,5.95,0.0
13754,3446,34,2,19.46,1.95
13755,3446,36,2,23.88,0.0
13756,3446,10,1,17.86,0.0
13757,3446,212,3,7.47,0.0
13758,3446,29,3,5.4,0.0
13759,3447,25,3,19.85,1.99
13760,3447,93,3,9.58,0.0
13761,3448,3,2,16.72,0.0
13762,3448,4,1,8.66,0.0
13763,3448,154,2,24.21,0.0
13764,3448,39,3,14.97,0.0
13765,3448,139,1,5.55,0.0
13766,3448,26,2,10.08,0.0
13767,3449,6,1,24.22,0.0
13768,3449,71,2,15.92,0.0
13769,3449,94,1,14.83,0.0
13770,3449,14,1,12.02,0.0
13771,3450,97,3,21.59,0.0
13772,3450,34,1,19.46,0.0
13773,3450,10,2,17.86,0.0
13774,3450,29,2,5.4,0.0
13775,3451,1,2,11.87,0.0
13776,3451,35,3,3.73,0.0
13777,3451,110,3,14.86,0.0
13778,3451,15,3,11.21,0.0
13779,3451,24,2,6.46,0.0
13780,3451,30,2,4.36,0.0
13781,3452,8,1,23.8,0.0
13782,3452,38,1,12.67,0.0
13783,3452,7,1,5.95,0.0
13784,3453,34,2,19.46,0.0
13785,3453,3,2,16.72,1.67
13786,3453,35,3,3.73,0.0
13787,3453,5,2,11.32,0.0
13788,3453,19,2,7.1,0.0
13789,3454,39,4,14.97,0.0
13790,3454,143,2,22.76,0.0
13791,3454,17,4,22.02,0.0
13792,3454,26,1,10.08,0.0
13793,3454,219,1,13.5,0.0
13794,3455,33,1,5.52,0.55
13795,3455,6,3,24.22,0.0
13796,3455,107,1,4.97,0.0
13797,3455,239,3,10.9,0.0
13798,3455,18,1,19.15,0.0
13799,3456,32,1,5.99,0.0
13800,3456,2,1,11.3,0.0
13801,3456,31,2,7.89,0.0
13802,3457,2,3,11.3,0.0
13803,3457,20,1,19.92,0.0
13804,3457,110,2,14.86,0.0
13805,3458,33,1,5.52,0.0
13806,3458,8,3,23.8,0.0
13807,3458,237,2,22.09,0.0
13808,3458,22,3,16.56,0.0
13809,3458,24,1,6.46,0.0
13810,3458,189,3,10.88,0.0
13811,3459,198,1,23.1,0.0
13812,3459,237,1,22.09,0.0
13813,3459,14,3,12.02,1.2
13814,3459,22,2,16.56,1.66
13815,3459,29,3,5.4,0.54
13816,3460,3,3,16.72,0.0
13817,3460,83,2,14.05,0.0
13818,3460,149,1,16.04,0.0
13819,3460,23,1,14.2,0.0
13820,3460,27,1,24.04,0.0
13821,3461,240,1,10.59,0.0
13822,3461,9,2,12.58,0.0
13823,3461,27,3,24.04,0.0
13824,3461,92,3,9.7,0.0
13825,3462,243,2,3.55,0.0
13826,3462,5,3,11.32,0.0
13827,3462,22,2,16.56,0.0
13828,3463,40,1,15.33,0.0
13829,3463,123,3,23.88,0.0
13830,3464,57,3,10.48,0.0
13831,3464,18,3,19.15,0.0
13832,3464,35,3,3.73,0.0
13833,3464,14,3,12.02,0.0
13834,3465,25,1,19.85,0.0
13835,3465,66,3,19.0,0.0
13836,3466,3,4,16.72,0.0
13837,3466,7,3,5.95,0.0
13838,3466,41,3,17.67,0.0
13839,3466,43,2,16.79,0.0
13840,3466,16,1,3.81,0.0
13841,3467,49,2,12.79,0.0
13842,3467,204,1,22.83,0.0
13843,3467,108,1,18.3,0.0
13844,3468,3,1,16.72,1.67
13845,3468,4,1,8.66,0.0
13846,3468,12,1,12.04,0.0
13847,3468,117,2,22.99,0.0
13848,3468,118,1,4.15,0.0
13849,3469,16,3,3.81,0.0
13850,3469,17,1,22.02,0.0
13851,3469,56,2,2.86,0.29
13852,3470,27,1,24.04,0.0
13853,3470,186,2,11.54,0.0
13854,3470,187,2,11.12,0.0
13855,3470,122,3,9.1,0.0
13856,3471,34,2,19.46,0.0
13857,3471,7,2,5.95,0.0
13858,3471,8,2,23.8,0.0
13859,3471,40,1,15.33,0.0
13860,3471,43,3,16.79,0.0
13861,3472,164,2,11.63,0.0
13862,3472,6,1,24.22,0.0
13863,3472,171,2,10.54,0.0
13864,3472,51,1,20.32,0.0
13865,3472,26,2,10.08,0.0
13866,3472,31,2,7.89,0.0
13867,3473,5,2,11.32,0.0
13868,3473,39,4,14.97,0.0
13869,3473,18,3,19.15,0.0
13870,3473,20,2,19.92,0.0
13871,3473,57,1,10.48,0.0
13872,3474,2,1,11.3,0.0
13873,3474,13,3,4.43,0.0
13874,3475,16,2,3.81,0.0
13875,3475,22,1,16.56,0.0
13876,3476,108,3,18.3,0.0
13877,3476,35,2,3.73,0.0
13878,3476,203,2,16.15,1.61
13879,3476,12,2,12.04,1.2
13880,3477,24,1,6.46,0.0
13881,3477,19,2,7.1,0.0
13882,3477,12,1,12.04,0.0
13883,3477,38,1,12.67,0.0
13884,3478,8,2,23.8,0.0
13885,3478,9,1,12.58,0.0
13886,3478,6,1,24.22,0.0
13887,3478,39,1,14.97,0.0
13888,3479,26,1,10.08,0.0
13889,3479,39,3,14.97,0.0
13890,3480,34,3,19.46,0.0
13891,3480,3,3,16.72,0.0
13892,3480,182,2,22.94,0.0
13893,3480,159,1,15.12,1.51
13894,3481,25,3,19.85,0.0
13895,3481,18,3,19.15,0.0
13896,3481,228,3,6.31,0.0
13897,3481,30,1,4.36,0.0
13898,3482,2,1,11.3,0.0
13899,3482,227,2,15.13,1.51
13900,3482,169,2,3.2,0.0
13901,3482,43,3,16.79,0.0
13902,3482,27,3,24.04,0.0
13903,3482,222,2,15.23,0.0
13904,3483,2,2,11.3,0.0
13905,3483,31,2,7.89,0.0
13906,3484,132,3,14.41,0.0
13907,3484,5,1,11.32,0.0
13908,3484,233,2,14.51,0.0
13909,3484,49,2,12.79,0.0
13910,3484,21,3,3.76,0.0
13911,3485,34,2,19.46,0.0
13912,3485,11,2,10.32,0.0
13913,3485,12,2,12.04,0.0
13914,3485,21,1,3.76,0.0
13915,3485,30,1,4.36,0.0
13916,3486,1,2,11.87,0.0
13917,3486,5,3,11.32,0.0
13918,3487,153,1,7.5,0.0
13919,3487,13,3,4.43,0.44
13920,3487,119,2,17.42,0.0
13921,3488,40,3,15.33,0.0
13922,3488,130,3,20.13,0.0
13923,3489,24,2,6.46,0.0
13924,3489,17,3,22.02,0.0
13925,3489,30,2,4.36,0.0
13926,3490,35,1,3.73,0.0
13927,3490,6,3,24.22,0.0
13928,3491,175,2,4.87,0.0
13929,3491,12,1,12.04,0.0
13930,3491,87,3,10.91,1.09
13931,3492,2,1,11.3,0.0
13932,3492,6,3,24.22,0.0
13933,3492,39,3,14.97,0.0
13934,3492,21,2,3.76,0.0
13935,3492,124,3,9.86,0.0
13936,3492,31,2,7.89,0.0
13937,3493,129,2,8.8,0.0
13938,3493,226,1,10.11,0.0
13939,3493,10,2,17.86,0.0
13940,3493,21,3,3.76,0.0
13941,3493,59,3,16.83,0.0
13942,3493,30,1,4.36,0.0
13943,3494,17,4,22.02,0.0
13944,3494,204,4,22.83,0.0
13945,3494,38,4,12.67,0.0
13946,3495,248,3,19.4,0.0
13947,3495,20,3,19.92,1.99
13948,3496,202,3,12.79,0.0
13949,3496,2,1,11.3,0.0
13950,3496,37,1,16.44,0.0
13951,3496,21,3,3.76,0.0
13952,3497,26,2,10.08,0.0
13953,3497,95,2,10.89,0.0
13954,3498,26,3,10.08,0.0
13955,3498,127,1,25.0,2.5
13956,3498,6,2,24.22,0.0
13957,3498,55,1,12.62,0.0
13958,3499,26,3,10.08,0.0
13959,3499,36,1,23.88,0.0
13960,3499,15,2,11.21,0.0
13961,3499,39,2,14.97,0.0
13962,3500,112,1,9.55,0.0
13963,3500,250,4,10.1,0.0
13964,3500,32,1,5.99,0.0
13965,3500,120,2,13.7,1.37
13966,3501,24,1,6.46,0.65
13967,3501,40,3,15.33,0.0
13968,3501,54,2,3.71,0.0
13969,3501,31,3,7.89,0.0
13970,3502,96,1,7.8,0.0
13971,3502,3,2,16.72,0.0
13972,3503,34,2,19.46,0.0
13973,3503,36,1,23.88,0.0
13974,3504,37,3,16.44,0.0
13975,3504,102,1,17.26,0.0
13976,3504,106,1,17.23,0.0
13977,3504,10,1,17.86,0.0
13978,3504,17,2,22.02,0.0
13979,3504,30,1,4.36,0.0
13980,3505,32,3,5.99,0.6
13981,3505,26,2,10.08,0.0
13982,3505,131,2,13.68,0.0
13983,3505,93,3,9.58,0.96
13984,3506,34,1,19.46,1.95
13985,3506,134,3,14.11,0.0
13986,3506,167,3,15.91,0.0
13987,3506,12,3,12.04,0.0
13988,3506,13,3,4.43,0.0
13989,3506,28,1,16.85,1.69
13990,3507,9,3,12.58,0.0
13991,3507,17,3,22.02,0.0
13992,3507,14,3,12.02,0.0
13993,3507,79,3,16.86,0.0
13994,3508,32,3,5.99,0.0
13995,3508,10,3,17.86,0.0
13996,3508,13,3,4.43,0.0
13997,3509,11,2,10.32,0.0
13998,3509,76,1,21.26,0.0
13999,3509,13,1,4.43,0.0
14000,3509,14,1,12.02,0.0
14001,3509,238,3,3.0,0.0
14002,3509,56,1,2.86,0.0
14003,3510,169,1,3.2,0.32
14004,3510,17,2,22.02,0.0
14005,3510,27,3,24.04,0.0
14006,3510,22,2,16.56,0.0
14007,3511,2,1,11.3,0.0
14008,3511,27,2,24.04,0.0
14009,3512,163,1,13.57,0.0
14010,3512,4,2,8.66,0.0
14011,3512,197,3,2.88,0.0
14012,3512,38,1,12.67,0.0
14013,3513,154,1,24.21,0.0
14014,3513,11,2,10.32,0.0
14015,3513,118,1,4.15,0.0
14016,3514,40,1,15.33,1.53
14017,3514,25,1,19.85,0.0
14018,3514,37,3,16.44,1.64
14019,3515,34,3,19.46,0.0
14020,3515,231,3,10.29,1.03
14021,3515,4,3,8.66,0.0
14022,3515,103,3,23.09,0.0
14023,3516,28,3,16.85,0.0
14024,3516,22,2,16.56,0.0
14025,3517,146,1,10.38,0.0
14026,3517,21,3,3.76,0.0
14027,3518,56,2,2.86,0.29
14028,3518,10,1,17.86,0.0
14029,3518,3,3,16.72,0.0
14030,3518,37,3,16.44,0.0
14031,3519,32,2,5.99,0.0
14032,3519,16,1,3.81,0.0
14033,3519,20,3,19.92,0.0
14034,3519,25,2,19.85,0.0
14035,3520,164,4,11.63,0.0
14036,3520,39,3,14.97,0.0
14037,3520,11,3,10.32,0.0
14038,3520,13,3,4.43,0.0
14039,3520,26,3,10.08,0.0
14040,3520,30,3,4.36,0.0
14041,3521,216,4,16.32,0.0
14042,3521,161,4,19.7,0.0
14043,3521,50,4,16.52,0.0
14044,3522,32,1,5.99,0.0
14045,3522,23,3,14.2,0.0
14046,3523,65,2,23.95,0.0
14047,3523,3,4,16.72,0.0
14048,3523,8,2,23.8,2.38
14049,3523,14,1,12.02,0.0
14050,3523,20,3,19.92,0.0
14051,3524,169,2,3.2,0.0
14052,3524,26,2,10.08,0.0
14053,3524,30,3,4.36,0.0
14054,3524,17,2,22.02,0.0
14055,3525,34,1,19.46,0.0
14056,3525,14,1,12.02,0.0
14057,3525,50,2,16.52,0.0
14058,3525,23,3,14.2,0.0
14059,3525,26,2,10.08,0.0
14060,3526,69,1,15.15,0.0
14061,3526,71,3,15.92,0.0
14062,3526,45,3,9.43,0.0
14063,3526,16,2,3.81,0.0
14064,3526,17,2,22.02,0.0
14065,3526,29,3,5.4,0.0
14066,3527,96,3,7.8,0.0
14067,3527,3,3,16.72,0.0
14068,3527,20,3,19.92,0.0
14069,3528,36,2,23.88,0.0
14070,3528,229,2,17.37,0.0
14071,3528,26,3,10.08,0.0
14072,3528,27,1,24.04,2.4
14073,3528,125,3,19.62,0.0
14074,3529,130,1,20.13,0.0
14075,3529,8,1,23.8,0.0
14076,3529,13,1,4.43,0.0
14077,3529,20,3,19.92,0.0
14078,3529,23,2,14.2,0.0
14079,3530,37,3,16.44,0.0
14080,3530,7,3,5.95,0.6
14081,3530,8,2,23.8,0.0
14082,3530,42,1,22.29,0.0
14083,3530,29,1,5.4,0.0
14084,3531,18,1,19.15,0.0
14085,3531,62,1,15.66,0.0
14086,3532,35,1,3.73,0.37
14087,3532,190,1,3.88,0.0
14088,3533,225,3,2.04,0.0
14089,3533,3,1,16.72,0.0
14090,3533,137,2,16.21,0.0
14091,3533,14,3,12.02,0.0
14092,3533,28,3,16.85,0.0
14093,3533,30,1,4.36,0.0
14094,3534,34,3,19.46,0.0
14095,3534,139,1,5.55,0.0
14096,3535,6,1,24.22,0.0
14097,3535,198,3,23.1,0.0
14098,3535,10,2,17.86,0.0
14099,3535,14,1,12.02,0.0
14100,3535,30,3,4.36,0.0
14101,3536,1,2,11.87,0.0
14102,3536,3,2,16.72,0.0
14103,3536,137,3,16.21,0.0
14104,3536,46,3,24.33,0.0
14105,3536,21,2,3.76,0.0
14106,3536,22,3,16.56,0.0
14107,3537,202,3,12.79,0.0
14108,3537,11,3,10.32,0.0
14109,3537,38,2,12.67,0.0
14110,3538,16,2,3.81,0.0
14111,3538,6,2,24.22,0.0
14112,3538,87,2,10.91,0.0
14113,3539,33,2,5.52,0.0
14114,3539,5,2,11.32,0.0
14115,3539,233,1,14.51,0.0
14116,3539,16,3,3.81,0.0
14117,3539,81,3,18.28,0.0
14118,3540,24,2,6.46,0.0
14119,3540,13,2,4.43,0.0
14120,3541,1,2,11.87,0.0
14121,3541,2,1,11.3,0.0
14122,3541,40,1,15.33,0.0
14123,3541,215,4,16.7,0.0
14124,3541,25,2,19.85,0.0
14125,3542,9,3,12.58,0.0
14126,3542,51,3,20.32,2.03
14127,3542,14,2,12.02,0.0
14128,3543,72,2,13.53,0.0
14129,3543,41,3,17.67,0.0
14130,3543,10,3,17.86,0.0
14131,3544,32,2,5.99,0.0
14132,3544,98,3,24.18,0.0
14133,3544,37,2,16.44,1.64
14134,3544,73,2,24.03,0.0
14135,3544,9,3,12.58,0.0
14136,3544,24,3,6.46,0.0
14137,3545,11,1,10.32,0.0
14138,3545,34,3,19.46,0.0
14139,3545,35,1,3.73,0.0
14140,3545,31,2,7.89,0.0
14141,3546,6,1,24.22,0.0
14142,3546,39,1,14.97,0.0
14143,3546,7,3,5.95,0.0
14144,3546,15,1,11.21,0.0
14145,3546,27,2,24.04,0.0
14146,3546,157,2,6.46,0.0
14147,3547,21,1,3.76,0.0
14148,3547,6,2,24.22,0.0
14149,3547,30,1,4.36,0.0
14150,3548,40,1,15.33,0.0
14151,3548,201,2,19.45,0.0
14152,3549,40,2,15.33,1.53
14153,3549,20,1,19.92,0.0
14154,3550,73,3,24.03,0.0
14155,3550,12,2,12.04,0.0
14156,3550,21,2,3.76,0.0
14157,3550,182,3,22.94,0.0
14158,3551,27,3,24.04,0.0
14159,3551,20,2,19.92,0.0
14160,3551,45,3,9.43,0.0
14161,3551,215,1,16.7,0.0
14162,3552,9,1,12.58,0.0
14163,3552,35,2,3.73,0.0
14164,3552,237,3,22.09,0.0
14165,3552,229,3,17.37,0.0
14166,3553,27,4,24.04,0.0
14167,3553,13,1,4.43,0.44
14168,3553,16,3,3.81,0.0
14169,3553,23,3,14.2,0.0
14170,3553,152,2,7.38,0.74
14171,3553,59,4,16.83,0.0
14172,3554,170,3,13.05,0.0
14173,3554,69,2,15.15,0.0
14174,3555,176,2,3.93,0.0
14175,3555,35,1,3.73,0.0
14176,3555,125,3,19.62,1.96
14177,3556,11,3,10.32,0.0
14178,3556,22,1,16.56,0.0
14179,3557,11,2,10.32,0.0
14180,3557,95,3,10.89,0.0
14181,3557,38,2,12.67,0.0
14182,3557,23,3,14.2,1.42
14183,3558,3,3,16.72,0.0
14184,3558,8,2,23.8,0.0
14185,3558,201,2,19.45,0.0
14186,3558,18,3,19.15,0.0
14187,3558,250,2,10.1,0.0
14188,3559,233,3,14.51,1.45
14189,3559,13,3,4.43,0.0
14190,3559,22,3,16.56,0.0
14191,3560,19,1,7.1,0.71
14192,3560,199,3,12.87,0.0
14193,3561,1,3,11.87,0.0
14194,3561,19,3,7.1,0.0
14195,3561,163,1,13.57,0.0
14196,3561,135,3,17.22,0.0
14197,3562,1,1,11.87,0.0
14198,3562,18,2,19.15,0.0
14199,3563,193,3,4.28,0.0
14200,3563,231,1,10.29,0.0
14201,3563,12,2,12.04,0.0
14202,3563,28,1,16.85,0.0
14203,3563,31,1,7.89,0.0
14204,3564,161,1,19.7,0.0
14205,3564,34,2,19.46,0.0
14206,3564,33,1,5.52,0.0
14207,3564,6,3,24.22,0.0
14208,3564,15,2,11.21,0.0
14209,3565,4,1,8.66,0.0
14210,3565,37,3,16.44,0.0
14211,3565,8,2,23.8,0.0
14212,3565,13,1,4.43,0.0
14213,3565,27,2,24.04,0.0
14214,3566,120,2,13.7,0.0
14215,3566,1,3,11.87,0.0
14216,3566,34,1,19.46,0.0
14217,3566,4,1,8.66,0.0
14218,3567,196,3,5.36,0.0
14219,3567,5,3,11.32,0.0
14220,3567,229,2,17.37,0.0
14221,3567,154,2,24.21,0.0
14222,3567,30,2,4.36,0.0
14223,3568,34,3,19.46,1.95
14224,3568,35,1,3.73,0.0
14225,3568,7,3,5.95,0.0
14226,3568,10,2,17.86,0.0
14227,3568,19,3,7.1,0.71
14228,3569,37,1,16.44,0.0
14229,3569,38,1,12.67,0.0
14230,3569,105,1,17.09,0.0
14231,3569,9,2,12.58,0.0
14232,3569,21,3,3.76,0.0
14233,3569,22,1,16.56,0.0
14234,3570,8,3,23.8,0.0
14235,3570,106,1,17.23,0.0
14236,3570,38,4,12.67,0.0
14237,3571,32,2,5.99,0.0
14238,3571,33,3,5.52,0.0
14239,3571,17,1,22.02,0.0
14240,3571,82,1,24.79,0.0
14241,3571,31,1,7.89,0.0
14242,3571,127,3,25.0,0.0
14243,3572,32,2,5.99,0.0
14244,3572,38,1,12.67,0.0
14245,3573,16,3,3.81,0.0
14246,3573,20,1,19.92,0.0
14247,3573,228,2,6.31,0.0
14248,3573,28,1,16.85,0.0
14249,3574,33,2,5.52,0.0
14250,3574,5,2,11.32,0.0
14251,3574,200,3,21.12,0.0
14252,3574,76,2,21.26,0.0
14253,3574,13,3,4.43,0.0
14254,3574,28,3,16.85,0.0
14255,3575,1,3,11.87,0.0
14256,3575,3,3,16.72,1.67
14257,3575,113,2,4.94,0.0
14258,3575,20,2,19.92,0.0
14259,3575,23,2,14.2,0.0
14260,3576,98,1,24.18,0.0
14261,3576,9,3,12.58,1.26
14262,3576,141,1,17.94,1.79
14263,3576,184,2,22.35,0.0
14264,3576,186,1,11.54,0.0
14265,3577,131,1,13.68,0.0
14266,3577,37,2,16.44,0.0
14267,3578,73,2,24.03,0.0
14268,3578,74,2,12.36,1.24
14269,3578,17,1,22.02,0.0
14270,3578,20,3,19.92,0.0
14271,3578,29,1,5.4,0.0
14272,3579,34,1,19.46,0.0
14273,3579,3,3,16.72,0.0
14274,3579,10,2,17.86,0.0
14275,3579,89,3,17.61,0.0
14276,3579,31,1,7.89,0.0
14277,3580,24,2,6.46,0.65
14278,3580,74,3,12.36,0.0
14279,3580,27,1,24.04,0.0
14280,3580,199,2,12.87,0.0
14281,3581,9,3,12.58,0.0
14282,3581,26,1,10.08,0.0
14283,3581,79,1,16.86,0.0
14284,3582,134,4,14.11,0.0
14285,3582,166,1,6.59,0.0
14286,3582,172,1,23.49,0.0
14287,3582,87,2,10.91,0.0
14288,3582,59,3,16.83,0.0
14289,3582,29,3,5.4,0.0
14290,3583,201,3,19.45,0.0
14291,3583,3,2,16.72,0.0
14292,3583,7,1,5.95,0.0
14293,3584,36,2,23.88,0.0
14294,3584,13,3,4.43,0.0
14295,3584,14,1,12.02,1.2
14296,3585,34,1,19.46,0.0
14297,3585,230,1,14.04,0.0
14298,3585,15,2,11.21,0.0
14299,3586,224,3,8.7,0.0
14300,3586,40,4,15.33,0.0
14301,3586,20,4,19.92,0.0
14302,3587,40,3,15.33,0.0
14303,3587,34,1,19.46,0.0
14304,3587,4,2,8.66,0.87
14305,3587,62,2,15.66,0.0
14306,3588,38,3,12.67,0.0
14307,3588,6,1,24.22,0.0
14308,3588,9,1,12.58,0.0
14309,3588,16,2,3.81,0.0
14310,3588,19,1,7.1,0.0
14311,3588,90,2,3.2,0.0
14312,3589,34,3,19.46,0.0
14313,3589,38,2,12.67,0.0
14314,3589,7,1,5.95,0.0
14315,3589,13,3,4.43,0.0
14316,3589,23,1,14.2,0.0
14317,3590,33,2,5.52,0.0
14318,3590,40,2,15.33,1.53
14319,3590,11,2,10.32,0.0
14320,3590,13,3,4.43,0.0
14321,3590,216,1,16.32,0.0
14322,3591,90,3,3.2,0.0
14323,3591,36,2,23.88,0.0
14324,3591,237,3,22.09,2.21
14325,3591,23,3,14.2,0.0
14326,3592,9,3,12.58,0.0
14327,3592,76,2,21.26,2.13
14328,3592,206,1,6.96,0.0
14329,3592,19,2,7.1,0.0
14330,3592,184,3,22.35,0.0
14331,3592,122,1,9.1,0.0
14332,3593,217,3,3.44,0.34
14333,3593,165,2,5.73,0.0
14334,3594,7,1,5.95,0.0
14335,3594,8,3,23.8,0.0
14336,3594,55,3,12.62,0.0
14337,3594,26,1,10.08,0.0
14338,3594,28,3,16.85,0.0
14339,3594,30,4,4.36,0.0
14340,3595,33,3,5.52,0.0
14341,3595,3,2,16.72,0.0
14342,3595,4,2,8.66,0.0
14343,3596,32,2,5.99,0.0
14344,3596,37,1,16.44,0.0
14345,3597,29,2,5.4,0.0
14346,3597,14,1,12.02,0.0
14347,3597,23,1,14.2,0.0
14348,3598,25,1,19.85,0.0
14349,3598,27,1,24.04,0.0
14350,3599,40,2,15.33,0.0
14351,3599,26,1,10.08,0.0
14352,3599,76,2,21.26,0.0
14353,3600,33,2,5.52,0.0
14354,3600,9,1,12.58,0.0
14355,3600,139,2,5.55,0.0
14356,3600,21,1,3.76,0.0
14357,3600,245,2,17.11,0.0
14358,3601,33,2,5.52,0.0
14359,3601,35,1,3.73,0.0
14360,3601,36,2,23.88,0.0
14361,3601,39,2,14.97,0.0
14362,3601,21,2,3.76,0.38
14363,3602,5,2,11.32,0.0
14364,3602,125,2,19.62,0.0
14365,3602,38,2,12.67,0.0
14366,3603,35,2,3.73,0.0
14367,3603,7,2,5.95,0.0
14368,3603,138,2,15.74,0.0
14369,3603,21,2,3.76,0.0
14370,3603,29,1,5.4,0.0
14371,3604,33,4,5.52,0.0
14372,3604,5,4,11.32,1.13
14373,3604,39,2,14.97,0.0
14374,3604,236,4,2.47,0.0
14375,3604,190,1,3.88,0.0
14376,3605,38,1,12.67,0.0
14377,3605,233,3,14.51,0.0
14378,3605,30,3,4.36,0.0
14379,3606,168,2,22.08,0.0
14380,3606,9,3,12.58,0.0
14381,3606,16,3,3.81,0.0
14382,3606,24,2,6.46,0.0
14383,3606,95,1,10.89,0.0
14384,3607,193,3,4.28,0.0
14385,3607,37,1,16.44,0.0
14386,3607,211,3,19.85,0.0
14387,3607,149,2,16.04,0.0
14388,3607,28,2,16.85,0.0
14389,3608,36,3,23.88,0.0
14390,3608,135,1,17.22,0.0
14391,3608,55,1,12.62,1.26
14392,3608,27,2,24.04,0.0
14393,3608,31,1,7.89,0.0
14394,3609,11,2,10.32,0.0
14395,3609,20,3,19.92,0.0
14396,3609,26,1,10.08,1.01
14397,3609,29,3,5.4,0.54
14398,3609,30,1,4.36,0.44
14399,3610,61,3,4.08,0.0
14400,3610,22,2,16.56,1.66
14401,3610,63,3,10.84,0.0
14402,3611,36,1,23.88,0.0
14403,3611,10,2,17.86,0.0
14404,3611,12,2,12.04,1.2
14405,3611,16,2,3.81,0.0
14406,3611,17,3,22.02,0.0
14407,3611,21,3,3.76,0.0
14408,3612,26,3,10.08,0.0
14409,3612,237,1,22.09,2.21
14410,3612,166,1,6.59,0.66
14411,3612,231,1,10.29,0.0
14412,3613,177,4,5.69,0.0
14413,3613,5,4,11.32,0.0
14414,3613,38,4,12.67,0.0
14415,3613,6,3,24.22,0.0
14416,3614,80,3,2.9,0.0
14417,3614,36,3,23.88,0.0
14418,3615,8,2,23.8,0.0
14419,3615,9,1,12.58,0.0
14420,3615,13,2,4.43,0.0
14421,3615,30,1,4.36,0.0
14422,3616,193,3,4.28,0.0
14423,3616,2,2,11.3,0.0
14424,3616,4,3,8.66,0.0
14425,3616,14,3,12.02,0.0
14426,3616,240,1,10.59,0.0
14427,3616,123,2,23.88,0.0
14428,3617,5,2,11.32,0.0
14429,3617,104,3,9.14,0.91
14430,3617,11,1,10.32,0.0
14431,3617,141,1,17.94,0.0
14432,3617,14,2,12.02,0.0
14433,3618,5,3,11.32,0.0
14434,3618,40,1,15.33,0.0
14435,3618,49,3,12.79,0.0
14436,3618,52,2,15.6,0.0
14437,3618,23,3,14.2,1.42
14438,3619,210,1,11.73,0.0
14439,3619,18,3,19.15,1.92
14440,3619,5,2,11.32,0.0
14441,3619,194,2,18.44,0.0
14442,3620,10,3,17.86,0.0
14443,3620,12,2,12.04,0.0
14444,3620,15,1,11.21,0.0
14445,3620,23,1,14.2,0.0
14446,3620,56,2,2.86,0.0
14447,3620,31,2,7.89,0.0
14448,3621,1,1,11.87,0.0
14449,3621,11,2,10.32,1.03
14450,3621,235,1,13.68,0.0
14451,3621,247,1,15.38,0.0
14452,3621,31,2,7.89,0.0
14453,3622,80,2,2.9,0.0
14454,3622,27,1,24.04,0.0
14455,3622,38,1,12.67,0.0
14456,3623,187,2,11.12,0.0
14457,3623,165,1,5.73,0.0
14458,3624,16,3,3.81,0.0
14459,3624,73,2,24.03,0.0
14460,3625,32,3,5.99,0.0
14461,3625,7,1,5.95,0.0
14462,3626,2,1,11.3,0.0
14463,3626,36,3,23.88,0.0
14464,3626,197,1,2.88,0.0
14465,3626,7,1,5.95,0.0
14466,3626,24,2,6.46,0.0
14467,3626,158,3,17.6,1.76
14468,3627,200,2,21.12,0.0
14469,3627,38,1,12.67,0.0
14470,3628,11,3,10.32,0.0
14471,3628,52,2,15.6,0.0
14472,3628,110,1,14.86,0.0
14473,3629,24,4,6.46,0.0
14474,3629,40,1,15.33,0.0
14475,3629,31,1,7.89,0.0
14476,3630,26,2,10.08,0.0
14477,3630,20,2,19.92,0.0
14478,3631,56,3,2.86,0.0
14479,3631,18,2,19.15,1.92
14480,3631,3,2,16.72,0.0
14481,3632,1,1,11.87,0.0
14482,3632,35,1,3.73,0.0
14483,3632,6,3,24.22,0.0
14484,3633,40,1,15.33,0.0
14485,3633,35,3,3.73,0.0
14486,3633,29,1,5.4,0.0
14487,3634,107,3,4.97,0.0
14488,3634,235,2,13.68,0.0
14489,3634,4,1,8.66,0.0
14490,3634,14,1,12.02,0.0
14491,3635,131,1,13.68,0.0
14492,3635,7,1,5.95,0.0
14493,3635,8,1,23.8,0.0
14494,3635,41,1,17.67,1.77
14495,3635,30,2,4.36,0.0
14496,3636,38,4,12.67,0.0
14497,3636,13,1,4.43,0.0
14498,3636,207,1,5.44,0.0
14499,3636,16,4,3.81,0.0
14500,3636,116,1,24.93,0.0
14501,3636,31,4,7.89,0.0
14502,3637,36,1,23.88,0.0
14503,3637,8,2,23.8,0.0
14504,3637,11,1,10.32,0.0
14505,3637,214,2,7.48,0.0
14506,3637,62,1,15.66,0.0
14507,3638,40,2,15.33,0.0
14508,3638,3,4,16.72,0.0
14509,3638,196,3,5.36,0.0
14510,3638,21,4,3.76,0.0
14511,3639,1,1,11.87,0.0
14512,3639,35,2,3.73,0.0
14513,3639,39,1,14.97,0.0
14514,3639,71,1,15.92,0.0
14515,3639,16,2,3.81,0.0
14516,3639,114,2,18.17,0.0
14517,3640,201,1,19.45,1.95
14518,3640,12,2,12.04,0.0
14519,3640,193,2,4.28,0.0
14520,3641,52,3,15.6,0.0
14521,3641,30,3,4.36,0.0
14522,3642,36,2,23.88,0.0
14523,3642,5,1,11.32,0.0
14524,3642,38,2,12.67,0.0
14525,3642,171,2,10.54,0.0
14526,3642,28,3,16.85,0.0
14527,3643,4,3,8.66,0.0
14528,3643,5,3,11.32,0.0
14529,3643,6,4,24.22,0.0
14530,3643,8,1,23.8,0.0
14531,3643,22,2,16.56,0.0
14532,3643,25,4,19.85,0.0
14533,3644,40,1,15.33,1.53
14534,3644,25,1,19.85,0.0
14535,3644,77,1,24.59,0.0
14536,3645,5,3,11.32,1.13
14537,3645,13,3,4.43,0.0
14538,3645,6,2,24.22,0.0
14539,3646,40,3,15.33,0.0
14540,3646,104,3,9.14,0.0
14541,3646,18,3,19.15,0.0
14542,3646,24,2,6.46,0.0
14543,3646,154,3,24.21,0.0
14544,3647,30,1,4.36,0.44
14545,3647,23,2,14.2,0.0
14546,3648,33,1,5.52,0.55
14547,3648,166,4,6.59,0.0
14548,3648,14,3,12.02,0.0
14549,3648,23,1,14.2,0.0
14550,3648,26,1,10.08,0.0
14551,3649,207,3,5.44,0.0
14552,3649,27,2,24.04,0.0
14553,3649,237,3,22.09,0.0
14554,3649,39,1,14.97,1.5
14555,3650,33,1,5.52,0.0
14556,3650,2,3,11.3,0.0
14557,3650,1,2,11.87,0.0
14558,3650,150,2,19.3,0.0
14559,3650,27,1,24.04,0.0
14560,3651,198,3,23.1,0.0
14561,3651,109,1,3.95,0.0
14562,3651,38,1,12.67,1.27
14563,3652,3,2,16.72,0.0
14564,3652,41,4,17.67,0.0
14565,3652,28,2,16.85,0.0
14566,3652,16,4,3.81,0.0
14567,3652,60,4,24.48,0.0
14568,3652,31,1,7.89,0.0
14569,3653,192,1,9.33,0.0
14570,3653,31,3,7.89,0.0
14571,3654,9,2,12.58,0.0
14572,3654,35,2,3.73,0.0
14573,3654,5,1,11.32,0.0
14574,3655,81,3,18.28,0.0
14575,3655,19,2,7.1,0.0
14576,3655,20,3,19.92,0.0
14577,3655,21,3,3.76,0.0
14578,3655,29,1,5.4,0.54
14579,3655,31,3,7.89,0.0
14580,3656,1,2,11.87,0.0
14581,3656,36,3,23.88,0.0
14582,3656,117,3,22.99,2.3
14583,3656,22,2,16.56,0.0
14584,3656,26,3,10.08,0.0
14585,3657,25,1,19.85,0.0
14586,3657,38,1,12.67,0.0
14587,3658,226,1,10.11,0.0
14588,3658,4,1,8.66,0.87
14589,3658,138,3,15.74,0.0
14590,3658,153,1,7.5,0.0
14591,3658,28,1,16.85,0.0
14592,3659,11,1,10.32,0.0
14593,3659,155,3,20.04,0.0
14594,3659,22,1,16.56,0.0
14595,3659,15,3,11.21,0.0
14596,3660,4,2,8.66,0.0
14597,3660,40,3,15.33,0.0
14598,3660,13,2,4.43,0.0
14599,3660,17,3,22.02,0.0
14600,3660,212,4,7.47,0.0
14601,3660,26,3,10.08,0.0
14602,3661,31,1,7.89,0.79
14603,3661,18,1,19.15,0.0
14604,3661,25,1,19.85,0.0
14605,3661,59,2,16.83,0.0
14606,3661,28,3,16.85,0.0
14607,3661,127,3,25.0,2.5
14608,3662,34,1,19.46,0.0
14609,3662,37,3,16.44,0.0
14610,3662,102,3,17.26,0.0
14611,3662,176,2,3.93,0.0
14612,3662,16,3,3.81,0.0
14613,3662,214,2,7.48,0.0
14614,3663,3,4,16.72,0.0
14615,3663,37,2,16.44,0.0
14616,3663,74,3,12.36,0.0
14617,3663,46,3,24.33,0.0
14618,3663,25,3,19.85,0.0
14619,3663,63,4,10.84,0.0
14620,3664,34,3,19.46,0.0
14621,3664,12,3,12.04,0.0
14622,3664,16,4,3.81,0.0
14623,3664,18,4,19.15,0.0
14624,3664,157,3,6.46,0.0
14625,3664,29,3,5.4,0.0
14626,3665,27,1,24.04,0.0
14627,3665,198,1,23.1,0.0
14628,3666,4,4,8.66,0.0
14629,3666,13,1,4.43,0.44
14630,3666,16,2,3.81,0.0
14631,3666,218,4,21.24,0.0
14632,3666,30,4,4.36,0.0
14633,3667,156,2,22.79,0.0
14634,3667,22,3,16.56,0.0
14635,3668,18,2,19.15,0.0
14636,3668,19,3,7.1,0.0
14637,3668,205,3,2.44,0.24
14638,3668,31,2,7.89,0.0
14639,3669,40,3,15.33,0.0
14640,3669,11,1,10.32,0.0
14641,3669,61,3,4.08,0.41
14642,3670,2,1,11.3,0.0
14643,3670,34,2,19.46,0.0
14644,3671,7,3,5.95,0.0
14645,3671,76,1,21.26,0.0
14646,3671,44,3,24.69,0.0
14647,3671,17,2,22.02,0.0
14648,3671,24,2,6.46,0.0
14649,3672,170,3,13.05,0.0
14650,3672,74,3,12.36,0.0
14651,3673,35,2,3.73,0.0
14652,3673,198,3,23.1,0.0
14653,3673,20,3,19.92,1.99
14654,3673,53,2,10.09,0.0
14655,3673,61,2,4.08,0.0
14656,3674,38,2,12.67,0.0
14657,3674,22,2,16.56,0.0
14658,3675,34,1,19.46,0.0
14659,3675,38,2,12.67,0.0
14660,3675,39,2,14.97,0.0
14661,3675,9,2,12.58,0.0
14662,3675,150,3,19.3,0.0
14663,3676,12,1,12.04,0.0
14664,3676,20,1,19.92,0.0
14665,3677,34,1,19.46,0.0
14666,3677,38,3,12.67,0.0
14667,3677,8,1,23.8,0.0
14668,3677,21,3,3.76,0.0
14669,3677,23,4,14.2,1.42
14670,3678,8,2,23.8,2.38
14671,3678,12,3,12.04,1.2
14672,3678,17,1,22.02,0.0
14673,3678,23,3,14.2,0.0
14674,3678,29,3,5.4,0.0
14675,3678,31,3,7.89,0.0
14676,3679,193,2,4.28,0.0
14677,3679,11,3,10.32,0.0
14678,3679,155,3,20.04,0.0
14679,3679,197,2,2.88,0.0
14680,3680,25,3,19.85,0.0
14681,3680,20,1,19.92,0.0
14682,3680,37,3,16.44,0.0
14683,3681,88,2,19.81,1.98
14684,3681,10,2,17.86,0.0
14685,3681,39,2,14.97,0.0
14686,3681,31,1,7.89,0.0
14687,3682,192,2,9.33,0.0
14688,3682,204,1,22.83,0.0
14689,3682,199,3,12.87,0.0
14690,3683,33,1,5.52,0.0
14691,3683,71,2,15.92,0.0
14692,3683,8,2,23.8,0.0
14693,3683,149,1,16.04,0.0
14694,3683,215,2,16.7,0.0
14695,3684,24,1,6.46,0.0
14696,3684,32,3,5.99,0.0
14697,3685,16,2,3.81,0.0
14698,3685,17,2,22.02,0.0
14699,3685,9,2,12.58,0.0
14700,3686,6,1,24.22,0.0
14701,3686,7,2,5.95,0.0
14702,3686,39,3,14.97,0.0
14703,3686,17,2,22.02,2.2
14704,3686,82,1,24.79,0.0
14705,3686,30,3,4.36,0.0
14706,3687,33,2,5.52,0.0
14707,3687,1,2,11.87,0.0
14708,3687,70,1,6.33,0.0
14709,3687,27,1,24.04,0.0
14710,3687,156,2,22.79,0.0
14711,3687,31,1,7.89,0.0
14712,3688,65,3,23.95,0.0
14713,3688,18,1,19.15,0.0
14714,3688,188,1,10.6,0.0
14715,3688,31,3,7.89,0.0
14716,3689,11,1,10.32,0.0
14717,3689,7,2,5.95,0.0
14718,3689,6,4,24.22,2.42
14719,3689,15,3,11.21,0.0
14720,3690,40,1,15.33,0.0
14721,3690,10,3,17.86,0.0
14722,3690,60,1,24.48,0.0
14723,3690,104,2,9.14,0.0
14724,3691,9,3,12.58,0.0
14725,3691,239,1,10.9,0.0
14726,3691,116,2,24.93,0.0
14727,3691,120,2,13.7,0.0
14728,3691,27,3,24.04,0.0
14729,3691,93,1,9.58,0.0
14730,3692,27,3,24.04,0.0
14731,3692,119,1,17.42,1.74
14732,3693,97,3,21.59,0.0
14733,3693,1,1,11.87,0.0
14734,3693,206,1,6.96,0.0
14735,3693,19,1,7.1,0.0
14736,3693,87,3,10.91,0.0
14737,3694,35,3,3.73,0.0
14738,3694,4,2,8.66,0.0
14739,3694,163,2,13.57,0.0
14740,3694,137,1,16.21,0.0
14741,3694,202,2,12.79,0.0
14742,3694,178,1,12.33,0.0
14743,3695,45,4,9.43,0.0
14744,3695,198,3,23.1,0.0
14745,3696,139,3,5.55,0.0
14746,3696,15,1,11.21,0.0
14747,3696,221,3,16.53,0.0
14748,3696,24,3,6.46,0.65
14749,3696,58,1,8.6,0.0
14750,3696,29,2,5.4,0.0
14751,3697,32,2,5.99,0.6
14752,3697,38,3,12.67,0.0
14753,3697,8,1,23.8,0.0
14754,3697,14,3,12.02,0.0
14755,3697,85,3,10.37,0.0
14756,3697,152,2,7.38,0.0
14757,3698,152,2,7.38,0.0
14758,3698,10,1,17.86,0.0
14759,3698,7,1,5.95,0.0
14760,3699,26,2,10.08,0.0
14761,3699,12,1,12.04,0.0
14762,3699,20,1,19.92,0.0
14763,3699,36,2,23.88,0.0
14764,3700,38,2,12.67,0.0
14765,3700,39,4,14.97,1.5
14766,3701,37,1,16.44,0.0
14767,3701,8,1,23.8,0.0
14768,3701,10,1,17.86,0.0
14769,3701,28,1,16.85,0.0
14770,3701,189,1,10.88,1.09
14771,3702,24,2,6.46,0.0
14772,3702,2,1,11.3,0.0
14773,3702,172,3,23.49,0.0
14774,3703,40,2,15.33,0.0
14775,3703,155,1,20.04,0.0
14776,3704,10,1,17.86,0.0
14777,3704,171,3,10.54,0.0
14778,3704,177,3,5.69,0.0
14779,3704,20,2,19.92,0.0
14780,3704,122,3,9.1,0.0
14781,3705,8,1,23.8,0.0
14782,3705,20,2,19.92,0.0
14783,3706,19,2,7.1,0.0
14784,3706,84,2,16.03,0.0
14785,3706,150,1,19.3,1.93
14786,3707,2,3,11.3,0.0
14787,3707,69,2,15.15,0.0
14788,3708,37,2,16.44,0.0
14789,3708,17,3,22.02,0.0
14790,3708,21,2,3.76,0.38
14791,3708,58,3,8.6,0.0
14792,3708,30,2,4.36,0.0
14793,3708,31,3,7.89,0.0
14794,3709,10,2,17.86,0.0
14795,3709,27,3,24.04,2.4
14796,3709,93,1,9.58,0.0
14797,3710,40,1,15.33,0.0
14798,3710,108,2,18.3,1.83
14799,3710,142,1,16.37,0.0
14800,3710,78,3,3.94,0.0
14801,3710,28,3,16.85,0.0
14802,3711,180,3,21.11,0.0
14803,3711,199,1,12.87,0.0
14804,3712,39,3,14.97,0.0
14805,3712,40,2,15.33,0.0
14806,3712,173,1,18.36,0.0
14807,3712,13,2,4.43,0.0
14808,3712,22,3,16.56,0.0
14809,3712,126,3,6.42,0.0
14810,3713,1,3,11.87,0.0
14811,3713,36,3,23.88,2.39
14812,3713,37,3,16.44,1.64
14813,3713,9,3,12.58,0.0
14814,3713,20,2,19.92,0.0
14815,3713,28,1,16.85,0.0
14816,3714,93,3,9.58,0.0
14817,3714,5,3,11.32,0.0
14818,3715,32,1,5.99,0.6
14819,3715,37,1,16.44,0.0
14820,3715,9,2,12.58,0.0
14821,3715,28,1,16.85,1.69
14822,3715,93,1,9.58,0.0
14823,3716,2,1,11.3,0.0
14824,3716,68,3,22.91,0.0
14825,3716,7,3,5.95,0.0
14826,3716,10,1,17.86,0.0
14827,3716,14,1,12.02,0.0
14828,3716,113,3,4.94,0.0
14829,3717,231,2,10.29,1.03
14830,3717,9,3,12.58,0.0
14831,3717,140,2,6.16,0.0
14832,3717,13,3,4.43,0.0
14833,3717,19,2,7.1,0.0
14834,3718,49,2,12.79,0.0
14835,3718,5,2,11.32,0.0
14836,3718,14,3,12.02,0.0
14837,3719,107,2,4.97,0.0
14838,3719,86,1,23.11,0.0
14839,3720,40,1,15.33,0.0
14840,3720,11,3,10.32,0.0
14841,3720,15,3,11.21,0.0
14842,3720,18,2,19.15,0.0
14843,3720,25,2,19.85,1.99
14844,3720,27,2,24.04,0.0
14845,3721,35,2,3.73,0.37
14846,3721,3,2,16.72,0.0
14847,3721,7,2,5.95,0.0
14848,3721,150,3,19.3,0.0
14849,3721,120,2,13.7,0.0
14850,3722,32,2,5.99,0.0
14851,3722,36,1,23.88,0.0
14852,3722,197,2,2.88,0.0
14853,3723,9,3,12.58,0.0
14854,3723,36,2,23.88,0.0
14855,3723,23,1,14.2,0.0
14856,3724,89,3,17.61,0.0
14857,3724,3,3,16.72,0.0
14858,3725,40,3,15.33,0.0
14859,3725,57,3,10.48,0.0
14860,3725,38,1,12.67,0.0
14861,3726,32,1,5.99,0.0
14862,3726,16,2,3.81,0.0
14863,3726,99,1,15.86,0.0
14864,3726,21,1,3.76,0.0
14865,3727,33,1,5.52,0.0
14866,3727,3,4,16.72,1.67
14867,3727,147,2,18.55,0.0
14868,3727,21,2,3.76,0.0
14869,3728,17,1,22.02,2.2
14870,3728,28,2,16.85,0.0
14871,3728,77,3,24.59,0.0
14872,3729,225,1,2.04,0.0
14873,3729,2,1,11.3,0.0
14874,3729,9,3,12.58,1.26
14875,3729,11,2,10.32,0.0
14876,3729,114,1,18.17,0.0
14877,3730,112,3,9.55,0.96
14878,3730,43,2,16.79,0.0
14879,3730,31,3,7.89,0.0
14880,3730,227,2,15.13,0.0
14881,3731,8,3,23.8,2.38
14882,3731,170,1,13.05,0.0
14883,3732,5,1,11.32,0.0
14884,3732,202,2,12.79,0.0
14885,3732,10,3,17.86,1.79
14886,3732,204,2,22.83,0.0
14887,3732,23,1,14.2,0.0
14888,3732,26,2,10.08,0.0
14889,3733,200,3,21.12,0.0
14890,3733,12,1,12.04,0.0
14891,3733,239,1,10.9,0.0
14892,3734,2,3,11.3,1.13
14893,3734,206,3,6.96,0.0
14894,3734,22,3,16.56,0.0
14895,3735,64,1,15.35,0.0
14896,3735,39,2,14.97,0.0
14897,3735,139,3,5.55,0.0
14898,3735,22,2,16.56,0.0
14899,3735,23,3,14.2,0.0
14900,3735,123,2,23.88,0.0
14901,3736,10,3,17.86,0.0
14902,3736,155,1,20.04,0.0
14903,3736,22,1,16.56,0.0
14904,3737,65,3,23.95,0.0
14905,3737,196,2,5.36,0.0
14906,3737,168,2,22.08,0.0
14907,3737,16,2,3.81,0.0
14908,3737,23,3,14.2,0.0
14909,3738,16,2,3.81,0.38
14910,3738,186,1,11.54,0.0
14911,3738,2,2,11.3,0.0
14912,3738,12,2,12.04,0.0
14913,3739,32,3,5.99,0.0
14914,3739,25,1,19.85,0.0
14915,3739,7,1,5.95,0.0
14916,3740,33,2,5.52,0.0
14917,3740,13,2,4.43,0.0
14918,3740,38,1,12.67,0.0
14919,3740,39,3,14.97,1.5
14920,3741,36,2,23.88,0.0
14921,3741,38,2,12.67,0.0
14922,3741,7,3,5.95,0.0
14923,3741,11,3,10.32,0.0
14924,3741,29,3,5.4,0.54
14925,3742,216,3,16.32,0.0
14926,3742,244,3,7.55,0.0
14927,3743,129,3,8.8,0.0
14928,3743,35,2,3.73,0.0
14929,3743,9,2,12.58,0.0
14930,3743,13,2,4.43,0.0
14931,3743,16,3,3.81,0.0
14932,3744,40,2,15.33,0.0
14933,3744,9,1,12.58,0.0
14934,3744,122,3,9.1,0.0
14935,3744,155,2,20.04,0.0
14936,3745,159,3,15.12,0.0
14937,3745,105,2,17.09,0.0
14938,3745,6,2,24.22,0.0
14939,3745,15,2,11.21,0.0
14940,3746,32,2,5.99,0.0
14941,3746,4,3,8.66,0.0
14942,3746,7,2,5.95,0.0
14943,3746,8,1,23.8,0.0
14944,3746,58,3,8.6,0.0
14945,3747,12,2,12.04,0.0
14946,3747,39,3,14.97,0.0
14947,3748,205,2,2.44,0.0
14948,3748,22,3,16.56,0.0
14949,3749,11,2,10.32,0.0
14950,3749,35,3,3.73,0.0
14951,3749,15,3,11.21,1.12
14952,3750,1,1,11.87,0.0
14953,3750,5,1,11.32,0.0
14954,3750,38,1,12.67,0.0
14955,3750,246,3,4.38,0.0
14956,3750,25,2,19.85,0.0
14957,3750,220,2,14.33,0.0
14958,3751,33,3,5.52,0.0
14959,3751,227,3,15.13,0.0
14960,3751,39,2,14.97,0.0
14961,3751,8,1,23.8,0.0
14962,3751,180,2,21.11,0.0
14963,3751,23,2,14.2,0.0
14964,3752,24,3,6.46,0.65
14965,3752,27,2,24.04,0.0
14966,3753,225,2,2.04,0.0
14967,3753,27,2,24.04,0.0
14968,3753,206,1,6.96,0.0
14969,3753,33,3,5.52,0.0
14970,3754,137,1,16.21,0.0
14971,3754,237,2,22.09,0.0
14972,3754,208,3,23.63,2.36
14973,3754,23,2,14.2,0.0
14974,3754,59,3,16.83,0.0
14975,3755,193,3,4.28,0.0
14976,3755,18,3,19.15,0.0
14977,3755,3,2,16.72,0.0
14978,3755,14,2,12.02,1.2
14979,3756,28,1,16.85,0.0
14980,3756,37,3,16.44,0.0
14981,3756,14,1,12.02,0.0
14982,3757,114,3,18.17,0.0
14983,3757,189,3,10.88,1.09
14984,3758,185,1,23.4,0.0
14985,3758,34,3,19.46,1.95
14986,3758,70,1,6.33,0.0
14987,3759,39,3,14.97,0.0
14988,3759,234,1,20.09,0.0
14989,3759,52,1,15.6,0.0
14990,3759,24,3,6.46,0.65
14991,3759,26,1,10.08,0.0
14992,3760,38,2,12.67,0.0
14993,3760,13,1,4.43,0.0
14994,3760,14,2,12.02,0.0
14995,3760,29,3,5.4,0.0
14996,3760,30,3,4.36,0.0
14997,3761,3,3,16.72,0.0
14998,3761,20,1,19.92,0.0
14999,3762,9,2,12.58,0.0
15000,3762,21,2,3.76,0.0
15001,3763,5,2,11.32,0.0
15002,3763,31,2,7.89,0.0
15003,3764,65,3,23.95,0.0
15004,3764,2,1,11.3,0.0
15005,3765,36,2,23.88,0.0
15006,3765,21,2,3.76,0.0
15007,3765,30,3,4.36,0.0
15008,3765,22,2,16.56,0.0
15009,3766,38,2,12.67,0.0
15010,3766,75,1,20.65,0.0
15011,3766,19,2,7.1,0.0
15012,3766,25,1,19.85,0.0
15013,3766,26,2,10.08,0.0
15014,3766,31,1,7.89,0.0
15015,3767,9,3,12.58,0.0
15016,3767,31,3,7.89,0.0
15017,3767,6,3,24.22,0.0
15018,3767,231,1,10.29,0.0
15019,3768,4,2,8.66,0.0
15020,3768,50,1,16.52,0.0
15021,3768,82,3,24.79,0.0
15022,3768,83,1,14.05,0.0
15023,3768,84,1,16.03,0.0
15024,3768,31,3,7.89,0.0
15025,3769,216,3,16.32,1.63
15026,3769,109,2,3.95,0.0
15027,3769,14,3,12.02,1.2
15028,3769,23,3,14.2,0.0
15029,3770,32,3,5.99,0.6
15030,3770,11,1,10.32,0.0
15031,3770,77,1,24.59,0.0
15032,3770,243,1,3.55,0.0
15033,3770,126,3,6.42,0.0
15034,3771,24,1,6.46,0.0
15035,3771,84,2,16.03,0.0
15036,3771,6,3,24.22,0.0
15037,3771,52,1,15.6,0.0
15038,3772,1,3,11.87,0.0
15039,3772,34,2,19.46,0.0
15040,3772,12,1,12.04,0.0
15041,3772,130,2,20.13,0.0
15042,3773,35,2,3.73,0.0
15043,3773,36,2,23.88,0.0
15044,3773,39,3,14.97,0.0
15045,3773,11,1,10.32,1.03
15046,3773,111,3,16.8,0.0
15047,3773,23,2,14.2,0.0
15048,3774,1,3,11.87,0.0
15049,3774,131,2,13.68,0.0
15050,3774,200,1,21.12,0.0
15051,3774,12,3,12.04,0.0
15052,3774,87,1,10.91,0.0
15053,3775,3,3,16.72,0.0
15054,3775,17,3,22.02,0.0
15055,3775,248,2,19.4,0.0
15056,3775,25,3,19.85,0.0
15057,3775,156,3,22.79,0.0
15058,3776,8,1,23.8,0.0
15059,3776,40,2,15.33,0.0
15060,3776,189,3,10.88,1.09
15061,3777,27,2,24.04,0.0
15062,3777,20,3,19.92,0.0
15063,3777,38,1,12.67,0.0
15064,3777,14,1,12.02,0.0
15065,3778,115,3,23.78,0.0
15066,3778,132,3,14.41,1.44
15067,3779,18,2,19.15,0.0
15068,3779,28,1,16.85,0.0
15069,3780,32,2,5.99,0.0
15070,3780,6,2,24.22,2.42
15071,3780,9,1,12.58,0.0
15072,3780,15,2,11.21,0.0
15073,3780,23,1,14.2,0.0
15074,3781,33,2,5.52,0.0
15075,3781,37,1,16.44,0.0
15076,3781,38,4,12.67,0.0
15077,3781,166,4,6.59,0.0
15078,3781,39,2,14.97,0.0
15079,3781,152,4,7.38,0.0
15080,3782,24,2,6.46,0.0
15081,3782,29,1,5.4,0.54
15082,3783,21,3,3.76,0.38
15083,3783,214,1,7.48,0.0
15084,3784,145,2,3.0,0.0
15085,3784,34,2,19.46,0.0
15086,3784,155,1,20.04,0.0
15087,3784,6,1,24.22,0.0
15088,3785,227,4,15.13,0.0
15089,3785,37,1,16.44,0.0
15090,3785,172,1,23.49,0.0
15091,3785,23,4,14.2,0.0
15092,3785,31,3,7.89,0.0
15093,3786,9,3,12.58,0.0
15094,3786,12,3,12.04,1.2
15095,3787,197,3,2.88,0.0
15096,3787,11,3,10.32,0.0
15097,3787,24,3,6.46,0.65
15098,3787,27,1,24.04,0.0
15099,3787,124,3,9.86,0.0
15100,3788,35,2,3.73,0.37
15101,3788,44,1,24.69,0.0
15102,3788,237,1,22.09,0.0
15103,3788,22,1,16.56,0.0
15104,3789,99,2,15.86,0.0
15105,3789,6,1,24.22,2.42
15106,3789,110,3,14.86,0.0
15107,3789,54,1,3.71,0.0
15108,3789,29,3,5.4,0.0
15109,3790,25,1,19.85,0.0
15110,3790,18,3,19.15,0.0
15111,3790,3,1,16.72,0.0
15112,3790,31,2,7.89,0.0
15113,3791,39,3,14.97,0.0
15114,3791,13,2,4.43,0.0
15115,3791,17,4,22.02,2.2
15116,3791,155,4,20.04,2.0
15117,3791,28,1,16.85,0.0
15118,3791,31,2,7.89,0.0
15119,3792,17,3,22.02,0.0
15120,3792,27,3,24.04,0.0
15121,3793,224,1,8.7,0.87
15122,3793,7,1,5.95,0.0
15123,3793,39,1,14.97,0.0
15124,3793,20,1,19.92,0.0
15125,3793,86,3,23.11,0.0
15126,3793,31,1,7.89,0.0
15127,3794,10,3,17.86,0.0
15128,3794,75,1,20.65,0.0
15129,3795,37,4,16.44,0.0
15130,3795,15,1,11.21,0.0
15131,3795,17,1,22.02,0.0
15132,3795,119,2,17.42,0.0
15133,3795,217,3,3.44,0.0
15134,3795,62,1,15.66,0.0
15135,3796,40,4,15.33,0.0
15136,3796,16,2,3.81,0.0
15137,3796,53,4,10.09,0.0
15138,3796,24,4,6.46,0.0
15139,3796,26,4,10.08,0.0
15140,3797,132,3,14.41,0.0
15141,3797,71,3,15.92,0.0
15142,3797,7,1,5.95,0.0
15143,3797,9,3,12.58,1.26
15144,3797,46,2,24.33,0.0
15145,3797,18,3,19.15,0.0
15146,3798,32,2,5.99,0.0
15147,3798,1,2,11.87,0.0
15148,3798,22,2,16.56,1.66
15149,3799,97,1,21.59,0.0
15150,3799,39,3,14.97,1.5
15151,3800,18,1,19.15,0.0
15152,3800,86,3,23.11,0.0
15153,3800,31,4,7.89,0.79
15154,3801,149,3,16.04,0.0
15155,3801,38,2,12.67,0.0
15156,3802,32,2,5.99,0.0
15157,3802,36,1,23.88,0.0
15158,3803,32,2,5.99,0.0
15159,3803,33,3,5.52,0.0
15160,3803,82,1,24.79,0.0
15161,3803,94,3,14.83,0.0
15162,3804,197,1,2.88,0.0
15163,3804,39,3,14.97,0.0
15164,3804,40,1,15.33,0.0
15165,3804,212,3,7.47,0.0
15166,3804,59,2,16.83,0.0
15167,3805,12,3,12.04,0.0
15168,3805,29,2,5.4,0.54
15169,3805,38,2,12.67,0.0
15170,3806,40,3,15.33,0.0
15171,3806,33,1,5.52,0.0
15172,3806,196,1,5.36,0.54
15173,3806,136,1,22.16,0.0
15174,3807,24,3,6.46,0.0
15175,3807,29,3,5.4,0.0
15176,3807,14,1,12.02,0.0
15177,3807,23,2,14.2,0.0
15178,3808,18,3,19.15,0.0
15179,3808,38,1,12.67,0.0
15180,3808,39,3,14.97,0.0
15181,3809,192,2,9.33,0.0
15182,3809,193,1,4.28,0.0
15183,3809,19,2,7.1,0.0
15184,3809,127,2,25.0,0.0
15185,3810,32,1,5.99,0.0
15186,3810,20,2,19.92,0.0
15187,3810,6,2,24.22,0.0
15188,3810,39,3,14.97,0.0
15189,3811,73,2,24.03,0.0
15190,3811,35,2,3.73,0.0
15191,3812,161,2,19.7,0.0
15192,3812,244,2,7.55,0.0
15193,3813,210,1,11.73,0.0
15194,3813,12,2,12.04,0.0
15195,3813,39,3,14.97,0.0
15196,3814,5,1,11.32,0.0
15197,3814,198,3,23.1,0.0
15198,3815,35,2,3.73,0.0
15199,3815,3,1,16.72,0.0
15200,3815,13,1,4.43,0.0
15201,3815,63,3,10.84,0.0
15202,3816,159,3,15.12,0.0
15203,3816,55,1,12.62,0.0
15204,3817,27,3,24.04,0.0
15205,3817,205,1,2.44,0.0
15206,3817,30,1,4.36,0.0
15207,3818,16,1,3.81,0.0
15208,3818,17,3,22.02,0.0
15209,3818,20,2,19.92,0.0
15210,3818,23,3,14.2,0.0
15211,3819,33,1,5.52,0.0
15212,3819,53,3,10.09,0.0
15213,3820,33,3,5.52,0.0
15214,3820,15,3,11.21,0.0
15215,3820,30,1,4.36,0.0
15216,3820,39,3,14.97,0.0
15217,3821,40,2,15.33,0.0
15218,3821,248,1,19.4,0.0
15219,3821,43,1,16.79,0.0
15220,3822,2,3,11.3,0.0
15221,3822,9,4,12.58,0.0
15222,3822,17,3,22.02,0.0
15223,3822,243,3,3.55,0.0
15224,3822,148,2,24.3,0.0
15225,3822,211,2,19.85,1.99
15226,3823,19,4,7.1,0.71
15227,3823,76,2,21.26,0.0
15228,3824,11,1,10.32,1.03
15229,3824,36,3,23.88,0.0
15230,3824,150,1,19.3,0.0
15231,3824,15,3,11.21,0.0
15232,3825,56,2,2.86,0.0
15233,3825,187,1,11.12,0.0
15234,3825,13,3,4.43,0.0
15235,3826,136,2,22.16,0.0
15236,3826,82,2,24.79,0.0
15237,3826,19,3,7.1,0.0
15238,3826,20,3,19.92,0.0
15239,3827,1,4,11.87,0.0
15240,3827,39,3,14.97,0.0
15241,3827,11,1,10.32,0.0
15242,3827,29,4,5.4,0.0
15243,3827,61,3,4.08,0.0
15244,3827,30,3,4.36,0.0
15245,3828,3,2,16.72,0.0
15246,3828,17,2,22.02,0.0
15247,3828,18,4,19.15,0.0
15248,3828,20,3,19.92,0.0
15249,3828,21,1,3.76,0.0
15250,3829,32,3,5.99,0.0
15251,3829,35,1,3.73,0.37
15252,3829,132,1,14.41,0.0
15253,3829,10,3,17.86,0.0
15254,3829,14,2,12.02,0.0
15255,3830,65,2,23.95,0.0
15256,3830,7,1,5.95,0.6
15257,3830,72,1,13.53,0.0
15258,3830,214,1,7.48,0.0
15259,3830,158,3,17.6,0.0
15260,3831,113,2,4.94,0.0
15261,3831,37,3,16.44,0.0
15262,3831,29,1,5.4,0.0
15263,3831,119,1,17.42,0.0
15264,3832,163,3,13.57,0.0
15265,3832,4,2,8.66,0.0
15266,3832,14,2,12.02,0.0
15267,3832,26,1,10.08,0.0
15268,3832,29,1,5.4,0.54
15269,3833,197,3,2.88,0.0
15270,3833,9,4,12.58,0.0
15271,3833,16,4,3.81,0.0
15272,3833,23,1,14.2,0.0
15273,3833,26,3,10.08,0.0
15274,3834,9,2,12.58,0.0
15275,3834,147,3,18.55,0.0
15276,3834,149,1,16.04,0.0
15277,3834,14,2,12.02,0.0
15278,3835,48,3,12.11,0.0
15279,3835,29,2,5.4,0.0
15280,3836,36,3,23.88,0.0
15281,3836,11,1,10.32,0.0
15282,3836,47,1,9.27,0.0
15283,3836,147,2,18.55,0.0
15284,3836,150,3,19.3,0.0
15285,3836,127,2,25.0,0.0
15286,3837,13,3,4.43,0.0
15287,3837,23,1,14.2,0.0
15288,3838,3,1,16.72,0.0
15289,3838,37,1,16.44,0.0
15290,3838,19,1,7.1,0.0
15291,3838,23,3,14.2,0.0
15292,3838,121,1,2.42,0.0
15293,3838,31,1,7.89,0.0
15294,3839,101,2,3.87,0.0
15295,3839,5,2,11.32,0.0
15296,3839,22,3,16.56,0.0
15297,3840,40,3,15.33,0.0
15298,3840,166,3,6.59,0.0
15299,3840,39,2,14.97,0.0
15300,3841,33,2,5.52,0.0
15301,3841,214,2,7.48,0.0
15302,3841,17,3,22.02,2.2
15303,3842,11,3,10.32,0.0
15304,3842,14,1,12.02,0.0
15305,3842,24,2,6.46,0.0
15306,3842,187,3,11.12,0.0
15307,3842,63,3,10.84,0.0
15308,3843,40,4,15.33,0.0
15309,3843,18,4,19.15,0.0
15310,3843,38,4,12.67,0.0
15311,3843,31,1,7.89,0.0
15312,3844,8,3,23.8,0.0
15313,3844,96,1,7.8,0.0
15314,3845,193,1,4.28,0.0
15315,3845,36,3,23.88,0.0
15316,3845,119,1,17.42,0.0
15317,3845,23,3,14.2,1.42
15318,3845,24,1,6.46,0.0
15319,3846,2,3,11.3,0.0
15320,3846,4,3,8.66,0.0
15321,3846,235,1,13.68,0.0
15322,3846,80,1,2.9,0.29
15323,3846,18,2,19.15,0.0
15324,3846,27,3,24.04,0.0
15325,3847,35,1,3.73,0.0
15326,3847,4,2,8.66,0.0
15327,3847,37,1,16.44,0.0
15328,3847,7,1,5.95,0.0
15329,3847,62,1,15.66,0.0
15330,3848,15,2,11.21,0.0
15331,3848,52,3,15.6,0.0
15332,3848,27,1,24.04,0.0
15333,3848,188,2,10.6,1.06
15334,3848,190,2,3.88,0.0
15335,3849,24,2,6.46,0.0
15336,3849,18,1,19.15,0.0
15337,3849,5,3,11.32,0.0
15338,3849,38,2,12.67,0.0
15339,3850,13,3,4.43,0.0
15340,3850,14,1,12.02,0.0
15341,3851,35,3,3.73,0.0
15342,3851,39,2,14.97,0.0
15343,3851,40,1,15.33,0.0
15344,3851,45,3,9.43,0.0
15345,3851,15,1,11.21,0.0
15346,3851,30,2,4.36,0.0
15347,3852,33,3,5.52,0.0
15348,3852,34,4,19.46,0.0
15349,3852,8,2,23.8,0.0
15350,3852,14,3,12.02,1.2
15351,3852,27,1,24.04,0.0
15352,3853,34,1,19.46,0.0
15353,3853,4,1,8.66,0.0
15354,3854,37,3,16.44,1.64
15355,3854,15,1,11.21,1.12
15356,3855,1,3,11.87,0.0
15357,3855,132,1,14.41,0.0
15358,3855,37,1,16.44,0.0
15359,3855,5,2,11.32,0.0
15360,3855,81,2,18.28,0.0
15361,3855,184,2,22.35,0.0
15362,3856,192,2,9.33,0.0
15363,3856,69,2,15.15,0.0
15364,3856,27,1,24.04,0.0
15365,3856,10,3,17.86,1.79
15366,3856,86,3,23.11,0.0
15367,3856,59,2,16.83,1.68
15368,3857,10,2,17.86,0.0
15369,3857,4,3,8.66,0.0
15370,3858,10,2,17.86,0.0
15371,3858,142,1,16.37,1.64
15372,3859,242,2,10.21,0.0
15373,3859,7,2,5.95,0.0
15374,3860,197,1,2.88,0.29
15375,3860,7,1,5.95,0.0
15376,3860,29,2,5.4,0.0
15377,3860,23,3,14.2,0.0
15378,3860,24,2,6.46,0.65
15379,3860,61,3,4.08,0.0
15380,3861,129,1,8.8,0.0
15381,3861,67,1,2.94,0.0
15382,3861,172,1,23.49,0.0
15383,3861,17,3,22.02,0.0
15384,3861,25,2,19.85,0.0
15385,3862,32,1,5.99,0.0
15386,3862,40,1,15.33,1.53
15387,3862,16,3,3.81,0.0
15388,3862,27,2,24.04,0.0
15389,3862,28,2,16.85,0.0
15390,3862,29,2,5.4,0.0
15391,3863,26,3,10.08,0.0
15392,3863,21,2,3.76,0.0
15393,3864,3,1,16.72,1.67
15394,3864,35,3,3.73,0.0
15395,3864,36,2,23.88,0.0
15396,3864,39,2,14.97,0.0
15397,3865,20,2,19.92,0.0
15398,3865,109,1,3.95,0.0
15399,3866,22,3,16.56,0.0
15400,3866,31,2,7.89,0.0
15401,3867,4,1,8.66,0.0
15402,3867,12,1,12.04,0.0
15403,3867,26,3,10.08,0.0
15404,3867,219,1,13.5,0.0
15405,3867,221,3,16.53,0.0
15406,3867,222,3,15.23,0.0
15407,3868,25,1,19.85,0.0
15408,3868,31,3,7.89,0.79
15409,3869,2,3,11.3,0.0
15410,3869,230,2,14.04,0.0
15411,3869,7,2,5.95,0.0
15412,3869,233,2,14.51,0.0
15413,3869,215,1,16.7,0.0
15414,3870,57,1,10.48,0.0
15415,3870,26,2,10.08,0.0
15416,3870,2,3,11.3,0.0
15417,3870,17,2,22.02,0.0
15418,3871,24,2,6.46,0.0
15419,3871,161,3,19.7,0.0
15420,3871,15,3,11.21,0.0
15421,3871,7,3,5.95,0.0
15422,3872,34,3,19.46,0.0
15423,3872,38,3,12.67,0.0
15424,3872,106,3,17.23,0.0
15425,3872,174,3,13.87,0.0
15426,3872,111,2,16.8,0.0
15427,3873,152,1,7.38,0.0
15428,3873,29,2,5.4,0.0
15429,3874,40,1,15.33,0.0
15430,3874,75,3,20.65,0.0
15431,3874,13,3,4.43,0.44
15432,3874,14,1,12.02,0.0
15433,3874,30,2,4.36,0.0
15434,3875,34,1,19.46,0.0
15435,3875,3,3,16.72,0.0
15436,3875,8,1,23.8,2.38
15437,3875,105,1,17.09,0.0
15438,3875,237,2,22.09,0.0
15439,3875,20,2,19.92,0.0
15440,3876,16,3,3.81,0.0
15441,3876,89,1,17.61,1.76
15442,3876,40,2,15.33,0.0
15443,3877,32,2,5.99,0.0
15444,3877,185,1,23.4,0.0
15445,3877,4,1,8.66,0.87
15446,3878,33,3,5.52,0.0
15447,3878,28,1,16.85,0.0
15448,3878,14,3,12.02,0.0
15449,3879,26,1,10.08,0.0
15450,3879,53,1,10.09,1.01
15451,3879,157,1,6.46,0.0
15452,3879,23,3,14.2,0.0
15453,3880,32,1,5.99,0.6
15454,3880,2,3,11.3,0.0
15455,3880,3,1,16.72,0.0
15456,3880,18,2,19.15,0.0
15457,3880,30,1,4.36,0.0
15458,3881,230,3,14.04,0.0
15459,3881,40,2,15.33,1.53
15460,3881,46,3,24.33,0.0
15461,3881,17,1,22.02,0.0
15462,3881,24,3,6.46,0.0
15463,3882,36,1,23.88,0.0
15464,3882,12,1,12.04,0.0
15465,3882,110,1,14.86,1.49
15466,3882,17,1,22.02,0.0
15467,3882,23,2,14.2,0.0
15468,3883,40,1,15.33,0.0
15469,3883,17,3,22.02,0.0
15470,3883,147,2,18.55,0.0
15471,3883,22,3,16.56,0.0
15472,3883,92,2,9.7,0.0
15473,3884,8,2,23.8,0.0
15474,3884,13,3,4.43,0.0
15475,3884,27,3,24.04,2.4
15476,3884,28,2,16.85,0.0
15477,3884,191,1,7.16,0.0
15478,3885,33,2,5.52,0.0
15479,3885,13,1,4.43,0.0
15480,3885,39,2,14.97,0.0
15481,3886,147,3,18.55,0.0
15482,3886,84,3,16.03,0.0
15483,3887,165,3,5.73,0.0
15484,3887,203,2,16.15,1.61
15485,3887,14,3,12.02,0.0
15486,3887,15,1,11.21,0.0
15487,3887,25,1,19.85,0.0
15488,3888,36,1,23.88,2.39
15489,3888,7,2,5.95,0.0
15490,3888,40,1,15.33,0.0
15491,3888,123,2,23.88,0.0
15492,3888,189,3,10.88,0.0
15493,3889,33,3,5.52,0.0
15494,3889,34,2,19.46,0.0
15495,3889,5,2,11.32,0.0
15496,3889,18,2,19.15,0.0
15497,3889,30,3,4.36,0.0
15498,3890,4,1,8.66,0.87
15499,3890,22,3,16.56,1.66
15500,3891,236,1,2.47,0.0
15501,3891,14,1,12.02,0.0
15502,3892,32,3,5.99,0.0
15503,3892,4,1,8.66,0.0
15504,3892,238,2,3.0,0.0
15505,3892,57,3,10.48,0.0
15506,3892,26,3,10.08,1.01
15507,3893,36,1,23.88,2.39
15508,3893,23,1,14.2,0.0
15509,3894,177,1,5.69,0.0
15510,3894,39,2,14.97,0.0
15511,3895,19,1,7.1,0.71
15512,3895,30,1,4.36,0.0
15513,3896,33,3,5.52,0.0
15514,3896,20,4,19.92,0.0
15515,3896,125,1,19.62,0.0
15516,3897,9,3,12.58,1.26
15517,3897,171,1,10.54,0.0
15518,3897,17,3,22.02,0.0
15519,3897,7,3,5.95,0.0
15520,3898,17,2,22.02,0.0
15521,3898,30,3,4.36,0.0
15522,3899,4,1,8.66,0.0
15523,3899,37,3,16.44,0.0
15524,3899,231,2,10.29,0.0
15525,3899,204,2,22.83,0.0
15526,3899,222,2,15.23,0.0
15527,3900,24,2,6.46,0.0
15528,3900,11,1,10.32,0.0
15529,3900,29,1,5.4,0.54
15530,3901,1,3,11.87,1.19
15531,3901,34,3,19.46,0.0
15532,3901,40,3,15.33,0.0
15533,3901,13,1,4.43,0.0
15534,3901,22,2,16.56,1.66
15535,3901,248,2,19.4,0.0
15536,3902,32,3,5.99,0.0
15537,3902,27,1,24.04,0.0
15538,3902,35,3,3.73,0.0
15539,3903,13,3,4.43,0.0
15540,3903,37,1,16.44,0.0
15541,3903,198,2,23.1,0.0
15542,3904,8,3,23.8,0.0
15543,3904,33,2,5.52,0.0
15544,3904,77,1,24.59,2.46
15545,3905,19,3,7.1,0.0
15546,3905,14,3,12.02,0.0
15547,3906,32,2,5.99,0.0
15548,3906,35,1,3.73,0.0
15549,3906,14,2,12.02,0.0
15550,3906,18,2,19.15,1.92
15551,3906,222,2,15.23,0.0
15552,3907,38,1,12.67,1.27
15553,3907,11,3,10.32,0.0
15554,3907,45,1,9.43,0.0
15555,3907,18,1,19.15,0.0
15556,3907,20,1,19.92,0.0
15557,3908,39,3,14.97,0.0
15558,3908,77,2,24.59,0.0
15559,3908,30,3,4.36,0.0
15560,3908,87,1,10.91,0.0
15561,3909,88,3,19.81,0.0
15562,3909,7,1,5.95,0.0
15563,3910,156,3,22.79,2.28
15564,3910,36,3,23.88,2.39
15565,3911,33,3,5.52,0.0
15566,3911,11,3,10.32,0.0
15567,3912,194,1,18.44,0.0
15568,3912,36,1,23.88,0.0
15569,3912,6,1,24.22,0.0
15570,3912,9,1,12.58,0.0
15571,3912,15,3,11.21,0.0
15572,3912,23,2,14.2,0.0
15573,3913,33,3,5.52,0.0
15574,3913,10,1,17.86,0.0
15575,3913,42,1,22.29,0.0
15576,3913,19,3,7.1,0.0
15577,3913,25,2,19.85,0.0
15578,3914,40,3,15.33,0.0
15579,3914,27,1,24.04,0.0
15580,3914,31,2,7.89,0.0
15581,3915,34,1,19.46,0.0
15582,3915,67,3,2.94,0.0
15583,3915,236,4,2.47,0.0
15584,3916,176,1,3.93,0.0
15585,3916,19,1,7.1,0.0
15586,3916,171,3,10.54,0.0
15587,3916,22,3,16.56,0.0
15588,3917,32,3,5.99,0.0
15589,3917,211,2,19.85,1.99
15590,3917,150,1,19.3,0.0
15591,3917,93,2,9.58,0.0
15592,3917,190,2,3.88,0.0
15593,3917,31,2,7.89,0.0
15594,3918,35,2,3.73,0.0
15595,3918,37,1,16.44,0.0
15596,3918,7,1,5.95,0.0
15597,3919,12,3,12.04,0.0
15598,3919,36,2,23.88,0.0
15599,3919,21,2,3.76,0.0
15600,3920,201,2,19.45,0.0
15601,3920,19,1,7.1,0.0
15602,3921,99,3,15.86,0.0
15603,3921,21,2,3.76,0.0
15604,3922,26,1,10.08,0.0
15605,3922,12,3,12.04,0.0
15606,3922,28,1,16.85,0.0
15607,3922,165,3,5.73,0.57
15608,3923,35,1,3.73,0.37
15609,3923,108,2,18.3,1.83
15610,3923,12,1,12.04,0.0
15611,3924,178,3,12.33,0.0
15612,3924,25,2,19.85,0.0
15613,3924,34,1,19.46,0.0
15614,3924,23,1,14.2,0.0
15615,3925,10,3,17.86,1.79
15616,3925,20,3,19.92,0.0
15617,3926,65,1,23.95,0.0
15618,3926,10,2,17.86,0.0
15619,3926,23,3,14.2,0.0
15620,3926,7,1,5.95,0.0
15621,3927,1,2,11.87,0.0
15622,3927,36,3,23.88,0.0
15623,3927,13,2,4.43,0.0
15624,3928,32,2,5.99,0.0
15625,3928,138,2,15.74,0.0
15626,3928,94,2,14.83,0.0
15627,3929,189,1,10.88,0.0
15628,3929,222,2,15.23,0.0
15629,3929,191,1,7.16,0.0
15630,3930,230,3,14.04,0.0
15631,3930,9,2,12.58,0.0
15632,3930,234,1,20.09,0.0
15633,3930,14,2,12.02,0.0
15634,3930,147,1,18.55,0.0
15635,3930,25,3,19.85,1.99
15636,3931,12,1,12.04,0.0
15637,3931,244,3,7.55,0.0
15638,3931,198,1,23.1,0.0
15639,3931,30,2,4.36,0.0
15640,3932,3,3,16.72,0.0
15641,3932,12,1,12.04,0.0
15642,3932,157,3,6.46,0.0
15643,3932,247,2,15.38,0.0
15644,3933,16,3,3.81,0.0
15645,3933,12,3,12.04,0.0
15646,3934,34,1,19.46,0.0
15647,3934,38,2,12.67,0.0
15648,3934,12,2,12.04,0.0
15649,3934,240,2,10.59,0.0
15650,3934,184,2,22.35,0.0
15651,3934,25,1,19.85,0.0
15652,3935,10,3,17.86,0.0
15653,3935,126,2,6.42,0.0
15654,3935,22,3,16.56,0.0
15655,3936,241,3,19.19,0.0
15656,3936,36,2,23.88,0.0
15657,3936,30,3,4.36,0.0
15658,3936,246,2,4.38,0.0
15659,3937,35,1,3.73,0.0
15660,3937,9,1,12.58,0.0
15661,3937,15,2,11.21,0.0
15662,3937,29,2,5.4,0.0
15663,3937,189,2,10.88,0.0
15664,3938,187,1,11.12,0.0
15665,3938,21,1,3.76,0.0
15666,3939,248,1,19.4,0.0
15667,3939,23,3,14.2,0.0
15668,3940,59,3,16.83,0.0
15669,3940,187,2,11.12,0.0
15670,3940,157,1,6.46,0.0
15671,3940,30,3,4.36,0.0
15672,3941,33,1,5.52,0.55
15673,3941,4,3,8.66,0.87
15674,3941,78,2,3.94,0.0
15675,3941,21,3,3.76,0.0
15676,3941,25,1,19.85,0.0
15677,3941,31,1,7.89,0.0
15678,3942,33,3,5.52,0.0
15679,3942,170,1,13.05,0.0
15680,3942,38,3,12.67,0.0
15681,3943,128,1,5.56,0.56
15682,3943,25,3,19.85,0.0
15683,3943,74,3,12.36,0.0
15684,3943,23,2,14.2,0.0
15685,3944,17,2,22.02,0.0
15686,3944,35,3,3.73,0.0
15687,3944,38,2,12.67,0.0
15688,3944,25,2,19.85,1.99
15689,3945,40,2,15.33,0.0
15690,3945,225,1,2.04,0.0
15691,3945,155,3,20.04,0.0
15692,3945,38,3,12.67,0.0
15693,3946,38,1,12.67,0.0
15694,3946,49,2,12.79,0.0
15695,3946,13,3,4.43,0.0
15696,3946,1,1,11.87,1.19
15697,3947,8,2,23.8,0.0
15698,3947,36,3,23.88,0.0
15699,3947,110,3,14.86,0.0
15700,3947,14,3,12.02,0.0
15701,3948,3,1,16.72,1.67
15702,3948,38,2,12.67,0.0
15703,3948,13,1,4.43,0.0
15704,3948,14,2,12.02,0.0
15705,3948,20,1,19.92,0.0
15706,3949,33,1,5.52,0.0
15707,3949,221,1,16.53,0.0
15708,3949,149,1,16.04,0.0
15709,3950,7,2,5.95,0.0
15710,3950,40,3,15.33,0.0
15711,3950,54,1,3.71,0.0
15712,3950,23,1,14.2,0.0
15713,3950,89,2,17.61,0.0
15714,3951,2,2,11.3,0.0
15715,3951,3,1,16.72,0.0
15716,3951,7,1,5.95,0.0
15717,3951,168,2,22.08,0.0
15718,3951,200,2,21.12,0.0
15719,3951,23,3,14.2,0.0
15720,3952,99,4,15.86,1.59
15721,3952,106,4,17.23,1.72
15722,3952,3,4,16.72,0.0
15723,3952,236,3,2.47,0.0
15724,3953,29,3,5.4,0.0
15725,3953,38,1,12.67,0.0
15726,3953,14,2,12.02,0.0
15727,3954,3,2,16.72,0.0
15728,3954,103,1,23.09,0.0
15729,3954,136,1,22.16,0.0
15730,3954,232,2,23.93,0.0
15731,3954,27,1,24.04,0.0
15732,3955,45,3,9.43,0.0
15733,3955,46,2,24.33,0.0
15734,3955,24,3,6.46,0.0
15735,3955,28,2,16.85,0.0
15736,3955,31,2,7.89,0.79
15737,3956,9,3,12.58,0.0
15738,3956,155,4,20.04,0.0
15739,3956,126,4,6.42,0.0
15740,3956,15,1,11.21,0.0
15741,3957,186,3,11.54,0.0
15742,3957,35,3,3.73,0.0
15743,3957,37,1,16.44,0.0
15744,3958,88,2,19.81,0.0
15745,3958,128,3,5.56,0.0
15746,3959,206,3,6.96,0.0
15747,3959,54,1,3.71,0.0
15748,3959,26,1,10.08,0.0
15749,3959,28,3,16.85,0.0
15750,3959,29,3,5.4,0.54
15751,3959,191,1,7.16,0.0
15752,3960,17,1,22.02,0.0
15753,3960,201,3,19.45,1.95
15754,3960,21,3,3.76,0.0
15755,3961,9,2,12.58,0.0
15756,3961,79,2,16.86,0.0
15757,3962,208,3,23.63,0.0
15758,3962,25,2,19.85,1.99
15759,3962,10,3,17.86,0.0
15760,3962,102,2,17.26,0.0
15761,3963,178,2,12.33,0.0
15762,3963,20,1,19.92,0.0
15763,3963,117,2,22.99,0.0
15764,3963,159,2,15.12,0.0
15765,3964,9,3,12.58,0.0
15766,3964,125,1,19.62,0.0
15767,3964,38,2,12.67,0.0
15768,3965,40,1,15.33,0.0
15769,3965,32,1,5.99,0.0
15770,3965,37,2,16.44,0.0
15771,3966,39,4,14.97,0.0
15772,3966,235,3,13.68,0.0
15773,3966,140,4,6.16,0.0
15774,3966,12,1,12.04,0.0
15775,3966,24,2,6.46,0.0
15776,3967,35,3,3.73,0.0
15777,3967,3,3,16.72,0.0
15778,3967,76,3,21.26,0.0
15779,3967,13,2,4.43,0.44
15780,3967,150,2,19.3,0.0
15781,3967,28,2,16.85,0.0
15782,3968,8,3,23.8,0.0
15783,3968,13,1,4.43,0.0
15784,3968,38,1,12.67,0.0
15785,3968,39,1,14.97,0.0
15786,3969,65,1,23.95,0.0
15787,3969,33,1,5.52,0.0
15788,3969,69,3,15.15,1.52
15789,3969,6,3,24.22,0.0
15790,3969,222,1,15.23,0.0
15791,3969,191,2,7.16,0.0
15792,3970,194,2,18.44,0.0
15793,3970,7,4,5.95,0.0
15794,3970,8,4,23.8,0.0
15795,3970,14,4,12.02,0.0
15796,3970,26,3,10.08,0.0
15797,3970,30,4,4.36,0.0
15798,3971,35,2,3.73,0.0
15799,3971,11,1,10.32,0.0
15800,3971,14,3,12.02,1.2
15801,3971,17,3,22.02,0.0
15802,3971,214,2,7.48,0.0
15803,3972,65,3,23.95,0.0
15804,3972,36,1,23.88,0.0
15805,3972,6,2,24.22,0.0
15806,3972,8,2,23.8,0.0
15807,3972,19,3,7.1,0.0
15808,3972,31,3,7.89,0.0
15809,3973,8,1,23.8,0.0
15810,3973,140,2,6.16,0.0
15811,3973,11,3,10.32,0.0
15812,3973,4,2,8.66,0.0
15813,3974,9,3,12.58,0.0
15814,3974,41,1,17.67,0.0
15815,3974,13,3,4.43,0.0
15816,3974,20,2,19.92,0.0
15817,3974,25,2,19.85,0.0
15818,3975,34,3,19.46,0.0
15819,3975,9,2,12.58,0.0
15820,3975,14,2,12.02,0.0
15821,3975,21,1,3.76,0.0
15822,3975,158,2,17.6,0.0
15823,3976,32,2,5.99,0.0
15824,3976,198,1,23.1,0.0
15825,3976,9,1,12.58,0.0
15826,3976,170,3,13.05,0.0
15827,3976,142,1,16.37,0.0
15828,3976,30,2,4.36,0.44
15829,3977,7,1,5.95,0.0
15830,3977,12,3,12.04,0.0
15831,3977,19,2,7.1,0.0
15832,3977,24,1,6.46,0.0
15833,3977,28,1,16.85,1.69
15834,3978,27,2,24.04,0.0
15835,3978,8,3,23.8,0.0
15836,3978,194,1,18.44,0.0
15837,3978,3,3,16.72,0.0
15838,3979,32,2,5.99,0.0
15839,3979,33,1,5.52,0.0
15840,3980,85,3,10.37,0.0
15841,3980,29,3,5.4,0.0
15842,3981,39,1,14.97,0.0
15843,3981,114,1,18.17,1.82
15844,3981,179,2,13.81,0.0
15845,3981,23,1,14.2,0.0
15846,3981,248,1,19.4,0.0
15847,3982,22,3,16.56,0.0
15848,3982,174,2,13.87,0.0
15849,3982,39,1,14.97,0.0
15850,3983,10,2,17.86,0.0
15851,3983,2,1,11.3,0.0
15852,3983,21,3,3.76,0.0
15853,3983,14,2,12.02,0.0
15854,3984,39,2,14.97,0.0
15855,3984,17,2,22.02,0.0
15856,3984,50,3,16.52,0.0
15857,3984,22,1,16.56,0.0
15858,3984,25,1,19.85,1.99
15859,3985,5,1,11.32,0.0
15860,3985,20,3,19.92,0.0
15861,3985,21,2,3.76,0.0
15862,3986,224,1,8.7,0.87
15863,3986,33,1,5.52,0.55
15864,3986,38,3,12.67,0.0
15865,3986,13,3,4.43,0.0
15866,3986,118,3,4.15,0.0
15867,3986,30,3,4.36,0.44
15868,3987,1,3,11.87,0.0
15869,3987,7,1,5.95,0.0
15870,3987,8,3,23.8,0.0
15871,3987,143,2,22.76,0.0
15872,3987,242,2,10.21,0.0
15873,3987,148,3,24.3,0.0
15874,3988,36,1,23.88,0.0
15875,3988,15,3,11.21,0.0
15876,3989,8,2,23.8,0.0
15877,3989,33,2,5.52,0.0
15878,3990,98,4,24.18,0.0
15879,3990,36,4,23.88,0.0
15880,3990,8,3,23.8,0.0
15881,3990,104,2,9.14,0.0
15882,3990,19,3,7.1,0.0
15883,3990,20,3,19.92,1.99
15884,3991,26,3,10.08,0.0
15885,3991,53,1,10.09,0.0
15886,3991,5,1,11.32,0.0
15887,3992,162,1,19.9,0.0
15888,3992,9,1,12.58,0.0
15889,3992,16,2,3.81,0.0
15890,3992,29,3,5.4,0.0
15891,3992,30,3,4.36,0.0
15892,3993,2,2,11.3,0.0
15893,3993,3,3,16.72,0.0
15894,3993,5,3,11.32,0.0
15895,3993,8,1,23.8,0.0
15896,3993,13,1,4.43,0.0
15897,3993,29,3,5.4,0.54
15898,3994,162,1,19.9,0.0
15899,3994,109,1,3.95,0.0
15900,3994,17,2,22.02,0.0
15901,3994,212,3,7.47,0.0
15902,3994,24,3,6.46,0.0
15903,3994,29,1,5.4,0.54
15904,3995,67,2,2.94,0.29
15905,3995,5,1,11.32,0.0
15906,3995,39,3,14.97,1.5
15907,3995,72,3,13.53,0.0
15908,3995,9,1,12.58,0.0
15909,3995,15,3,11.21,0.0
15910,3996,19,4,7.1,0.0
15911,3996,115,2,23.78,0.0
15912,3996,196,4,5.36,0.54
15913,3996,39,1,14.97,0.0
15914,3997,37,2,16.44,0.0
15915,3997,101,3,3.87,0.0
15916,3997,167,3,15.91,0.0
15917,3997,27,1,24.04,0.0
15918,3997,31,3,7.89,0.79
15919,3998,35,2,3.73,0.0
15920,3998,229,2,17.37,0.0
15921,3998,22,3,16.56,0.0
15922,3998,30,1,4.36,0.0
15923,3998,190,2,3.88,0.0
15924,3999,4,3,8.66,0.0
15925,3999,38,1,12.67,0.0
15926,3999,39,3,14.97,0.0
15927,3999,14,2,12.02,0.0
15928,3999,178,2,12.33,0.0
15929,3999,218,2,21.24,0.0
15930,4000,58,2,8.6,0.86
15931,4000,196,2,5.36,0.0
15932,4000,246,2,4.38,0.0
15933,4001,4,4,8.66,0.0
15934,4001,146,2,10.38,1.04
15935,4001,54,2,3.71,0.0
15936,4001,91,3,16.51,0.0
15937,4001,31,1,7.89,0.0
15938,4002,33,2,5.52,0.0
15939,4002,18,3,19.15,0.0
15940,4002,169,3,3.2,0.0
15941,4003,1,1,11.87,0.0
15942,4003,9,1,12.58,1.26
15943,4003,11,1,10.32,0.0
15944,4003,48,1,12.11,0.0
15945,4003,247,1,15.38,0.0
15946,4003,25,3,19.85,0.0
15947,4004,35,2,3.73,0.0
15948,4004,38,1,12.67,0.0
15949,4004,201,3,19.45,0.0
15950,4004,139,2,5.55,0.56
15951,4004,119,2,17.42,0.0
15952,4005,32,3,5.99,0.0
15953,4005,2,3,11.3,0.0
15954,4005,19,2,7.1,0.0
15955,4005,30,3,4.36,0.0
15956,4006,11,3,10.32,0.0
15957,4006,212,1,7.47,0.0
15958,4006,118,4,4.15,0.42
15959,4006,25,3,19.85,1.99
15960,4006,222,4,15.23,0.0
15961,4007,37,1,16.44,0.0
15962,4007,6,2,24.22,0.0
15963,4007,15,2,11.21,0.0
15964,4007,214,3,7.48,0.0
15965,4007,31,2,7.89,0.0
15966,4008,227,3,15.13,0.0
15967,4008,233,2,14.51,0.0
15968,4008,48,4,12.11,1.21
15969,4008,25,2,19.85,0.0
15970,4008,123,1,23.88,0.0
15971,4008,31,3,7.89,0.0
15972,4009,26,1,10.08,0.0
15973,4009,15,3,11.21,0.0
15974,4010,40,1,15.33,1.53
15975,4010,35,1,3.73,0.0
15976,4010,166,1,6.59,0.0
15977,4010,22,1,16.56,0.0
15978,4011,35,3,3.73,0.37
15979,4011,29,1,5.4,0.54
15980,4012,32,3,5.99,0.0
15981,4012,33,2,5.52,0.0
15982,4012,162,2,19.9,0.0
15983,4012,11,1,10.32,0.0
15984,4012,149,3,16.04,0.0
15985,4012,24,1,6.46,0.0
15986,4013,6,2,24.22,0.0
15987,4013,7,2,5.95,0.0
15988,4013,8,4,23.8,2.38
15989,4013,43,1,16.79,1.68
15990,4013,30,1,4.36,0.0
15991,4014,177,1,5.69,0.57
15992,4014,36,1,23.88,0.0
15993,4014,55,2,12.62,0.0
15994,4014,15,1,11.21,0.0
15995,4015,240,2,10.59,0.0
15996,4015,14,3,12.02,0.0
15997,4016,32,2,5.99,0.6
15998,4016,11,2,10.32,1.03
15999,4016,85,2,10.37,0.0
16000,4016,39,2,14.97,0.0
16001,4017,146,3,10.38,0.0
16002,4017,22,1,16.56,1.66
16003,4018,98,3,24.18,0.0
16004,4018,4,1,8.66,0.0
16005,4018,116,2,24.93,0.0
16006,4018,25,2,19.85,0.0
16007,4018,28,3,16.85,0.0
16008,4018,29,3,5.4,0.0
16009,4019,24,1,6.46,0.0
16010,4019,36,3,23.88,0.0
16011,4019,111,2,16.8,0.0
16012,4020,35,2,3.73,0.0
16013,4020,27,3,24.04,0.0
16014,4020,213,1,4.8,0.0
16015,4021,24,1,6.46,0.0
16016,4021,117,2,22.99,0.0
16017,4021,4,2,8.66,0.0
16018,4021,20,2,19.92,0.0
16019,4022,97,2,21.59,0.0
16020,4022,37,2,16.44,0.0
16021,4022,55,2,12.62,1.26
16022,4022,27,2,24.04,0.0
16023,4022,220,1,14.33,0.0
16024,4023,40,2,15.33,0.0
16025,4023,10,2,17.86,0.0
16026,4023,14,1,12.02,0.0
16027,4023,22,1,16.56,0.0
16028,4023,89,3,17.61,0.0
16029,4024,104,1,9.14,0.0
16030,4024,17,2,22.02,0.0
16031,4024,29,2,5.4,0.0
16032,4024,134,2,14.11,0.0
16033,4025,8,2,23.8,0.0
16034,4025,17,3,22.02,0.0
16035,4025,35,3,3.73,0.0
16036,4026,57,4,10.48,0.0
16037,4026,13,3,4.43,0.0
16038,4026,5,1,11.32,0.0
16039,4027,35,3,3.73,0.0
16040,4027,178,1,12.33,0.0
16041,4027,217,3,3.44,0.0
16042,4027,122,3,9.1,0.91
16043,4027,59,1,16.83,0.0
16044,4028,33,1,5.52,0.0
16045,4028,5,3,11.32,1.13
16046,4029,12,3,12.04,0.0
16047,4029,28,2,16.85,0.0
16048,4029,22,3,16.56,0.0
16049,4029,23,3,14.2,0.0
16050,4030,16,3,3.81,0.0
16051,4030,35,2,3.73,0.0
16052,4031,33,1,5.52,0.0
16053,4031,40,2,15.33,0.0
16054,4031,42,1,22.29,0.0
16055,4031,19,1,7.1,0.0
16056,4031,53,2,10.09,0.0
16057,4032,39,3,14.97,0.0
16058,4032,40,2,15.33,0.0
16059,4032,11,4,10.32,0.0
16060,4032,204,2,22.83,0.0
16061,4032,13,3,4.43,0.0
16062,4033,3,1,16.72,0.0
16063,4033,36,2,23.88,0.0
16064,4033,200,3,21.12,0.0
16065,4033,15,3,11.21,0.0
16066,4033,16,3,3.81,0.0
16067,4033,19,2,7.1,0.0
16068,4034,32,1,5.99,0.0
16069,4034,167,1,15.91,0.0
16070,4034,12,3,12.04,1.2
16071,4034,119,1,17.42,0.0
16072,4034,30,1,4.36,0.0
16073,4035,32,1,5.99,0.0
16074,4035,4,2,8.66,0.0
16075,4035,11,1,10.32,0.0
16076,4035,20,2,19.92,0.0
16077,4035,54,1,3.71,0.0
16078,4035,187,1,11.12,1.11
16079,4036,8,1,23.8,0.0
16080,4036,7,3,5.95,0.0
16081,4037,105,3,17.09,1.71
16082,4037,188,3,10.6,0.0
16083,4037,13,1,4.43,0.0
16084,4038,32,1,5.99,0.0
16085,4038,34,1,19.46,0.0
16086,4038,39,2,14.97,0.0
16087,4038,75,2,20.65,0.0
16088,4038,21,1,3.76,0.0
16089,4038,31,3,7.89,0.0
16090,4039,32,2,5.99,0.0
16091,4039,7,1,5.95,0.0
16092,4039,136,3,22.16,0.0
16093,4039,16,2,3.81,0.0
16094,4039,18,3,19.15,0.0
16095,4039,22,2,16.56,0.0
16096,4040,216,1,16.32,0.0
16097,4040,236,2,2.47,0.0
16098,4040,29,3,5.4,0.0
16099,4041,6,1,24.22,0.0
16100,4041,232,3,23.93,2.39
16101,4041,80,1,2.9,0.0
16102,4041,176,2,3.93,0.0
16103,4041,211,1,19.85,0.0
16104,4041,21,2,3.76,0.0
16105,4042,27,2,24.04,0.0
16106,4042,28,3,16.85,0.0
16107,4042,45,3,9.43,0.0
16108,4043,8,1,23.8,2.38
16109,4043,34,1,19.46,0.0
16110,4043,20,3,19.92,0.0
16111,4043,22,4,16.56,0.0
16112,4044,113,2,4.94,0.0
16113,4044,34,3,19.46,0.0
16114,4044,175,2,4.87,0.0
16115,4045,9,4,12.58,0.0
16116,4045,13,4,4.43,0.0
16117,4045,230,4,14.04,0.0
16118,4046,7,1,5.95,0.0
16119,4046,12,2,12.04,0.0
16120,4046,17,3,22.02,0.0
16121,4046,113,2,4.94,0.0
16122,4046,117,1,22.99,2.3
16123,4047,9,1,12.58,0.0
16124,4047,17,3,22.02,0.0
16125,4047,39,1,14.97,0.0
16126,4048,8,1,23.8,0.0
16127,4048,17,2,22.02,2.2
16128,4048,116,3,24.93,0.0
16129,4048,123,3,23.88,0.0
16130,4048,30,3,4.36,0.0
16131,4049,35,3,3.73,0.0
16132,4049,203,1,16.15,0.0
16133,4049,13,2,4.43,0.0
16134,4049,20,1,19.92,0.0
16135,4049,155,1,20.04,0.0
16136,4049,28,3,16.85,0.0
16137,4050,52,3,15.6,0.0
16138,4050,5,3,11.32,0.0
16139,4051,243,1,3.55,0.0
16140,4051,31,1,7.89,0.0
16141,4051,13,2,4.43,0.0
16142,4051,159,2,15.12,1.51
16143,4052,35,1,3.73,0.0
16144,4052,36,2,23.88,0.0
16145,4052,7,3,5.95,0.0
16146,4052,17,3,22.02,0.0
16147,4052,250,1,10.1,0.0
16148,4052,30,3,4.36,0.0
16149,4053,34,3,19.46,1.95
16150,4053,35,3,3.73,0.0
16151,4053,38,1,12.67,0.0
16152,4053,16,3,3.81,0.0
16153,4053,146,3,10.38,0.0
16154,4053,221,3,16.53,0.0
16155,4054,40,3,15.33,0.0
16156,4054,161,1,19.7,1.97
16157,4054,6,1,24.22,2.42
16158,4054,33,3,5.52,0.0
16159,4055,18,3,19.15,0.0
16160,4055,109,1,3.95,0.0
16161,4055,98,2,24.18,0.0
16162,4055,31,2,7.89,0.0
16163,4056,34,3,19.46,1.95
16164,4056,4,1,8.66,0.87
16165,4056,20,2,19.92,0.0
16166,4056,22,1,16.56,0.0
16167,4056,89,3,17.61,0.0
16168,4056,222,2,15.23,0.0
16169,4057,32,3,5.99,0.0
16170,4057,35,1,3.73,0.0
16171,4057,204,2,22.83,0.0
16172,4057,45,3,9.43,0.0
16173,4057,216,1,16.32,0.0
16174,4057,31,3,7.89,0.0
16175,4058,123,2,23.88,0.0
16176,4058,3,2,16.72,1.67
16177,4058,14,1,12.02,0.0
16178,4059,129,3,8.8,0.0
16179,4059,90,3,3.2,0.0
16180,4059,103,3,23.09,0.0
16181,4059,199,3,12.87,0.0
16182,4059,58,2,8.6,0.0
16183,4059,63,1,10.84,0.0
16184,4060,33,1,5.52,0.0
16185,4060,6,2,24.22,0.0
16186,4060,87,3,10.91,0.0
16187,4060,218,3,21.24,0.0
16188,4060,220,2,14.33,0.0
16189,4061,26,3,10.08,0.0
16190,4061,231,1,10.29,0.0
16191,4062,38,2,12.67,0.0
16192,4062,233,1,14.51,0.0
16193,4062,174,3,13.87,1.39
16194,4062,51,2,20.32,0.0
16195,4062,26,3,10.08,0.0
16196,4062,27,2,24.04,0.0
16197,4063,32,1,5.99,0.0
16198,4063,107,3,4.97,0.0
16199,4063,15,1,11.21,0.0
16200,4063,243,1,3.55,0.0
16201,4063,27,2,24.04,2.4
16202,4064,34,1,19.46,0.0
16203,4064,37,2,16.44,0.0
16204,4064,12,3,12.04,0.0
16205,4064,208,3,23.63,0.0
16206,4064,23,3,14.2,0.0
16207,4065,32,1,5.99,0.0
16208,4065,24,1,6.46,0.0
16209,4065,22,1,16.56,0.0
16210,4066,3,3,16.72,1.67
16211,4066,38,2,12.67,0.0
16212,4066,43,2,16.79,0.0
16213,4066,207,3,5.44,0.0
16214,4066,19,2,7.1,0.0
16215,4067,35,1,3.73,0.0
16216,4067,12,3,12.04,0.0
16217,4067,22,3,16.56,0.0
16218,4067,55,1,12.62,0.0
16219,4067,28,2,16.85,0.0
16220,4068,5,2,11.32,0.0
16221,4068,6,3,24.22,0.0
16222,4068,7,1,5.95,0.0
16223,4068,214,1,7.48,0.0
16224,4068,30,3,4.36,0.0
16225,4069,232,3,23.93,0.0
16226,4069,39,1,14.97,0.0
16227,4070,165,3,5.73,0.0
16228,4070,6,3,24.22,2.42
16229,4070,18,1,19.15,0.0
16230,4070,21,2,3.76,0.0
16231,4070,28,1,16.85,0.0
16232,4070,31,3,7.89,0.0
16233,4071,2,3,11.3,0.0
16234,4071,3,1,16.72,0.0
16235,4071,233,2,14.51,0.0
16236,4071,16,2,3.81,0.0
16237,4071,246,2,4.38,0.0
16238,4071,221,3,16.53,0.0
16239,4072,106,1,17.23,0.0
16240,4072,49,1,12.79,0.0
16241,4072,114,1,18.17,0.0
16242,4072,17,3,22.02,0.0
16243,4072,25,1,19.85,0.0
16244,4073,11,2,10.32,0.0
16245,4073,7,1,5.95,0.0
16246,4074,6,1,24.22,0.0
16247,4074,9,1,12.58,0.0
16248,4074,19,1,7.1,0.0
16249,4074,120,2,13.7,0.0
16250,4074,25,3,19.85,0.0
16251,4074,123,1,23.88,0.0
16252,4075,203,3,16.15,0.0
16253,4075,38,1,12.67,1.27
16254,4076,9,2,12.58,0.0
16255,4076,170,1,13.05,0.0
16256,4076,21,1,3.76,0.0
16257,4076,14,1,12.02,0.0
16258,4077,34,2,19.46,1.95
16259,4077,22,1,16.56,0.0
16260,4077,7,3,5.95,0.0
16261,4078,32,3,5.99,0.0
16262,4078,230,3,14.04,1.4
16263,4078,143,1,22.76,0.0
16264,4079,72,2,13.53,0.0
16265,4079,9,1,12.58,0.0
16266,4079,40,3,15.33,0.0
16267,4079,14,1,12.02,1.2
16268,4080,5,2,11.32,0.0
16269,4080,13,2,4.43,0.0
16270,4080,22,1,16.56,0.0
16271,4080,88,1,19.81,0.0
16272,4080,249,2,5.07,0.0
16273,4080,27,1,24.04,0.0
16274,4081,129,1,8.8,0.0
16275,4081,178,3,12.33,0.0
16276,4081,36,3,23.88,0.0
16277,4081,5,1,11.32,0.0
16278,4082,38,3,12.67,0.0
16279,4082,39,2,14.97,0.0
16280,4082,7,2,5.95,0.0
16281,4082,21,2,3.76,0.38
16282,4082,181,1,4.11,0.0
16283,4082,23,1,14.2,0.0
16284,4083,8,1,23.8,0.0
16285,4083,3,3,16.72,0.0
16286,4083,21,3,3.76,0.38
16287,4083,14,1,12.02,0.0
16288,4084,6,1,24.22,0.0
16289,4084,106,2,17.23,0.0
16290,4084,13,2,4.43,0.0
16291,4084,50,3,16.52,0.0
16292,4084,22,1,16.56,0.0
16293,4084,28,2,16.85,0.0
16294,4085,32,3,5.99,0.6
16295,4085,5,2,11.32,0.0
16296,4085,8,2,23.8,2.38
16297,4085,22,2,16.56,0.0
16298,4085,56,2,2.86,0.0
16299,4086,33,2,5.52,0.0
16300,4086,12,2,12.04,0.0
16301,4087,160,2,12.13,0.0
16302,4087,6,1,24.22,0.0
16303,4087,247,1,15.38,0.0
16304,4088,32,1,5.99,0.0
16305,4088,1,3,11.87,0.0
16306,4088,135,1,17.22,1.72
16307,4088,17,3,22.02,0.0
16308,4088,210,3,11.73,0.0
16309,4089,10,1,17.86,0.0
16310,4089,11,3,10.32,0.0
16311,4089,22,2,16.56,0.0
16312,4090,35,2,3.73,0.0
16313,4090,11,2,10.32,0.0
16314,4090,14,1,12.02,0.0
16315,4090,21,2,3.76,0.0
16316,4090,31,2,7.89,0.0
16317,4091,8,2,23.8,0.0
16318,4091,13,3,4.43,0.0
16319,4091,18,1,19.15,0.0
16320,4091,19,3,7.1,0.0
16321,4091,61,3,4.08,0.0
16322,4092,33,3,5.52,0.0
16323,4092,12,1,12.04,0.0
16324,4092,83,2,14.05,0.0
16325,4092,22,2,16.56,0.0
16326,4092,23,2,14.2,0.0
16327,4092,24,3,6.46,0.0
16328,4093,248,3,19.4,0.0
16329,4093,37,3,16.44,0.0
16330,4093,4,2,8.66,0.0
16331,4093,13,1,4.43,0.0
16332,4094,36,1,23.88,0.0
16333,4094,28,2,16.85,0.0
16334,4095,25,2,19.85,0.0
16335,4095,18,2,19.15,0.0
16336,4095,236,3,2.47,0.0
16337,4095,22,2,16.56,0.0
16338,4096,12,2,12.04,0.0
16339,4096,37,1,16.44,0.0
16340,4096,30,1,4.36,0.0
16341,4097,35,2,3.73,0.37
16342,4097,3,2,16.72,0.0
16343,4097,28,2,16.85,0.0
16344,4098,140,3,6.16,0.0
16345,4098,29,2,5.4,0.54
16346,4098,23,3,14.2,0.0
16347,4099,200,1,21.12,0.0
16348,4099,8,1,23.8,0.0
16349,4100,152,2,7.38,0.0
16350,4100,36,3,23.88,0.0
16351,4101,9,1,12.58,0.0
16352,4101,30,2,4.36,0.0
16353,4102,33,1,5.52,0.0
16354,4102,9,1,12.58,0.0
16355,4102,42,2,22.29,0.0
16356,4102,12,1,12.04,0.0
16357,4102,19,3,7.1,0.0
16358,4103,89,3,17.61,0.0
16359,4103,34,3,19.46,0.0
16360,4103,2,3,11.3,0.0
16361,4103,38,1,12.67,0.0
16362,4104,16,3,3.81,0.0
16363,4104,7,2,5.95,0.0
16364,4105,35,2,3.73,0.0
16365,4105,28,2,16.85,0.0
16366,4106,32,1,5.99,0.0
16367,4106,44,2,24.69,2.47
16368,4106,15,1,11.21,0.0
16369,4107,197,2,2.88,0.0
16370,4107,176,1,3.93,0.0
16371,4107,52,4,15.6,0.0
16372,4107,154,4,24.21,0.0
16373,4107,27,4,24.04,0.0
16374,4107,126,2,6.42,0.0
16375,4108,227,2,15.13,0.0
16376,4108,6,2,24.22,0.0
16377,4108,74,2,12.36,0.0
16378,4108,239,2,10.9,0.0
16379,4108,208,2,23.63,0.0
16380,4109,64,2,15.35,0.0
16381,4109,5,3,11.32,0.0
16382,4109,39,2,14.97,0.0
16383,4109,11,2,10.32,0.0
16384,4109,17,2,22.02,0.0
16385,4110,72,3,13.53,0.0
16386,4110,4,2,8.66,0.0
16387,4110,20,2,19.92,0.0
16388,4111,241,2,19.19,0.0
16389,4111,3,1,16.72,0.0
16390,4111,117,2,22.99,0.0
16391,4111,1,1,11.87,0.0
16392,4112,35,1,3.73,0.37
16393,4112,7,3,5.95,0.0
16394,4112,9,2,12.58,0.0
16395,4112,11,1,10.32,0.0
16396,4112,27,1,24.04,0.0
16397,4112,30,1,4.36,0.0
16398,4113,25,3,19.85,0.0
16399,4113,68,2,22.91,0.0
16400,4114,176,3,3.93,0.39
16401,4114,25,1,19.85,0.0
16402,4114,30,2,4.36,0.44
16403,4114,47,1,9.27,0.0
16404,4115,24,1,6.46,0.65
16405,4115,167,3,15.91,0.0
16406,4116,33,2,5.52,0.0
16407,4116,35,3,3.73,0.0
16408,4116,13,2,4.43,0.0
16409,4116,17,3,22.02,0.0
16410,4116,54,4,3.71,0.0
16411,4116,28,2,16.85,0.0
16412,4117,11,2,10.32,0.0
16413,4117,23,3,14.2,0.0
16414,4118,1,3,11.87,0.0
16415,4118,202,1,12.79,0.0
16416,4118,46,3,24.33,0.0
16417,4118,14,3,12.02,0.0
16418,4118,186,2,11.54,0.0
16419,4119,25,1,19.85,0.0
16420,4119,6,1,24.22,0.0
16421,4120,2,1,11.3,0.0
16422,4120,206,2,6.96,0.0
16423,4120,6,1,24.22,0.0
16424,4120,22,3,16.56,0.0
16425,4121,33,3,5.52,0.0
16426,4121,167,3,15.91,0.0
16427,4122,227,3,15.13,0.0
16428,4122,12,2,12.04,0.0
16429,4122,158,3,17.6,0.0
16430,4123,10,1,17.86,0.0
16431,4123,11,2,10.32,0.0
16432,4123,37,1,16.44,0.0
16433,4123,23,2,14.2,0.0
16434,4124,11,1,10.32,0.0
16435,4124,188,3,10.6,0.0
16436,4124,37,2,16.44,0.0
16437,4125,128,3,5.56,0.0
16438,4125,6,2,24.22,0.0
16439,4125,11,2,10.32,0.0
16440,4125,190,3,3.88,0.39
16441,4125,94,2,14.83,0.0
16442,4126,33,3,5.52,0.0
16443,4126,35,2,3.73,0.0
16444,4126,212,1,7.47,0.0
16445,4127,9,3,12.58,0.0
16446,4127,11,3,10.32,1.03
16447,4127,215,2,16.7,0.0
16448,4128,128,1,5.56,0.0
16449,4128,250,3,10.1,0.0
16450,4128,18,1,19.15,0.0
16451,4128,10,2,17.86,0.0
16452,4129,35,2,3.73,0.0
16453,4129,138,1,15.74,0.0
16454,4129,18,2,19.15,0.0
16455,4129,19,2,7.1,0.0
16456,4129,152,2,7.38,0.0
16457,4129,95,3,10.89,0.0
16458,4130,2,3,11.3,0.0
16459,4130,38,1,12.67,0.0
16460,4130,7,1,5.95,0.0
16461,4130,16,3,3.81,0.38
16462,4130,154,2,24.21,0.0
16463,4131,33,2,5.52,0.55
16464,4131,74,1,12.36,0.0
16465,4131,140,2,6.16,0.0
16466,4131,127,1,25.0,0.0
16467,4132,1,3,11.87,0.0
16468,4132,37,1,16.44,0.0
16469,4132,20,2,19.92,0.0
16470,4132,5,1,11.32,0.0
16471,4133,37,1,16.44,0.0
16472,4133,14,1,12.02,0.0
16473,4133,85,2,10.37,1.04
16474,4133,151,4,20.03,0.0
16475,4133,157,3,6.46,0.0
16476,4134,17,1,22.02,0.0
16477,4134,12,1,12.04,0.0
16478,4134,29,2,5.4,0.0
16479,4135,234,1,20.09,2.01
16480,4135,108,2,18.3,0.0
16481,4135,142,1,16.37,0.0
16482,4135,111,2,16.8,0.0
16483,4135,22,2,16.56,0.0
16484,4136,40,3,15.33,0.0
16485,4136,28,2,16.85,0.0
16486,4137,2,1,11.3,0.0
16487,4137,17,1,22.02,0.0
16488,4137,121,1,2.42,0.0
16489,4137,26,2,10.08,0.0
16490,4137,155,2,20.04,0.0
16491,4137,25,3,19.85,0.0
16492,4138,38,3,12.67,0.0
16493,4138,11,2,10.32,0.0
16494,4138,109,1,3.95,0.0
16495,4138,185,1,23.4,0.0
16496,4138,26,3,10.08,0.0
16497,4138,30,3,4.36,0.0
16498,4139,48,3,12.11,0.0
16499,4139,174,1,13.87,1.39
16500,4139,31,2,7.89,0.0
16501,4140,172,3,23.49,2.35
16502,4140,28,3,16.85,0.0
16503,4140,7,3,5.95,0.0
16504,4141,38,1,12.67,0.0
16505,4141,39,2,14.97,0.0
16506,4141,12,1,12.04,0.0
16507,4141,15,2,11.21,0.0
16508,4141,24,2,6.46,0.0
16509,4141,29,1,5.4,0.0
16510,4142,18,1,19.15,0.0
16511,4142,13,2,4.43,0.0
16512,4142,126,3,6.42,0.0
16513,4143,34,1,19.46,0.0
16514,4143,2,2,11.3,0.0
16515,4143,20,1,19.92,1.99
16516,4143,181,1,4.11,0.0
16517,4143,27,3,24.04,0.0
16518,4144,27,3,24.04,0.0
16519,4144,22,3,16.56,0.0
16520,4144,7,3,5.95,0.0
16521,4145,240,2,10.59,0.0
16522,4145,180,1,21.11,2.11
16523,4146,34,2,19.46,0.0
16524,4146,3,2,16.72,0.0
16525,4146,6,1,24.22,0.0
16526,4146,22,3,16.56,0.0
16527,4146,25,3,19.85,0.0
16528,4146,122,2,9.1,0.0
16529,4147,38,1,12.67,0.0
16530,4147,22,1,16.56,0.0
16531,4148,49,2,12.79,0.0
16532,4148,10,3,17.86,0.0
16533,4148,4,2,8.66,0.0
16534,4148,20,1,19.92,0.0
16535,4149,27,3,24.04,0.0
16536,4149,10,1,17.86,0.0
16537,4149,11,2,10.32,0.0
16538,4149,12,2,12.04,0.0
16539,4150,33,1,5.52,0.0
16540,4150,4,3,8.66,0.0
16541,4150,101,2,3.87,0.0
16542,4150,77,1,24.59,0.0
16543,4150,16,3,3.81,0.0
16544,4150,222,3,15.23,1.52
16545,4151,17,1,22.02,0.0
16546,4151,83,1,14.05,0.0
16547,4151,19,3,7.1,0.0
16548,4151,212,3,7.47,0.0
16549,4152,19,1,7.1,0.0
16550,4152,118,2,4.15,0.0
16551,4153,130,2,20.13,0.0
16552,4153,3,1,16.72,1.67
16553,4153,40,1,15.33,0.0
16554,4153,13,3,4.43,0.0
16555,4153,237,1,22.09,0.0
16556,4153,16,3,3.81,0.38
16557,4154,40,2,15.33,1.53
16558,4154,51,1,20.32,0.0
16559,4154,21,3,3.76,0.0
16560,4155,9,3,12.58,0.0
16561,4155,18,2,19.15,0.0
16562,4155,175,1,4.87,0.0
16563,4155,7,3,5.95,0.0
16564,4156,155,1,20.04,0.0
16565,4156,149,2,16.04,0.0
16566,4156,7,2,5.95,0.0
16567,4157,33,2,5.52,0.0
16568,4157,241,2,19.19,0.0
16569,4157,190,1,3.88,0.0
16570,4158,120,2,13.7,0.0
16571,4158,26,2,10.08,0.0
16572,4158,18,2,19.15,0.0
16573,4158,192,2,9.33,0.0
16574,4159,192,1,9.33,0.0
16575,4159,190,1,3.88,0.0
16576,4160,144,1,18.59,1.86
16577,4160,86,1,23.11,0.0
16578,4160,30,2,4.36,0.0
16579,4161,26,2,10.08,0.0
16580,4161,11,3,10.32,0.0
16581,4161,5,3,11.32,1.13
16582,4162,38,1,12.67,0.0
16583,4162,44,1,24.69,0.0
16584,4162,16,2,3.81,0.0
16585,4162,208,3,23.63,0.0
16586,4162,19,2,7.1,0.0
16587,4162,218,3,21.24,0.0
16588,4163,66,3,19.0,0.0
16589,4163,3,2,16.72,0.0
16590,4163,36,2,23.88,0.0
16591,4163,31,3,7.89,0.0
16592,4164,26,3,10.08,0.0
16593,4164,11,1,10.32,0.0
16594,4164,21,3,3.76,0.0
16595,4165,16,3,3.81,0.38
16596,4165,37,3,16.44,0.0
16597,4165,14,3,12.02,0.0
16598,4165,246,3,4.38,0.0
16599,4166,1,2,11.87,0.0
16600,4166,33,2,5.52,0.0
16601,4166,3,2,16.72,0.0
16602,4166,6,1,24.22,0.0
16603,4166,9,1,12.58,0.0
16604,4166,25,1,19.85,0.0
16605,4167,18,1,19.15,0.0
16606,4167,26,1,10.08,0.0
16607,4167,21,1,3.76,0.0
16608,4167,246,1,4.38,0.0
16609,4168,32,2,5.99,0.0
16610,4168,36,1,23.88,0.0
16611,4168,173,1,18.36,0.0
16612,4168,214,3,7.48,0.0
16613,4168,125,3,19.62,0.0
16614,4169,138,1,15.74,0.0
16615,4169,4,1,8.66,0.87
16616,4170,12,3,12.04,0.0
16617,4170,159,1,15.12,0.0
16618,4171,25,2,19.85,0.0
16619,4171,117,3,22.99,0.0
16620,4171,87,2,10.91,0.0
16621,4172,156,2,22.79,0.0
16622,4172,79,3,16.86,0.0
16623,4173,34,1,19.46,0.0
16624,4173,39,3,14.97,1.5
16625,4173,15,2,11.21,0.0
16626,4173,143,2,22.76,0.0
16627,4173,59,3,16.83,0.0
16628,4174,34,1,19.46,0.0
16629,4174,73,3,24.03,0.0
16630,4174,46,1,24.33,0.0
16631,4174,18,1,19.15,0.0
16632,4174,57,2,10.48,0.0
16633,4175,16,2,3.81,0.0
16634,4175,41,3,17.67,0.0
16635,4175,235,3,13.68,0.0
16636,4175,39,3,14.97,1.5
16637,4176,168,3,22.08,0.0
16638,4176,1,2,11.87,0.0
16639,4176,29,1,5.4,0.0
16640,4176,30,1,4.36,0.0
16641,4177,40,2,15.33,1.53
16642,4177,34,2,19.46,0.0
16643,4177,2,2,11.3,0.0
16644,4177,37,1,16.44,0.0
16645,4178,4,3,8.66,0.0
16646,4178,12,1,12.04,0.0
16647,4178,142,3,16.37,0.0
16648,4178,17,3,22.02,0.0
16649,4178,26,2,10.08,0.0
16650,4179,224,2,8.7,0.0
16651,4179,230,3,14.04,0.0
16652,4179,7,2,5.95,0.0
16653,4179,10,1,17.86,0.0
16654,4179,30,1,4.36,0.0
16655,4180,34,3,19.46,0.0
16656,4180,6,2,24.22,0.0
16657,4180,177,3,5.69,0.0
16658,4180,91,3,16.51,0.0
16659,4180,92,3,9.7,0.0
16660,4181,2,4,11.3,0.0
16661,4181,35,3,3.73,0.0
16662,4181,36,2,23.88,0.0
16663,4181,14,3,12.02,0.0
16664,4181,213,3,4.8,0.0
16665,4182,26,1,10.08,0.0
16666,4182,10,1,17.86,1.79
16667,4182,188,1,10.6,0.0
16668,4183,39,3,14.97,0.0
16669,4183,8,2,23.8,2.38
16670,4183,9,1,12.58,0.0
16671,4183,11,2,10.32,0.0
16672,4183,14,3,12.02,0.0
16673,4183,20,2,19.92,0.0
16674,4184,10,3,17.86,0.0
16675,4184,203,2,16.15,1.61
16676,4184,15,2,11.21,1.12
16677,4184,23,1,14.2,0.0
16678,4184,220,2,14.33,0.0
16679,4185,216,2,16.32,0.0
16680,4185,29,1,5.4,0.0
16681,4185,23,1,14.2,0.0
16682,4186,26,1,10.08,0.0
16683,4186,104,3,9.14,0.0
16684,4186,113,3,4.94,0.0
16685,4186,146,1,10.38,0.0
16686,4186,181,2,4.11,0.0
16687,4186,90,2,3.2,0.0
16688,4187,210,2,11.73,0.0
16689,4187,38,3,12.67,0.0
16690,4188,197,3,2.88,0.0
16691,4188,172,2,23.49,0.0
16692,4188,17,1,22.02,0.0
16693,4188,113,3,4.94,0.0
16694,4188,116,3,24.93,0.0
16695,4189,2,3,11.3,0.0
16696,4189,35,3,3.73,0.0
16697,4189,76,2,21.26,0.0
16698,4189,15,3,11.21,0.0
16699,4189,19,1,7.1,0.71
16700,4190,56,1,2.86,0.0
16701,4190,2,2,11.3,0.0
16702,4190,35,3,3.73,0.0
16703,4190,21,3,3.76,0.0
16704,4191,19,3,7.1,0.0
16705,4191,133,1,18.99,0.0
16706,4191,190,3,3.88,0.0
16707,4191,7,1,5.95,0.0
16708,4192,16,4,3.81,0.0
16709,4192,4,2,8.66,0.0
16710,4192,13,1,4.43,0.0
16711,4193,8,1,23.8,2.38
16712,4193,11,3,10.32,0.0
16713,4193,236,2,2.47,0.25
16714,4193,39,2,14.97,0.0
16715,4194,188,2,10.6,0.0
16716,4194,39,1,14.97,0.0
16717,4195,2,2,11.3,0.0
16718,4195,30,1,4.36,0.0
16719,4195,22,1,16.56,0.0
16720,4195,15,2,11.21,0.0
16721,4196,33,3,5.52,0.0
16722,4196,11,1,10.32,0.0
16723,4196,92,2,9.7,0.0
16724,4196,12,2,12.04,0.0
16725,4197,16,2,3.81,0.38
16726,4197,25,3,19.85,1.99
16727,4197,117,1,22.99,0.0
16728,4197,38,2,12.67,0.0
16729,4198,7,3,5.95,0.0
16730,4198,10,3,17.86,0.0
16731,4198,111,3,16.8,0.0
16732,4198,17,2,22.02,0.0
16733,4198,21,1,3.76,0.0
16734,4199,225,3,2.04,0.0
16735,4199,134,2,14.11,1.41
16736,4199,233,1,14.51,0.0
16737,4199,12,1,12.04,0.0
16738,4199,44,2,24.69,0.0
16739,4199,29,2,5.4,0.0
16740,4200,24,3,6.46,0.0
16741,4200,3,2,16.72,0.0
16742,4201,28,3,16.85,0.0
16743,4201,14,2,12.02,1.2
16744,4202,1,3,11.87,0.0
16745,4202,7,1,5.95,0.0
16746,4203,38,4,12.67,0.0
16747,4203,43,4,16.79,0.0
16748,4203,136,1,22.16,0.0
16749,4203,14,2,12.02,0.0
16750,4204,172,2,23.49,0.0
16751,4204,221,3,16.53,1.65
16752,4205,26,2,10.08,0.0
16753,4205,36,3,23.88,0.0
16754,4205,42,1,22.29,0.0
16755,4206,133,2,18.99,0.0
16756,4206,104,1,9.14,0.0
16757,4206,13,1,4.43,0.0
16758,4206,28,1,16.85,0.0
16759,4206,30,2,4.36,0.0
16760,4207,1,3,11.87,1.19
16761,4207,35,2,3.73,0.0
16762,4207,239,3,10.9,0.0
16763,4207,51,1,20.32,0.0
16764,4207,214,2,7.48,0.0
16765,4207,24,3,6.46,0.0
16766,4208,242,1,10.21,1.02
16767,4208,21,1,3.76,0.0
16768,4208,94,1,14.83,1.48
16769,4209,16,3,3.81,0.0
16770,4209,180,1,21.11,0.0
16771,4209,36,1,23.88,0.0
16772,4209,14,2,12.02,0.0
16773,4210,50,2,16.52,0.0
16774,4210,237,2,22.09,2.21
16775,4210,126,2,6.42,0.0
16776,4210,7,1,5.95,0.0
16777,4211,168,3,22.08,0.0
16778,4211,26,3,10.08,0.0
16779,4211,21,1,3.76,0.0
16780,4211,6,3,24.22,0.0
16781,4212,169,1,3.2,0.0
16782,4212,7,3,5.95,0.0
16783,4213,37,2,16.44,0.0
16784,4213,40,3,15.33,0.0
16785,4213,13,3,4.43,0.0
16786,4213,84,1,16.03,0.0
16787,4213,23,2,14.2,0.0
16788,4213,24,3,6.46,0.0
16789,4214,3,1,16.72,0.0
16790,4214,39,1,14.97,0.0
16791,4214,10,1,17.86,0.0
16792,4214,29,3,5.4,0.0
16793,4214,30,2,4.36,0.0
16794,4215,34,3,19.46,0.0
16795,4215,100,3,5.46,0.0
16796,4215,36,1,23.88,0.0
16797,4215,144,2,18.59,0.0
16798,4215,21,2,3.76,0.0
16799,4215,30,1,4.36,0.0
16800,4216,32,1,5.99,0.0
16801,4216,106,1,17.23,0.0
16802,4216,10,3,17.86,0.0
16803,4216,12,1,12.04,0.0
16804,4216,30,2,4.36,0.0
16805,4217,74,2,12.36,0.0
16806,4217,11,2,10.32,0.0
16807,4217,92,3,9.7,0.0
16808,4217,15,1,11.21,0.0
16809,4218,33,2,5.52,0.0
16810,4218,200,2,21.12,0.0
16811,4218,139,2,5.55,0.56
16812,4218,20,3,19.92,1.99
16813,4218,63,2,10.84,0.0
16814,4219,38,2,12.67,0.0
16815,4219,7,3,5.95,0.0
16816,4220,233,3,14.51,0.0
16817,4220,37,3,16.44,0.0
16818,4220,78,3,3.94,0.0
16819,4221,19,3,7.1,0.0
16820,4221,246,1,4.38,0.44
16821,4221,63,4,10.84,0.0
16822,4222,2,2,11.3,0.0
16823,4222,230,3,14.04,0.0
16824,4222,7,1,5.95,0.0
16825,4222,9,1,12.58,0.0
16826,4222,157,3,6.46,0.0
16827,4222,159,2,15.12,0.0
16828,4223,5,2,11.32,0.0
16829,4223,39,2,14.97,0.0
16830,4223,11,3,10.32,0.0
16831,4223,49,2,12.79,0.0
16832,4223,180,1,21.11,0.0
16833,4224,82,2,24.79,0.0
16834,4224,11,1,10.32,0.0
16835,4225,2,1,11.3,0.0
16836,4225,4,1,8.66,0.0
16837,4225,38,3,12.67,0.0
16838,4225,18,2,19.15,0.0
16839,4225,30,2,4.36,0.0
16840,4225,190,1,3.88,0.0
16841,4226,16,3,3.81,0.0
16842,4226,17,2,22.02,0.0
16843,4226,63,3,10.84,0.0
16844,4227,132,2,14.41,0.0
16845,4227,7,3,5.95,0.0
16846,4227,111,3,16.8,1.68
16847,4227,86,2,23.11,0.0
16848,4227,25,3,19.85,0.0
16849,4228,224,3,8.7,0.0
16850,4228,130,1,20.13,0.0
16851,4228,242,1,10.21,0.0
16852,4229,32,1,5.99,0.0
16853,4229,190,2,3.88,0.0
16854,4229,5,2,11.32,0.0
16855,4229,222,3,15.23,0.0
16856,4230,176,1,3.93,0.0
16857,4230,97,2,21.59,0.0
16858,4230,18,1,19.15,0.0
16859,4231,219,1,13.5,0.0
16860,4231,36,1,23.88,0.0
16861,4231,12,1,12.04,0.0
16862,4232,32,1,5.99,0.0
16863,4232,38,1,12.67,0.0
16864,4232,8,1,23.8,0.0
16865,4232,236,3,2.47,0.0
16866,4232,153,2,7.5,0.0
16867,4232,30,3,4.36,0.0
16868,4233,71,1,15.92,0.0
16869,4233,11,2,10.32,1.03
16870,4233,13,2,4.43,0.0
16871,4233,19,1,7.1,0.0
16872,4233,120,1,13.7,0.0
16873,4233,24,1,6.46,0.0
16874,4234,3,2,16.72,0.0
16875,4234,37,2,16.44,0.0
16876,4234,111,1,16.8,0.0
16877,4234,26,1,10.08,0.0
16878,4234,29,1,5.4,0.0
16879,4235,18,2,19.15,0.0
16880,4235,20,4,19.92,1.99
16881,4235,158,4,17.6,0.0
16882,4236,25,1,19.85,0.0
16883,4236,98,1,24.18,0.0
16884,4236,3,2,16.72,1.67
16885,4236,5,1,11.32,0.0
16886,4237,34,3,19.46,1.95
16887,4237,45,1,9.43,0.0
16888,4237,23,1,14.2,0.0
16889,4238,26,3,10.08,0.0
16890,4238,21,2,3.76,0.0
16891,4238,29,1,5.4,0.0
16892,4238,39,1,14.97,0.0
16893,4239,3,2,16.72,0.0
16894,4239,29,2,5.4,0.0
16895,4239,135,2,17.22,1.72
16896,4240,32,1,5.99,0.0
16897,4240,40,3,15.33,1.53
16898,4240,76,3,21.26,0.0
16899,4240,117,1,22.99,0.0
16900,4240,23,3,14.2,0.0
16901,4240,28,1,16.85,0.0
16902,4241,3,2,16.72,0.0
16903,4241,205,2,2.44,0.0
16904,4241,13,3,4.43,0.0
16905,4241,16,2,3.81,0.38
16906,4241,60,1,24.48,0.0
16907,4241,29,1,5.4,0.0
16908,4242,4,3,8.66,0.87
16909,4242,6,3,24.22,0.0
16910,4243,2,3,11.3,0.0
16911,4243,36,3,23.88,0.0
16912,4243,234,2,20.09,0.0
16913,4243,15,3,11.21,0.0
16914,4243,16,1,3.81,0.0
16915,4243,19,2,7.1,0.0
16916,4244,33,3,5.52,0.0
16917,4244,18,1,19.15,0.0
16918,4244,217,3,3.44,0.34
16919,4244,23,1,14.2,0.0
16920,4245,160,1,12.13,0.0
16921,4245,3,1,16.72,0.0
16922,4245,13,2,4.43,0.0
16923,4246,16,2,3.81,0.0
16924,4246,14,1,12.02,0.0
16925,4247,130,2,20.13,0.0
16926,4247,5,3,11.32,1.13
16927,4247,42,1,22.29,0.0
16928,4247,11,1,10.32,0.0
16929,4247,21,1,3.76,0.0
16930,4247,118,2,4.15,0.0
16931,4248,33,2,5.52,0.0
16932,4248,18,3,19.15,0.0
16933,4248,10,2,17.86,0.0
16934,4248,38,1,12.67,0.0
16935,4249,34,3,19.46,0.0
16936,4249,38,2,12.67,0.0
16937,4250,16,3,3.81,0.0
16938,4250,25,1,19.85,1.99
16939,4250,14,2,12.02,0.0
16940,4251,64,2,15.35,1.54
16941,4251,3,3,16.72,0.0
16942,4251,14,3,12.02,0.0
16943,4252,3,3,16.72,1.67
16944,4252,6,3,24.22,0.0
16945,4252,7,1,5.95,0.0
16946,4252,14,1,12.02,0.0
16947,4252,16,2,3.81,0.0
16948,4253,1,2,11.87,1.19
16949,4253,3,3,16.72,1.67
16950,4253,15,2,11.21,0.0
16951,4253,115,3,23.78,0.0
16952,4253,23,2,14.2,0.0
16953,4253,27,3,24.04,0.0
16954,4254,168,1,22.08,0.0
16955,4254,102,1,17.26,0.0
16956,4254,22,1,16.56,0.0
16957,4255,34,1,19.46,0.0
16958,4255,20,2,19.92,0.0
16959,4255,217,1,3.44,0.0
16960,4255,30,1,4.36,0.0
16961,4255,31,3,7.89,0.0
16962,4256,6,3,24.22,0.0
16963,4256,241,1,19.19,0.0
16964,4256,179,1,13.81,0.0
16965,4256,19,3,7.1,0.0
16966,4256,21,2,3.76,0.0
16967,4257,104,1,9.14,0.0
16968,4257,167,2,15.91,0.0
16969,4258,25,3,19.85,0.0
16970,4258,108,2,18.3,0.0
16971,4259,4,2,8.66,0.0
16972,4259,28,2,16.85,0.0
16973,4260,38,3,12.67,0.0
16974,4260,10,1,17.86,0.0
16975,4260,11,1,10.32,0.0
16976,4260,12,2,12.04,1.2
16977,4260,15,1,11.21,0.0
16978,4260,26,2,10.08,0.0
16979,4261,192,2,9.33,0.0
16980,4261,13,1,4.43,0.0
16981,4261,14,1,12.02,1.2
16982,4261,17,3,22.02,0.0
16983,4261,242,3,10.21,0.0
16984,4261,91,3,16.51,0.0
16985,4262,139,2,5.55,0.56
16986,4262,23,1,14.2,0.0
16987,4263,27,4,24.04,0.0
16988,4263,6,2,24.22,0.0
16989,4264,8,1,23.8,0.0
16990,4264,172,3,23.49,0.0
16991,4264,19,1,7.1,0.0
16992,4264,22,1,16.56,1.66
16993,4264,93,2,9.58,0.0
16994,4265,36,1,23.88,0.0
16995,4265,38,1,12.67,0.0
16996,4265,135,3,17.22,1.72
16997,4265,20,3,19.92,0.0
16998,4265,21,1,3.76,0.0
16999,4265,60,1,24.48,0.0
17000,4266,39,2,14.97,0.0
17001,4266,14,1,12.02,0.0
17002,4266,19,3,7.1,0.0
17003,4266,21,2,3.76,0.38
17004,4266,26,3,10.08,0.0
17005,4267,2,3,11.3,0.0
17006,4267,3,3,16.72,0.0
17007,4267,10,2,17.86,0.0
17008,4267,15,3,11.21,0.0
17009,4267,29,3,5.4,0.54
17010,4267,159,3,15.12,0.0
17011,4268,12,1,12.04,0.0
17012,4268,38,4,12.67,0.0
17013,4269,19,2,7.1,0.0
17014,4269,61,3,4.08,0.0
17015,4269,183,3,20.78,0.0
17016,4270,25,1,19.85,0.0
17017,4270,6,3,24.22,2.42
17018,4270,30,1,4.36,0.0
17019,4271,9,2,12.58,1.26
17020,4271,26,3,10.08,0.0
17021,4271,35,1,3.73,0.0
17022,4271,14,2,12.02,0.0
17023,4272,33,3,5.52,0.0
17024,4272,140,3,6.16,0.0
17025,4272,38,1,12.67,0.0
17026,4273,155,3,20.04,0.0
17027,4273,13,4,4.43,0.44
17028,4273,23,2,14.2,0.0
17029,4273,56,3,2.86,0.29
17030,4273,218,3,21.24,0.0
17031,4273,27,1,24.04,0.0
17032,4274,37,2,16.44,0.0
17033,4274,16,3,3.81,0.0
17034,4274,19,1,7.1,0.0
17035,4274,147,2,18.55,0.0
17036,4274,23,2,14.2,0.0
17037,4274,186,2,11.54,0.0
17038,4275,26,2,10.08,0.0
17039,4275,63,3,10.84,0.0
17040,4276,18,1,19.15,0.0
17041,4276,179,2,13.81,0.0
17042,4276,28,2,16.85,0.0
17043,4276,6,3,24.22,0.0
17044,4277,36,2,23.88,0.0
17045,4277,13,3,4.43,0.0
17046,4277,45,1,9.43,0.94
17047,4277,178,2,12.33,0.0
17048,4277,29,2,5.4,0.0
17049,4278,136,3,22.16,0.0
17050,4278,33,2,5.52,0.0
17051,4278,26,3,10.08,0.0
17052,4279,16,3,3.81,0.0
17053,4279,22,3,16.56,0.0
17054,4279,103,2,23.09,0.0
17055,4280,1,2,11.87,0.0
17056,4280,38,2,12.67,0.0
17057,4280,40,1,15.33,0.0
17058,4280,11,1,10.32,0.0
17059,4280,13,1,4.43,0.0
17060,4280,81,1,18.28,0.0
17061,4281,40,3,15.33,0.0
17062,4281,2,2,11.3,0.0
17063,4281,92,3,9.7,0.0
17064,4282,33,3,5.52,0.0
17065,4282,227,3,15.13,0.0
17066,4282,37,3,16.44,0.0
17067,4283,33,2,5.52,0.0
17068,4283,197,3,2.88,0.0
17069,4283,248,2,19.4,0.0
17070,4283,25,1,19.85,0.0
17071,4283,28,1,16.85,0.0
17072,4283,30,3,4.36,0.0
17073,4284,65,3,23.95,0.0
17074,4284,123,3,23.88,0.0
17075,4284,38,2,12.67,0.0
17076,4285,40,2,15.33,0.0
17077,4285,26,3,10.08,0.0
17078,4285,32,2,5.99,0.6
17079,4285,223,3,18.53,0.0
17080,4286,145,1,3.0,0.0
17081,4286,146,3,10.38,0.0
17082,4286,53,2,10.09,0.0
17083,4286,14,2,12.02,0.0
17084,4287,160,1,12.13,0.0
17085,4287,11,3,10.32,0.0
17086,4288,16,1,3.81,0.38
17087,4288,2,3,11.3,0.0
17088,4289,31,4,7.89,0.0
17089,4289,175,3,4.87,0.49
17090,4290,28,3,16.85,0.0
17091,4290,182,3,22.94,0.0
17092,4291,224,2,8.7,0.0
17093,4291,35,1,3.73,0.0
17094,4291,39,3,14.97,0.0
17095,4291,40,3,15.33,0.0
17096,4291,11,2,10.32,0.0
17097,4291,31,1,7.89,0.0
17098,4292,9,3,12.58,0.0
17099,4292,13,3,4.43,0.0
17100,4292,16,4,3.81,0.0
17101,4292,31,3,7.89,0.0
17102,4292,127,3,25.0,0.0
17103,4293,24,2,6.46,0.0
17104,4293,26,3,10.08,0.0
17105,4293,79,2,16.86,0.0
17106,4294,20,3,19.92,0.0
17107,4294,229,1,17.37,1.74
17108,4295,33,2,5.52,0.0
17109,4295,3,2,16.72,0.0
17110,4296,32,3,5.99,0.0
17111,4296,27,2,24.04,0.0
17112,4296,5,4,11.32,0.0
17113,4296,38,2,12.67,0.0
17114,4297,34,1,19.46,0.0
17115,4297,35,2,3.73,0.0
17116,4297,169,1,3.2,0.0
17117,4297,81,1,18.28,0.0
17118,4297,22,1,16.56,0.0
17119,4297,29,1,5.4,0.0
17120,4298,177,1,5.69,0.0
17121,4298,67,2,2.94,0.0
17122,4298,70,3,6.33,0.0
17123,4298,31,2,7.89,0.0
17124,4299,16,3,3.81,0.0
17125,4299,28,2,16.85,0.0
17126,4299,13,2,4.43,0.0
17127,4300,32,1,5.99,0.0
17128,4300,1,3,11.87,1.19
17129,4300,12,3,12.04,0.0
17130,4300,15,2,11.21,0.0
17131,4300,30,3,4.36,0.0
17132,4300,31,3,7.89,0.0
17133,4301,1,3,11.87,0.0
17134,4301,36,2,23.88,0.0
17135,4301,15,3,11.21,0.0
17136,4301,16,1,3.81,0.0
17137,4301,185,1,23.4,0.0
17138,4301,94,1,14.83,0.0
17139,4302,9,2,12.58,0.0
17140,4302,34,3,19.46,0.0
17141,4302,35,2,3.73,0.0
17142,4302,21,3,3.76,0.0
17143,4303,7,1,5.95,0.0
17144,4303,17,1,22.02,0.0
17145,4303,51,1,20.32,0.0
17146,4303,20,1,19.92,0.0
17147,4303,245,2,17.11,0.0
17148,4304,20,2,19.92,0.0
17149,4304,38,3,12.67,0.0
17150,4305,9,3,12.58,0.0
17151,4305,149,1,16.04,0.0
17152,4305,38,2,12.67,0.0
17153,4306,40,2,15.33,0.0
17154,4306,32,2,5.99,0.0
17155,4306,21,1,3.76,0.0
17156,4306,168,2,22.08,0.0
17157,4307,204,1,22.83,0.0
17158,4307,12,3,12.04,0.0
17159,4307,110,2,14.86,0.0
17160,4307,24,3,6.46,0.0
17161,4307,25,3,19.85,0.0
17162,4307,30,2,4.36,0.0
17163,4308,8,2,23.8,0.0
17164,4308,34,1,19.46,0.0
17165,4308,39,3,14.97,0.0
17166,4309,34,2,19.46,1.95
17167,4309,203,1,16.15,0.0
17168,4309,76,1,21.26,0.0
17169,4310,33,2,5.52,0.0
17170,4310,204,2,22.83,0.0
17171,4311,36,1,23.88,0.0
17172,4311,5,1,11.32,0.0
17173,4311,50,3,16.52,0.0
17174,4311,242,2,10.21,0.0
17175,4311,25,3,19.85,0.0
17176,4311,29,1,5.4,0.0
17177,4312,1,1,11.87,0.0
17178,4312,3,2,16.72,0.0
17179,4312,14,3,12.02,0.0
17180,4312,16,2,3.81,0.0
17181,4312,27,2,24.04,0.0
17182,4313,232,3,23.93,0.0
17183,4313,33,1,5.52,0.0
17184,4313,109,1,3.95,0.0
17185,4313,21,3,3.76,0.0
17186,4314,162,2,19.9,0.0
17187,4314,7,3,5.95,0.0
17188,4314,201,3,19.45,0.0
17189,4314,118,1,4.15,0.0
17190,4314,24,3,6.46,0.0
17191,4314,30,2,4.36,0.0
17192,4315,10,2,17.86,0.0
17193,4315,36,2,23.88,0.0
17194,4315,29,1,5.4,0.0
17195,4316,16,4,3.81,0.0
17196,4316,114,4,18.17,0.0
17197,4316,39,1,14.97,0.0
17198,4317,199,2,12.87,0.0
17199,4317,139,2,5.55,0.0
17200,4317,13,3,4.43,0.0
17201,4317,25,1,19.85,0.0
17202,4317,222,1,15.23,0.0
17203,4318,37,2,16.44,0.0
17204,4318,7,3,5.95,0.0
17205,4318,8,3,23.8,2.38
17206,4318,178,3,12.33,0.0
17207,4318,21,1,3.76,0.0
17208,4319,104,2,9.14,0.91
17209,4319,12,3,12.04,0.0
17210,4320,10,1,17.86,0.0
17211,4320,29,2,5.4,0.0
17212,4320,237,2,22.09,0.0
17213,4320,142,3,16.37,0.0
17214,4321,33,1,5.52,0.0
17215,4321,35,3,3.73,0.0
17216,4321,199,1,12.87,0.0
17217,4321,9,1,12.58,0.0
17218,4321,11,1,10.32,0.0
17219,4322,27,2,24.04,0.0
17220,4322,203,1,16.15,0.0
17221,4322,36,3,23.88,0.0
17222,4322,15,1,11.21,0.0
17223,4323,233,3,14.51,0.0
17224,4323,137,2,16.21,0.0
17225,4323,28,1,16.85,0.0
17226,4323,12,1,12.04,0.0
17227,4324,170,2,13.05,0.0
17228,4324,23,2,14.2,0.0
17229,4324,39,2,14.97,0.0
17230,4325,2,3,11.3,0.0
17231,4325,6,3,24.22,0.0
17232,4326,35,1,3.73,0.0
17233,4326,52,3,15.6,1.56
17234,4326,215,3,16.7,0.0
17235,4326,24,3,6.46,0.0
17236,4326,30,3,4.36,0.0
17237,4326,31,1,7.89,0.0
17238,4327,24,1,6.46,0.0
17239,4327,12,1,12.04,0.0
17240,4327,14,3,12.02,0.0
17241,4328,11,3,10.32,0.0
17242,4328,29,1,5.4,0.0
17243,4328,27,3,24.04,0.0
17244,4328,21,2,3.76,0.0
17245,4329,9,3,12.58,0.0
17246,4329,11,2,10.32,0.0
17247,4329,12,3,12.04,0.0
17248,4329,21,2,3.76,0.0
17249,4329,92,3,9.7,0.0
17250,4330,29,2,5.4,0.0
17251,4330,36,2,23.88,0.0
17252,4330,21,2,3.76,0.38
17253,4331,148,1,24.3,0.0
17254,4331,133,3,18.99,1.9
17255,4331,15,1,11.21,1.12
17256,4332,16,3,3.81,0.0
17257,4332,201,2,19.45,0.0
17258,4332,3,2,16.72,0.0
17259,4332,239,1,10.9,0.0
17260,4333,130,2,20.13,0.0
17261,4333,37,3,16.44,0.0
17262,4333,9,2,12.58,0.0
17263,4333,18,1,19.15,0.0
17264,4333,121,1,2.42,0.0
17265,4333,31,3,7.89,0.79
17266,4334,72,2,13.53,0.0
17267,4334,10,1,17.86,0.0
17268,4334,12,2,12.04,0.0
17269,4334,205,2,2.44,0.0
17270,4335,33,1,5.52,0.0
17271,4335,4,1,8.66,0.0
17272,4335,141,2,17.94,0.0
17273,4335,179,1,13.81,1.38
17274,4335,23,3,14.2,0.0
17275,4335,29,2,5.4,0.0
17276,4336,13,2,4.43,0.0
17277,4336,237,3,22.09,0.0
17278,4336,23,3,14.2,0.0
17279,4337,21,1,3.76,0.0
17280,4337,165,3,5.73,0.0
17281,4338,24,1,6.46,0.0
17282,4338,241,3,19.19,0.0
17283,4338,12,1,12.04,0.0
17284,4338,103,2,23.09,0.0
17285,4339,33,1,5.52,0.0
17286,4339,25,2,19.85,0.0
17287,4340,128,2,5.56,0.0
17288,4340,192,1,9.33,0.0
17289,4340,64,2,15.35,0.0
17290,4340,71,2,15.92,0.0
17291,4340,7,2,5.95,0.0
17292,4340,139,3,5.55,0.0
17293,4341,17,3,22.02,0.0
17294,4341,3,1,16.72,0.0
17295,4341,174,3,13.87,1.39
17296,4342,48,4,12.11,0.0
17297,4342,21,4,3.76,0.0
17298,4342,6,4,24.22,0.0
17299,4342,239,2,10.9,0.0
17300,4343,16,1,3.81,0.0
17301,4343,225,1,2.04,0.0
17302,4343,13,3,4.43,0.0
17303,4344,238,1,3.0,0.0
17304,4344,84,1,16.03,0.0
17305,4344,23,1,14.2,0.0
17306,4344,59,2,16.83,1.68
17307,4344,28,2,16.85,0.0
17308,4344,30,2,4.36,0.0
17309,4345,161,1,19.7,0.0
17310,4345,6,1,24.22,0.0
17311,4345,110,3,14.86,0.0
17312,4345,238,3,3.0,0.0
17313,4345,190,2,3.88,0.0
17314,4345,31,1,7.89,0.0
17315,4346,10,2,17.86,0.0
17316,4346,247,1,15.38,0.0
17317,4347,11,1,10.32,0.0
17318,4347,4,2,8.66,0.0
17319,4347,28,1,16.85,0.0
17320,4348,30,3,4.36,0.0
17321,4348,150,2,19.3,0.0
17322,4348,39,1,14.97,0.0
17323,4349,20,1,19.92,0.0
17324,4349,15,2,11.21,0.0
17325,4350,9,3,12.58,0.0
17326,4350,70,3,6.33,0.0
17327,4350,230,2,14.04,0.0
17328,4350,7,3,5.95,0.0
17329,4351,137,1,16.21,0.0
17330,4351,215,4,16.7,0.0
17331,4352,1,2,11.87,0.0
17332,4352,3,1,16.72,0.0
17333,4352,37,1,16.44,0.0
17334,4352,10,1,17.86,0.0
17335,4352,13,3,4.43,0.0
17336,4352,219,1,13.5,0.0
17337,4353,38,3,12.67,0.0
17338,4353,76,1,21.26,0.0
17339,4353,24,3,6.46,0.0
17340,4353,25,3,19.85,0.0
17341,4353,218,1,21.24,0.0
17342,4353,29,3,5.4,0.0
17343,4354,197,1,2.88,0.29
17344,4354,23,2,14.2,0.0
17345,4354,22,3,16.56,0.0
17346,4354,183,2,20.78,0.0
17347,4354,90,1,3.2,0.0
17348,4355,1,2,11.87,0.0
17349,4355,25,3,19.85,0.0
17350,4355,30,3,4.36,0.0
17351,4356,8,1,23.8,0.0
17352,4356,24,1,6.46,0.0
17353,4356,69,3,15.15,0.0
17354,4357,32,3,5.99,0.0
17355,4357,34,3,19.46,0.0
17356,4358,2,2,11.3,0.0
17357,4358,20,2,19.92,0.0
17358,4358,175,3,4.87,0.0
17359,4359,27,1,24.04,0.0
17360,4359,38,3,12.67,0.0
17361,4360,80,1,2.9,0.0
17362,4360,250,2,10.1,0.0
17363,4360,15,3,11.21,0.0
17364,4361,16,2,3.81,0.0
17365,4361,217,1,3.44,0.0
17366,4361,245,2,17.11,0.0
17367,4362,1,4,11.87,0.0
17368,4362,3,3,16.72,0.0
17369,4362,22,1,16.56,0.0
17370,4362,14,1,12.02,0.0
17371,4363,4,2,8.66,0.0
17372,4363,72,1,13.53,0.0
17373,4363,13,2,4.43,0.0
17374,4363,29,2,5.4,0.0
17375,4363,84,3,16.03,0.0
17376,4363,221,1,16.53,0.0
17377,4364,40,3,15.33,0.0
17378,4364,48,2,12.11,0.0
17379,4364,11,1,10.32,0.0
17380,4364,86,2,23.11,0.0
17381,4365,16,2,3.81,0.0
17382,4365,1,1,11.87,0.0
17383,4365,45,3,9.43,0.94
17384,4365,190,3,3.88,0.0
17385,4366,2,3,11.3,0.0
17386,4366,5,3,11.32,0.0
17387,4366,38,3,12.67,1.27
17388,4366,12,2,12.04,0.0
17389,4366,239,1,10.9,0.0
17390,4367,3,2,16.72,1.67
17391,4367,26,3,10.08,0.0
17392,4367,27,4,24.04,0.0
17393,4367,139,4,5.55,0.0
17394,4368,235,3,13.68,0.0
17395,4368,12,3,12.04,0.0
17396,4368,176,2,3.93,0.0
17397,4368,17,1,22.02,0.0
17398,4368,20,1,19.92,1.99
17399,4368,29,3,5.4,0.54
17400,4369,36,2,23.88,0.0
17401,4369,45,2,9.43,0.0
17402,4369,238,1,3.0,0.0
17403,4369,103,1,23.09,0.0
17404,4370,117,2,22.99,0.0
17405,4370,38,3,12.67,0.0
17406,4370,39,2,14.97,0.0
17407,4371,39,1,14.97,0.0
17408,4371,10,2,17.86,0.0
17409,4371,15,3,11.21,0.0
17410,4371,21,3,3.76,0.0
17411,4371,24,2,6.46,0.0
17412,4371,27,3,24.04,0.0
17413,4372,24,1,6.46,0.0
17414,4372,233,1,14.51,0.0
17415,4372,3,1,16.72,0.0
17416,4372,27,3,24.04,0.0
17417,4373,33,1,5.52,0.0
17418,4373,177,4,5.69,0.0
17419,4373,245,1,17.11,0.0
17420,4374,240,3,10.59,1.06
17421,4374,2,2,11.3,0.0
17422,4374,6,1,24.22,0.0
17423,4374,31,3,7.89,0.0
17424,4375,35,1,3.73,0.0
17425,4375,244,2,7.55,0.76
17426,4375,5,1,11.32,0.0
17427,4375,87,1,10.91,1.09
17428,4376,26,2,10.08,0.0
17429,4376,13,1,4.43,0.0
17430,4377,200,2,21.12,0.0
17431,4377,45,2,9.43,0.0
17432,4377,6,2,24.22,0.0
17433,4378,3,2,16.72,0.0
17434,4378,6,2,24.22,0.0
17435,4378,23,3,14.2,0.0
17436,4378,27,1,24.04,0.0
17437,4378,29,2,5.4,0.0
17438,4379,18,1,19.15,0.0
17439,4379,19,1,7.1,0.0
17440,4380,19,3,7.1,0.0
17441,4380,3,1,16.72,1.67
17442,4380,20,3,19.92,0.0
17443,4381,8,3,23.8,2.38
17444,4381,145,3,3.0,0.0
17445,4381,30,2,4.36,0.44
17446,4382,1,3,11.87,0.0
17447,4382,35,3,3.73,0.0
17448,4382,7,2,5.95,0.0
17449,4382,79,3,16.86,0.0
17450,4382,149,3,16.04,0.0
17451,4382,24,3,6.46,0.0
17452,4383,9,2,12.58,0.0
17453,4383,4,3,8.66,0.0
17454,4383,28,1,16.85,0.0
17455,4383,39,2,14.97,0.0
17456,4384,32,2,5.99,0.0
17457,4384,9,2,12.58,0.0
17458,4384,6,2,24.22,0.0
17459,4385,11,2,10.32,0.0
17460,4385,29,3,5.4,0.0
17461,4385,39,1,14.97,0.0
17462,4386,136,2,22.16,0.0
17463,4386,17,2,22.02,0.0
17464,4386,36,2,23.88,2.39
17465,4386,140,2,6.16,0.0
17466,4387,56,1,2.86,0.0
17467,4387,78,3,3.94,0.39
17468,4387,23,3,14.2,0.0
17469,4388,201,3,19.45,0.0
17470,4388,6,2,24.22,0.0
17471,4388,39,1,14.97,0.0
17472,4389,18,2,19.15,0.0
17473,4389,135,3,17.22,0.0
17474,4390,37,1,16.44,1.64
17475,4390,22,3,16.56,0.0
17476,4390,30,3,4.36,0.44
17477,4390,121,2,2.42,0.0
17478,4390,158,2,17.6,0.0
17479,4391,200,3,21.12,0.0
17480,4391,12,2,12.04,0.0
17481,4391,13,3,4.43,0.0
17482,4391,17,2,22.02,0.0
17483,4391,214,3,7.48,0.75
17484,4391,93,2,9.58,0.0
17485,4392,9,1,12.58,0.0
17486,4392,34,1,19.46,0.0
17487,4393,17,1,22.02,0.0
17488,4393,4,3,8.66,0.0
17489,4394,24,3,6.46,0.0
17490,4394,11,3,10.32,0.0
17491,4394,124,3,9.86,0.0
17492,4394,4,1,8.66,0.0
17493,4395,160,2,12.13,0.0
17494,4395,39,3,14.97,0.0
17495,4395,8,1,23.8,2.38
17496,4395,14,2,12.02,0.0
17497,4395,115,1,23.78,2.38
17498,4395,26,3,10.08,0.0
17499,4396,3,2,16.72,0.0
17500,4396,11,1,10.32,0.0
17501,4396,150,2,19.3,1.93
17502,4396,23,2,14.2,0.0
17503,4396,217,3,3.44,0.0
17504,4397,37,2,16.44,0.0
17505,4397,7,3,5.95,0.0
17506,4397,74,1,12.36,1.24
17507,4397,12,3,12.04,0.0
17508,4397,209,1,16.0,0.0
17509,4397,26,2,10.08,0.0
17510,4398,33,3,5.52,0.0
17511,4398,35,2,3.73,0.0
17512,4398,10,1,17.86,0.0
17513,4398,106,1,17.23,0.0
17514,4398,11,3,10.32,0.0
17515,4398,123,2,23.88,0.0
17516,4399,32,1,5.99,0.0
17517,4399,35,2,3.73,0.37
17518,4399,14,2,12.02,1.2
17519,4399,15,3,11.21,1.12
17520,4400,24,1,6.46,0.65
17521,4400,14,2,12.02,0.0
17522,4401,6,1,24.22,0.0
17523,4401,38,2,12.67,0.0
17524,4401,207,1,5.44,0.0
17525,4401,116,1,24.93,0.0
17526,4401,123,3,23.88,0.0
17527,4401,28,1,16.85,0.0
17528,4402,226,1,10.11,0.0
17529,4402,12,1,12.04,0.0
17530,4403,17,3,22.02,2.2
17531,4403,244,3,7.55,0.76
17532,4403,23,1,14.2,0.0
17533,4403,29,2,5.4,0.0
17534,4403,30,2,4.36,0.0
17535,4404,32,2,5.99,0.0
17536,4404,33,1,5.52,0.0
17537,4404,37,3,16.44,0.0
17538,4404,12,2,12.04,0.0
17539,4404,17,1,22.02,0.0
17540,4405,35,3,3.73,0.37
17541,4405,7,3,5.95,0.0
17542,4405,42,1,22.29,0.0
17543,4405,43,1,16.79,0.0
17544,4405,14,1,12.02,0.0
17545,4405,20,3,19.92,0.0
17546,4406,17,2,22.02,2.2
17547,4406,35,2,3.73,0.0
17548,4406,167,1,15.91,0.0
17549,4406,15,1,11.21,0.0
17550,4407,35,3,3.73,0.37
17551,4407,187,2,11.12,0.0
17552,4407,23,1,14.2,0.0
17553,4408,153,1,7.5,0.0
17554,4408,36,1,23.88,0.0
17555,4409,200,2,21.12,0.0
17556,4409,44,2,24.69,0.0
17557,4409,241,1,19.19,0.0
17558,4409,179,2,13.81,0.0
17559,4409,54,1,3.71,0.0
17560,4409,28,3,16.85,1.69
17561,4410,12,2,12.04,0.0
17562,4410,14,3,12.02,0.0
17563,4411,32,1,5.99,0.0
17564,4411,2,3,11.3,0.0
17565,4411,35,3,3.73,0.0
17566,4411,6,1,24.22,0.0
17567,4411,12,1,12.04,0.0
17568,4411,79,2,16.86,0.0
17569,4412,8,2,23.8,0.0
17570,4412,31,2,7.89,0.0
17571,4412,38,1,12.67,0.0
17572,4412,87,2,10.91,1.09
17573,4413,1,2,11.87,0.0
17574,4413,162,3,19.9,1.99
17575,4413,34,1,19.46,0.0
17576,4413,3,1,16.72,0.0
17577,4413,7,1,5.95,0.0
17578,4413,26,3,10.08,0.0
17579,4414,144,3,18.59,0.0
17580,4414,5,3,11.32,0.0
17581,4414,14,2,12.02,1.2
17582,4414,215,1,16.7,0.0
17583,4415,9,1,12.58,0.0
17584,4415,76,2,21.26,0.0
17585,4415,18,1,19.15,0.0
17586,4415,24,1,6.46,0.0
17587,4415,187,3,11.12,0.0
17588,4416,5,2,11.32,0.0
17589,4416,197,3,2.88,0.29
17590,4416,110,2,14.86,0.0
17591,4416,15,2,11.21,0.0
17592,4417,35,2,3.73,0.0
17593,4417,108,2,18.3,0.0
17594,4417,70,1,6.33,0.0
17595,4417,6,2,24.22,0.0
17596,4418,18,1,19.15,0.0
17597,4418,20,3,19.92,0.0
17598,4418,30,2,4.36,0.0
17599,4419,66,1,19.0,0.0
17600,4419,9,1,12.58,1.26
17601,4419,142,1,16.37,0.0
17602,4419,177,1,5.69,0.0
17603,4419,152,2,7.38,0.0
17604,4420,12,2,12.04,0.0
17605,4420,39,1,14.97,0.0
17606,4420,7,1,5.95,0.0
17607,4421,33,4,5.52,0.0
17608,4421,3,1,16.72,0.0
17609,4421,9,1,12.58,0.0
17610,4421,17,4,22.02,0.0
17611,4421,153,2,7.5,0.0
17612,4422,99,1,15.86,1.59
17613,4422,6,2,24.22,0.0
17614,4422,231,1,10.29,0.0
17615,4422,239,3,10.9,0.0
17616,4422,21,1,3.76,0.0
17617,4422,28,2,16.85,0.0
17618,4423,16,2,3.81,0.0
17619,4423,9,1,12.58,0.0
17620,4423,202,2,12.79,0.0
17621,4424,33,3,5.52,0.0
17622,4424,2,2,11.3,0.0
17623,4424,3,3,16.72,1.67
17624,4424,38,2,12.67,0.0
17625,4424,16,3,3.81,0.0
17626,4424,27,1,24.04,0.0
17627,4425,164,1,11.63,0.0
17628,4425,8,1,23.8,0.0
17629,4425,17,3,22.02,0.0
17630,4425,21,2,3.76,0.0
17631,4425,29,1,5.4,0.0
17632,4426,2,3,11.3,0.0
17633,4426,7,3,5.95,0.0
17634,4426,30,2,4.36,0.0
17635,4426,23,1,14.2,0.0
17636,4427,136,1,22.16,0.0
17637,4427,16,1,3.81,0.0
17638,4427,17,3,22.02,0.0
17639,4427,50,3,16.52,1.65
17640,4427,22,1,16.56,0.0
17641,4428,32,3,5.99,0.0
17642,4428,39,3,14.97,1.5
17643,4428,199,1,12.87,0.0
17644,4428,12,3,12.04,0.0
17645,4428,13,1,4.43,0.0
17646,4428,126,3,6.42,0.0
17647,4429,8,1,23.8,0.0
17648,4429,29,2,5.4,0.0
17649,4429,246,3,4.38,0.0
17650,4429,39,2,14.97,0.0
17651,4430,241,2,19.19,0.0
17652,4430,10,3,17.86,1.79
17653,4431,8,3,23.8,2.38
17654,4431,2,3,11.3,0.0
17655,4431,107,3,4.97,0.0
17656,4431,7,2,5.95,0.0
17657,4432,128,1,5.56,0.0
17658,4432,29,3,5.4,0.0
17659,4432,54,3,3.71,0.37
17660,4432,7,2,5.95,0.0
17661,4433,176,1,3.93,0.0
17662,4433,10,1,17.86,0.0
17663,4433,156,3,22.79,0.0
17664,4434,33,1,5.52,0.55
17665,4434,28,1,16.85,0.0
17666,4434,132,3,14.41,0.0
17667,4434,239,3,10.9,0.0
17668,4435,192,1,9.33,0.0
17669,4435,36,2,23.88,0.0
17670,4435,9,2,12.58,0.0
17671,4435,15,2,11.21,0.0
17672,4435,58,2,8.6,0.0
17673,4435,27,1,24.04,0.0
17674,4436,32,1,5.99,0.0
17675,4436,163,1,13.57,0.0
17676,4436,20,3,19.92,0.0
17677,4437,8,1,23.8,0.0
17678,4437,9,2,12.58,0.0
17679,4437,13,1,4.43,0.0
17680,4437,110,1,14.86,0.0
17681,4437,25,3,19.85,0.0
17682,4437,30,1,4.36,0.0
17683,4438,33,3,5.52,0.0
17684,4438,236,3,2.47,0.0
17685,4438,212,2,7.47,0.0
17686,4438,13,1,4.43,0.44
17687,4439,17,1,22.02,0.0
17688,4439,23,2,14.2,0.0
17689,4439,191,3,7.16,0.0
17690,4440,108,1,18.3,1.83
17691,4440,57,2,10.48,0.0
17692,4440,19,1,7.1,0.71
17693,4440,36,2,23.88,0.0
17694,4441,176,2,3.93,0.0
17695,4441,29,1,5.4,0.0
17696,4441,34,3,19.46,0.0
17697,4441,13,3,4.43,0.0
17698,4442,3,2,16.72,0.0
17699,4442,7,1,5.95,0.0
17700,4442,8,3,23.8,0.0
17701,4442,39,3,14.97,0.0
17702,4442,25,1,19.85,0.0
17703,4442,30,2,4.36,0.0
17704,4443,33,2,5.52,0.0
17705,4443,37,1,16.44,0.0
17706,4443,11,2,10.32,0.0
17707,4443,18,1,19.15,0.0
17708,4443,23,2,14.2,1.42
17709,4443,188,1,10.6,1.06
17710,4444,4,3,8.66,0.0
17711,4444,36,2,23.88,0.0
17712,4444,7,3,5.95,0.0
17713,4444,40,3,15.33,0.0
17714,4444,218,3,21.24,0.0
17715,4445,32,2,5.99,0.0
17716,4445,4,2,8.66,0.0
17717,4445,6,3,24.22,2.42
17718,4445,31,3,7.89,0.0
17719,4446,12,3,12.04,0.0
17720,4446,39,2,14.97,0.0
17721,4447,20,1,19.92,0.0
17722,4447,22,3,16.56,0.0
17723,4447,76,1,21.26,0.0
17724,4448,33,1,5.52,0.0
17725,4448,4,4,8.66,0.0
17726,4448,111,1,16.8,0.0
17727,4448,144,3,18.59,0.0
17728,4448,26,2,10.08,0.0
17729,4448,30,3,4.36,0.0
17730,4449,138,1,15.74,0.0
17731,4449,211,1,19.85,0.0
17732,4449,14,1,12.02,0.0
17733,4449,23,2,14.2,0.0
17734,4450,34,1,19.46,0.0
17735,4450,6,3,24.22,0.0
17736,4450,8,1,23.8,0.0
17737,4450,137,1,16.21,0.0
17738,4450,13,3,4.43,0.0
17739,4450,143,3,22.76,0.0
17740,4451,1,2,11.87,0.0
17741,4451,3,2,16.72,0.0
17742,4451,15,2,11.21,0.0
17743,4451,25,2,19.85,1.99
17744,4451,31,2,7.89,0.0
17745,4452,112,1,9.55,0.0
17746,4452,17,2,22.02,0.0
17747,4452,40,2,15.33,0.0
17748,4453,34,3,19.46,0.0
17749,4453,15,3,11.21,0.0
17750,4453,19,1,7.1,0.0
17751,4453,26,1,10.08,0.0
17752,4453,188,3,10.6,0.0
17753,4454,1,2,11.87,0.0
17754,4454,232,1,23.93,2.39
17755,4454,110,3,14.86,0.0
17756,4454,19,3,7.1,0.0
17757,4454,88,2,19.81,0.0
17758,4454,26,3,10.08,0.0
17759,4455,5,2,11.32,0.0
17760,4455,13,3,4.43,0.0
17761,4455,30,2,4.36,0.0
17762,4455,23,3,14.2,0.0
17763,4456,38,2,12.67,0.0
17764,4456,6,2,24.22,0.0
17765,4456,48,1,12.11,0.0
17766,4456,209,1,16.0,0.0
17767,4456,122,3,9.1,0.0
17768,4456,60,2,24.48,0.0
17769,4457,18,3,19.15,0.0
17770,4457,37,1,16.44,0.0
17771,4457,238,1,3.0,0.0
17772,4458,34,3,19.46,0.0
17773,4458,36,1,23.88,0.0
17774,4458,134,3,14.11,0.0
17775,4459,8,3,23.8,0.0
17776,4459,25,1,19.85,0.0
17777,4459,134,3,14.11,1.41
17778,4459,30,1,4.36,0.0
17779,4460,1,2,11.87,0.0
17780,4460,6,3,24.22,0.0
17781,4460,209,1,16.0,0.0
17782,4460,26,2,10.08,0.0
17783,4460,63,3,10.84,0.0
17784,4461,217,3,3.44,0.0
17785,4461,26,3,10.08,0.0
17786,4461,157,1,6.46,0.0
17787,4461,23,2,14.2,0.0
17788,4462,35,1,3.73,0.0
17789,4462,4,2,8.66,0.0
17790,4462,37,1,16.44,0.0
17791,4462,38,2,12.67,0.0
17792,4462,39,3,14.97,0.0
17793,4463,33,3,5.52,0.0
17794,4463,14,1,12.02,0.0
17795,4463,51,1,20.32,0.0
17796,4463,211,2,19.85,0.0
17797,4463,190,2,3.88,0.0
17798,4464,82,3,24.79,0.0
17799,4464,149,3,16.04,0.0
17800,4464,182,3,22.94,0.0
17801,4464,23,3,14.2,0.0
17802,4465,34,1,19.46,0.0
17803,4465,38,1,12.67,0.0
17804,4465,174,2,13.87,0.0
17805,4465,245,2,17.11,0.0
17806,4465,31,2,7.89,0.79
17807,4466,226,1,10.11,0.0
17808,4466,9,2,12.58,0.0
17809,4466,78,3,3.94,0.39
17810,4466,15,3,11.21,1.12
17811,4466,24,3,6.46,0.0
17812,4466,31,3,7.89,0.0
17813,4467,13,3,4.43,0.44
17814,4467,78,3,3.94,0.0
17815,4467,143,2,22.76,0.0
17816,4467,18,2,19.15,0.0
17817,4467,86,3,23.11,0.0
17818,4467,31,1,7.89,0.0
17819,4468,64,2,15.35,0.0
17820,4468,70,2,6.33,0.0
17821,4468,8,2,23.8,0.0
17822,4468,10,2,17.86,0.0
17823,4468,22,1,16.56,0.0
17824,4469,9,3,12.58,0.0
17825,4469,10,2,17.86,0.0
17826,4469,11,4,10.32,0.0
17827,4469,36,3,23.88,0.0
17828,4470,8,2,23.8,0.0
17829,4470,9,1,12.58,0.0
17830,4470,115,1,23.78,0.0
17831,4470,39,2,14.97,0.0
17832,4471,33,3,5.52,0.0
17833,4471,229,1,17.37,0.0
17834,4471,72,3,13.53,0.0
17835,4471,19,3,7.1,0.71
17836,4471,29,2,5.4,0.0
17837,4472,11,3,10.32,0.0
17838,4472,25,3,19.85,0.0
17839,4472,3,1,16.72,0.0
17840,4472,29,1,5.4,0.54
17841,4473,21,1,3.76,0.0
17842,4473,30,3,4.36,0.0
17843,4473,6,2,24.22,0.0
17844,4474,40,2,15.33,0.0
17845,4474,153,1,7.5,0.0
17846,4474,146,2,10.38,0.0
17847,4475,2,1,11.3,0.0
17848,4475,8,2,23.8,0.0
17849,4475,139,1,5.55,0.0
17850,4475,13,1,4.43,0.0
17851,4475,31,1,7.89,0.0
17852,4476,113,1,4.94,0.0
17853,4476,58,1,8.6,0.0
17854,4476,222,4,15.23,0.0
17855,4477,2,3,11.3,0.0
17856,4477,98,2,24.18,0.0
17857,4478,24,3,6.46,0.0
17858,4478,19,2,7.1,0.0
17859,4479,224,3,8.7,0.0
17860,4479,40,1,15.33,0.0
17861,4479,9,2,12.58,0.0
17862,4479,16,3,3.81,0.38
17863,4479,27,3,24.04,2.4
17864,4480,27,1,24.04,0.0
17865,4480,204,1,22.83,0.0
17866,4480,5,2,11.32,0.0
17867,4480,94,3,14.83,0.0
17868,4481,1,3,11.87,0.0
17869,4481,3,3,16.72,0.0
17870,4481,5,1,11.32,0.0
17871,4481,7,2,5.95,0.0
17872,4482,40,3,15.33,1.53
17873,4482,8,1,23.8,2.38
17874,4482,210,3,11.73,0.0
17875,4482,3,2,16.72,1.67
17876,4483,33,1,5.52,0.0
17877,4483,232,2,23.93,0.0
17878,4483,207,2,5.44,0.0
17879,4483,244,2,7.55,0.0
17880,4483,152,3,7.38,0.0
17881,4484,6,2,24.22,0.0
17882,4484,30,3,4.36,0.0
17883,4484,39,3,14.97,0.0
17884,4485,27,3,24.04,0.0
17885,4485,35,3,3.73,0.37
17886,4485,7,1,5.95,0.0
17887,4486,26,3,10.08,1.01
17888,4486,30,2,4.36,0.0
17889,4486,95,2,10.89,0.0
17890,4487,26,3,10.08,0.0
17891,4487,3,2,16.72,0.0
17892,4487,30,3,4.36,0.0
17893,4488,35,2,3.73,0.0
17894,4488,6,1,24.22,0.0
17895,4488,167,1,15.91,0.0
17896,4488,173,2,18.36,0.0
17897,4488,29,3,5.4,0.54
17898,4488,158,2,17.6,0.0
17899,4489,13,2,4.43,0.0
17900,4489,37,2,16.44,0.0
17901,4490,161,1,19.7,0.0
17902,4490,7,2,5.95,0.6
17903,4490,139,2,5.55,0.0
17904,4490,205,3,2.44,0.0
17905,4490,21,3,3.76,0.0
17906,4490,31,2,7.89,0.0
17907,4491,20,2,19.92,0.0
17908,4491,13,1,4.43,0.0
17909,4491,22,3,16.56,0.0
17910,4492,2,1,11.3,0.0
17911,4492,3,3,16.72,0.0
17912,4492,100,2,5.46,0.0
17913,4492,233,2,14.51,0.0
17914,4492,24,1,6.46,0.0
17915,4492,159,1,15.12,1.51
17916,4493,16,3,3.81,0.0
17917,4493,219,1,13.5,0.0
17918,4493,36,1,23.88,0.0
17919,4493,208,3,23.63,0.0
17920,4494,211,1,19.85,0.0
17921,4494,92,1,9.7,0.0
17922,4494,23,1,14.2,0.0
17923,4495,68,3,22.91,0.0
17924,4495,125,2,19.62,0.0
17925,4495,39,3,14.97,0.0
17926,4496,8,3,23.8,0.0
17927,4496,57,1,10.48,0.0
17928,4496,102,3,17.26,0.0
17929,4497,40,2,15.33,0.0
17930,4497,20,3,19.92,0.0
17931,4497,92,2,9.7,0.0
17932,4497,39,2,14.97,0.0
17933,4498,13,2,4.43,0.0
17934,4498,6,2,24.22,0.0
17935,4499,195,3,9.71,0.0
17936,4499,10,2,17.86,0.0
17937,4499,111,2,16.8,0.0
17938,4499,18,1,19.15,0.0
17939,4499,118,3,4.15,0.0
17940,4500,32,2,5.99,0.0
17941,4500,65,2,23.95,2.4
17942,4500,192,3,9.33,0.0
17943,4500,12,3,12.04,0.0
17944,4500,18,3,19.15,1.92
17945,4500,53,1,10.09,0.0
17946,4501,58,2,8.6,0.0
17947,4501,17,2,22.02,0.0
17948,4501,152,2,7.38,0.0
17949,4501,26,3,10.08,0.0
17950,4501,28,1,16.85,0.0
17951,4502,19,2,7.1,0.0
17952,4502,163,2,13.57,0.0
17953,4502,164,1,11.63,0.0
17954,4502,71,2,15.92,0.0
17955,4503,105,3,17.09,0.0
17956,4503,204,3,22.83,0.0
17957,4503,14,3,12.02,0.0
17958,4503,217,3,3.44,0.0
17959,4503,26,1,10.08,0.0
17960,4504,34,2,19.46,0.0
17961,4504,5,2,11.32,0.0
17962,4504,136,1,22.16,0.0
17963,4504,15,3,11.21,1.12
17964,4504,20,1,19.92,0.0
17965,4504,27,2,24.04,2.4
17966,4505,6,1,24.22,0.0
17967,4505,166,1,6.59,0.0
17968,4505,13,2,4.43,0.0
17969,4505,79,3,16.86,0.0
17970,4505,215,3,16.7,0.0
17971,4506,18,2,19.15,1.92
17972,4506,28,1,16.85,0.0
17973,4507,225,2,2.04,0.0
17974,4507,4,2,8.66,0.0
17975,4507,5,3,11.32,0.0
17976,4507,167,1,15.91,0.0
17977,4507,18,1,19.15,0.0
17978,4507,23,2,14.2,0.0
17979,4508,6,3,24.22,0.0
17980,4508,39,1,14.97,0.0
17981,4508,77,3,24.59,0.0
17982,4508,27,3,24.04,0.0
17983,4508,29,3,5.4,0.0
17984,4509,216,2,16.32,0.0
17985,4509,13,1,4.43,0.0
17986,4510,24,1,6.46,0.0
17987,4510,35,2,3.73,0.0
17988,4510,109,3,3.95,0.0
17989,4511,192,3,9.33,0.93
17990,4511,193,2,4.28,0.0
17991,4511,180,1,21.11,0.0
17992,4511,22,1,16.56,0.0
17993,4511,159,2,15.12,0.0
17994,4512,10,2,17.86,0.0
17995,4512,62,3,15.66,0.0
17996,4513,229,2,17.37,0.0
17997,4513,79,1,16.86,0.0
17998,4514,33,1,5.52,0.0
17999,4514,3,2,16.72,1.67
18000,4514,13,2,4.43,0.44
18001,4514,144,2,18.59,0.0
18002,4514,154,1,24.21,0.0
18003,4515,3,3,16.72,1.67
18004,4515,40,3,15.33,1.53
18005,4515,175,1,4.87,0.0
18006,4515,17,1,22.02,0.0
18007,4515,55,2,12.62,0.0
18008,4515,28,3,16.85,1.69
18009,4516,225,3,2.04,0.0
18010,4516,36,1,23.88,0.0
18011,4516,6,1,24.22,0.0
18012,4517,34,3,19.46,0.0
18013,4517,35,3,3.73,0.0
18014,4517,8,2,23.8,0.0
18015,4517,14,3,12.02,0.0
18016,4517,59,1,16.83,0.0
18017,4517,127,3,25.0,0.0
18018,4518,33,2,5.52,0.0
18019,4518,11,2,10.32,0.0
18020,4518,6,1,24.22,0.0
18021,4518,223,1,18.53,0.0
18022,4519,1,2,11.87,1.19
18023,4519,210,2,11.73,0.0
18024,4519,19,2,7.1,0.0
18025,4519,213,1,4.8,0.0
18026,4519,28,3,16.85,0.0
18027,4520,65,1,23.95,2.4
18028,4520,14,1,12.02,0.0
18029,4520,17,3,22.02,0.0
18030,4520,23,2,14.2,0.0
18031,4520,120,3,13.7,0.0
18032,4520,25,1,19.85,0.0
18033,4521,1,2,11.87,0.0
18034,4521,36,3,23.88,0.0
18035,4521,5,2,11.32,0.0
18036,4522,25,1,19.85,0.0
18037,4522,34,2,19.46,0.0
18038,4523,5,3,11.32,0.0
18039,4523,10,3,17.86,0.0
18040,4523,17,3,22.02,0.0
18041,4523,18,3,19.15,0.0
18042,4523,27,3,24.04,0.0
18043,4524,34,1,19.46,0.0
18044,4524,21,3,3.76,0.0
18045,4525,136,3,22.16,0.0
18046,4525,16,4,3.81,0.0
18047,4525,22,4,16.56,0.0
18048,4525,23,1,14.2,0.0
18049,4526,40,2,15.33,0.0
18050,4526,3,2,16.72,0.0
18051,4526,141,3,17.94,0.0
18052,4527,69,3,15.15,1.52
18053,4527,38,1,12.67,0.0
18054,4527,74,2,12.36,0.0
18055,4527,42,1,22.29,2.23
18056,4527,170,2,13.05,0.0
18057,4527,21,3,3.76,0.0
18058,4528,24,1,6.46,0.0
18059,4528,170,1,13.05,0.0
18060,4528,219,3,13.5,0.0
18061,4528,22,3,16.56,0.0
18062,4529,5,1,11.32,0.0
18063,4529,22,3,16.56,0.0
18064,4529,121,2,2.42,0.0
18065,4529,218,3,21.24,0.0
18066,4529,27,3,24.04,2.4
18067,4530,10,1,17.86,0.0
18068,4530,76,2,21.26,0.0
18069,4530,31,3,7.89,0.0
18070,4531,18,2,19.15,0.0
18071,4531,4,2,8.66,0.0
18072,4531,23,3,14.2,0.0
18073,4532,2,1,11.3,1.13
18074,4532,8,2,23.8,0.0
18075,4532,9,2,12.58,0.0
18076,4532,172,1,23.49,0.0
18077,4532,12,1,12.04,0.0
18078,4532,31,3,7.89,0.0
18079,4533,2,2,11.3,0.0
18080,4533,9,2,12.58,0.0
18081,4533,46,2,24.33,0.0
18082,4533,23,1,14.2,0.0
18083,4533,28,3,16.85,0.0
18084,4534,112,3,9.55,0.0
18085,4534,26,1,10.08,1.01
18086,4535,36,2,23.88,0.0
18087,4535,6,3,24.22,0.0
18088,4535,38,1,12.67,0.0
18089,4535,167,3,15.91,1.59
18090,4535,23,1,14.2,0.0
18091,4535,24,1,6.46,0.0
18092,4536,23,3,14.2,1.42
18093,4536,21,3,3.76,0.0
18094,4536,30,2,4.36,0.0
18095,4536,7,1,5.95,0.0
18096,4537,194,2,18.44,0.0
18097,4537,163,2,13.57,0.0
18098,4537,4,1,8.66,0.87
18099,4537,41,3,17.67,0.0
18100,4537,15,3,11.21,0.0
18101,4537,245,2,17.11,0.0
18102,4538,32,1,5.99,0.0
18103,4538,14,2,12.02,0.0
18104,4538,242,1,10.21,0.0
18105,4538,23,3,14.2,0.0
18106,4538,222,2,15.23,1.52
18107,4539,35,2,3.73,0.37
18108,4539,14,3,12.02,0.0
18109,4539,31,3,7.89,0.0
18110,4540,24,1,6.46,0.0
18111,4540,34,3,19.46,0.0
18112,4540,29,1,5.4,0.0
18113,4540,30,3,4.36,0.44
18114,4541,34,1,19.46,1.95
18115,4541,86,1,23.11,0.0
18116,4541,55,2,12.62,0.0
18117,4541,183,1,20.78,0.0
18118,4541,187,2,11.12,1.11
18119,4542,10,2,17.86,0.0
18120,4542,36,1,23.88,0.0
18121,4542,230,2,14.04,0.0
18122,4543,24,3,6.46,0.0
18123,4543,186,2,11.54,0.0
18124,4543,37,1,16.44,0.0
18125,4544,86,3,23.11,0.0
18126,4544,30,3,4.36,0.0
18127,4545,99,1,15.86,0.0
18128,4545,39,2,14.97,0.0
18129,4545,248,1,19.4,0.0
18130,4545,31,1,7.89,0.0
18131,4545,191,1,7.16,0.0
18132,4546,223,3,18.53,0.0
18133,4546,19,3,7.1,0.0
18134,4546,245,3,17.11,0.0
18135,4546,188,1,10.6,0.0
18136,4546,127,1,25.0,0.0
18137,4547,81,1,18.28,1.83
18138,4547,21,3,3.76,0.0
18139,4548,24,2,6.46,0.0
18140,4548,41,2,17.67,0.0
18141,4548,84,1,16.03,1.6
18142,4548,13,2,4.43,0.0
18143,4549,36,1,23.88,0.0
18144,4549,38,3,12.67,0.0
18145,4549,231,1,10.29,0.0
18146,4549,8,3,23.8,0.0
18147,4549,21,2,3.76,0.0
18148,4549,182,1,22.94,0.0
18149,4550,21,4,3.76,0.0
18150,4550,245,2,17.11,0.0
18151,4550,189,3,10.88,0.0
18152,4551,33,2,5.52,0.0
18153,4551,4,2,8.66,0.0
18154,4551,14,1,12.02,1.2
18155,4551,19,1,7.1,0.0
18156,4551,214,2,7.48,0.0
18157,4551,126,3,6.42,0.0
18158,4552,35,1,3.73,0.0
18159,4552,4,3,8.66,0.0
18160,4552,22,2,16.56,0.0
18161,4552,39,1,14.97,0.0
18162,4553,3,4,16.72,0.0
18163,4553,40,2,15.33,0.0
18164,4553,44,4,24.69,0.0
18165,4553,15,3,11.21,0.0
18166,4553,90,4,3.2,0.0
18167,4554,6,2,24.22,2.42
18168,4554,137,3,16.21,0.0
18169,4554,77,2,24.59,0.0
18170,4554,23,3,14.2,0.0
18171,4554,28,3,16.85,1.69
18172,4555,27,3,24.04,2.4
18173,4555,236,1,2.47,0.0
18174,4555,21,2,3.76,0.0
18175,4555,39,2,14.97,0.0
18176,4556,9,2,12.58,0.0
18177,4556,26,3,10.08,0.0
18178,4556,10,1,17.86,1.79
18179,4556,108,1,18.3,0.0
18180,4557,112,1,9.55,0.0
18181,4557,13,1,4.43,0.0
18182,4557,205,3,2.44,0.0
18183,4557,191,1,7.16,0.0
18184,4558,24,3,6.46,0.0
18185,4558,234,2,20.09,0.0
18186,4558,147,3,18.55,0.0
18187,4558,14,2,12.02,0.0
18188,4559,31,3,7.89,0.0
18189,4559,21,2,3.76,0.0
18190,4559,173,1,18.36,0.0
18191,4560,24,2,6.46,0.0
18192,4560,10,3,17.86,0.0
18193,4560,6,3,24.22,0.0
18194,4560,231,3,10.29,0.0
18195,4561,26,1,10.08,0.0
18196,4561,3,3,16.72,0.0
18197,4561,29,1,5.4,0.0
18198,4562,38,2,12.67,0.0
18199,4562,27,3,24.04,0.0
18200,4562,30,2,4.36,0.0
18201,4563,35,1,3.73,0.0
18202,4563,38,3,12.67,0.0
18203,4563,142,1,16.37,0.0
18204,4563,21,2,3.76,0.0
18205,4563,23,3,14.2,0.0
18206,4564,214,2,7.48,0.0
18207,4564,14,3,12.02,0.0
18208,4564,175,1,4.87,0.0
18209,4565,162,2,19.9,0.0
18210,4565,134,3,14.11,1.41
18211,4565,6,3,24.22,0.0
18212,4565,18,1,19.15,0.0
18213,4565,19,1,7.1,0.0
18214,4565,31,3,7.89,0.0
18215,4566,34,1,19.46,0.0
18216,4566,26,1,10.08,0.0
18217,4566,4,3,8.66,0.0
18218,4566,133,1,18.99,0.0
18219,4567,162,1,19.9,0.0
18220,4567,20,2,19.92,0.0
18221,4567,126,2,6.42,0.0
18222,4568,96,3,7.8,0.0
18223,4568,4,1,8.66,0.0
18224,4568,37,1,16.44,1.64
18225,4568,10,4,17.86,0.0
18226,4568,171,4,10.54,0.0
18227,4568,18,4,19.15,0.0
18228,4569,145,2,3.0,0.0
18229,4569,122,3,9.1,0.0
18230,4569,19,3,7.1,0.0
18231,4569,210,3,11.73,0.0
18232,4570,64,3,15.35,0.0
18233,4570,8,2,23.8,2.38
18234,4570,18,1,19.15,0.0
18235,4570,212,3,7.47,0.0
18236,4570,116,3,24.93,0.0
18237,4570,188,3,10.6,0.0
18238,4571,136,2,22.16,2.22
18239,4571,18,1,19.15,0.0
18240,4571,91,3,16.51,0.0
18241,4571,23,3,14.2,0.0
18242,4572,35,2,3.73,0.0
18243,4572,38,2,12.67,0.0
18244,4572,12,1,12.04,0.0
18245,4572,16,3,3.81,0.38
18246,4572,23,2,14.2,0.0
18247,4573,57,3,10.48,0.0
18248,4573,20,2,19.92,0.0
18249,4574,33,3,5.52,0.0
18250,4574,82,1,24.79,0.0
18251,4574,21,3,3.76,0.0
18252,4574,22,3,16.56,0.0
18253,4574,25,3,19.85,0.0
18254,4574,26,2,10.08,0.0
18255,4575,98,4,24.18,0.0
18256,4575,35,4,3.73,0.0
18257,4575,31,3,7.89,0.0
18258,4576,35,1,3.73,0.0
18259,4576,74,3,12.36,0.0
18260,4576,26,1,10.08,0.0
18261,4576,172,2,23.49,2.35
18262,4577,161,3,19.7,0.0
18263,4577,35,3,3.73,0.0
18264,4577,8,2,23.8,0.0
18265,4577,12,1,12.04,0.0
18266,4577,19,1,7.1,0.0
18267,4577,29,2,5.4,0.0
18268,4578,33,1,5.52,0.55
18269,4578,39,3,14.97,0.0
18270,4578,12,1,12.04,0.0
18271,4578,16,2,3.81,0.38
18272,4578,23,1,14.2,0.0
18273,4578,26,3,10.08,0.0
18274,4579,38,3,12.67,0.0
18275,4579,201,2,19.45,0.0
18276,4579,208,3,23.63,0.0
18277,4579,177,3,5.69,0.0
18278,4579,20,3,19.92,0.0
18279,4580,80,3,2.9,0.0
18280,4580,25,2,19.85,0.0
18281,4580,32,3,5.99,0.0
18282,4580,55,1,12.62,0.0
18283,4581,98,1,24.18,0.0
18284,4581,102,2,17.26,0.0
18285,4581,9,1,12.58,0.0
18286,4581,13,1,4.43,0.0
18287,4581,27,2,24.04,0.0
18288,4581,28,2,16.85,0.0
18289,4582,32,2,5.99,0.0
18290,4582,1,1,11.87,0.0
18291,4582,105,3,17.09,0.0
18292,4582,45,3,9.43,0.0
18293,4582,22,3,16.56,0.0
18294,4582,151,2,20.03,0.0
18295,4583,1,1,11.87,0.0
18296,4583,27,3,24.04,0.0
18297,4583,20,3,19.92,0.0
18298,4583,21,2,3.76,0.0
18299,4584,9,3,12.58,0.0
18300,4584,26,1,10.08,0.0
18301,4584,38,3,12.67,0.0
18302,4584,17,1,22.02,0.0
18303,4585,3,3,16.72,0.0
18304,4585,9,1,12.58,0.0
18305,4585,18,2,19.15,0.0
18306,4585,91,1,16.51,0.0
18307,4585,125,3,19.62,0.0
18308,4586,8,2,23.8,0.0
18309,4586,9,2,12.58,0.0
18310,4586,15,1,11.21,0.0
18311,4586,147,3,18.55,0.0
18312,4586,150,2,19.3,0.0
18313,4586,31,2,7.89,0.0
18314,4587,40,1,15.33,0.0
18315,4587,9,3,12.58,0.0
18316,4587,227,2,15.13,1.51
18317,4587,6,1,24.22,0.0
18318,4588,38,2,12.67,0.0
18319,4588,105,2,17.09,0.0
18320,4588,250,2,10.1,0.0
18321,4588,29,1,5.4,0.0
18322,4588,95,3,10.89,0.0
18323,4589,25,3,19.85,0.0
18324,4589,12,2,12.04,0.0
18325,4590,17,4,22.02,0.0
18326,4590,125,2,19.62,0.0
18327,4590,229,2,17.37,0.0
18328,4590,39,3,14.97,0.0
18329,4591,11,1,10.32,0.0
18330,4591,198,1,23.1,0.0
18331,4592,238,2,3.0,0.3
18332,4592,22,1,16.56,0.0
18333,4592,216,3,16.32,0.0
18334,4592,25,1,19.85,0.0
18335,4592,30,2,4.36,0.0
18336,4593,4,2,8.66,0.0
18337,4593,69,2,15.15,0.0
18338,4593,11,1,10.32,0.0
18339,4593,18,3,19.15,0.0
18340,4593,26,3,10.08,0.0
18341,4593,29,2,5.4,0.0
18342,4594,2,1,11.3,0.0
18343,4594,10,3,17.86,1.79
18344,4594,114,3,18.17,0.0
18345,4594,150,3,19.3,1.93
18346,4594,221,3,16.53,0.0
18347,4594,31,3,7.89,0.0
18348,4595,108,3,18.3,0.0
18349,4595,15,1,11.21,0.0
18350,4596,34,2,19.46,0.0
18351,4596,35,4,3.73,0.0
18352,4596,105,2,17.09,0.0
18353,4596,115,1,23.78,0.0
18354,4596,21,4,3.76,0.0
18355,4597,48,1,12.11,0.0
18356,4597,192,3,9.33,0.0
18357,4598,40,1,15.33,0.0
18358,4598,13,1,4.43,0.0
18359,4598,21,2,3.76,0.0
18360,4598,23,2,14.2,0.0
18361,4598,28,3,16.85,0.0
18362,4598,30,2,4.36,0.0
18363,4599,32,2,5.99,0.0
18364,4599,11,1,10.32,0.0
18365,4599,116,2,24.93,0.0
18366,4599,120,1,13.7,0.0
18367,4599,185,1,23.4,0.0
18368,4600,134,2,14.11,0.0
18369,4600,109,1,3.95,0.0
18370,4600,14,3,12.02,0.0
18371,4600,176,1,3.93,0.0
18372,4600,186,1,11.54,0.0
18373,4601,32,3,5.99,0.0
18374,4601,26,4,10.08,0.0
18375,4602,34,3,19.46,0.0
18376,4602,43,1,16.79,0.0
18377,4602,29,3,5.4,0.0
18378,4603,99,2,15.86,1.59
18379,4603,36,2,23.88,0.0
18380,4603,13,2,4.43,0.0
18381,4603,6,2,24.22,2.42
18382,4604,170,1,13.05,0.0
18383,4604,135,3,17.22,0.0
18384,4605,116,2,24.93,0.0
18385,4605,5,3,11.32,0.0
18386,4605,36,1,23.88,0.0
18387,4606,20,1,19.92,0.0
18388,4606,119,3,17.42,0.0
18389,4607,1,3,11.87,0.0
18390,4607,41,2,17.67,0.0
18391,4607,138,1,15.74,0.0
18392,4607,17,3,22.02,0.0
18393,4607,188,3,10.6,0.0
18394,4608,249,1,5.07,0.0
18395,4608,17,1,22.02,0.0
18396,4609,135,1,17.22,0.0
18397,4609,40,2,15.33,0.0
18398,4609,55,1,12.62,0.0
18399,4609,22,3,16.56,0.0
18400,4609,119,2,17.42,0.0
18401,4610,33,3,5.52,0.0
18402,4610,5,3,11.32,0.0
18403,4610,39,1,14.97,0.0
18404,4610,10,3,17.86,0.0
18405,4610,11,1,10.32,0.0
18406,4610,24,3,6.46,0.0
18407,4611,34,3,19.46,0.0
18408,4611,19,1,7.1,0.0
18409,4612,1,2,11.87,0.0
18410,4612,170,2,13.05,0.0
18411,4612,10,3,17.86,0.0
18412,4612,14,3,12.02,0.0
18413,4612,51,1,20.32,0.0
18414,4612,26,3,10.08,0.0
18415,4613,104,1,9.14,0.0
18416,4613,97,1,21.59,0.0
18417,4613,19,1,7.1,0.0
18418,4614,225,3,2.04,0.2
18419,4614,39,2,14.97,0.0
18420,4615,225,3,2.04,0.2
18421,4615,31,2,7.89,0.79
18422,4616,11,2,10.32,0.0
18423,4616,175,1,4.87,0.0
18424,4617,162,3,19.9,0.0
18425,4617,39,2,14.97,0.0
18426,4617,8,3,23.8,0.0
18427,4617,146,2,10.38,0.0
18428,4617,20,2,19.92,0.0
18429,4617,22,3,16.56,0.0
18430,4618,34,1,19.46,0.0
18431,4618,131,2,13.68,0.0
18432,4618,146,1,10.38,1.04
18433,4618,24,3,6.46,0.0
18434,4618,25,1,19.85,0.0
18435,4619,97,3,21.59,0.0
18436,4619,40,1,15.33,0.0
18437,4619,12,2,12.04,1.2
18438,4619,18,2,19.15,0.0
18439,4619,25,3,19.85,1.99
18440,4620,24,3,6.46,0.0
18441,4620,72,3,13.53,0.0
18442,4621,241,1,19.19,0.0
18443,4621,13,1,4.43,0.0
18444,4621,7,1,5.95,0.0
18445,4622,72,1,13.53,0.0
18446,4622,51,3,20.32,0.0
18447,4622,5,3,11.32,0.0
18448,4623,24,1,6.46,0.0
18449,4623,2,3,11.3,0.0
18450,4623,6,3,24.22,0.0
18451,4624,8,1,23.8,0.0
18452,4624,57,3,10.48,0.0
18453,4624,13,1,4.43,0.0
18454,4624,165,2,5.73,0.0
18455,4625,25,1,19.85,0.0
18456,4625,167,1,15.91,0.0
18457,4625,159,4,15.12,0.0
18458,4626,19,2,7.1,0.71
18459,4626,28,2,16.85,0.0
18460,4626,29,1,5.4,0.0
18461,4626,6,1,24.22,0.0
18462,4627,8,2,23.8,0.0
18463,4627,123,1,23.88,0.0
18464,4627,6,1,24.22,0.0
18465,4628,1,2,11.87,0.0
18466,4628,195,1,9.71,0.0
18467,4628,149,3,16.04,0.0
18468,4629,227,2,15.13,0.0
18469,4629,20,1,19.92,0.0
18470,4630,35,2,3.73,0.0
18471,4630,28,1,16.85,0.0
18472,4630,85,3,10.37,0.0
18473,4630,94,1,14.83,1.48
18474,4631,35,1,3.73,0.0
18475,4631,165,3,5.73,0.0
18476,4631,38,3,12.67,1.27
18477,4632,176,2,3.93,0.0
18478,4632,10,3,17.86,0.0
18479,4632,13,2,4.43,0.0
18480,4632,207,1,5.44,0.0
18481,4633,35,1,3.73,0.0
18482,4633,9,2,12.58,0.0
18483,4633,16,3,3.81,0.0
18484,4633,212,2,7.47,0.0
18485,4633,28,2,16.85,0.0
18486,4634,40,1,15.33,1.53
18487,4634,201,3,19.45,0.0
18488,4634,138,1,15.74,0.0
18489,4634,212,1,7.47,0.0
18490,4634,31,2,7.89,0.0
18491,4635,9,3,12.58,1.26
18492,4635,27,3,24.04,0.0
18493,4635,236,3,2.47,0.25
18494,4636,39,1,14.97,0.0
18495,4636,8,1,23.8,0.0
18496,4636,12,2,12.04,0.0
18497,4636,114,1,18.17,0.0
18498,4636,26,1,10.08,0.0
18499,4636,31,1,7.89,0.0
18500,4637,1,1,11.87,0.0
18501,4637,226,3,10.11,0.0
18502,4637,11,1,10.32,0.0
18503,4637,112,3,9.55,0.0
18504,4637,16,1,3.81,0.0
18505,4638,2,3,11.3,0.0
18506,4638,26,2,10.08,0.0
18507,4638,29,3,5.4,0.0
18508,4639,36,3,23.88,0.0
18509,4639,23,2,14.2,0.0
18510,4640,33,1,5.52,0.0
18511,4640,5,2,11.32,0.0
18512,4640,38,1,12.67,0.0
18513,4641,98,2,24.18,0.0
18514,4641,4,2,8.66,0.87
18515,4642,35,2,3.73,0.0
18516,4642,83,1,14.05,0.0
18517,4642,183,1,20.78,0.0
18518,4642,26,2,10.08,0.0
18519,4642,29,2,5.4,0.0
18520,4642,31,3,7.89,0.79
18521,4643,129,1,8.8,0.0
18522,4643,12,3,12.04,0.0
18523,4644,34,2,19.46,1.95
18524,4644,227,2,15.13,0.0
18525,4644,5,1,11.32,0.0
18526,4644,104,3,9.14,0.0
18527,4644,20,1,19.92,0.0
18528,4645,13,1,4.43,0.0
18529,4645,215,3,16.7,0.0
18530,4646,31,3,7.89,0.0
18531,4646,21,1,3.76,0.0
18532,4646,39,3,14.97,0.0
18533,4647,134,3,14.11,0.0
18534,4647,11,3,10.32,0.0
18535,4647,13,1,4.43,0.0
18536,4647,14,2,12.02,1.2
18537,4647,18,1,19.15,0.0
18538,4647,62,1,15.66,0.0
18539,4648,2,3,11.3,0.0
18540,4648,38,1,12.67,0.0
18541,4648,9,1,12.58,1.26
18542,4648,15,1,11.21,0.0
18543,4648,17,3,22.02,0.0
18544,4648,121,3,2.42,0.0
18545,4649,33,3,5.52,0.0
18546,4649,2,3,11.3,0.0
18547,4649,38,3,12.67,0.0
18548,4649,11,2,10.32,0.0
18549,4649,209,2,16.0,0.0
18550,4649,20,3,19.92,0.0
18551,4650,36,2,23.88,0.0
18552,4650,77,3,24.59,0.0
18553,4651,146,2,10.38,0.0
18554,4651,124,3,9.86,0.0
18555,4651,31,2,7.89,0.0
18556,4652,34,1,19.46,0.0
18557,4652,187,1,11.12,0.0
18558,4653,225,1,2.04,0.0
18559,4653,164,3,11.63,1.16
18560,4653,73,2,24.03,2.4
18561,4653,14,3,12.02,0.0
18562,4653,113,3,4.94,0.0
18563,4654,9,1,12.58,0.0
18564,4654,12,3,12.04,0.0
18565,4655,5,3,11.32,0.0
18566,4655,37,1,16.44,0.0
18567,4655,8,3,23.8,0.0
18568,4655,12,2,12.04,0.0
18569,4655,13,1,4.43,0.0
18570,4655,21,3,3.76,0.0
18571,4656,225,2,2.04,0.0
18572,4656,4,2,8.66,0.0
18573,4656,244,3,7.55,0.0
18574,4656,239,3,10.9,1.09
18575,4657,89,1,17.61,0.0
18576,4657,2,1,11.3,0.0
18577,4657,12,2,12.04,0.0
18578,4658,11,3,10.32,0.0
18579,4658,206,2,6.96,0.0
18580,4659,8,1,23.8,0.0
18581,4659,2,2,11.3,1.13
18582,4659,3,3,16.72,0.0
18583,4659,34,2,19.46,0.0
18584,4660,24,1,6.46,0.0
18585,4660,12,1,12.04,0.0
18586,4661,69,2,15.15,0.0
18587,4661,15,3,11.21,1.12
18588,4661,215,1,16.7,0.0
18589,4661,57,1,10.48,0.0
18590,4661,250,3,10.1,0.0
18591,4662,2,3,11.3,0.0
18592,4662,4,2,8.66,0.0
18593,4662,101,2,3.87,0.0
18594,4662,73,3,24.03,0.0
18595,4662,87,2,10.91,0.0
18596,4663,5,3,11.32,0.0
18597,4663,15,1,11.21,0.0
18598,4663,18,2,19.15,0.0
18599,4663,20,1,19.92,0.0
18600,4663,24,1,6.46,0.0
18601,4664,146,1,10.38,0.0
18602,4664,28,3,16.85,1.69
18603,4664,6,1,24.22,0.0
18604,4665,38,4,12.67,0.0
18605,4665,225,4,2.04,0.0
18606,4665,86,2,23.11,2.31
18607,4666,36,1,23.88,0.0
18608,4666,8,1,23.8,0.0
18609,4666,19,2,7.1,0.0
18610,4666,180,1,21.11,0.0
18611,4666,215,2,16.7,0.0
18612,4666,28,1,16.85,0.0
18613,4667,32,2,5.99,0.0
18614,4667,10,2,17.86,0.0
18615,4667,187,2,11.12,0.0
18616,4667,213,1,4.8,0.0
18617,4668,32,1,5.99,0.0
18618,4668,39,3,14.97,1.5
18619,4668,12,1,12.04,0.0
18620,4668,26,2,10.08,0.0
18621,4668,27,4,24.04,0.0
18622,4668,28,1,16.85,0.0
18623,4669,1,2,11.87,0.0
18624,4669,14,1,12.02,0.0
18625,4670,36,1,23.88,0.0
18626,4670,39,2,14.97,0.0
18627,4670,76,2,21.26,2.13
18628,4670,13,2,4.43,0.0
18629,4670,19,1,7.1,0.0
18630,4670,95,1,10.89,1.09
18631,4671,112,3,9.55,0.0
18632,4671,34,3,19.46,0.0
18633,4672,8,2,23.8,0.0
18634,4672,35,3,3.73,0.0
18635,4672,4,1,8.66,0.0
18636,4672,31,3,7.89,0.0
18637,4673,27,3,24.04,0.0
18638,4673,19,4,7.1,0.0
18639,4673,4,2,8.66,0.0
18640,4673,23,1,14.2,0.0
18641,4674,27,2,24.04,0.0
18642,4674,164,3,11.63,0.0
18643,4674,230,2,14.04,0.0
18644,4674,23,1,14.2,0.0
18645,4675,104,3,9.14,0.0
18646,4675,18,1,19.15,0.0
18647,4675,127,1,25.0,0.0
18648,4676,40,3,15.33,0.0
18649,4676,29,3,5.4,0.0
18650,4676,151,1,20.03,0.0
18651,4677,8,3,23.8,0.0
18652,4677,225,2,2.04,0.2
18653,4677,209,3,16.0,0.0
18654,4677,14,2,12.02,0.0
18655,4678,61,3,4.08,0.0
18656,4678,7,2,5.95,0.0
18657,4679,33,3,5.52,0.55
18658,4679,2,1,11.3,0.0
18659,4679,1,2,11.87,1.19
18660,4679,8,1,23.8,0.0
18661,4679,22,2,16.56,0.0
18662,4679,154,1,24.21,0.0
18663,4680,34,2,19.46,0.0
18664,4680,219,3,13.5,0.0
18665,4680,22,2,16.56,0.0
18666,4681,1,3,11.87,0.0
18667,4681,6,3,24.22,0.0
18668,4681,28,1,16.85,0.0
18669,4681,118,3,4.15,0.0
18670,4681,58,3,8.6,0.0
18671,4681,92,2,9.7,0.97
18672,4682,124,3,9.86,0.0
18673,4682,35,1,3.73,0.0
18674,4682,20,1,19.92,0.0
18675,4682,23,1,14.2,1.42
18676,4683,3,3,16.72,0.0
18677,4683,18,3,19.15,0.0
18678,4683,23,3,14.2,0.0
18679,4683,24,2,6.46,0.0
18680,4683,29,2,5.4,0.0
18681,4684,33,3,5.52,0.0
18682,4684,71,1,15.92,1.59
18683,4684,23,2,14.2,0.0
18684,4685,1,1,11.87,0.0
18685,4685,3,3,16.72,0.0
18686,4685,40,2,15.33,0.0
18687,4685,205,1,2.44,0.0
18688,4685,26,2,10.08,0.0
18689,4686,10,1,17.86,0.0
18690,4686,75,2,20.65,0.0
18691,4686,20,2,19.92,1.99
18692,4686,21,3,3.76,0.0
18693,4686,29,3,5.4,0.0
18694,4687,40,1,15.33,0.0
18695,4687,25,3,19.85,0.0
18696,4687,21,2,3.76,0.0
18697,4688,107,1,4.97,0.0
18698,4688,47,2,9.27,0.0
18699,4689,2,1,11.3,0.0
18700,4689,16,3,3.81,0.0
18701,4689,22,1,16.56,0.0
18702,4689,183,2,20.78,2.08
18703,4689,94,1,14.83,0.0
18704,4690,37,2,16.44,0.0
18705,4690,5,3,11.32,0.0
18706,4691,8,4,23.8,0.0
18707,4691,3,1,16.72,1.67
18708,4692,188,2,10.6,0.0
18709,4692,46,4,24.33,2.43
18710,4693,33,2,5.52,0.0
18711,4693,10,4,17.86,0.0
18712,4694,197,4,2.88,0.0
18713,4694,139,2,5.55,0.0
18714,4694,23,1,14.2,0.0
18715,4694,121,2,2.42,0.0
18716,4694,220,2,14.33,0.0
18717,4694,31,2,7.89,0.0
18718,4695,40,2,15.33,0.0
18719,4695,154,3,24.21,0.0
18720,4695,20,3,19.92,0.0
18721,4696,25,3,19.85,0.0
18722,4696,11,3,10.32,0.0
18723,4696,4,3,8.66,0.0
18724,4697,14,1,12.02,0.0
18725,4697,17,1,22.02,0.0
18726,4697,18,3,19.15,0.0
18727,4697,25,1,19.85,0.0
18728,4697,62,3,15.66,0.0
18729,4698,16,2,3.81,0.0
18730,4698,154,3,24.21,0.0
18731,4698,34,1,19.46,0.0
18732,4698,15,1,11.21,0.0
18733,4699,2,2,11.3,0.0
18734,4699,19,3,7.1,0.71
18735,4699,77,3,24.59,0.0
18736,4699,126,2,6.42,0.0
18737,4700,34,3,19.46,0.0
18738,4700,4,1,8.66,0.0
18739,4700,38,2,12.67,1.27
18740,4700,77,2,24.59,0.0
18741,4700,246,1,4.38,0.0
18742,4700,249,2,5.07,0.0
18743,4701,218,3,21.24,0.0
18744,4701,214,3,7.48,0.0
18745,4702,41,2,17.67,0.0
18746,4702,234,2,20.09,0.0
18747,4702,11,3,10.32,0.0
18748,4702,4,3,8.66,0.87
18749,4703,10,3,17.86,0.0
18750,4703,15,1,11.21,0.0
18751,4704,224,1,8.7,0.0
18752,4704,210,3,11.73,1.17
18753,4704,82,2,24.79,0.0
18754,4705,32,3,5.99,0.0
18755,4705,39,2,14.97,0.0
18756,4705,11,3,10.32,0.0
18757,4705,13,2,4.43,0.0
18758,4705,30,2,4.36,0.44
18759,4705,31,2,7.89,0.0
18760,4706,68,1,22.91,0.0
18761,4706,14,3,12.02,0.0
18762,4706,79,3,16.86,0.0
18763,4706,18,1,19.15,0.0
18764,4706,19,3,7.1,0.0
18765,4706,24,3,6.46,0.0
18766,4707,117,2,22.99,0.0
18767,4707,28,1,16.85,0.0
18768,4707,69,2,15.15,0.0
18769,4708,3,2,16.72,0.0
18770,4708,209,1,16.0,0.0
18771,4708,21,1,3.76,0.0
18772,4708,24,2,6.46,0.0
18773,4708,153,2,7.5,0.0
18774,4709,80,3,2.9,0.0
18775,4709,90,1,3.2,0.0
18776,4710,129,3,8.8,0.0
18777,4710,28,2,16.85,0.0
18778,4711,208,1,23.63,0.0
18779,4711,8,2,23.8,0.0
18780,4711,99,2,15.86,0.0
18781,4711,28,1,16.85,0.0
18782,4712,194,2,18.44,1.84
18783,4712,6,3,24.22,0.0
18784,4712,7,1,5.95,0.0
18785,4712,15,2,11.21,0.0
18786,4712,17,3,22.02,0.0
18787,4712,58,1,8.6,0.0
18788,4713,11,2,10.32,0.0
18789,4713,27,3,24.04,0.0
18790,4713,4,3,8.66,0.0
18791,4713,28,1,16.85,0.0
18792,4714,74,2,12.36,0.0
18793,4714,221,2,16.53,1.65
18794,4714,143,2,22.76,0.0
18795,4715,32,1,5.99,0.0
18796,4715,4,2,8.66,0.0
18797,4715,5,2,11.32,0.0
18798,4715,7,1,5.95,0.0
18799,4715,111,2,16.8,0.0
18800,4715,186,3,11.54,1.15
18801,4716,89,2,17.61,0.0
18802,4716,37,2,16.44,0.0
18803,4716,1,1,11.87,0.0
18804,4717,1,3,11.87,0.0
18805,4717,233,3,14.51,0.0
18806,4717,140,3,6.16,0.0
18807,4717,16,1,3.81,0.0
18808,4717,243,3,3.55,0.0
18809,4717,250,2,10.1,0.0
18810,4718,45,3,9.43,0.0
18811,4718,17,3,22.02,0.0
18812,4718,180,3,21.11,0.0
18813,4718,26,1,10.08,0.0
18814,4718,30,1,4.36,0.0
18815,4719,99,3,15.86,1.59
18816,4719,7,2,5.95,0.0
18817,4719,8,1,23.8,0.0
18818,4719,39,3,14.97,0.0
18819,4719,46,1,24.33,0.0
18820,4720,57,2,10.48,0.0
18821,4720,5,1,11.32,0.0
18822,4720,14,3,12.02,0.0
18823,4721,2,2,11.3,0.0
18824,4721,167,2,15.91,0.0
18825,4721,112,1,9.55,0.0
18826,4721,19,1,7.1,0.71
18827,4721,149,2,16.04,0.0
18828,4721,214,3,7.48,0.0
18829,4722,40,3,15.33,0.0
18830,4722,65,1,23.95,0.0
18831,4722,3,2,16.72,0.0
18832,4722,30,3,4.36,0.0
18833,4723,17,3,22.02,0.0
18834,4723,129,3,8.8,0.0
18835,4723,39,3,14.97,0.0
18836,4724,137,2,16.21,0.0
18837,4724,18,1,19.15,0.0
18838,4724,26,2,10.08,0.0
18839,4725,25,3,19.85,0.0
18840,4725,11,1,10.32,0.0
18841,4725,69,3,15.15,0.0
18842,4725,1,3,11.87,0.0
18843,4726,168,2,22.08,2.21
18844,4726,120,3,13.7,0.0
18845,4727,8,1,23.8,0.0
18846,4727,6,2,24.22,0.0
18847,4728,2,2,11.3,0.0
18848,4728,3,2,16.72,0.0
18849,4728,40,3,15.33,0.0
18850,4728,126,2,6.42,0.0
18851,4728,191,3,7.16,0.0
18852,4729,32,2,5.99,0.0
18853,4729,86,1,23.11,0.0
18854,4730,17,2,22.02,0.0
18855,4730,141,2,17.94,0.0
18856,4730,198,3,23.1,0.0
18857,4731,25,2,19.85,0.0
18858,4731,98,2,24.18,0.0
18859,4731,218,1,21.24,0.0
18860,4732,8,1,23.8,2.38
18861,4732,10,1,17.86,0.0
18862,4732,2,2,11.3,1.13
18863,4732,37,2,16.44,1.64
18864,4733,216,3,16.32,0.0
18865,4733,219,2,13.5,0.0
18866,4734,137,1,16.21,0.0
18867,4734,226,2,10.11,0.0
18868,4734,12,1,12.04,1.2
18869,4734,127,1,25.0,0.0
18870,4735,24,4,6.46,0.0
18871,4735,35,1,3.73,0.0
18872,4735,29,1,5.4,0.0
18873,4736,98,3,24.18,2.42
18874,4736,40,4,15.33,0.0
18875,4736,210,2,11.73,0.0
18876,4736,118,2,4.15,0.42
18877,4736,23,3,14.2,0.0
18878,4737,2,1,11.3,0.0
18879,4737,35,3,3.73,0.0
18880,4737,124,1,9.86,0.99
18881,4737,37,2,16.44,0.0
18882,4738,21,2,3.76,0.0
18883,4738,37,3,16.44,0.0
18884,4739,4,3,8.66,0.0
18885,4739,222,3,15.23,0.0
18886,4740,32,2,5.99,0.0
18887,4740,4,2,8.66,0.0
18888,4740,28,3,16.85,0.0
18889,4740,37,1,16.44,0.0
18890,4741,3,1,16.72,0.0
18891,4741,73,2,24.03,0.0
18892,4741,11,1,10.32,1.03
18893,4741,16,2,3.81,0.0
18894,4741,26,2,10.08,0.0
18895,4742,11,2,10.32,0.0
18896,4742,138,2,15.74,0.0
18897,4742,26,2,10.08,0.0
18898,4742,118,2,4.15,0.0
18899,4743,16,2,3.81,0.0
18900,4743,237,2,22.09,0.0
18901,4743,7,2,5.95,0.0
18902,4744,250,1,10.1,0.0
18903,4744,10,2,17.86,0.0
18904,4745,21,2,3.76,0.0
18905,4745,15,2,11.21,0.0
18906,4746,35,1,3.73,0.0
18907,4746,145,2,3.0,0.0
18908,4746,20,3,19.92,0.0
18909,4746,23,3,14.2,0.0
18910,4746,26,2,10.08,0.0
18911,4747,195,3,9.71,0.0
18912,4747,118,2,4.15,0.0
18913,4748,18,3,19.15,0.0
18914,4748,21,2,3.76,0.0
18915,4748,13,1,4.43,0.0
18916,4748,38,1,12.67,0.0
18917,4749,10,4,17.86,0.0
18918,4749,21,2,3.76,0.0
18919,4749,142,2,16.37,0.0
18920,4750,50,2,16.52,0.0
18921,4750,19,1,7.1,0.0
18922,4751,24,3,6.46,0.65
18923,4751,7,1,5.95,0.0
18924,4752,153,1,7.5,0.0
18925,4752,35,2,3.73,0.0
18926,4752,46,1,24.33,0.0
18927,4753,16,2,3.81,0.0
18928,4753,9,2,12.58,0.0
18929,4753,11,3,10.32,1.03
18930,4754,36,2,23.88,0.0
18931,4754,5,2,11.32,0.0
18932,4755,99,3,15.86,0.0
18933,4755,12,1,12.04,0.0
18934,4755,36,2,23.88,0.0
18935,4755,23,2,14.2,0.0
18936,4756,33,2,5.52,0.55
18937,4756,2,1,11.3,0.0
18938,4756,35,3,3.73,0.0
18939,4756,101,1,3.87,0.39
18940,4756,170,3,13.05,0.0
18941,4756,22,1,16.56,1.66
18942,4757,4,1,8.66,0.0
18943,4757,13,3,4.43,0.0
18944,4757,19,2,7.1,0.0
18945,4757,20,3,19.92,0.0
18946,4757,88,2,19.81,0.0
18947,4758,33,1,5.52,0.0
18948,4758,7,3,5.95,0.0
18949,4758,12,1,12.04,0.0
18950,4758,78,1,3.94,0.0
18951,4758,15,1,11.21,0.0
18952,4759,145,4,3.0,0.0
18953,4759,2,4,11.3,0.0
18954,4760,170,2,13.05,1.31
18955,4760,38,2,12.67,0.0
18956,4761,32,1,5.99,0.0
18957,4761,15,3,11.21,0.0
18958,4761,143,3,22.76,0.0
18959,4761,52,2,15.6,0.0
18960,4761,246,2,4.38,0.0
18961,4761,29,3,5.4,0.0
18962,4762,32,3,5.99,0.0
18963,4762,29,3,5.4,0.0
18964,4762,5,1,11.32,0.0
18965,4763,18,1,19.15,0.0
18966,4763,28,3,16.85,0.0
18967,4763,30,2,4.36,0.44
18968,4763,114,1,18.17,0.0
18969,4764,32,1,5.99,0.0
18970,4764,5,1,11.32,0.0
18971,4764,7,3,5.95,0.0
18972,4764,14,3,12.02,0.0
18973,4764,16,1,3.81,0.0
18974,4764,23,2,14.2,0.0
18975,4765,23,2,14.2,0.0
18976,4765,229,2,17.37,1.74
18977,4765,7,2,5.95,0.0
18978,4766,33,1,5.52,0.0
18979,4766,34,2,19.46,0.0
18980,4766,26,1,10.08,0.0
18981,4766,29,3,5.4,0.0
18982,4767,35,3,3.73,0.0
18983,4767,11,3,10.32,0.0
18984,4767,13,3,4.43,0.0
18985,4767,206,1,6.96,0.0
18986,4767,24,3,6.46,0.0
18987,4768,34,1,19.46,0.0
18988,4768,195,1,9.71,0.97
18989,4768,58,3,8.6,0.0
18990,4768,142,2,16.37,0.0
18991,4768,26,3,10.08,0.0
18992,4768,156,3,22.79,0.0
18993,4769,178,1,12.33,0.0
18994,4769,35,1,3.73,0.0
18995,4769,238,1,3.0,0.0
18996,4770,121,3,2.42,0.0
18997,4770,39,3,14.97,0.0
18998,4770,10,1,17.86,0.0
18999,4770,89,3,17.61,0.0
19000,4770,26,2,10.08,0.0
19001,4771,40,2,15.33,0.0
19002,4771,11,3,10.32,0.0
19003,4771,203,1,16.15,0.0
19004,4771,29,1,5.4,0.0
19005,4771,30,3,4.36,0.0
19006,4772,96,1,7.8,0.0
19007,4772,1,2,11.87,0.0
19008,4772,19,1,7.1,0.0
19009,4772,22,1,16.56,1.66
19010,4773,120,2,13.7,0.0
19011,4773,129,3,8.8,0.0
19012,4773,54,3,3.71,0.0
19013,4774,5,2,11.32,1.13
19014,4774,203,1,16.15,0.0
19015,4774,12,1,12.04,0.0
19016,4774,48,2,12.11,0.0
19017,4774,244,1,7.55,0.0
19018,4774,23,3,14.2,0.0
19019,4775,64,3,15.35,0.0
19020,4775,121,3,2.42,0.0
19021,4775,8,2,23.8,0.0
19022,4775,11,1,10.32,0.0
19023,4775,25,1,19.85,0.0
19024,4775,29,3,5.4,0.54
19025,4776,160,2,12.13,0.0
19026,4776,154,2,24.21,2.42
19027,4776,28,1,16.85,0.0
19028,4777,16,1,3.81,0.0
19029,4777,34,4,19.46,0.0
19030,4778,8,1,23.8,0.0
19031,4778,189,3,10.88,0.0
19032,4779,1,2,11.87,0.0
19033,4779,35,1,3.73,0.0
19034,4779,190,3,3.88,0.0
19035,4780,2,4,11.3,0.0
19036,4780,11,1,10.32,0.0
19037,4780,13,2,4.43,0.0
19038,4781,108,2,18.3,0.0
19039,4781,14,4,12.02,1.2
19040,4781,15,3,11.21,0.0
19041,4781,17,4,22.02,0.0
19042,4781,31,2,7.89,0.0
19043,4782,68,1,22.91,0.0
19044,4782,14,4,12.02,0.0
19045,4782,214,2,7.48,0.0
19046,4782,22,2,16.56,0.0
19047,4782,159,4,15.12,0.0
19048,4783,57,1,10.48,0.0
19049,4783,146,2,10.38,0.0
19050,4784,73,1,24.03,0.0
19051,4784,250,4,10.1,0.0
19052,4784,21,3,3.76,0.0
19053,4785,192,1,9.33,0.0
19054,4785,32,1,5.99,0.0
19055,4785,3,3,16.72,0.0
19056,4785,37,1,16.44,0.0
19057,4785,146,1,10.38,1.04
19058,4785,26,3,10.08,0.0
19059,4786,32,1,5.99,0.0
19060,4786,35,3,3.73,0.0
19061,4786,37,3,16.44,0.0
19062,4786,229,3,17.37,0.0
19063,4786,88,1,19.81,0.0
19064,4786,28,3,16.85,0.0
19065,4787,16,2,3.81,0.0
19066,4787,20,2,19.92,1.99
19067,4788,3,1,16.72,0.0
19068,4788,131,1,13.68,0.0
19069,4788,8,3,23.8,0.0
19070,4788,20,1,19.92,0.0
19071,4788,244,3,7.55,0.0
19072,4789,32,2,5.99,0.0
19073,4789,48,1,12.11,0.0
19074,4790,41,3,17.67,0.0
19075,4790,106,1,17.23,0.0
19076,4790,74,3,12.36,0.0
19077,4790,78,1,3.94,0.0
19078,4791,32,3,5.99,0.6
19079,4791,193,2,4.28,0.0
19080,4791,162,2,19.9,0.0
19081,4791,169,1,3.2,0.0
19082,4791,12,2,12.04,0.0
19083,4791,31,2,7.89,0.0
19084,4792,233,2,14.51,0.0
19085,4792,5,3,11.32,0.0
19086,4792,37,2,16.44,0.0
19087,4793,33,3,5.52,0.0
19088,4793,2,2,11.3,0.0
19089,4793,3,1,16.72,0.0
19090,4793,54,2,3.71,0.0
19091,4793,157,2,6.46,0.0
19092,4794,17,1,22.02,0.0
19093,4794,27,3,24.04,0.0
19094,4794,9,2,12.58,1.26
19095,4795,16,2,3.81,0.0
19096,4795,65,1,23.95,0.0
19097,4795,33,1,5.52,0.55
19098,4796,177,3,5.69,0.0
19099,4796,146,1,10.38,0.0
19100,4797,3,3,16.72,0.0
19101,4797,11,1,10.32,0.0
19102,4797,13,1,4.43,0.0
19103,4797,77,2,24.59,0.0
19104,4797,17,1,22.02,0.0
19105,4797,187,3,11.12,0.0
19106,4798,34,3,19.46,0.0
19107,4798,36,3,23.88,0.0
19108,4798,13,1,4.43,0.0
19109,4798,21,2,3.76,0.0
19110,4798,121,1,2.42,0.0
19111,4799,38,3,12.67,0.0
19112,4799,201,1,19.45,0.0
19113,4799,12,1,12.04,0.0
19114,4799,13,1,4.43,0.0
19115,4799,16,1,3.81,0.0
19116,4799,184,2,22.35,2.24
19117,4800,32,2,5.99,0.0
19118,4800,34,2,19.46,1.95
19119,4800,110,1,14.86,0.0
19120,4800,30,1,4.36,0.0
19121,4801,13,1,4.43,0.0
19122,4801,38,2,12.67,0.0
19123,4801,7,3,5.95,0.0
19124,4802,169,3,3.2,0.32
19125,4802,110,1,14.86,1.49
19126,4802,210,1,11.73,0.0
19127,4802,26,1,10.08,0.0
19128,4802,29,3,5.4,0.0
19129,4802,31,3,7.89,0.0
19130,4803,3,3,16.72,0.0
19131,4803,11,2,10.32,0.0
19132,4803,22,3,16.56,0.0
19133,4803,15,1,11.21,0.0
19134,4804,33,1,5.52,0.0
19135,4804,3,1,16.72,0.0
19136,4804,28,3,16.85,0.0
19137,4805,9,1,12.58,0.0
19138,4805,34,1,19.46,0.0
19139,4805,241,1,19.19,0.0
19140,4805,23,3,14.2,0.0
19141,4806,97,3,21.59,2.16
19142,4806,34,2,19.46,0.0
19143,4806,6,1,24.22,0.0
19144,4806,114,2,18.17,0.0
19145,4806,182,3,22.94,0.0
19146,4807,52,4,15.6,0.0
19147,4807,38,4,12.67,0.0
19148,4808,8,1,23.8,0.0
19149,4808,26,1,10.08,0.0
19150,4808,20,1,19.92,0.0
19151,4808,29,1,5.4,0.0
19152,4809,3,2,16.72,0.0
19153,4809,4,2,8.66,0.0
19154,4809,36,3,23.88,2.39
19155,4809,17,2,22.02,2.2
19156,4809,221,1,16.53,0.0
19157,4810,88,2,19.81,0.0
19158,4810,34,3,19.46,0.0
19159,4810,223,1,18.53,0.0
19160,4811,23,1,14.2,0.0
19161,4811,95,1,10.89,0.0
19162,4812,184,2,22.35,0.0
19163,4812,114,3,18.17,0.0
19164,4812,120,3,13.7,0.0
19165,4812,199,1,12.87,0.0
19166,4813,32,2,5.99,0.0
19167,4813,33,2,5.52,0.55
19168,4813,194,3,18.44,0.0
19169,4813,3,3,16.72,1.67
19170,4813,10,3,17.86,1.79
19171,4813,11,1,10.32,0.0
19172,4814,140,2,6.16,0.0
19173,4814,15,1,11.21,0.0
19174,4814,112,3,9.55,0.0
19175,4814,52,3,15.6,0.0
19176,4814,23,2,14.2,0.0
19177,4814,28,3,16.85,0.0
19178,4815,32,4,5.99,0.0
19179,4815,27,2,24.04,0.0
19180,4815,19,4,7.1,0.0
19181,4816,24,2,6.46,0.0
19182,4816,37,3,16.44,0.0
19183,4817,6,3,24.22,0.0
19184,4817,236,2,2.47,0.0
19185,4817,38,2,12.67,1.27
19186,4817,63,2,10.84,0.0
19187,4818,9,3,12.58,0.0
19188,4818,210,1,11.73,0.0
19189,4819,33,1,5.52,0.0
19190,4819,10,3,17.86,0.0
19191,4819,110,1,14.86,0.0
19192,4819,51,3,20.32,0.0
19193,4819,21,2,3.76,0.0
19194,4819,214,2,7.48,0.0
19195,4820,9,1,12.58,0.0
19196,4820,7,2,5.95,0.0
19197,4821,4,2,8.66,0.0
19198,4821,15,4,11.21,0.0
19199,4821,16,4,3.81,0.0
19200,4821,118,1,4.15,0.0
19201,4821,25,2,19.85,0.0
19202,4821,60,1,24.48,0.0
19203,4822,136,2,22.16,0.0
19204,4822,121,2,2.42,0.0
19205,4822,115,2,23.78,0.0
19206,4822,30,3,4.36,0.0
19207,4823,24,4,6.46,0.0
19208,4823,17,3,22.02,0.0
19209,4823,59,3,16.83,0.0
19210,4823,20,2,19.92,0.0
19211,4824,33,1,5.52,0.55
19212,4824,105,3,17.09,1.71
19213,4824,234,2,20.09,0.0
19214,4824,16,1,3.81,0.0
19215,4824,19,1,7.1,0.71
19216,4824,151,1,20.03,0.0
19217,4825,72,2,13.53,0.0
19218,4825,16,2,3.81,0.0
19219,4825,37,2,16.44,0.0
19220,4826,228,3,6.31,0.0
19221,4826,142,2,16.37,0.0
19222,4826,191,4,7.16,0.0
19223,4827,16,1,3.81,0.0
19224,4827,29,2,5.4,0.54
19225,4827,30,3,4.36,0.0
19226,4828,32,2,5.99,0.0
19227,4828,120,2,13.7,0.0
19228,4829,19,3,7.1,0.0
19229,4829,15,2,11.21,0.0
19230,4830,106,2,17.23,0.0
19231,4830,29,2,5.4,0.0
19232,4830,7,1,5.95,0.0
19233,4831,28,3,16.85,0.0
19234,4831,23,2,14.2,0.0
19235,4831,87,1,10.91,0.0
19236,4832,32,1,5.99,0.0
19237,4832,201,1,19.45,0.0
19238,4832,34,3,19.46,0.0
19239,4832,38,3,12.67,0.0
19240,4833,34,3,19.46,1.95
19241,4833,6,3,24.22,0.0
19242,4833,21,2,3.76,0.0
19243,4833,24,3,6.46,0.0
19244,4833,28,3,16.85,0.0
19245,4834,239,2,10.9,0.0
19246,4834,23,2,14.2,0.0
19247,4834,248,2,19.4,0.0
19248,4834,124,1,9.86,0.99
19249,4834,29,3,5.4,0.0
19250,4835,1,2,11.87,0.0
19251,4835,36,1,23.88,0.0
19252,4835,11,1,10.32,0.0
19253,4835,14,2,12.02,0.0
19254,4835,54,1,3.71,0.0
19255,4835,24,3,6.46,0.0
19256,4836,24,2,6.46,0.0
19257,4836,27,1,24.04,2.4
19258,4836,6,2,24.22,0.0
19259,4837,25,1,19.85,0.0
19260,4837,76,1,21.26,2.13
19261,4837,60,1,24.48,2.45
19262,4837,7,2,5.95,0.0
19263,4838,32,1,5.99,0.6
19264,4838,37,2,16.44,0.0
19265,4838,40,1,15.33,0.0
19266,4838,26,3,10.08,0.0
19267,4838,156,2,22.79,0.0
19268,4839,8,2,23.8,0.0
19269,4839,11,3,10.32,0.0
19270,4839,110,2,14.86,0.0
19271,4839,16,2,3.81,0.0
19272,4839,24,1,6.46,0.0
19273,4839,25,3,19.85,0.0
19274,4840,66,3,19.0,0.0
19275,4840,3,3,16.72,0.0
19276,4840,17,1,22.02,0.0
19277,4840,22,2,16.56,1.66
19278,4840,24,3,6.46,0.0
19279,4840,91,2,16.51,0.0
19280,4841,16,3,3.81,0.0
19281,4841,183,3,20.78,0.0
19282,4842,40,1,15.33,0.0
19283,4842,2,2,11.3,0.0
19284,4842,39,3,14.97,0.0
19285,4843,44,3,24.69,0.0
19286,4843,5,3,11.32,0.0
19287,4843,15,3,11.21,1.12
19288,4844,32,2,5.99,0.0
19289,4844,202,2,12.79,0.0
19290,4844,206,2,6.96,0.7
19291,4844,160,1,12.13,0.0
19292,4845,34,1,19.46,0.0
19293,4845,8,1,23.8,0.0
19294,4845,12,4,12.04,0.0
19295,4845,50,2,16.52,0.0
19296,4845,27,3,24.04,0.0
19297,4845,28,4,16.85,0.0
19298,4846,12,2,12.04,0.0
19299,4846,212,2,7.47,0.0
19300,4846,85,1,10.37,1.04
19301,4846,22,1,16.56,0.0
19302,4846,23,1,14.2,0.0
19303,4846,29,3,5.4,0.0
19304,4847,9,3,12.58,0.0
19305,4847,27,1,24.04,0.0
19306,4848,11,2,10.32,0.0
19307,4848,12,1,12.04,0.0
19308,4848,21,1,3.76,0.0
19309,4849,24,3,6.46,0.0
19310,4849,201,1,19.45,0.0
19311,4849,26,1,10.08,0.0
19312,4849,19,1,7.1,0.71
19313,4850,32,1,5.99,0.0
19314,4850,163,2,13.57,0.0
19315,4850,167,2,15.91,0.0
19316,4850,9,3,12.58,0.0
19317,4850,188,2,10.6,0.0
19318,4850,29,2,5.4,0.54
19319,4851,35,1,3.73,0.0
19320,4851,40,1,15.33,0.0
19321,4851,11,2,10.32,0.0
19322,4851,13,3,4.43,0.0
19323,4851,16,2,3.81,0.0
19324,4851,31,1,7.89,0.0
19325,4852,72,1,13.53,0.0
19326,4852,35,3,3.73,0.0
19327,4852,228,3,6.31,0.0
19328,4853,5,2,11.32,0.0
19329,4853,233,1,14.51,0.0
19330,4853,111,1,16.8,0.0
19331,4853,210,2,11.73,0.0
19332,4853,24,3,6.46,0.0
19333,4853,31,3,7.89,0.0
19334,4854,42,1,22.29,2.23
19335,4854,67,3,2.94,0.0
19336,4855,216,3,16.32,0.0
19337,4855,13,1,4.43,0.0
19338,4855,14,1,12.02,0.0
19339,4856,38,2,12.67,0.0
19340,4856,14,1,12.02,0.0
19341,4856,176,3,3.93,0.0
19342,4856,88,4,19.81,0.0
19343,4856,27,3,24.04,0.0
19344,4857,1,3,11.87,0.0
19345,4857,34,1,19.46,0.0
19346,4857,33,3,5.52,0.55
19347,4857,5,2,11.32,0.0
19348,4857,31,3,7.89,0.0
19349,4858,30,2,4.36,0.0
19350,4858,79,3,16.86,0.0
19351,4859,128,2,5.56,0.0
19352,4859,20,3,19.92,0.0
19353,4860,72,3,13.53,1.35
19354,4860,8,3,23.8,0.0
19355,4860,35,1,3.73,0.0
19356,4860,124,1,9.86,0.0
19357,4861,38,1,12.67,0.0
19358,4861,11,1,10.32,0.0
19359,4861,45,2,9.43,0.0
19360,4861,14,2,12.02,0.0
19361,4861,25,2,19.85,0.0
19362,4862,34,1,19.46,0.0
19363,4862,5,2,11.32,0.0
19364,4862,202,3,12.79,0.0
19365,4862,18,1,19.15,0.0
19366,4862,126,1,6.42,0.0
19367,4863,32,3,5.99,0.0
19368,4863,5,3,11.32,0.0
19369,4863,83,2,14.05,0.0
19370,4863,22,1,16.56,0.0
19371,4863,58,1,8.6,0.0
19372,4863,158,2,17.6,0.0
19373,4864,25,1,19.85,0.0
19374,4864,106,2,17.23,0.0
19375,4864,35,1,3.73,0.0
19376,4865,3,3,16.72,0.0
19377,4865,66,4,19.0,0.0
19378,4865,2,4,11.3,1.13
19379,4865,13,2,4.43,0.0
19380,4866,35,2,3.73,0.37
19381,4866,7,1,5.95,0.0
19382,4866,9,1,12.58,0.0
19383,4866,26,2,10.08,0.0
19384,4866,30,1,4.36,0.0
19385,4867,218,3,21.24,0.0
19386,4867,27,3,24.04,0.0
19387,4867,14,1,12.02,0.0
19388,4868,33,2,5.52,0.0
19389,4868,194,2,18.44,1.84
19390,4868,35,2,3.73,0.0
19391,4868,134,1,14.11,0.0
19392,4868,46,2,24.33,0.0
19393,4868,147,3,18.55,0.0
19394,4869,24,1,6.46,0.65
19395,4869,13,3,4.43,0.0
19396,4870,193,2,4.28,0.0
19397,4870,5,1,11.32,0.0
19398,4870,9,3,12.58,1.26
19399,4870,187,2,11.12,0.0
19400,4870,157,2,6.46,0.0
19401,4871,228,2,6.31,0.0
19402,4871,28,1,16.85,0.0
19403,4871,57,3,10.48,1.05
19404,4871,188,2,10.6,0.0
19405,4871,127,2,25.0,0.0
19406,4872,201,1,19.45,0.0
19407,4872,26,2,10.08,0.0
19408,4872,185,1,23.4,2.34
19409,4872,22,1,16.56,0.0
19410,4873,2,2,11.3,0.0
19411,4873,36,3,23.88,0.0
19412,4873,5,3,11.32,0.0
19413,4873,107,3,4.97,0.0
19414,4873,14,1,12.02,0.0
19415,4874,11,3,10.32,0.0
19416,4874,106,3,17.23,0.0
19417,4874,10,3,17.86,0.0
19418,4874,166,1,6.59,0.0
19419,4875,32,2,5.99,0.0
19420,4875,11,2,10.32,0.0
19421,4875,107,1,4.97,0.0
19422,4875,24,2,6.46,0.0
19423,4875,28,3,16.85,0.0
19424,4876,249,1,5.07,0.51
19425,4876,23,3,14.2,0.0
19426,4877,4,1,8.66,0.0
19427,4877,6,1,24.22,0.0
19428,4877,111,3,16.8,0.0
19429,4877,23,3,14.2,0.0
19430,4877,184,2,22.35,0.0
19431,4877,26,3,10.08,0.0
19432,4878,33,3,5.52,0.0
19433,4878,34,1,19.46,0.0
19434,4878,21,3,3.76,0.0
19435,4878,24,3,6.46,0.0
19436,4878,27,3,24.04,2.4
19437,4879,1,2,11.87,1.19
19438,4879,69,2,15.15,0.0
19439,4879,5,1,11.32,0.0
19440,4879,11,3,10.32,0.0
19441,4879,94,1,14.83,0.0
19442,4880,17,3,22.02,0.0
19443,4880,27,2,24.04,0.0
19444,4880,25,2,19.85,1.99
19445,4881,35,2,3.73,0.37
19446,4881,4,1,8.66,0.0
19447,4881,38,2,12.67,0.0
19448,4881,6,2,24.22,0.0
19449,4881,17,1,22.02,2.2
19450,4881,30,3,4.36,0.0
19451,4882,2,2,11.3,0.0
19452,4882,39,2,14.97,0.0
19453,4882,8,1,23.8,0.0
19454,4882,19,1,7.1,0.71
19455,4882,60,2,24.48,0.0
19456,4882,31,2,7.89,0.0
19457,4883,8,2,23.8,0.0
19458,4883,40,3,15.33,0.0
19459,4883,147,3,18.55,0.0
19460,4883,127,1,25.0,0.0
19461,4884,3,2,16.72,0.0
19462,4884,37,2,16.44,0.0
19463,4884,135,3,17.22,0.0
19464,4884,17,1,22.02,0.0
19465,4884,26,3,10.08,1.01
19466,4885,35,2,3.73,0.37
19467,4885,226,2,10.11,0.0
19468,4885,3,3,16.72,0.0
19469,4885,207,1,5.44,0.0
19470,4886,248,1,19.4,1.94
19471,4886,227,2,15.13,0.0
19472,4886,70,3,6.33,0.0
19473,4886,7,3,5.95,0.0
19474,4887,161,3,19.7,0.0
19475,4887,229,3,17.37,1.74
19476,4887,39,4,14.97,0.0
19477,4887,28,1,16.85,0.0
19478,4887,31,2,7.89,0.0
19479,4888,32,1,5.99,0.0
19480,4888,37,1,16.44,0.0
19481,4888,112,3,9.55,0.0
19482,4888,49,2,12.79,0.0
19483,4888,19,2,7.1,0.0
19484,4889,40,1,15.33,0.0
19485,4889,31,3,7.89,0.0
19486,4890,4,1,8.66,0.0
19487,4890,5,2,11.32,0.0
19488,4890,38,1,12.67,0.0
19489,4890,11,3,10.32,0.0
19490,4890,29,2,5.4,0.0
19491,4890,31,3,7.89,0.0
19492,4891,36,3,23.88,0.0
19493,4891,7,2,5.95,0.0
19494,4891,42,2,22.29,0.0
19495,4891,26,2,10.08,0.0
19496,4891,62,2,15.66,0.0
19497,4892,36,1,23.88,0.0
19498,4892,40,1,15.33,0.0
19499,4892,209,2,16.0,0.0
19500,4892,18,1,19.15,0.0
19501,4892,51,3,20.32,0.0
19502,4893,17,1,22.02,0.0
19503,4893,2,2,11.3,0.0
19504,4893,3,3,16.72,0.0
19505,4893,213,3,4.8,0.0
19506,4894,3,1,16.72,0.0
19507,4894,26,3,10.08,0.0
19508,4894,83,2,14.05,0.0
19509,4894,4,1,8.66,0.87
19510,4895,38,3,12.67,0.0
19511,4895,18,3,19.15,0.0
19512,4895,25,4,19.85,0.0
19513,4895,189,4,10.88,0.0
19514,4895,223,2,18.53,0.0
19515,4896,248,2,19.4,0.0
19516,4896,85,2,10.37,0.0
19517,4896,176,2,3.93,0.0
19518,4897,99,1,15.86,1.59
19519,4897,5,1,11.32,0.0
19520,4897,8,3,23.8,0.0
19521,4897,21,2,3.76,0.0
19522,4897,149,2,16.04,0.0
19523,4897,216,1,16.32,0.0
19524,4898,8,2,23.8,0.0
19525,4898,16,1,3.81,0.0
19526,4898,177,1,5.69,0.0
19527,4898,17,2,22.02,0.0
19528,4898,115,2,23.78,0.0
19529,4898,22,3,16.56,0.0
19530,4899,66,2,19.0,1.9
19531,4899,36,1,23.88,0.0
19532,4899,39,2,14.97,0.0
19533,4899,237,3,22.09,2.21
19534,4899,246,2,4.38,0.0
19535,4900,32,3,5.99,0.6
19536,4900,98,2,24.18,0.0
19537,4900,12,1,12.04,1.2
19538,4900,18,2,19.15,0.0
19539,4900,23,3,14.2,0.0
19540,4900,31,1,7.89,0.0
19541,4901,1,2,11.87,0.0
19542,4901,18,3,19.15,0.0
19543,4901,11,1,10.32,0.0
19544,4902,4,1,8.66,0.0
19545,4902,6,3,24.22,0.0
19546,4902,43,2,16.79,0.0
19547,4902,11,1,10.32,0.0
19548,4902,150,2,19.3,0.0
19549,4903,40,3,15.33,0.0
19550,4903,108,1,18.3,0.0
19551,4903,39,1,14.97,0.0
19552,4903,208,2,23.63,0.0
19553,4904,40,3,15.33,0.0
19554,4904,195,3,9.71,0.0
19555,4905,38,2,12.67,0.0
19556,4905,36,1,23.88,0.0
19557,4905,6,3,24.22,0.0
19558,4905,31,3,7.89,0.0
19559,4906,33,3,5.52,0.0
19560,4906,228,2,6.31,0.0
19561,4906,17,2,22.02,0.0
19562,4906,50,3,16.52,0.0
19563,4906,20,3,19.92,1.99
19564,4906,213,1,4.8,0.0
19565,4907,32,1,5.99,0.0
19566,4907,28,2,16.85,0.0
19567,4907,29,1,5.4,0.0
19568,4908,106,3,17.23,0.0
19569,4908,35,1,3.73,0.0
19570,4908,22,2,16.56,1.66
19571,4908,39,3,14.97,0.0
19572,4909,2,2,11.3,1.13
19573,4909,73,2,24.03,0.0
19574,4909,139,1,5.55,0.0
19575,4909,14,3,12.02,0.0
19576,4909,19,3,7.1,0.0
19577,4910,8,1,23.8,0.0
19578,4910,196,1,5.36,0.54
19579,4911,1,2,11.87,0.0
19580,4911,40,1,15.33,0.0
19581,4911,14,3,12.02,0.0
19582,4911,142,2,16.37,0.0
19583,4911,23,3,14.2,1.42
19584,4912,32,3,5.99,0.0
19585,4912,189,1,10.88,0.0
19586,4912,22,1,16.56,0.0
19587,4913,65,1,23.95,0.0
19588,4913,202,1,12.79,0.0
19589,4913,55,1,12.62,0.0
19590,4914,2,3,11.3,1.13
19591,4914,99,1,15.86,0.0
19592,4914,37,2,16.44,0.0
19593,4914,17,2,22.02,0.0
19594,4914,29,2,5.4,0.0
19595,4915,198,3,23.1,0.0
19596,4915,9,3,12.58,0.0
19597,4915,46,1,24.33,0.0
19598,4915,23,1,14.2,0.0
19599,4915,25,1,19.85,1.99
19600,4915,221,1,16.53,0.0
19601,4916,148,3,24.3,0.0
19602,4916,5,3,11.32,0.0
19603,4916,183,2,20.78,2.08
19604,4917,75,2,20.65,0.0
19605,4917,6,2,24.22,0.0
19606,4918,148,4,24.3,0.0
19607,4918,10,4,17.86,0.0
19608,4918,84,2,16.03,0.0
19609,4918,23,2,14.2,0.0
19610,4919,32,2,5.99,0.0
19611,4919,35,3,3.73,0.0
19612,4919,6,2,24.22,0.0
19613,4919,7,2,5.95,0.0
19614,4919,220,3,14.33,0.0
19615,4920,192,3,9.33,0.0
19616,4920,36,1,23.88,0.0
19617,4920,16,3,3.81,0.0
19618,4920,21,2,3.76,0.0
19619,4920,22,3,16.56,0.0
19620,4920,30,2,4.36,0.0
19621,4921,11,2,10.32,0.0
19622,4921,23,2,14.2,1.42
19623,4922,6,3,24.22,0.0
19624,4922,247,2,15.38,0.0
19625,4923,136,2,22.16,0.0
19626,4923,113,1,4.94,0.0
19627,4924,225,1,2.04,0.0
19628,4924,26,2,10.08,0.0
19629,4924,10,3,17.86,0.0
19630,4924,14,1,12.02,0.0
19631,4925,248,2,19.4,0.0
19632,4925,24,1,6.46,0.0
19633,4925,182,3,22.94,0.0
19634,4926,2,2,11.3,0.0
19635,4926,35,1,3.73,0.0
19636,4926,21,3,3.76,0.0
19637,4926,22,1,16.56,0.0
19638,4927,32,3,5.99,0.0
19639,4927,81,1,18.28,0.0
19640,4927,4,2,8.66,0.0
19641,4928,1,2,11.87,0.0
19642,4928,36,2,23.88,0.0
19643,4928,6,3,24.22,0.0
19644,4928,15,2,11.21,0.0
19645,4928,112,3,9.55,0.0
19646,4928,185,3,23.4,2.34
19647,4929,140,2,6.16,0.62
19648,4929,16,2,3.81,0.0
19649,4929,177,1,5.69,0.0
19650,4929,18,2,19.15,0.0
19651,4929,55,1,12.62,0.0
19652,4929,183,3,20.78,0.0
19653,4930,34,2,19.46,0.0
19654,4930,6,1,24.22,0.0
19655,4930,17,1,22.02,2.2
19656,4930,113,2,4.94,0.0
19657,4930,30,3,4.36,0.0
19658,4930,31,2,7.89,0.0
19659,4931,67,3,2.94,0.29
19660,4931,5,3,11.32,0.0
19661,4932,6,3,24.22,0.0
19662,4932,14,1,12.02,0.0
19663,4932,48,2,12.11,0.0
19664,4932,188,2,10.6,0.0
19665,4932,190,3,3.88,0.0
19666,4933,179,3,13.81,0.0
19667,4933,37,3,16.44,0.0
19668,4934,2,3,11.3,0.0
19669,4934,132,2,14.41,0.0
19670,4934,15,3,11.21,0.0
19671,4935,105,1,17.09,0.0
19672,4935,205,3,2.44,0.0
19673,4935,238,4,3.0,0.0
19674,4935,47,1,9.27,0.0
19675,4935,119,2,17.42,0.0
19676,4936,40,1,15.33,0.0
19677,4936,24,1,6.46,0.0
19678,4936,18,2,19.15,0.0
19679,4936,19,2,7.1,0.0
19680,4937,10,2,17.86,0.0
19681,4937,229,3,17.37,0.0
19682,4937,79,1,16.86,0.0
19683,4938,35,2,3.73,0.0
19684,4938,3,3,16.72,1.67
19685,4938,6,3,24.22,0.0
19686,4938,8,2,23.8,2.38
19687,4938,23,1,14.2,0.0
19688,4938,215,1,16.7,0.0
19689,4939,24,3,6.46,0.0
19690,4939,10,2,17.86,0.0
19691,4939,18,1,19.15,1.92
19692,4939,20,3,19.92,0.0
19693,4940,144,1,18.59,0.0
19694,4940,204,2,22.83,0.0
19695,4940,13,2,4.43,0.44
19696,4941,59,2,16.83,0.0
19697,4941,94,1,14.83,0.0
19698,4941,55,3,12.62,0.0
19699,4942,34,3,19.46,0.0
19700,4942,35,2,3.73,0.0
19701,4942,5,1,11.32,0.0
19702,4942,18,3,19.15,0.0
19703,4942,23,3,14.2,0.0
19704,4942,124,3,9.86,0.0
19705,4943,10,2,17.86,0.0
19706,4943,13,1,4.43,0.0
19707,4943,15,1,11.21,0.0
19708,4944,11,1,10.32,0.0
19709,4944,40,1,15.33,0.0
19710,4944,3,3,16.72,0.0
19711,4944,31,1,7.89,0.0
19712,4945,1,1,11.87,0.0
19713,4945,7,1,5.95,0.0
19714,4945,10,3,17.86,0.0
19715,4945,17,2,22.02,0.0
19716,4945,19,1,7.1,0.0
19717,4945,53,2,10.09,0.0
19718,4946,37,1,16.44,0.0
19719,4946,21,2,3.76,0.0
19720,4947,3,2,16.72,0.0
19721,4947,39,1,14.97,1.5
19722,4947,202,1,12.79,0.0
19723,4947,210,3,11.73,0.0
19724,4947,22,2,16.56,0.0
19725,4948,4,3,8.66,0.0
19726,4948,38,3,12.67,0.0
19727,4948,50,1,16.52,0.0
19728,4948,84,2,16.03,1.6
19729,4948,26,2,10.08,0.0
19730,4948,157,1,6.46,0.0
19731,4949,34,2,19.46,0.0
19732,4949,2,2,11.3,0.0
19733,4949,37,2,16.44,0.0
19734,4949,136,1,22.16,0.0
19735,4949,77,1,24.59,0.0
19736,4949,27,1,24.04,0.0
19737,4950,70,2,6.33,0.0
19738,4950,2,2,11.3,0.0
19739,4950,29,2,5.4,0.54
19740,4950,198,1,23.1,0.0
19741,4951,192,2,9.33,0.0
19742,4951,222,3,15.23,0.0
19743,4952,72,3,13.53,0.0
19744,4952,16,1,3.81,0.0
19745,4952,226,2,10.11,0.0
19746,4952,11,3,10.32,0.0
19747,4953,32,3,5.99,0.0
19748,4953,33,1,5.52,0.0
19749,4953,26,3,10.08,1.01
19750,4954,160,2,12.13,0.0
19751,4954,34,2,19.46,1.95
19752,4954,36,2,23.88,0.0
19753,4954,8,2,23.8,0.0
19754,4954,91,3,16.51,0.0
19755,4955,35,2,3.73,0.0
19756,4955,27,3,24.04,0.0
19757,4956,186,2,11.54,0.0
19758,4956,31,2,7.89,0.0
19759,4957,138,1,15.74,0.0
19760,4957,6,2,24.22,0.0
19761,4958,34,4,19.46,0.0
19762,4958,125,4,19.62,0.0
19763,4958,39,4,14.97,0.0
19764,4959,3,4,16.72,0.0
19765,4959,36,2,23.88,0.0
19766,4959,14,1,12.02,0.0
19767,4959,151,3,20.03,0.0
19768,4960,218,3,21.24,0.0
19769,4960,190,3,3.88,0.39
19770,4961,75,4,20.65,0.0
19771,4961,147,4,18.55,0.0
19772,4961,4,3,8.66,0.0
19773,4962,6,2,24.22,0.0
19774,4962,7,2,5.95,0.0
19775,4962,13,1,4.43,0.0
19776,4962,208,3,23.63,0.0
19777,4962,16,1,3.81,0.0
19778,4963,48,3,12.11,0.0
19779,4963,19,2,7.1,0.0
19780,4963,29,1,5.4,0.0
19781,4963,14,2,12.02,1.2
19782,4964,40,2,15.33,0.0
19783,4964,3,3,16.72,0.0
19784,4965,9,1,12.58,1.26
19785,4965,7,1,5.95,0.0
19786,4966,32,1,5.99,0.0
19787,4966,4,3,8.66,0.0
19788,4967,26,2,10.08,1.01
19789,4967,18,3,19.15,0.0
19790,4967,37,1,16.44,0.0
19791,4968,38,1,12.67,0.0
19792,4968,15,2,11.21,0.0
19793,4968,143,2,22.76,0.0
19794,4968,245,3,17.11,0.0
19795,4968,24,1,6.46,0.0
19796,4968,91,1,16.51,0.0
19797,4969,6,3,24.22,0.0
19798,4969,107,1,4.97,0.0
19799,4969,13,3,4.43,0.0
19800,4969,86,1,23.11,2.31
19801,4969,62,1,15.66,0.0
19802,4970,176,3,3.93,0.0
19803,4970,21,3,3.76,0.0
19804,4970,39,2,14.97,0.0
19805,4971,32,3,5.99,0.0
19806,4971,35,2,3.73,0.0
19807,4971,6,3,24.22,0.0
19808,4971,13,3,4.43,0.0
19809,4971,15,3,11.21,0.0
19810,4971,95,2,10.89,0.0
19811,4972,168,2,22.08,0.0
19812,4972,32,2,5.99,0.0
19813,4972,37,3,16.44,0.0
19814,4972,106,2,17.23,0.0
19815,4973,160,2,12.13,0.0
19816,4973,37,3,16.44,0.0
19817,4973,135,1,17.22,0.0
19818,4973,15,1,11.21,0.0
19819,4973,20,2,19.92,0.0
19820,4973,27,1,24.04,0.0
19821,4974,33,2,5.52,0.0
19822,4974,11,1,10.32,0.0
19823,4974,20,3,19.92,1.99
19824,4974,28,3,16.85,0.0
19825,4974,158,1,17.6,0.0
19826,4974,31,2,7.89,0.0
19827,4975,136,3,22.16,0.0
19828,4975,25,3,19.85,0.0
19829,4975,10,1,17.86,0.0
19830,4975,12,2,12.04,0.0
19831,4976,5,3,11.32,0.0
19832,4976,59,1,16.83,0.0
19833,4976,49,2,12.79,0.0
19834,4976,20,2,19.92,0.0
19835,4976,22,2,16.56,0.0
19836,4976,27,3,24.04,0.0
19837,4977,236,2,2.47,0.25
19838,4977,132,3,14.41,0.0
19839,4977,5,1,11.32,1.13
19840,4977,38,3,12.67,0.0
19841,4978,36,1,23.88,2.39
19842,4978,7,2,5.95,0.0
19843,4978,9,1,12.58,0.0
19844,4978,20,1,19.92,0.0
19845,4978,121,1,2.42,0.0
19846,4979,194,3,18.44,0.0
19847,4979,4,2,8.66,0.0
19848,4979,5,3,11.32,0.0
19849,4979,200,3,21.12,0.0
19850,4979,21,1,3.76,0.0
19851,4980,36,2,23.88,0.0
19852,4980,46,2,24.33,0.0
19853,4980,19,2,7.1,0.0
19854,4980,21,3,3.76,0.0
19855,4980,23,2,14.2,0.0
19856,4980,27,3,24.04,0.0
19857,4981,32,2,5.99,0.0
19858,4981,3,3,16.72,0.0
19859,4981,9,2,12.58,0.0
19860,4981,21,1,3.76,0.0
19861,4981,28,2,16.85,0.0
19862,4982,5,1,11.32,0.0
19863,4982,21,1,3.76,0.0
19864,4983,19,2,7.1,0.71
19865,4983,20,2,19.92,0.0
19866,4983,149,1,16.04,0.0
19867,4984,2,2,11.3,0.0
19868,4984,4,3,8.66,0.0
19869,4984,9,2,12.58,0.0
19870,4984,23,2,14.2,0.0
19871,4984,247,1,15.38,0.0
19872,4985,39,4,14.97,0.0
19873,4985,198,3,23.1,0.0
19874,4985,159,3,15.12,0.0
19875,4986,36,3,23.88,0.0
19876,4986,166,2,6.59,0.0
19877,4986,13,2,4.43,0.0
19878,4986,147,1,18.55,0.0
19879,4986,27,1,24.04,2.4
19880,4986,31,3,7.89,0.0
19881,4987,16,2,3.81,0.0
19882,4987,18,1,19.15,0.0
19883,4987,215,1,16.7,0.0
19884,4987,25,1,19.85,0.0
19885,4987,27,1,24.04,0.0
19886,4988,203,2,16.15,0.0
19887,4988,6,2,24.22,0.0
19888,4989,33,1,5.52,0.0
19889,4989,6,2,24.22,0.0
19890,4990,9,2,12.58,0.0
19891,4990,41,2,17.67,0.0
19892,4990,172,1,23.49,0.0
19893,4990,16,1,3.81,0.0
19894,4990,179,1,13.81,0.0
19895,4991,137,2,16.21,0.0
19896,4991,17,3,22.02,0.0
19897,4992,203,1,16.15,1.61
19898,4992,38,1,12.67,0.0
19899,4992,119,1,17.42,1.74
19900,4993,38,1,12.67,0.0
19901,4993,40,1,15.33,0.0
19902,4993,15,3,11.21,0.0
19903,4993,241,1,19.19,0.0
19904,4993,149,3,16.04,0.0
19905,4993,156,3,22.79,0.0
19906,4994,1,2,11.87,0.0
19907,4994,6,1,24.22,0.0
19908,4994,39,1,14.97,0.0
19909,4994,40,3,15.33,0.0
19910,4994,10,3,17.86,0.0
19911,4994,16,2,3.81,0.38
19912,4995,194,1,18.44,0.0
19913,4995,133,1,18.99,0.0
19914,4996,190,1,3.88,0.0
19915,4996,38,3,12.67,0.0
19916,4997,38,1,12.67,0.0
19917,4997,23,2,14.2,0.0
19918,4997,25,2,19.85,0.0
19919,4997,218,1,21.24,0.0
19920,4997,27,2,24.04,0.0
19921,4997,62,2,15.66,0.0
19922,4998,25,3,19.85,0.0
19923,4998,19,1,7.1,0.71
19924,4998,141,3,17.94,0.0
19925,4998,17,1,22.02,0.0
19926,4999,24,1,6.46,0.0
19927,4999,156,3,22.79,0.0
19928,5000,210,3,11.73,0.0
19929,5000,178,1,12.33,1.23
19930,5001,19,2,7.1,0.0
19931,5001,122,3,9.1,0.0
19932,5001,242,1,10.21,0.0
19933,5002,13,3,4.43,0.0
19934,5002,113,2,4.94,0.0
19935,5002,19,1,7.1,0.0
19936,5002,26,1,10.08,0.0
19937,5002,123,3,23.88,0.0
19938,5002,92,1,9.7,0.0
19939,5003,24,1,6.46,0.0
19940,5003,217,1,3.44,0.0
19941,5003,155,3,20.04,0.0
19942,5004,38,2,12.67,0.0
19943,5004,19,3,7.1,0.0
19944,5004,20,3,19.92,1.99
19945,5004,121,3,2.42,0.0
19946,5004,26,2,10.08,0.0
19947,5004,25,1,19.85,1.99
19948,5005,17,3,22.02,0.0
19949,5005,36,1,23.88,0.0
19950,5005,4,2,8.66,0.0
19951,5005,7,3,5.95,0.0
19952,5006,26,3,10.08,1.01
19953,5006,91,2,16.51,0.0
19954,5006,20,2,19.92,0.0
19955,5006,14,2,12.02,1.2
19956,5007,33,1,5.52,0.0
19957,5007,27,3,24.04,0.0
19958,5007,29,3,5.4,0.0
19959,5007,17,3,22.02,0.0
19960,5008,82,1,24.79,0.0
19961,5008,3,2,16.72,0.0
19962,5008,36,2,23.88,2.39
19963,5008,109,3,3.95,0.0
19964,5009,216,1,16.32,0.0
19965,5009,16,2,3.81,0.0
19966,5009,40,2,15.33,1.53
19967,5009,35,1,3.73,0.0
19968,5010,183,2,20.78,0.0
19969,5010,13,3,4.43,0.0
19970,5010,15,2,11.21,1.12
19971,5011,4,1,8.66,0.0
19972,5011,11,1,10.32,0.0
19973,5011,46,2,24.33,0.0
19974,5011,87,2,10.91,0.0
19975,5011,25,3,19.85,0.0
19976,5012,36,2,23.88,0.0
19977,5012,149,3,16.04,1.6
19978,5012,22,1,16.56,0.0
19979,5013,8,1,23.8,0.0
19980,5013,30,3,4.36,0.0
19981,5014,34,1,19.46,1.95
19982,5014,94,4,14.83,0.0
19983,5014,30,2,4.36,0.0
19984,5015,120,1,13.7,0.0
19985,5015,20,2,19.92,0.0
19986,5015,5,3,11.32,0.0
19987,5015,238,2,3.0,0.0
19988,5016,11,2,10.32,0.0
19989,5016,12,1,12.04,0.0
19990,5016,14,2,12.02,0.0
19991,5017,32,2,5.99,0.6
19992,5017,27,3,24.04,2.4
19993,5018,3,2,16.72,0.0
19994,5018,15,2,11.21,0.0
19995,5018,18,3,19.15,0.0
19996,5018,20,2,19.92,0.0
19997,5018,25,3,19.85,0.0
19998,5019,9,1,12.58,0.0
19999,5019,36,3,23.88,0.0
20000,5020,39,1,14.97,0.0
20001,5020,108,3,18.3,0.0
20002,5020,15,3,11.21,1.12
20003,5020,22,3,16.56,0.0
20004,5020,26,1,10.08,1.01
20005,5021,88,2,19.81,0.0
20006,5021,17,1,22.02,0.0
20007,5021,244,1,7.55,0.0
20008,5021,102,2,17.26,0.0
20009,5022,185,3,23.4,0.0
20010,5022,34,3,19.46,1.95
20011,5022,31,2,7.89,0.0
20012,5023,21,3,3.76,0.0
20013,5023,103,2,23.09,0.0
20014,5024,202,2,12.79,0.0
20015,5024,124,2,9.86,0.0
20016,5024,207,1,5.44,0.0
20017,5025,32,3,5.99,0.0
20018,5025,109,1,3.95,0.0
20019,5025,30,1,4.36,0.0
20020,5026,97,2,21.59,0.0
20021,5026,17,2,22.02,0.0
20022,5027,210,2,11.73,0.0
20023,5027,162,1,19.9,0.0
20024,5027,250,2,10.1,0.0
20025,5027,142,3,16.37,0.0
20026,5028,35,2,3.73,0.0
20027,5028,14,1,12.02,0.0
20028,5029,200,1,21.12,0.0
20029,5029,2,2,11.3,0.0
20030,5029,29,3,5.4,0.0
20031,5030,64,1,15.35,0.0
20032,5030,221,3,16.53,0.0
20033,5030,5,1,11.32,0.0
20034,5030,7,2,5.95,0.0
20035,5031,66,3,19.0,0.0
20036,5031,4,1,8.66,0.0
20037,5031,40,3,15.33,0.0
20038,5031,16,1,3.81,0.0
20039,5031,21,3,3.76,0.0
20040,5032,1,1,11.87,0.0
20041,5032,34,3,19.46,0.0
20042,5032,38,1,12.67,0.0
20043,5032,6,2,24.22,0.0
20044,5032,245,3,17.11,0.0
20045,5032,28,3,16.85,0.0
20046,5033,32,2,5.99,0.0
20047,5033,229,3,17.37,0.0
20048,5033,166,2,6.59,0.0
20049,5033,16,2,3.81,0.0
20050,5033,24,3,6.46,0.65
20051,5033,95,3,10.89,0.0
20052,5034,32,2,5.99,0.0
20053,5034,112,3,9.55,0.0
20054,5034,69,3,15.15,0.0
20055,5035,16,1,3.81,0.0
20056,5035,35,2,3.73,0.0
20057,5036,162,1,19.9,1.99
20058,5036,9,3,12.58,0.0
20059,5036,10,3,17.86,0.0
20060,5036,189,1,10.88,0.0
20061,5036,31,1,7.89,0.0
20062,5037,8,1,23.8,0.0
20063,5037,112,1,9.55,0.96
20064,5038,224,2,8.7,0.0
20065,5038,4,3,8.66,0.0
20066,5038,14,2,12.02,0.0
20067,5039,235,2,13.68,0.0
20068,5039,30,3,4.36,0.44
20069,5039,7,3,5.95,0.6
20070,5040,3,1,16.72,0.0
20071,5040,7,1,5.95,0.6
20072,5040,39,2,14.97,0.0
20073,5041,164,3,11.63,0.0
20074,5041,31,1,7.89,0.0
20075,5042,249,3,5.07,0.0
20076,5042,20,3,19.92,0.0
20077,5043,32,1,5.99,0.0
20078,5043,33,2,5.52,0.0
20079,5043,6,2,24.22,0.0
20080,5043,39,3,14.97,0.0
20081,5043,240,1,10.59,0.0
20082,5044,33,2,5.52,0.0
20083,5044,30,2,4.36,0.0
20084,5045,32,3,5.99,0.0
20085,5045,10,1,17.86,0.0
20086,5045,12,3,12.04,0.0
20087,5045,146,3,10.38,0.0
20088,5045,212,2,7.47,0.0
20089,5045,21,1,3.76,0.0
20090,5046,222,1,15.23,0.0
20091,5046,29,2,5.4,0.0
20092,5046,14,3,12.02,0.0
20093,5047,16,3,3.81,0.0
20094,5047,5,2,11.32,0.0
20095,5048,36,3,23.88,2.39
20096,5048,7,3,5.95,0.0
20097,5048,46,2,24.33,0.0
20098,5048,117,3,22.99,0.0
20099,5048,27,3,24.04,0.0
20100,5048,28,1,16.85,0.0
20101,5049,24,2,6.46,0.0
20102,5049,250,1,10.1,0.0
20103,5049,21,1,3.76,0.0
20104,5050,1,2,11.87,0.0
20105,5050,2,2,11.3,0.0
20106,5050,36,1,23.88,0.0
20107,5050,38,2,12.67,0.0
20108,5050,103,2,23.09,0.0
20109,5050,218,2,21.24,0.0
20110,5051,38,2,12.67,0.0
20111,5051,103,1,23.09,0.0
20112,5052,2,2,11.3,0.0
20113,5052,38,1,12.67,0.0
20114,5052,7,3,5.95,0.0
20115,5052,16,1,3.81,0.0
20116,5052,19,2,7.1,0.0
20117,5052,31,3,7.89,0.0
20118,5053,112,3,9.55,0.0
20119,5053,11,2,10.32,0.0
20120,5053,134,2,14.11,0.0
20121,5053,6,1,24.22,0.0
20122,5054,96,3,7.8,0.0
20123,5054,32,2,5.99,0.6
20124,5054,9,3,12.58,0.0
20125,5054,12,2,12.04,0.0
20126,5054,240,4,10.59,0.0
20127,5054,24,3,6.46,0.0
20128,5055,40,1,15.33,0.0
20129,5055,18,1,19.15,0.0
20130,5055,27,2,24.04,0.0
20131,5055,78,3,3.94,0.0
20132,5056,144,3,18.59,0.0
20133,5056,34,1,19.46,0.0
20134,5056,196,2,5.36,0.0
20135,5057,28,3,16.85,0.0
20136,5057,21,1,3.76,0.0
20137,5058,40,2,15.33,0.0
20138,5058,10,3,17.86,0.0
20139,5058,12,2,12.04,0.0
20140,5058,250,2,10.1,0.0
20141,5058,31,1,7.89,0.0
20142,5059,32,2,5.99,0.0
20143,5059,185,3,23.4,2.34
20144,5059,18,3,19.15,0.0
20145,5060,44,2,24.69,0.0
20146,5060,16,3,3.81,0.0
20147,5060,17,1,22.02,0.0
20148,5060,22,2,16.56,0.0
20149,5060,54,3,3.71,0.0
20150,5060,157,2,6.46,0.0
20151,5061,3,2,16.72,0.0
20152,5061,39,1,14.97,0.0
20153,5061,9,2,12.58,1.26
20154,5061,145,1,3.0,0.3
20155,5061,24,1,6.46,0.0
20156,5061,124,2,9.86,0.0
20157,5062,173,4,18.36,1.84
20158,5062,150,3,19.3,0.0
20159,5063,40,2,15.33,0.0
20160,5063,27,1,24.04,0.0
20161,5064,48,3,12.11,0.0
20162,5064,40,3,15.33,1.53
20163,5065,33,1,5.52,0.0
20164,5065,233,2,14.51,0.0
20165,5065,52,3,15.6,0.0
20166,5065,86,1,23.11,0.0
20167,5065,27,3,24.04,0.0
20168,5066,13,2,4.43,0.0
20169,5066,82,2,24.79,0.0
20170,5066,20,1,19.92,0.0
20171,5066,24,1,6.46,0.0
20172,5066,28,3,16.85,0.0
20173,5067,35,3,3.73,0.0
20174,5067,11,1,10.32,0.0
20175,5067,15,2,11.21,0.0
20176,5067,16,1,3.81,0.0
20177,5067,63,2,10.84,0.0
20178,5068,35,1,3.73,0.0
20179,5068,183,4,20.78,0.0
20180,5069,3,3,16.72,0.0
20181,5069,27,3,24.04,2.4
20182,5069,157,3,6.46,0.0
20183,5069,30,1,4.36,0.0
20184,5069,31,4,7.89,0.0
20185,5070,8,2,23.8,0.0
20186,5070,1,1,11.87,0.0
20187,5070,206,3,6.96,0.0
20188,5071,32,3,5.99,0.0
20189,5071,35,1,3.73,0.0
20190,5071,8,3,23.8,0.0
20191,5071,40,1,15.33,0.0
20192,5071,14,2,12.02,0.0
20193,5071,26,3,10.08,0.0
20194,5072,4,3,8.66,0.0
20195,5072,10,1,17.86,0.0
20196,5072,49,2,12.79,0.0
20197,5072,18,3,19.15,0.0
20198,5072,28,3,16.85,0.0
20199,5073,218,2,21.24,0.0
20200,5073,12,1,12.04,0.0
20201,5073,159,3,15.12,0.0
20202,5074,39,2,14.97,0.0
20203,5074,40,1,15.33,0.0
20204,5074,147,2,18.55,0.0
20205,5074,23,2,14.2,0.0
20206,5074,25,2,19.85,0.0
20207,5075,57,2,10.48,0.0
20208,5075,36,1,23.88,0.0
20209,5076,165,1,5.73,0.0
20210,5076,133,2,18.99,0.0
20211,5076,7,1,5.95,0.0
20212,5076,215,2,16.7,0.0
20213,5076,24,1,6.46,0.0
20214,5076,27,2,24.04,0.0
20215,5077,5,2,11.32,0.0
20216,5077,38,3,12.67,1.27
20217,5077,6,2,24.22,0.0
20218,5077,12,2,12.04,0.0
20219,5077,17,3,22.02,0.0
20220,5078,21,4,3.76,0.0
20221,5078,14,3,12.02,0.0
20222,5079,225,2,2.04,0.0
20223,5079,82,3,24.79,0.0
20224,5080,153,1,7.5,0.0
20225,5080,15,3,11.21,0.0
20226,5080,51,2,20.32,0.0
20227,5080,25,3,19.85,1.99
20228,5080,220,2,14.33,0.0
20229,5081,26,1,10.08,0.0
20230,5081,19,3,7.1,0.0
20231,5082,153,1,7.5,0.0
20232,5082,19,3,7.1,0.0
20233,5082,20,2,19.92,0.0
20234,5082,180,3,21.11,0.0
20235,5082,152,3,7.38,0.0
20236,5082,25,2,19.85,1.99
20237,5083,1,1,11.87,0.0
20238,5083,203,2,16.15,0.0
20239,5083,209,3,16.0,0.0
20240,5083,212,3,7.47,0.0
20241,5083,21,2,3.76,0.38
20242,5083,24,3,6.46,0.0
20243,5084,1,3,11.87,0.0
20244,5084,33,3,5.52,0.0
20245,5084,169,3,3.2,0.0
20246,5084,15,2,11.21,0.0
20247,5084,16,1,3.81,0.0
20248,5084,221,2,16.53,0.0
20249,5085,144,1,18.59,0.0
20250,5085,204,2,22.83,2.28
20251,5085,6,2,24.22,0.0
20252,5086,35,3,3.73,0.0
20253,5086,195,3,9.71,0.0
20254,5086,20,3,19.92,0.0
20255,5086,21,1,3.76,0.0
20256,5086,187,3,11.12,0.0
20257,5086,29,1,5.4,0.0
20258,5087,16,4,3.81,0.0
20259,5087,177,3,5.69,0.0
20260,5087,215,2,16.7,0.0
20261,5087,15,4,11.21,0.0
20262,5088,18,2,19.15,0.0
20263,5088,163,2,13.57,1.36
20264,5089,98,1,24.18,0.0
20265,5089,4,1,8.66,0.0
20266,5089,173,1,18.36,0.0
20267,5089,123,1,23.88,0.0
20268,5089,30,1,4.36,0.0
20269,5089,31,3,7.89,0.0
20270,5090,12,2,12.04,0.0
20271,5090,151,1,20.03,2.0
20272,5091,24,2,6.46,0.65
20273,5091,86,2,23.11,0.0
20274,5091,15,1,11.21,0.0
20275,5092,160,2,12.13,0.0
20276,5092,110,1,14.86,0.0
20277,5092,15,1,11.21,0.0
20278,5092,52,1,15.6,0.0
20279,5092,30,2,4.36,0.0
20280,5093,65,2,23.95,0.0
20281,5093,2,2,11.3,0.0
20282,5093,35,1,3.73,0.37
20283,5093,48,3,12.11,0.0
20284,5093,19,3,7.1,0.0
20285,5094,1,3,11.87,0.0
20286,5094,66,2,19.0,0.0
20287,5094,5,1,11.32,0.0
20288,5094,199,1,12.87,0.0
20289,5094,138,2,15.74,0.0
20290,5095,65,1,23.95,0.0
20291,5095,34,1,19.46,1.95
20292,5095,14,2,12.02,0.0
20293,5095,22,3,16.56,1.66
20294,5095,26,2,10.08,0.0
20295,5096,26,2,10.08,0.0
20296,5096,245,3,17.11,0.0
20297,5096,119,2,17.42,0.0
20298,5097,37,3,16.44,1.64
20299,5097,168,1,22.08,0.0
20300,5097,14,1,12.02,0.0
20301,5097,30,3,4.36,0.0
20302,5097,31,1,7.89,0.79
20303,5098,8,1,23.8,0.0
20304,5098,12,1,12.04,0.0
20305,5098,14,2,12.02,0.0
20306,5098,144,1,18.59,1.86
20307,5098,24,1,6.46,0.0
20308,5099,6,1,24.22,0.0
20309,5099,135,2,17.22,0.0
20310,5099,200,2,21.12,0.0
20311,5099,208,3,23.63,0.0
20312,5099,51,1,20.32,0.0
20313,5099,19,1,7.1,0.0
20314,5100,50,2,16.52,1.65
20315,5100,12,3,12.04,0.0
20316,5100,28,1,16.85,0.0
20317,5101,59,1,16.83,0.0
20318,5101,203,2,16.15,0.0
20319,5102,1,3,11.87,0.0
20320,5102,5,2,11.32,0.0
20321,5102,198,3,23.1,0.0
20322,5102,146,2,10.38,0.0
20323,5102,19,2,7.1,0.0
20324,5102,30,2,4.36,0.0
20325,5103,28,2,16.85,0.0
20326,5103,22,1,16.56,0.0
20327,5104,33,1,5.52,0.0
20328,5104,12,1,12.04,0.0
20329,5105,16,3,3.81,0.0
20330,5105,9,1,12.58,0.0
20331,5105,11,2,10.32,0.0
20332,5105,92,1,9.7,0.0
20333,5106,25,3,19.85,1.99
20334,5106,86,3,23.11,0.0
20335,5106,15,3,11.21,0.0
20336,5107,38,2,12.67,0.0
20337,5107,7,2,5.95,0.6
20338,5108,35,3,3.73,0.0
20339,5108,198,1,23.1,2.31
20340,5108,30,1,4.36,0.0
20341,5109,25,2,19.85,0.0
20342,5109,117,1,22.99,2.3
20343,5109,5,3,11.32,0.0
20344,5109,14,3,12.02,0.0
20345,5110,81,2,18.28,0.0
20346,5110,169,3,3.2,0.0
20347,5110,20,2,19.92,0.0
20348,5111,2,3,11.3,0.0
20349,5111,34,2,19.46,0.0
20350,5111,5,3,11.32,0.0
20351,5111,37,1,16.44,0.0
20352,5111,20,3,19.92,0.0
20353,5111,22,1,16.56,0.0
20354,5112,3,1,16.72,0.0
20355,5112,6,2,24.22,0.0
20356,5112,12,2,12.04,1.2
20357,5112,20,2,19.92,0.0
20358,5112,31,2,7.89,0.79
20359,5113,33,2,5.52,0.0
20360,5113,198,1,23.1,0.0
20361,5113,40,1,15.33,0.0
20362,5113,12,3,12.04,0.0
20363,5113,23,2,14.2,0.0
20364,5113,154,3,24.21,0.0
20365,5114,1,2,11.87,0.0
20366,5114,37,1,16.44,0.0
20367,5114,167,3,15.91,0.0
20368,5114,21,2,3.76,0.0
20369,5114,26,1,10.08,0.0
20370,5115,48,1,12.11,0.0
20371,5115,90,3,3.2,0.32
20372,5115,26,3,10.08,0.0
20373,5115,39,3,14.97,0.0
20374,5116,36,2,23.88,0.0
20375,5116,6,1,24.22,0.0
20376,5116,207,1,5.44,0.0
20377,5116,18,3,19.15,0.0
20378,5116,31,2,7.89,0.0
20379,5117,1,2,11.87,1.19
20380,5117,195,2,9.71,0.0
20381,5117,21,2,3.76,0.0
20382,5117,102,1,17.26,0.0
20383,5118,9,1,12.58,0.0
20384,5118,29,3,5.4,0.54
20385,5118,21,2,3.76,0.38
20386,5118,56,2,2.86,0.0
20387,5118,93,1,9.58,0.0
20388,5118,95,2,10.89,0.0
20389,5119,32,3,5.99,0.0
20390,5119,1,3,11.87,0.0
20391,5119,35,2,3.73,0.0
20392,5119,38,3,12.67,0.0
20393,5119,77,2,24.59,0.0
20394,5119,153,3,7.5,0.0
20395,5120,44,1,24.69,0.0
20396,5120,143,3,22.76,0.0
20397,5120,47,1,9.27,0.0
20398,5120,23,1,14.2,0.0
20399,5120,94,3,14.83,0.0
20400,5121,39,3,14.97,0.0
20401,5121,14,1,12.02,0.0
20402,5121,245,3,17.11,0.0
20403,5121,185,2,23.4,0.0
20404,5121,28,3,16.85,0.0
20405,5122,1,2,11.87,0.0
20406,5122,46,2,24.33,2.43
20407,5122,17,3,22.02,0.0
20408,5122,20,1,19.92,0.0
20409,5122,23,1,14.2,1.42
20410,5122,26,3,10.08,0.0
20411,5123,32,2,5.99,0.0
20412,5123,36,3,23.88,0.0
20413,5123,39,1,14.97,0.0
20414,5123,9,2,12.58,0.0
20415,5123,18,2,19.15,0.0
20416,5123,27,3,24.04,0.0
20417,5124,7,1,5.95,0.0
20418,5124,9,3,12.58,0.0
20419,5124,212,3,7.47,0.0
20420,5124,181,2,4.11,0.0
20421,5124,23,2,14.2,0.0
20422,5125,202,2,12.79,0.0
20423,5125,23,1,14.2,0.0
20424,5126,136,1,22.16,0.0
20425,5126,8,1,23.8,0.0
20426,5127,34,2,19.46,0.0
20427,5127,132,3,14.41,0.0
20428,5127,6,1,24.22,0.0
20429,5127,206,2,6.96,0.0
20430,5127,215,2,16.7,0.0
20431,5128,35,4,3.73,0.0
20432,5128,92,4,9.7,0.0
20433,5128,70,4,6.33,0.0
20434,5129,16,2,3.81,0.0
20435,5129,18,3,19.15,0.0
20436,5129,87,1,10.91,0.0
20437,5129,219,2,13.5,0.0
20438,5129,190,3,3.88,0.0
20439,5130,10,1,17.86,0.0
20440,5130,101,3,3.87,0.0
20441,5130,23,4,14.2,0.0
20442,5131,96,1,7.8,0.0
20443,5131,35,2,3.73,0.0
20444,5131,4,1,8.66,0.0
20445,5131,18,1,19.15,0.0
20446,5131,23,1,14.2,0.0
20447,5131,221,1,16.53,0.0
20448,5132,80,3,2.9,0.0
20449,5132,169,1,3.2,0.0
20450,5132,42,2,22.29,0.0
20451,5132,208,2,23.63,0.0
20452,5133,32,1,5.99,0.0
20453,5133,37,2,16.44,0.0
20454,5133,13,3,4.43,0.0
20455,5133,206,1,6.96,0.0
20456,5133,29,3,5.4,0.0
20457,5134,225,2,2.04,0.0
20458,5134,36,2,23.88,0.0
20459,5134,38,1,12.67,0.0
20460,5134,177,1,5.69,0.0
20461,5134,31,2,7.89,0.0
20462,5135,112,1,9.55,0.0
20463,5135,18,1,19.15,0.0
20464,5135,13,1,4.43,0.0
20465,5136,227,3,15.13,0.0
20466,5136,68,2,22.91,0.0
20467,5136,7,3,5.95,0.0
20468,5136,77,1,24.59,0.0
20469,5136,24,3,6.46,0.65
20470,5137,49,2,12.79,0.0
20471,5137,28,1,16.85,0.0
20472,5137,39,1,14.97,0.0
20473,5138,154,2,24.21,0.0
20474,5138,110,1,14.86,1.49
20475,5138,38,1,12.67,0.0
20476,5138,7,3,5.95,0.0
20477,5139,241,2,19.19,0.0
20478,5139,44,2,24.69,0.0
20479,5139,21,2,3.76,0.0
20480,5140,143,2,22.76,0.0
20481,5140,11,1,10.32,0.0
20482,5140,7,1,5.95,0.0
20483,5141,36,1,23.88,0.0
20484,5141,7,3,5.95,0.0
20485,5141,8,3,23.8,0.0
20486,5141,9,3,12.58,0.0
20487,5141,71,2,15.92,0.0
20488,5141,26,2,10.08,0.0
20489,5142,8,1,23.8,2.38
20490,5142,113,3,4.94,0.0
20491,5142,49,1,12.79,0.0
20492,5142,216,1,16.32,0.0
20493,5143,192,1,9.33,0.0
20494,5143,4,2,8.66,0.0
20495,5143,75,3,20.65,0.0
20496,5143,12,3,12.04,0.0
20497,5143,19,4,7.1,0.0
20498,5144,3,3,16.72,1.67
20499,5144,20,4,19.92,0.0
20500,5145,6,2,24.22,0.0
20501,5145,139,2,5.55,0.0
20502,5145,171,3,10.54,0.0
20503,5145,21,3,3.76,0.0
20504,5145,25,1,19.85,0.0
20505,5145,26,3,10.08,0.0
20506,5146,35,1,3.73,0.0
20507,5146,4,2,8.66,0.0
20508,5146,39,1,14.97,1.5
20509,5146,40,1,15.33,0.0
20510,5146,13,2,4.43,0.0
20511,5146,25,2,19.85,0.0
20512,5147,37,1,16.44,0.0
20513,5147,9,1,12.58,0.0
20514,5147,10,3,17.86,0.0
20515,5147,17,1,22.02,0.0
20516,5147,20,2,19.92,0.0
20517,5148,194,3,18.44,0.0
20518,5148,10,2,17.86,0.0
20519,5148,14,1,12.02,0.0
20520,5148,122,2,9.1,0.0
20521,5148,93,2,9.58,0.0
20522,5149,40,3,15.33,1.53
20523,5149,10,2,17.86,0.0
20524,5149,32,2,5.99,0.0
20525,5149,21,1,3.76,0.0
20526,5150,79,2,16.86,0.0
20527,5150,16,2,3.81,0.0
20528,5150,181,1,4.11,0.0
20529,5150,23,3,14.2,0.0
20530,5150,249,3,5.07,0.0
20531,5150,29,1,5.4,0.0
20532,5151,40,4,15.33,0.0
20533,5151,36,1,23.88,0.0
20534,5152,24,2,6.46,0.0
20535,5152,4,4,8.66,0.0
20536,5153,1,2,11.87,0.0
20537,5153,95,1,10.89,1.09
20538,5154,24,3,6.46,0.0
20539,5154,197,2,2.88,0.0
20540,5154,46,3,24.33,2.43
20541,5155,5,2,11.32,0.0
20542,5155,31,2,7.89,0.0
20543,5156,48,3,12.11,0.0
20544,5156,116,3,24.93,0.0
20545,5156,4,3,8.66,0.0
20546,5157,32,1,5.99,0.0
20547,5157,65,1,23.95,0.0
20548,5157,8,3,23.8,0.0
20549,5157,52,2,15.6,0.0
20550,5157,22,1,16.56,1.66
20551,5157,29,2,5.4,0.0
20552,5158,11,3,10.32,0.0
20553,5158,142,1,16.37,0.0
20554,5159,96,1,7.8,0.0
20555,5159,2,2,11.3,0.0
20556,5159,38,3,12.67,0.0
20557,5159,11,2,10.32,0.0
20558,5159,17,3,22.02,0.0
20559,5160,24,3,6.46,0.0
20560,5160,235,1,13.68,0.0
20561,5161,16,3,3.81,0.38
20562,5161,32,2,5.99,0.0
20563,5161,6,1,24.22,0.0
20564,5162,193,3,4.28,0.0
20565,5162,197,3,2.88,0.0
20566,5162,11,2,10.32,0.0
20567,5162,141,1,17.94,0.0
20568,5162,22,3,16.56,0.0
20569,5163,33,1,5.52,0.0
20570,5163,26,3,10.08,0.0
20571,5163,211,1,19.85,0.0
20572,5163,35,3,3.73,0.0
20573,5164,33,3,5.52,0.0
20574,5164,225,3,2.04,0.0
20575,5164,37,1,16.44,0.0
20576,5164,167,1,15.91,0.0
20577,5164,40,3,15.33,0.0
20578,5165,24,1,6.46,0.0
20579,5165,65,1,23.95,0.0
20580,5165,18,2,19.15,0.0
20581,5165,81,2,18.28,0.0
20582,5166,160,2,12.13,0.0
20583,5166,39,3,14.97,0.0
20584,5166,15,3,11.21,0.0
20585,5166,25,1,19.85,0.0
20586,5166,31,3,7.89,0.0
20587,5167,152,4,7.38,0.0
20588,5167,57,1,10.48,0.0
20589,5167,6,4,24.22,2.42
20590,5168,14,1,12.02,0.0
20591,5168,39,3,14.97,1.5
20592,5169,67,1,2.94,0.0
20593,5169,40,1,15.33,1.53
20594,5169,8,1,23.8,0.0
20595,5169,80,1,2.9,0.0
20596,5169,212,2,7.47,0.0
20597,5169,214,3,7.48,0.75
20598,5170,162,3,19.9,0.0
20599,5170,35,3,3.73,0.0
20600,5170,39,1,14.97,0.0
20601,5171,112,2,9.55,0.0
20602,5171,31,3,7.89,0.0
20603,5172,22,3,16.56,0.0
20604,5172,14,3,12.02,0.0
20605,5173,26,2,10.08,0.0
20606,5173,28,2,16.85,1.69
20607,5173,29,3,5.4,0.0
20608,5174,203,1,16.15,1.61
20609,5174,23,1,14.2,0.0
20610,5175,35,3,3.73,0.0
20611,5175,13,3,4.43,0.0
20612,5175,45,2,9.43,0.94
20613,5175,18,2,19.15,0.0
20614,5175,23,3,14.2,0.0
20615,5176,24,3,6.46,0.0
20616,5176,17,3,22.02,0.0
20617,5176,96,2,7.8,0.0
20618,5176,200,3,21.12,0.0
20619,5177,40,3,15.33,0.0
20620,5177,171,3,10.54,0.0
20621,5177,23,1,14.2,0.0
20622,5178,6,3,24.22,2.42
20623,5178,232,3,23.93,0.0
20624,5178,235,3,13.68,0.0
20625,5178,149,1,16.04,0.0
20626,5178,30,3,4.36,0.0
20627,5179,194,1,18.44,1.84
20628,5179,36,2,23.88,0.0
20629,5179,6,2,24.22,0.0
20630,5179,240,2,10.59,0.0
20631,5179,21,3,3.76,0.0
20632,5180,16,1,3.81,0.0
20633,5180,163,1,13.57,0.0
20634,5181,183,2,20.78,0.0
20635,5181,92,3,9.7,0.0
20636,5181,23,3,14.2,0.0
20637,5182,40,2,15.33,0.0
20638,5182,13,1,4.43,0.0
20639,5182,184,2,22.35,0.0
20640,5183,35,1,3.73,0.0
20641,5183,236,3,2.47,0.0
20642,5183,13,2,4.43,0.0
20643,5183,16,3,3.81,0.0
20644,5183,152,3,7.38,0.0
20645,5183,30,2,4.36,0.44
20646,5184,33,2,5.52,0.55
20647,5184,20,2,19.92,0.0
20648,5185,88,3,19.81,0.0
20649,5185,229,3,17.37,0.0
20650,5185,37,1,16.44,0.0
20651,5185,30,2,4.36,0.0
20652,5186,10,1,17.86,0.0
20653,5186,3,3,16.72,0.0
20654,5186,34,1,19.46,0.0
20655,5187,27,3,24.04,0.0
20656,5187,5,2,11.32,0.0
20657,5187,15,3,11.21,0.0
20658,5188,32,2,5.99,0.6
20659,5188,34,1,19.46,0.0
20660,5188,43,3,16.79,1.68
20661,5188,70,3,6.33,0.0
20662,5189,8,1,23.8,0.0
20663,5189,18,1,19.15,0.0
20664,5189,231,1,10.29,0.0
20665,5190,8,2,23.8,0.0
20666,5190,40,2,15.33,0.0
20667,5190,18,2,19.15,0.0
20668,5190,22,1,16.56,0.0
20669,5190,153,1,7.5,0.0
20670,5190,188,2,10.6,0.0
20671,5191,33,4,5.52,0.0
20672,5191,68,2,22.91,0.0
20673,5191,36,4,23.88,0.0
20674,5191,40,2,15.33,0.0
20675,5191,245,1,17.11,0.0
20676,5191,218,4,21.24,0.0
20677,5192,24,2,6.46,0.0
20678,5192,17,1,22.02,2.2
20679,5193,26,3,10.08,0.0
20680,5193,35,2,3.73,0.0
20681,5193,87,3,10.91,0.0
20682,5193,23,3,14.2,0.0
20683,5194,14,1,12.02,0.0
20684,5194,119,1,17.42,1.74
20685,5195,35,1,3.73,0.0
20686,5195,4,2,8.66,0.0
20687,5195,9,1,12.58,0.0
20688,5195,211,2,19.85,1.99
20689,5195,20,2,19.92,0.0
20690,5196,217,3,3.44,0.0
20691,5196,250,3,10.1,0.0
20692,5196,7,1,5.95,0.0
20693,5197,3,3,16.72,1.67
20694,5197,40,3,15.33,0.0
20695,5197,208,2,23.63,0.0
20696,5197,17,1,22.02,0.0
20697,5197,21,2,3.76,0.38
20698,5198,3,1,16.72,1.67
20699,5198,23,1,14.2,0.0
20700,5199,77,3,24.59,0.0
20701,5199,7,3,5.95,0.0
20702,5200,145,1,3.0,0.0
20703,5200,37,2,16.44,0.0
20704,5200,14,1,12.02,0.0
20705,5200,33,3,5.52,0.0
20706,5201,33,1,5.52,0.0
20707,5201,122,1,9.1,0.0
20708,5201,238,3,3.0,0.0
20709,5201,7,2,5.95,0.0
20710,5202,145,1,3.0,0.0
20711,5202,12,2,12.04,0.0
20712,5202,14,1,12.02,0.0
20713,5203,140,2,6.16,0.0
20714,5203,245,3,17.11,0.0
20715,5203,21,1,3.76,0.0
20716,5203,22,3,16.56,0.0
20717,5203,30,2,4.36,0.0
20718,5204,13,1,4.43,0.0
20719,5204,22,2,16.56,0.0
20720,5205,33,1,5.52,0.0
20721,5205,3,3,16.72,1.67
20722,5205,145,2,3.0,0.0
20723,5205,241,3,19.19,0.0
20724,5205,24,2,6.46,0.0
20725,5206,129,1,8.8,0.0
20726,5206,1,1,11.87,0.0
20727,5206,137,2,16.21,0.0
20728,5206,79,1,16.86,0.0
20729,5206,177,2,5.69,0.0
20730,5207,33,2,5.52,0.0
20731,5207,101,3,3.87,0.0
20732,5207,11,1,10.32,0.0
20733,5207,82,3,24.79,0.0
20734,5207,242,3,10.21,1.02
20735,5208,196,4,5.36,0.0
20736,5208,230,4,14.04,0.0
20737,5208,12,1,12.04,0.0
20738,5208,20,3,19.92,0.0
20739,5208,29,3,5.4,0.0
20740,5209,224,2,8.7,0.0
20741,5209,81,3,18.28,0.0
20742,5209,11,3,10.32,0.0
20743,5209,14,3,12.02,1.2
20744,5210,24,3,6.46,0.0
20745,5210,9,1,12.58,0.0
20746,5211,2,2,11.3,0.0
20747,5211,133,3,18.99,0.0
20748,5211,6,3,24.22,0.0
20749,5211,23,1,14.2,0.0
20750,5212,153,1,7.5,0.0
20751,5212,34,2,19.46,0.0
20752,5212,12,1,12.04,0.0
20753,5212,22,2,16.56,1.66
20754,5212,24,2,6.46,0.0
20755,5212,25,3,19.85,0.0
20756,5213,233,3,14.51,0.0
20757,5213,3,2,16.72,0.0
20758,5214,25,1,19.85,0.0
20759,5214,119,2,17.42,0.0
20760,5214,110,3,14.86,0.0
20761,5214,127,3,25.0,0.0
20762,5215,242,1,10.21,0.0
20763,5215,10,2,17.86,0.0
20764,5215,12,2,12.04,0.0
20765,5216,40,2,15.33,0.0
20766,5216,25,3,19.85,0.0
20767,5216,4,2,8.66,0.0
20768,5216,189,1,10.88,0.0
20769,5217,19,3,7.1,0.0
20770,5217,187,1,11.12,0.0
20771,5217,37,1,16.44,0.0
20772,5218,35,2,3.73,0.37
20773,5218,232,1,23.93,0.0
20774,5218,233,3,14.51,0.0
20775,5218,8,1,23.8,0.0
20776,5218,84,2,16.03,0.0
20777,5218,23,3,14.2,0.0
20778,5219,17,1,22.02,0.0
20779,5219,100,2,5.46,0.0
20780,5219,6,3,24.22,0.0
20781,5220,3,2,16.72,0.0
20782,5220,36,1,23.88,0.0
20783,5220,40,3,15.33,0.0
20784,5220,17,3,22.02,2.2
20785,5220,117,1,22.99,0.0
20786,5221,3,3,16.72,0.0
20787,5221,13,3,4.43,0.44
20788,5221,80,2,2.9,0.0
20789,5221,209,1,16.0,0.0
20790,5221,30,1,4.36,0.0
20791,5222,35,3,3.73,0.0
20792,5222,4,2,8.66,0.0
20793,5222,37,2,16.44,0.0
20794,5222,7,1,5.95,0.0
20795,5223,33,1,5.52,0.0
20796,5223,3,2,16.72,0.0
20797,5223,131,1,13.68,0.0
20798,5223,12,3,12.04,0.0
20799,5223,30,2,4.36,0.0
20800,5224,145,2,3.0,0.0
20801,5224,20,3,19.92,0.0
20802,5224,1,3,11.87,0.0
20803,5225,3,1,16.72,0.0
20804,5225,40,2,15.33,0.0
20805,5225,208,3,23.63,0.0
20806,5225,177,3,5.69,0.0
20807,5225,17,1,22.02,0.0
20808,5226,2,1,11.3,1.13
20809,5226,37,2,16.44,0.0
20810,5226,6,2,24.22,0.0
20811,5226,40,1,15.33,0.0
20812,5226,19,3,7.1,0.0
20813,5226,21,2,3.76,0.0
20814,5227,11,1,10.32,0.0
20815,5227,6,1,24.22,0.0
20816,5228,136,3,22.16,0.0
20817,5228,24,1,6.46,0.0
20818,5228,228,2,6.31,0.0
20819,5229,66,1,19.0,0.0
20820,5229,163,3,13.57,0.0
20821,5229,6,2,24.22,0.0
20822,5229,8,1,23.8,0.0
20823,5229,80,3,2.9,0.0
20824,5230,3,2,16.72,0.0
20825,5230,35,1,3.73,0.0
20826,5230,102,2,17.26,1.73
20827,5230,38,2,12.67,0.0
20828,5230,41,3,17.67,0.0
20829,5230,30,3,4.36,0.0
20830,5231,16,2,3.81,0.0
20831,5231,2,1,11.3,0.0
20832,5231,12,3,12.04,0.0
20833,5232,81,1,18.28,0.0
20834,5232,201,3,19.45,0.0
20835,5232,27,3,24.04,0.0
20836,5232,12,2,12.04,0.0
20837,5233,1,2,11.87,0.0
20838,5233,68,1,22.91,0.0
20839,5233,197,3,2.88,0.0
20840,5233,149,3,16.04,0.0
20841,5233,23,3,14.2,0.0
20842,5234,194,3,18.44,1.84
20843,5234,68,2,22.91,0.0
20844,5234,210,3,11.73,0.0
20845,5234,186,3,11.54,0.0
20846,5234,28,2,16.85,0.0
20847,5234,93,1,9.58,0.0
20848,5235,1,1,11.87,0.0
20849,5235,134,3,14.11,0.0
20850,5235,6,3,24.22,0.0
20851,5235,137,1,16.21,1.62
20852,5235,126,2,6.42,0.0
20853,5236,11,2,10.32,0.0
20854,5236,209,3,16.0,0.0
20855,5236,20,3,19.92,0.0
20856,5236,23,1,14.2,0.0
20857,5236,26,3,10.08,0.0
20858,5237,38,1,12.67,0.0
20859,5237,15,1,11.21,0.0
20860,5237,112,3,9.55,0.0
20861,5237,25,3,19.85,0.0
20862,5237,26,3,10.08,0.0
20863,5238,19,2,7.1,0.0
20864,5238,37,3,16.44,0.0
20865,5239,24,2,6.46,0.0
20866,5239,34,3,19.46,1.95
20867,5239,19,2,7.1,0.0
20868,5239,58,2,8.6,0.0
20869,5240,9,2,12.58,0.0
20870,5240,92,2,9.7,0.0
20871,5240,38,1,12.67,0.0
20872,5240,30,3,4.36,0.0
20873,5241,32,1,5.99,0.0
20874,5241,201,3,19.45,1.95
20875,5241,238,2,3.0,0.0
20876,5241,207,2,5.44,0.54
20877,5241,185,1,23.4,0.0
20878,5242,33,3,5.52,0.55
20879,5242,126,1,6.42,0.0
20880,5243,226,2,10.11,0.0
20881,5243,27,2,24.04,0.0
20882,5243,38,2,12.67,0.0
20883,5244,40,2,15.33,0.0
20884,5244,74,2,12.36,0.0
20885,5244,4,1,8.66,0.87
20886,5244,21,3,3.76,0.38
20887,5245,33,2,5.52,0.0
20888,5245,37,1,16.44,0.0
20889,5245,179,1,13.81,0.0
20890,5245,182,3,22.94,0.0
20891,5245,23,3,14.2,0.0
20892,5246,35,2,3.73,0.0
20893,5246,132,2,14.41,0.0
20894,5246,17,1,22.02,0.0
20895,5246,244,1,7.55,0.0
20896,5246,24,1,6.46,0.65
20897,5246,28,1,16.85,1.69
20898,5247,16,3,3.81,0.38
20899,5247,1,1,11.87,0.0
20900,5247,4,2,8.66,0.0
20901,5248,65,1,23.95,0.0
20902,5248,178,1,12.33,0.0
20903,5248,4,1,8.66,0.0
20904,5249,242,3,10.21,1.02
20905,5249,59,3,16.83,0.0
20906,5249,28,1,16.85,0.0
20907,5250,80,3,2.9,0.0
20908,5250,162,2,19.9,0.0
20909,5250,91,3,16.51,0.0
20910,5250,13,2,4.43,0.0
20911,5251,34,1,19.46,1.95
20912,5251,35,2,3.73,0.0
20913,5251,36,2,23.88,0.0
20914,5251,6,3,24.22,0.0
20915,5251,19,3,7.1,0.0
20916,5251,183,2,20.78,0.0
20917,5252,105,1,17.09,0.0
20918,5252,12,3,12.04,0.0
20919,5252,15,2,11.21,0.0
20920,5252,21,1,3.76,0.0
20921,5252,95,2,10.89,0.0
20922,5253,43,1,16.79,0.0
20923,5253,124,3,9.86,0.0
20924,5253,13,2,4.43,0.0
20925,5253,31,2,7.89,0.0
20926,5254,152,3,7.38,0.0
20927,5254,227,3,15.13,1.51
20928,5255,32,2,5.99,0.0
20929,5255,3,3,16.72,0.0
20930,5256,49,2,12.79,0.0
20931,5256,3,1,16.72,0.0
20932,5257,17,2,22.02,0.0
20933,5257,26,1,10.08,0.0
20934,5257,132,3,14.41,0.0
20935,5258,48,2,12.11,0.0
20936,5258,18,1,19.15,0.0
20937,5258,13,3,4.43,0.0
20938,5258,39,1,14.97,1.5
20939,5259,128,1,5.56,0.0
20940,5259,1,2,11.87,0.0
20941,5259,6,2,24.22,0.0
20942,5259,8,1,23.8,0.0
20943,5259,72,2,13.53,0.0
20944,5259,157,1,6.46,0.0
20945,5260,19,2,7.1,0.0
20946,5260,44,3,24.69,0.0
20947,5260,143,3,22.76,0.0
20948,5261,35,3,3.73,0.0
20949,5261,196,2,5.36,0.0
20950,5261,4,3,8.66,0.0
20951,5261,71,3,15.92,0.0
20952,5261,11,1,10.32,0.0
20953,5261,18,3,19.15,0.0
20954,5262,107,2,4.97,0.0
20955,5262,37,2,16.44,0.0
20956,5262,30,3,4.36,0.0
20957,5262,239,3,10.9,0.0
20958,5263,1,1,11.87,0.0
20959,5263,38,1,12.67,0.0
20960,5263,202,1,12.79,0.0
20961,5263,23,1,14.2,1.42
20962,5263,90,2,3.2,0.0
20963,5263,29,1,5.4,0.0
20964,5264,224,3,8.7,0.87
20965,5264,36,2,23.88,0.0
20966,5264,9,3,12.58,0.0
20967,5264,203,1,16.15,0.0
20968,5264,62,2,15.66,0.0
20969,5264,30,3,4.36,0.0
20970,5265,6,2,24.22,0.0
20971,5265,9,1,12.58,0.0
20972,5265,10,2,17.86,0.0
20973,5265,54,1,3.71,0.0
20974,5265,28,1,16.85,0.0
20975,5266,80,3,2.9,0.0
20976,5266,79,2,16.86,0.0
20977,5266,38,2,12.67,0.0
20978,5266,39,1,14.97,1.5
20979,5267,112,2,9.55,0.0
20980,5267,11,2,10.32,0.0
20981,5267,52,3,15.6,0.0
20982,5267,4,3,8.66,0.0
20983,5268,7,3,5.95,0.0
20984,5268,11,1,10.32,0.0
20985,5268,19,1,7.1,0.0
20986,5268,22,1,16.56,0.0
20987,5268,94,1,14.83,0.0
20988,5269,27,2,24.04,0.0
20989,5269,36,1,23.88,0.0
20990,5269,4,3,8.66,0.0
20991,5270,16,1,3.81,0.0
20992,5270,1,2,11.87,0.0
20993,5270,198,2,23.1,0.0
20994,5270,38,2,12.67,0.0
20995,5271,185,1,23.4,0.0
20996,5271,2,1,11.3,0.0
20997,5271,91,1,16.51,0.0
20998,5271,38,2,12.67,0.0
20999,5272,23,1,14.2,0.0
21000,5272,38,1,12.67,1.27
21001,5272,63,3,10.84,0.0
21002,5273,169,3,3.2,0.0
21003,5273,9,3,12.58,0.0
21004,5273,3,1,16.72,0.0
21005,5273,223,1,18.53,1.85
21006,5274,30,1,4.36,0.0
21007,5274,14,1,12.02,0.0
21008,5275,3,1,16.72,0.0
21009,5275,40,1,15.33,0.0
21010,5275,140,1,6.16,0.0
21011,5275,236,1,2.47,0.0
21012,5275,30,2,4.36,0.0
21013,5275,127,4,25.0,0.0
21014,5276,153,2,7.5,0.0
21015,5276,166,1,6.59,0.0
21016,5276,13,3,4.43,0.0
21017,5276,115,1,23.78,0.0
21018,5276,213,2,4.8,0.0
21019,5276,25,3,19.85,0.0
21020,5277,12,4,12.04,0.0
21021,5277,117,4,22.99,0.0
21022,5277,21,3,3.76,0.0
21023,5277,25,4,19.85,0.0
21024,5277,26,3,10.08,0.0
21025,5277,29,1,5.4,0.0
21026,5278,32,2,5.99,0.0
21027,5278,16,1,3.81,0.0
21028,5278,241,2,19.19,0.0
21029,5278,20,2,19.92,0.0
21030,5278,183,3,20.78,0.0
21031,5278,188,1,10.6,0.0
21032,5279,23,1,14.2,0.0
21033,5279,26,3,10.08,0.0
21034,5279,219,3,13.5,0.0
21035,5279,28,3,16.85,0.0
21036,5279,29,1,5.4,0.0
21037,5280,10,3,17.86,0.0
21038,5280,31,3,7.89,0.0
21039,5281,33,3,5.52,0.0
21040,5281,4,2,8.66,0.0
21041,5281,16,1,3.81,0.0
21042,5281,84,1,16.03,0.0
21043,5281,151,1,20.03,0.0
21044,5281,28,1,16.85,0.0
21045,5282,32,4,5.99,0.0
21046,5282,38,4,12.67,0.0
21047,5282,34,4,19.46,0.0
21048,5282,166,3,6.59,0.0
21049,5283,35,3,3.73,0.0
21050,5283,10,2,17.86,0.0
21051,5283,205,3,2.44,0.0
21052,5283,239,3,10.9,0.0
21053,5283,22,2,16.56,1.66
21054,5283,183,3,20.78,0.0
21055,5284,224,3,8.7,0.0
21056,5284,11,1,10.32,1.03
21057,5284,14,1,12.02,0.0
21058,5284,16,1,3.81,0.0
21059,5284,19,2,7.1,0.71
21060,5284,95,1,10.89,0.0
21061,5285,35,1,3.73,0.0
21062,5285,236,2,2.47,0.25
21063,5286,39,3,14.97,0.0
21064,5286,8,4,23.8,0.0
21065,5286,15,3,11.21,0.0
21066,5286,19,3,7.1,0.0
21067,5286,85,1,10.37,1.04
21068,5287,17,1,22.02,0.0
21069,5287,2,3,11.3,1.13
21070,5287,116,1,24.93,2.49
21071,5287,117,1,22.99,0.0
21072,5288,13,3,4.43,0.0
21073,5288,25,2,19.85,0.0
21074,5288,248,3,19.4,1.94
21075,5288,24,3,6.46,0.0
21076,5288,30,3,4.36,0.0
21077,5288,31,3,7.89,0.0
21078,5289,39,2,14.97,0.0
21079,5289,37,2,16.44,0.0
21080,5289,191,2,7.16,0.0
21081,5290,239,1,10.9,0.0
21082,5290,35,1,3.73,0.0
21083,5290,13,2,4.43,0.0
21084,5290,23,2,14.2,0.0
21085,5291,4,2,8.66,0.0
21086,5291,79,3,16.86,0.0
21087,5292,33,2,5.52,0.0
21088,5292,13,3,4.43,0.0
21089,5293,248,1,19.4,0.0
21090,5293,1,3,11.87,0.0
21091,5293,212,1,7.47,0.0
21092,5293,110,3,14.86,0.0
21093,5294,24,1,6.46,0.0
21094,5294,1,1,11.87,0.0
21095,5295,40,1,15.33,1.53
21096,5295,2,1,11.3,0.0
21097,5296,2,1,11.3,0.0
21098,5296,5,3,11.32,0.0
21099,5296,40,2,15.33,0.0
21100,5296,241,3,19.19,0.0
21101,5296,31,2,7.89,0.0
21102,5297,24,3,6.46,0.0
21103,5297,36,1,23.88,0.0
21104,5297,22,1,16.56,0.0
21105,5298,112,2,9.55,0.0
21106,5298,28,1,16.85,0.0
21107,5298,119,3,17.42,0.0
21108,5299,34,1,19.46,0.0
21109,5299,12,2,12.04,1.2
21110,5299,14,2,12.02,0.0
21111,5300,194,2,18.44,0.0
21112,5300,8,4,23.8,0.0
21113,5300,12,1,12.04,0.0
21114,5300,15,3,11.21,0.0
21115,5300,145,4,3.0,0.0
21116,5300,95,1,10.89,0.0
21117,5301,64,3,15.35,0.0
21118,5301,196,2,5.36,0.0
21119,5301,6,3,24.22,0.0
21120,5301,136,2,22.16,0.0
21121,5301,63,1,10.84,0.0
21122,5302,34,3,19.46,0.0
21123,5302,3,2,16.72,0.0
21124,5302,5,3,11.32,0.0
21125,5302,240,2,10.59,0.0
21126,5302,17,2,22.02,2.2
21127,5302,24,3,6.46,0.0
21128,5303,201,1,19.45,0.0
21129,5303,204,1,22.83,0.0
21130,5303,13,1,4.43,0.0
21131,5304,227,3,15.13,0.0
21132,5304,13,1,4.43,0.0
21133,5304,19,3,7.1,0.0
21134,5304,20,1,19.92,0.0
21135,5304,28,2,16.85,0.0
21136,5305,25,3,19.85,0.0
21137,5305,12,3,12.04,0.0
21138,5305,23,3,14.2,0.0
21139,5306,40,3,15.33,0.0
21140,5306,100,3,5.46,0.55
21141,5306,163,1,13.57,0.0
21142,5306,12,1,12.04,0.0
21143,5307,113,1,4.94,0.49
21144,5307,35,2,3.73,0.0
21145,5307,23,1,14.2,1.42
21146,5308,10,2,17.86,0.0
21147,5308,108,1,18.3,0.0
21148,5309,27,1,24.04,0.0
21149,5309,1,3,11.87,0.0
21150,5309,3,3,16.72,0.0
21151,5310,32,1,5.99,0.0
21152,5310,1,2,11.87,0.0
21153,5310,6,1,24.22,0.0
21154,5310,40,1,15.33,1.53
21155,5310,174,3,13.87,0.0
21156,5311,7,2,5.95,0.0
21157,5311,9,2,12.58,0.0
21158,5311,21,1,3.76,0.0
21159,5311,117,3,22.99,0.0
21160,5311,29,3,5.4,0.0
21161,5312,165,1,5.73,0.0
21162,5312,9,3,12.58,0.0
21163,5312,153,3,7.5,0.0
21164,5312,30,3,4.36,0.0
21165,5312,159,1,15.12,0.0
21166,5313,4,2,8.66,0.0
21167,5313,36,1,23.88,0.0
21168,5313,81,1,18.28,0.0
21169,5313,20,1,19.92,0.0
21170,5313,126,3,6.42,0.0
21171,5314,33,3,5.52,0.0
21172,5314,37,3,16.44,1.64
21173,5314,104,3,9.14,0.0
21174,5314,235,2,13.68,0.0
21175,5314,61,1,4.08,0.0
21176,5315,8,2,23.8,0.0
21177,5315,33,1,5.52,0.0
21178,5316,2,3,11.3,0.0
21179,5316,204,1,22.83,0.0
21180,5316,199,3,12.87,0.0
21181,5317,9,2,12.58,1.26
21182,5317,7,3,5.95,0.0
21183,5317,167,3,15.91,0.0
21184,5317,15,2,11.21,0.0
21185,5318,38,1,12.67,0.0
21186,5318,82,1,24.79,0.0
21187,5318,68,3,22.91,0.0
21188,5318,14,1,12.02,0.0
21189,5319,34,3,19.46,0.0
21190,5319,14,1,12.02,1.2
21191,5319,23,3,14.2,0.0
21192,5319,24,3,6.46,0.0
21193,5319,26,2,10.08,0.0
21194,5319,127,3,25.0,0.0
21195,5320,193,2,4.28,0.0
21196,5320,37,3,16.44,0.0
21197,5321,33,3,5.52,0.0
21198,5321,66,3,19.0,0.0
21199,5321,5,2,11.32,0.0
21200,5321,21,1,3.76,0.0
21201,5321,220,3,14.33,0.0
21202,5322,56,4,2.86,0.0
21203,5322,9,2,12.58,0.0
21204,5322,39,3,14.97,0.0
21205,5323,112,3,9.55,0.0
21206,5323,1,1,11.87,0.0
21207,5323,35,2,3.73,0.0
21208,5324,250,1,10.1,0.0
21209,5324,132,1,14.41,0.0
21210,5324,4,1,8.66,0.0
21211,5324,14,3,12.02,0.0
21212,5325,37,3,16.44,0.0
21213,5325,104,1,9.14,0.0
21214,5325,203,3,16.15,0.0
21215,5325,56,2,2.86,0.29
21216,5325,25,2,19.85,1.99
21217,5325,29,4,5.4,0.0
21218,5326,5,1,11.32,0.0
21219,5326,79,1,16.86,0.0
21220,5326,80,2,2.9,0.0
21221,5326,247,2,15.38,0.0
21222,5326,25,2,19.85,0.0
21223,5326,30,1,4.36,0.0
21224,5327,241,1,19.19,0.0
21225,5327,92,3,9.7,0.0
21226,5327,14,1,12.02,0.0
21227,5327,31,2,7.89,0.0
21228,5328,36,3,23.88,0.0
21229,5328,5,3,11.32,0.0
21230,5328,9,2,12.58,0.0
21231,5328,24,1,6.46,0.0
21232,5328,94,2,14.83,1.48
21233,5329,5,3,11.32,0.0
21234,5329,39,1,14.97,0.0
21235,5329,105,2,17.09,0.0
21236,5329,24,3,6.46,0.0
21237,5329,30,1,4.36,0.0
21238,5330,6,1,24.22,0.0
21239,5330,14,2,12.02,0.0
21240,5330,47,3,9.27,0.0
21241,5330,19,1,7.1,0.0
21242,5330,151,1,20.03,0.0
21243,5331,1,3,11.87,0.0
21244,5331,2,3,11.3,0.0
21245,5331,25,2,19.85,0.0
21246,5331,23,1,14.2,0.0
21247,5332,28,3,16.85,0.0
21248,5332,13,3,4.43,0.0
21249,5332,39,1,14.97,0.0
21250,5333,1,3,11.87,0.0
21251,5333,3,2,16.72,1.67
21252,5333,17,3,22.02,0.0
21253,5333,19,2,7.1,0.0
21254,5333,156,2,22.79,0.0
21255,5333,62,3,15.66,0.0
21256,5334,1,3,11.87,0.0
21257,5334,34,3,19.46,0.0
21258,5334,36,2,23.88,0.0
21259,5334,18,3,19.15,0.0
21260,5334,19,1,7.1,0.0
21261,5334,31,1,7.89,0.0
21262,5335,11,1,10.32,0.0
21263,5335,13,2,4.43,0.0
21264,5336,161,3,19.7,0.0
21265,5336,10,3,17.86,0.0
21266,5336,142,3,16.37,0.0
21267,5336,82,3,24.79,0.0
21268,5336,26,1,10.08,0.0
21269,5336,29,3,5.4,0.0
21270,5337,24,3,6.46,0.0
21271,5337,22,3,16.56,0.0
21272,5338,10,1,17.86,0.0
21273,5338,34,2,19.46,0.0
21274,5338,35,1,3.73,0.0
21275,5338,77,1,24.59,0.0
21276,5339,24,2,6.46,0.0
21277,5339,9,2,12.58,1.26
21278,5339,33,2,5.52,0.0
21279,5339,23,1,14.2,0.0
21280,5340,33,1,5.52,0.0
21281,5340,6,3,24.22,0.0
21282,5340,207,3,5.44,0.0
21283,5340,48,1,12.11,1.21
21284,5340,180,1,21.11,0.0
21285,5340,22,3,16.56,0.0
21286,5341,17,3,22.02,0.0
21287,5341,179,3,13.81,0.0
21288,5341,174,3,13.87,1.39
21289,5342,1,2,11.87,0.0
21290,5342,74,2,12.36,1.24
21291,5342,49,3,12.79,0.0
21292,5342,55,2,12.62,0.0
21293,5342,30,2,4.36,0.0
21294,5343,14,1,12.02,0.0
21295,5343,111,3,16.8,0.0
21296,5343,49,2,12.79,0.0
21297,5343,25,2,19.85,1.99
21298,5343,29,2,5.4,0.0
21299,5344,1,4,11.87,0.0
21300,5344,36,3,23.88,0.0
21301,5344,13,3,4.43,0.0
21302,5344,207,1,5.44,0.0
21303,5345,3,1,16.72,0.0
21304,5345,7,2,5.95,0.0
21305,5345,175,2,4.87,0.0
21306,5345,62,3,15.66,0.0
21307,5345,31,2,7.89,0.0
21308,5346,17,1,22.02,0.0
21309,5346,26,2,10.08,0.0
21310,5346,212,4,7.47,0.0
21311,5346,12,2,12.04,0.0
21312,5347,33,3,5.52,0.0
21313,5347,35,1,3.73,0.0
21314,5347,40,3,15.33,0.0
21315,5347,150,2,19.3,0.0
21316,5347,23,3,14.2,0.0
21317,5348,25,1,19.85,0.0
21318,5348,10,2,17.86,0.0
21319,5349,32,1,5.99,0.6
21320,5349,120,3,13.7,1.37
21321,5350,38,1,12.67,0.0
21322,5350,39,3,14.97,1.5
21323,5351,192,1,9.33,0.0
21324,5351,32,2,5.99,0.0
21325,5351,130,1,20.13,0.0
21326,5351,9,2,12.58,0.0
21327,5351,27,2,24.04,2.4
21328,5352,5,1,11.32,0.0
21329,5352,15,3,11.21,1.12
21330,5352,22,1,16.56,0.0
21331,5352,28,3,16.85,0.0
21332,5352,29,3,5.4,0.0
21333,5353,3,2,16.72,0.0
21334,5353,69,1,15.15,1.52
21335,5353,9,3,12.58,0.0
21336,5353,81,3,18.28,0.0
21337,5353,19,1,7.1,0.0
21338,5353,25,3,19.85,1.99
21339,5354,124,1,9.86,0.0
21340,5354,7,3,5.95,0.0
21341,5354,21,2,3.76,0.0
21342,5354,23,1,14.2,0.0
21343,5355,35,1,3.73,0.0
21344,5355,6,3,24.22,2.42
21345,5355,8,2,23.8,0.0
21346,5355,116,2,24.93,0.0
21347,5355,88,3,19.81,0.0
21348,5356,48,2,12.11,1.21
21349,5356,3,2,16.72,0.0
21350,5357,168,1,22.08,0.0
21351,5357,19,2,7.1,0.0
21352,5357,18,2,19.15,0.0
21353,5357,27,3,24.04,0.0
21354,5358,40,1,15.33,0.0
21355,5358,16,1,3.81,0.0
21356,5359,32,1,5.99,0.0
21357,5359,130,3,20.13,0.0
21358,5359,11,1,10.32,0.0
21359,5359,14,2,12.02,0.0
21360,5359,19,2,7.1,0.0
21361,5359,220,2,14.33,0.0
21362,5360,33,3,5.52,0.0
21363,5360,2,2,11.3,0.0
21364,5360,230,2,14.04,1.4
21365,5360,9,3,12.58,0.0
21366,5360,238,3,3.0,0.0
21367,5360,18,2,19.15,0.0
21368,5361,25,3,19.85,0.0
21369,5361,28,3,16.85,0.0
21370,5361,22,3,16.56,0.0
21371,5362,8,1,23.8,0.0
21372,5362,17,3,22.02,2.2
21373,5362,215,3,16.7,0.0
21374,5363,36,3,23.88,0.0
21375,5363,109,2,3.95,0.0
21376,5364,64,1,15.35,0.0
21377,5364,102,2,17.26,0.0
21378,5364,11,1,10.32,0.0
21379,5364,15,1,11.21,0.0
21380,5364,22,2,16.56,0.0
21381,5365,33,1,5.52,0.55
21382,5365,4,1,8.66,0.0
21383,5365,46,1,24.33,0.0
21384,5365,245,1,17.11,1.71
21385,5365,28,3,16.85,1.69
21386,5365,31,3,7.89,0.0
21387,5366,36,2,23.88,0.0
21388,5366,238,3,3.0,0.0
21389,5367,24,3,6.46,0.0
21390,5367,106,3,17.23,1.72
21391,5368,57,3,10.48,0.0
21392,5368,4,2,8.66,0.0
21393,5369,16,1,3.81,0.38
21394,5369,34,1,19.46,0.0
21395,5369,19,3,7.1,0.0
21396,5370,32,3,5.99,0.0
21397,5370,91,2,16.51,0.0
21398,5370,4,1,8.66,0.0
21399,5370,20,3,19.92,0.0
21400,5371,40,1,15.33,0.0
21401,5371,1,3,11.87,0.0
21402,5371,2,2,11.3,0.0
21403,5371,19,1,7.1,0.0
21404,5372,24,3,6.46,0.0
21405,5372,121,1,2.42,0.0
21406,5372,30,1,4.36,0.0
21407,5373,37,3,16.44,1.64
21408,5373,7,3,5.95,0.6
21409,5373,9,3,12.58,0.0
21410,5373,12,1,12.04,0.0
21411,5373,183,2,20.78,0.0
21412,5373,24,2,6.46,0.0
21413,5374,19,2,7.1,0.0
21414,5374,30,3,4.36,0.0
21415,5375,120,3,13.7,0.0
21416,5375,202,2,12.79,0.0
21417,5375,221,2,16.53,0.0
21418,5376,42,2,22.29,0.0
21419,5376,30,2,4.36,0.0
21420,5377,11,3,10.32,0.0
21421,5377,5,1,11.32,0.0
21422,5378,248,2,19.4,0.0
21423,5378,65,2,23.95,2.4
21424,5378,2,1,11.3,0.0
21425,5378,82,3,24.79,0.0
21426,5379,32,2,5.99,0.0
21427,5379,12,1,12.04,0.0
21428,5379,29,1,5.4,0.0
21429,5380,172,2,23.49,0.0
21430,5380,212,3,7.47,0.0
21431,5380,13,3,4.43,0.0
21432,5380,22,4,16.56,0.0
21433,5381,98,1,24.18,2.42
21434,5381,71,2,15.92,0.0
21435,5381,204,1,22.83,0.0
21436,5381,22,1,16.56,0.0
21437,5381,25,1,19.85,0.0
21438,5381,124,3,9.86,0.0
21439,5382,8,3,23.8,0.0
21440,5382,37,2,16.44,0.0
21441,5382,12,3,12.04,0.0
21442,5382,221,3,16.53,1.65
21443,5383,66,2,19.0,0.0
21444,5383,36,1,23.88,0.0
21445,5383,8,2,23.8,0.0
21446,5383,23,1,14.2,0.0
21447,5383,93,2,9.58,0.0
21448,5384,16,2,3.81,0.0
21449,5384,73,2,24.03,0.0
21450,5384,32,3,5.99,0.0
21451,5384,6,3,24.22,0.0
21452,5385,8,1,23.8,0.0
21453,5385,186,3,11.54,0.0
21454,5385,26,2,10.08,0.0
21455,5385,27,2,24.04,0.0
21456,5385,30,3,4.36,0.0
21457,5386,36,3,23.88,0.0
21458,5386,13,2,4.43,0.0
21459,5387,134,1,14.11,0.0
21460,5387,14,3,12.02,0.0
21461,5387,20,2,19.92,0.0
21462,5387,118,2,4.15,0.0
21463,5387,219,3,13.5,1.35
21464,5388,34,3,19.46,0.0
21465,5388,202,3,12.79,0.0
21466,5388,174,3,13.87,0.0
21467,5388,29,2,5.4,0.0
21468,5388,30,1,4.36,0.0
21469,5389,38,3,12.67,0.0
21470,5389,7,1,5.95,0.0
21471,5389,14,2,12.02,0.0
21472,5389,47,1,9.27,0.93
21473,5389,16,1,3.81,0.0
21474,5389,60,3,24.48,0.0
21475,5390,33,3,5.52,0.0
21476,5390,223,2,18.53,0.0
21477,5391,162,3,19.9,0.0
21478,5391,227,3,15.13,0.0
21479,5391,164,1,11.63,0.0
21480,5391,36,1,23.88,0.0
21481,5391,20,3,19.92,0.0
21482,5391,181,2,4.11,0.0
21483,5392,99,3,15.86,1.59
21484,5392,36,3,23.88,0.0
21485,5392,227,3,15.13,0.0
21486,5392,39,3,14.97,0.0
21487,5392,40,1,15.33,0.0
21488,5392,169,3,3.2,0.0
21489,5393,186,1,11.54,0.0
21490,5393,15,4,11.21,0.0
21491,5394,34,1,19.46,0.0
21492,5394,12,3,12.04,0.0
21493,5394,21,2,3.76,0.0
21494,5394,39,2,14.97,0.0
21495,5395,9,3,12.58,0.0
21496,5395,19,2,7.1,0.0
21497,5395,4,3,8.66,0.0
21498,5396,166,2,6.59,0.0
21499,5396,14,1,12.02,0.0
21500,5396,19,3,7.1,0.0
21501,5396,21,1,3.76,0.0
21502,5396,29,2,5.4,0.0
21503,5396,31,1,7.89,0.0
21504,5397,35,2,3.73,0.0
21505,5397,22,1,16.56,0.0
21506,5397,95,3,10.89,0.0
21507,5398,115,1,23.78,0.0
21508,5398,55,3,12.62,0.0
21509,5398,57,2,10.48,0.0
21510,5398,219,1,13.5,0.0
21511,5398,28,1,16.85,0.0
21512,5398,31,3,7.89,0.0
21513,5399,106,3,17.23,0.0
21514,5399,36,2,23.88,0.0
21515,5399,157,3,6.46,0.0
21516,5400,31,3,7.89,0.0
21517,5400,199,3,12.87,0.0
21518,5401,2,1,11.3,0.0
21519,5401,3,3,16.72,0.0
21520,5401,41,1,17.67,0.0
21521,5401,48,2,12.11,0.0
21522,5401,184,1,22.35,0.0
21523,5401,30,1,4.36,0.0
21524,5402,1,1,11.87,0.0
21525,5402,10,1,17.86,0.0
21526,5402,12,1,12.04,0.0
21527,5402,18,3,19.15,0.0
21528,5402,116,1,24.93,0.0
21529,5403,197,3,2.88,0.0
21530,5403,77,2,24.59,0.0
21531,5403,85,1,10.37,0.0
21532,5403,54,3,3.71,0.0
21533,5403,25,2,19.85,0.0
21534,5403,26,3,10.08,0.0
21535,5404,32,2,5.99,0.0
21536,5404,33,2,5.52,0.0
21537,5405,35,3,3.73,0.0
21538,5405,8,1,23.8,2.38
21539,5405,114,3,18.17,0.0
21540,5405,179,4,13.81,0.0
21541,5405,27,1,24.04,0.0
21542,5406,9,3,12.58,0.0
21543,5406,37,1,16.44,0.0
21544,5406,25,3,19.85,1.99
21545,5406,14,1,12.02,0.0
21546,5407,36,2,23.88,2.39
21547,5407,37,2,16.44,0.0
21548,5407,136,2,22.16,0.0
21549,5407,240,1,10.59,1.06
21550,5407,223,1,18.53,0.0
21551,5408,38,1,12.67,0.0
21552,5408,12,2,12.04,1.2
21553,5408,46,1,24.33,0.0
21554,5408,149,3,16.04,0.0
21555,5408,23,1,14.2,1.42
21556,5408,30,1,4.36,0.0
21557,5409,10,1,17.86,0.0
21558,5409,29,3,5.4,0.0
21559,5409,21,2,3.76,0.38
21560,5410,35,3,3.73,0.37
21561,5410,14,1,12.02,0.0
21562,5410,22,3,16.56,0.0
21563,5410,27,3,24.04,0.0
21564,5410,28,1,16.85,0.0
21565,5411,40,3,15.33,0.0
21566,5411,16,4,3.81,0.0
21567,5411,147,3,18.55,0.0
21568,5411,20,3,19.92,0.0
21569,5411,87,1,10.91,0.0
21570,5411,28,1,16.85,0.0
21571,5412,2,1,11.3,0.0
21572,5412,35,2,3.73,0.0
21573,5413,69,1,15.15,1.52
21574,5413,149,1,16.04,0.0
21575,5413,7,3,5.95,0.0
21576,5414,8,3,23.8,0.0
21577,5414,1,2,11.87,0.0
21578,5414,32,3,5.99,0.0
21579,5415,35,1,3.73,0.0
21580,5415,40,3,15.33,0.0
21581,5415,12,3,12.04,1.2
21582,5415,14,1,12.02,0.0
21583,5415,26,2,10.08,0.0
21584,5416,32,2,5.99,0.0
21585,5416,5,1,11.32,0.0
21586,5416,11,1,10.32,0.0
21587,5416,29,3,5.4,0.0
21588,5416,30,3,4.36,0.0
21589,5417,32,1,5.99,0.0
21590,5417,12,1,12.04,1.2
21591,5417,37,3,16.44,0.0
21592,5418,208,2,23.63,0.0
21593,5418,234,2,20.09,0.0
21594,5418,7,3,5.95,0.0
21595,5419,8,2,23.8,0.0
21596,5419,25,4,19.85,0.0
21597,5419,201,4,19.45,0.0
21598,5419,38,2,12.67,0.0
21599,5420,32,2,5.99,0.0
21600,5420,1,3,11.87,0.0
21601,5420,71,3,15.92,0.0
21602,5420,11,1,10.32,0.0
21603,5420,115,3,23.78,0.0
21604,5420,31,1,7.89,0.0
21605,5421,40,1,15.33,0.0
21606,5421,2,1,11.3,0.0
21607,5421,4,3,8.66,0.0
21608,5421,38,2,12.67,0.0
21609,5422,33,3,5.52,0.0
21610,5422,4,1,8.66,0.0
21611,5422,5,3,11.32,0.0
21612,5422,199,3,12.87,0.0
21613,5422,9,1,12.58,0.0
21614,5423,8,2,23.8,0.0
21615,5423,17,1,22.02,0.0
21616,5423,2,1,11.3,0.0
21617,5423,26,3,10.08,1.01
21618,5424,128,3,5.56,0.0
21619,5424,89,3,17.61,0.0
21620,5424,14,3,12.02,0.0
21621,5424,31,3,7.89,0.0
21622,5425,16,3,3.81,0.0
21623,5425,8,3,23.8,0.0
21624,5425,184,1,22.35,0.0
21625,5426,5,3,11.32,0.0
21626,5426,101,2,3.87,0.0
21627,5426,39,3,14.97,0.0
21628,5426,40,2,15.33,0.0
21629,5426,27,1,24.04,0.0
21630,5427,5,3,11.32,0.0
21631,5427,239,1,10.9,0.0
21632,5428,130,1,20.13,0.0
21633,5428,7,1,5.95,0.6
21634,5428,9,1,12.58,0.0
21635,5428,241,1,19.19,0.0
21636,5428,31,1,7.89,0.0
21637,5429,6,2,24.22,0.0
21638,5429,10,3,17.86,0.0
21639,5429,140,3,6.16,0.0
21640,5429,16,2,3.81,0.0
21641,5429,62,2,15.66,0.0
21642,5430,1,1,11.87,0.0
21643,5430,19,1,7.1,0.0
21644,5430,25,3,19.85,0.0
21645,5431,24,1,6.46,0.0
21646,5431,15,2,11.21,0.0
21647,5431,39,1,14.97,0.0
21648,5432,26,1,10.08,0.0
21649,5432,20,2,19.92,0.0
21650,5432,133,1,18.99,1.9
21651,5432,30,1,4.36,0.0
21652,5433,18,1,19.15,1.92
21653,5433,23,1,14.2,0.0
21654,5434,8,3,23.8,0.0
21655,5434,171,1,10.54,0.0
21656,5435,11,1,10.32,0.0
21657,5435,4,1,8.66,0.0
21658,5435,37,1,16.44,0.0
21659,5435,31,1,7.89,0.0
21660,5436,17,1,22.02,0.0
21661,5436,5,3,11.32,0.0
21662,5436,38,1,12.67,0.0
21663,5437,170,4,13.05,0.0
21664,5437,12,4,12.04,0.0
21665,5437,82,2,24.79,0.0
21666,5437,15,1,11.21,0.0
21667,5438,137,2,16.21,0.0
21668,5438,132,2,14.41,0.0
21669,5438,241,3,19.19,0.0
21670,5438,31,1,7.89,0.79
21671,5439,42,3,22.29,0.0
21672,5439,37,1,16.44,0.0
21673,5440,40,1,15.33,1.53
21674,5440,61,1,4.08,0.0
21675,5440,142,3,16.37,0.0
21676,5441,74,2,12.36,0.0
21677,5441,5,1,11.32,0.0
21678,5441,126,3,6.42,0.0
21679,5442,9,2,12.58,0.0
21680,5442,10,3,17.86,0.0
21681,5442,19,2,7.1,0.0
21682,5442,1,1,11.87,0.0
21683,5443,32,3,5.99,0.0
21684,5443,5,3,11.32,0.0
21685,5444,89,2,17.61,0.0
21686,5444,18,2,19.15,0.0
21687,5444,25,3,19.85,0.0
21688,5444,183,1,20.78,2.08
21689,5445,4,1,8.66,0.87
21690,5445,5,2,11.32,0.0
21691,5445,38,3,12.67,0.0
21692,5445,39,2,14.97,0.0
21693,5445,140,1,6.16,0.62
21694,5446,33,1,5.52,0.0
21695,5446,37,1,16.44,0.0
21696,5446,114,1,18.17,0.0
21697,5446,25,2,19.85,0.0
21698,5446,127,2,25.0,0.0
21699,5447,34,2,19.46,1.95
21700,5447,74,3,12.36,0.0
21701,5447,12,1,12.04,1.2
21702,5447,18,3,19.15,0.0
21703,5447,20,3,19.92,0.0
21704,5448,19,1,7.1,0.0
21705,5448,53,2,10.09,0.0
21706,5448,57,3,10.48,0.0
21707,5448,26,3,10.08,0.0
21708,5448,27,2,24.04,0.0
21709,5448,30,2,4.36,0.0
21710,5449,35,2,3.73,0.0
21711,5449,37,3,16.44,0.0
21712,5449,14,2,12.02,0.0
21713,5449,31,2,7.89,0.0
21714,5450,66,2,19.0,0.0
21715,5450,9,3,12.58,0.0
21716,5450,11,3,10.32,0.0
21717,5450,22,3,16.56,0.0
21718,5450,26,3,10.08,0.0
21719,5451,35,2,3.73,0.0
21720,5451,36,2,23.88,0.0
21721,5451,137,2,16.21,0.0
21722,5451,11,2,10.32,0.0
21723,5451,158,3,17.6,0.0
21724,5452,212,4,7.47,0.0
21725,5452,3,2,16.72,0.0
21726,5452,180,3,21.11,0.0
21727,5452,103,2,23.09,2.31
21728,5453,34,2,19.46,0.0
21729,5453,197,1,2.88,0.0
21730,5453,5,1,11.32,0.0
21731,5453,135,2,17.22,0.0
21732,5453,39,2,14.97,0.0
21733,5453,127,2,25.0,0.0
21734,5454,7,1,5.95,0.0
21735,5454,16,1,3.81,0.0
21736,5454,18,1,19.15,0.0
21737,5454,20,3,19.92,1.99
21738,5454,30,2,4.36,0.0
21739,5455,113,2,4.94,0.49
21740,5455,161,2,19.7,0.0
21741,5455,25,3,19.85,0.0
21742,5456,26,2,10.08,0.0
21743,5456,11,2,10.32,0.0
21744,5456,77,2,24.59,2.46
21745,5456,13,3,4.43,0.0
21746,5457,16,3,3.81,0.0
21747,5457,209,1,16.0,0.0
21748,5457,26,3,10.08,0.0
21749,5457,5,2,11.32,0.0
21750,5458,175,1,4.87,0.0
21751,5458,21,3,3.76,0.0
21752,5458,186,2,11.54,0.0
21753,5458,28,2,16.85,0.0
21754,5458,191,2,7.16,0.0
21755,5459,32,2,5.99,0.0
21756,5459,160,3,12.13,0.0
21757,5459,43,1,16.79,0.0
21758,5459,14,2,12.02,0.0
21759,5459,17,1,22.02,0.0
21760,5459,31,3,7.89,0.79
21761,5460,194,1,18.44,0.0
21762,5460,104,2,9.14,0.91
21763,5460,43,3,16.79,1.68
21764,5460,11,3,10.32,0.0
21765,5460,25,2,19.85,0.0
21766,5460,222,1,15.23,0.0
21767,5461,18,3,19.15,0.0
21768,5461,36,2,23.88,2.39
21769,5462,128,1,5.56,0.0
21770,5462,33,2,5.52,0.55
21771,5462,42,1,22.29,0.0
21772,5463,24,1,6.46,0.0
21773,5463,166,3,6.59,0.0
21774,5464,232,2,23.93,0.0
21775,5464,30,1,4.36,0.44
21776,5465,5,3,11.32,0.0
21777,5465,233,1,14.51,1.45
21778,5465,45,1,9.43,0.0
21779,5465,176,2,3.93,0.39
21780,5465,25,3,19.85,0.0
21781,5466,3,2,16.72,0.0
21782,5466,199,1,12.87,0.0
21783,5466,8,1,23.8,0.0
21784,5466,239,3,10.9,0.0
21785,5466,215,3,16.7,0.0
21786,5467,165,1,5.73,0.0
21787,5467,14,2,12.02,0.0
21788,5467,30,1,4.36,0.44
21789,5468,84,1,16.03,0.0
21790,5468,143,1,22.76,0.0
21791,5469,9,1,12.58,0.0
21792,5469,34,1,19.46,0.0
21793,5469,203,1,16.15,0.0
21794,5469,209,1,16.0,0.0
21795,5470,93,2,9.58,0.0
21796,5470,28,1,16.85,0.0
21797,5470,29,3,5.4,0.0
21798,5470,62,2,15.66,0.0
21799,5471,228,1,6.31,0.0
21800,5471,125,3,19.62,0.0
21801,5471,60,1,24.48,0.0
21802,5472,32,2,5.99,0.0
21803,5472,11,2,10.32,1.03
21804,5472,6,1,24.22,0.0
21805,5473,7,2,5.95,0.0
21806,5473,8,1,23.8,0.0
21807,5473,207,2,5.44,0.0
21808,5473,19,1,7.1,0.71
21809,5473,85,2,10.37,0.0
21810,5473,118,2,4.15,0.0
21811,5474,244,2,7.55,0.0
21812,5474,135,3,17.22,0.0
21813,5475,8,1,23.8,0.0
21814,5475,12,1,12.04,0.0
21815,5475,20,3,19.92,0.0
21816,5476,18,1,19.15,0.0
21817,5476,157,3,6.46,0.0
21818,5476,23,3,14.2,1.42
21819,5477,21,2,3.76,0.0
21820,5477,15,2,11.21,0.0
21821,5478,38,2,12.67,0.0
21822,5478,21,1,3.76,0.0
21823,5478,22,3,16.56,0.0
21824,5479,4,1,8.66,0.0
21825,5479,39,1,14.97,0.0
21826,5479,40,2,15.33,0.0
21827,5479,202,1,12.79,1.28
21828,5479,18,3,19.15,0.0
21829,5479,31,2,7.89,0.0
21830,5480,152,4,7.38,0.0
21831,5480,202,1,12.79,0.0
21832,5480,13,1,4.43,0.0
21833,5481,17,2,22.02,0.0
21834,5481,11,3,10.32,0.0
21835,5481,31,2,7.89,0.0
21836,5482,194,3,18.44,0.0
21837,5482,34,2,19.46,0.0
21838,5482,44,3,24.69,0.0
21839,5482,13,1,4.43,0.0
21840,5482,126,1,6.42,0.0
21841,5482,95,3,10.89,0.0
21842,5483,2,1,11.3,0.0
21843,5483,27,3,24.04,0.0
21844,5483,21,1,3.76,0.0
21845,5484,24,1,6.46,0.0
21846,5484,22,1,16.56,0.0
21847,5485,9,2,12.58,0.0
21848,5485,26,1,10.08,0.0
21849,5486,3,1,16.72,0.0
21850,5486,6,2,24.22,0.0
21851,5486,8,3,23.8,2.38
21852,5486,11,1,10.32,0.0
21853,5486,158,1,17.6,0.0
21854,5487,11,2,10.32,0.0
21855,5487,12,1,12.04,0.0
21856,5487,22,1,16.56,0.0
21857,5487,25,2,19.85,0.0
21858,5487,123,3,23.88,0.0
21859,5487,220,2,14.33,0.0
21860,5488,40,2,15.33,0.0
21861,5488,141,4,17.94,0.0
21862,5488,115,4,23.78,0.0
21863,5488,211,1,19.85,0.0
21864,5488,22,2,16.56,1.66
21865,5489,8,3,23.8,0.0
21866,5489,28,2,16.85,0.0
21867,5489,5,3,11.32,0.0
21868,5490,104,2,9.14,0.0
21869,5490,195,3,9.71,0.0
21870,5490,29,1,5.4,0.0
21871,5491,8,3,23.8,0.0
21872,5491,249,1,5.07,0.0
21873,5491,75,3,20.65,0.0
21874,5491,101,3,3.87,0.0
21875,5492,192,1,9.33,0.0
21876,5492,1,2,11.87,0.0
21877,5492,32,2,5.99,0.0
21878,5492,235,3,13.68,0.0
21879,5492,15,2,11.21,1.12
21880,5493,33,1,5.52,0.0
21881,5493,2,3,11.3,1.13
21882,5493,38,3,12.67,0.0
21883,5493,40,3,15.33,1.53
21884,5493,29,1,5.4,0.0
21885,5493,31,3,7.89,0.0
21886,5494,2,3,11.3,0.0
21887,5494,9,3,12.58,1.26
21888,5494,23,3,14.2,1.42
21889,5494,24,1,6.46,0.0
21890,5494,191,2,7.16,0.0
21891,5495,2,2,11.3,0.0
21892,5495,7,1,5.95,0.0
21893,5495,8,2,23.8,0.0
21894,5495,16,3,3.81,0.0
21895,5495,241,3,19.19,0.0
21896,5496,12,1,12.04,0.0
21897,5496,21,2,3.76,0.0
21898,5496,31,1,7.89,0.79
21899,5497,4,1,8.66,0.87
21900,5497,7,3,5.95,0.0
21901,5497,80,2,2.9,0.0
21902,5497,241,3,19.19,0.0
21903,5497,221,3,16.53,1.65
21904,5497,61,3,4.08,0.0
21905,5498,32,1,5.99,0.0
21906,5498,227,2,15.13,0.0
21907,5498,165,1,5.73,0.0
21908,5498,8,2,23.8,0.0
21909,5498,140,3,6.16,0.0
21910,5498,13,3,4.43,0.0
21911,5499,32,1,5.99,0.0
21912,5499,40,1,15.33,0.0
21913,5499,14,1,12.02,0.0
21914,5499,87,3,10.91,1.09
21915,5499,216,2,16.32,0.0
21916,5500,33,3,5.52,0.0
21917,5500,39,3,14.97,0.0
21918,5500,40,2,15.33,0.0
21919,5500,8,3,23.8,2.38
21920,5500,106,1,17.23,0.0
21921,5500,52,2,15.6,0.0
21922,5501,232,1,23.93,0.0
21923,5501,242,2,10.21,0.0
21924,5501,26,4,10.08,0.0
21925,5502,195,1,9.71,0.0
21926,5502,36,2,23.88,0.0
21927,5502,38,1,12.67,1.27
21928,5503,34,1,19.46,0.0
21929,5503,12,1,12.04,0.0
21930,5503,82,3,24.79,0.0
21931,5503,39,3,14.97,0.0
21932,5504,56,3,2.86,0.0
21933,5504,3,2,16.72,0.0
21934,5504,22,3,16.56,0.0
21935,5505,3,2,16.72,0.0
21936,5505,101,3,3.87,0.0
21937,5505,9,2,12.58,0.0
21938,5505,12,3,12.04,0.0
21939,5505,17,1,22.02,0.0
21940,5505,23,3,14.2,0.0
21941,5506,32,1,5.99,0.0
21942,5506,19,1,7.1,0.0
21943,5507,76,3,21.26,0.0
21944,5507,13,2,4.43,0.0
21945,5507,14,1,12.02,0.0
21946,5508,5,1,11.32,0.0
21947,5508,7,2,5.95,0.0
21948,5508,8,2,23.8,0.0
21949,5508,39,3,14.97,0.0
21950,5508,115,3,23.78,0.0
21951,5509,35,1,3.73,0.0
21952,5509,4,3,8.66,0.0
21953,5509,39,2,14.97,0.0
21954,5509,247,1,15.38,0.0
21955,5509,31,3,7.89,0.0
21956,5510,194,3,18.44,0.0
21957,5510,38,2,12.67,0.0
21958,5510,84,2,16.03,0.0
21959,5510,157,1,6.46,0.0
21960,5510,59,3,16.83,0.0
21961,5510,189,2,10.88,0.0
21962,5511,120,2,13.7,0.0
21963,5511,238,1,3.0,0.0
21964,5512,206,3,6.96,0.0
21965,5512,7,1,5.95,0.0
21966,5513,34,1,19.46,0.0
21967,5513,3,1,16.72,0.0
21968,5513,37,2,16.44,0.0
21969,5513,11,1,10.32,0.0
21970,5513,78,2,3.94,0.0
21971,5513,23,1,14.2,0.0
21972,5514,242,3,10.21,0.0
21973,5514,28,2,16.85,0.0
21974,5514,13,2,4.43,0.0
21975,5514,103,2,23.09,0.0
21976,5515,4,3,8.66,0.0
21977,5515,5,2,11.32,0.0
21978,5515,38,1,12.67,0.0
21979,5515,13,3,4.43,0.0
21980,5515,148,1,24.3,0.0
21981,5516,32,2,5.99,0.0
21982,5516,5,2,11.32,0.0
21983,5516,203,2,16.15,1.61
21984,5516,235,3,13.68,0.0
21985,5516,116,3,24.93,0.0
21986,5516,31,2,7.89,0.0
21987,5517,136,1,22.16,0.0
21988,5517,53,2,10.09,0.0
21989,5518,11,1,10.32,0.0
21990,5518,23,2,14.2,0.0
21991,5518,15,1,11.21,0.0
21992,5519,18,1,19.15,0.0
21993,5519,99,3,15.86,0.0
21994,5519,31,2,7.89,0.0
21995,5520,34,2,19.46,0.0
21996,5520,2,2,11.3,0.0
21997,5520,12,2,12.04,1.2
21998,5520,5,1,11.32,1.13
21999,5521,205,3,2.44,0.0
22000,5521,244,3,7.55,0.0
22001,5521,29,3,5.4,0.0
22002,5522,3,1,16.72,0.0
22003,5522,176,2,3.93,0.0
22004,5522,21,3,3.76,0.0
22005,5522,24,2,6.46,0.0
22006,5522,120,2,13.7,0.0
22007,5523,32,3,5.99,0.0
22008,5523,194,1,18.44,0.0
22009,5523,37,3,16.44,0.0
22010,5523,103,1,23.09,0.0
22011,5523,146,1,10.38,0.0
22012,5523,26,3,10.08,0.0
22013,5524,10,1,17.86,0.0
22014,5524,217,1,3.44,0.0
22015,5524,34,2,19.46,0.0
22016,5524,35,3,3.73,0.0
22017,5525,224,2,8.7,0.0
22018,5525,152,2,7.38,0.0
22019,5525,12,2,12.04,0.0
22020,5525,21,1,3.76,0.0
22021,5526,35,3,3.73,0.0
22022,5526,3,3,16.72,0.0
22023,5527,19,1,7.1,0.0
22024,5527,115,1,23.78,2.38
22025,5527,20,1,19.92,0.0
22026,5527,29,2,5.4,0.0
22027,5528,35,1,3.73,0.0
22028,5528,3,2,16.72,0.0
22029,5528,167,1,15.91,0.0
22030,5528,115,1,23.78,0.0
22031,5528,218,2,21.24,0.0
22032,5528,28,2,16.85,0.0
22033,5529,25,3,19.85,0.0
22034,5529,11,1,10.32,0.0
22035,5530,33,1,5.52,0.0
22036,5530,35,4,3.73,0.0
22037,5530,3,2,16.72,0.0
22038,5530,195,1,9.71,0.0
22039,5530,8,4,23.8,0.0
22040,5530,30,1,4.36,0.0
22041,5531,98,1,24.18,0.0
22042,5531,19,3,7.1,0.0
22043,5531,20,1,19.92,0.0
22044,5531,27,1,24.04,0.0
22045,5531,31,2,7.89,0.0
22046,5532,2,1,11.3,0.0
22047,5532,19,3,7.1,0.0
22048,5532,212,3,7.47,0.0
22049,5533,9,3,12.58,0.0
22050,5533,26,1,10.08,0.0
22051,5533,139,3,5.55,0.0
22052,5533,1,1,11.87,0.0
22053,5534,38,1,12.67,0.0
22054,5534,40,3,15.33,0.0
22055,5534,9,2,12.58,0.0
22056,5534,237,2,22.09,0.0
22057,5534,151,2,20.03,0.0
22058,5535,57,2,10.48,0.0
22059,5535,35,3,3.73,0.0
22060,5535,220,3,14.33,0.0
22061,5535,41,2,17.67,0.0
22062,5536,223,3,18.53,0.0
22063,5536,227,2,15.13,0.0
22064,5536,12,3,12.04,0.0
22065,5536,19,3,7.1,0.0
22066,5536,190,2,3.88,0.0
22067,5536,191,3,7.16,0.0
22068,5537,34,2,19.46,0.0
22069,5537,232,1,23.93,0.0
22070,5537,143,3,22.76,0.0
22071,5537,18,1,19.15,0.0
22072,5537,54,1,3.71,0.37
22073,5538,102,3,17.26,0.0
22074,5538,20,2,19.92,1.99
22075,5538,22,3,16.56,0.0
22076,5538,23,1,14.2,0.0
22077,5538,155,3,20.04,0.0
22078,5538,28,2,16.85,0.0
22079,5539,44,1,24.69,0.0
22080,5539,14,3,12.02,0.0
22081,5540,36,1,23.88,0.0
22082,5540,22,1,16.56,0.0
22083,5541,11,2,10.32,0.0
22084,5541,175,2,4.87,0.0
22085,5541,54,3,3.71,0.0
22086,5541,185,3,23.4,0.0
22087,5541,28,1,16.85,0.0
22088,5541,31,3,7.89,0.0
22089,5542,9,1,12.58,0.0
22090,5542,7,3,5.95,0.0
22091,5543,1,2,11.87,0.0
22092,5543,7,2,5.95,0.0
22093,5543,39,1,14.97,0.0
22094,5543,231,2,10.29,0.0
22095,5543,18,1,19.15,0.0
22096,5543,58,3,8.6,0.0
22097,5544,3,2,16.72,0.0
22098,5544,68,2,22.91,0.0
22099,5544,8,1,23.8,0.0
22100,5544,10,2,17.86,0.0
22101,5544,238,1,3.0,0.0
22102,5544,124,2,9.86,0.0
22103,5545,25,3,19.85,0.0
22104,5545,26,2,10.08,0.0
22105,5545,4,4,8.66,0.0
22106,5545,13,4,4.43,0.0
22107,5546,103,3,23.09,0.0
22108,5546,16,2,3.81,0.38
22109,5546,20,3,19.92,0.0
22110,5546,185,3,23.4,0.0
22111,5546,187,3,11.12,0.0
22112,5547,235,2,13.68,0.0
22113,5547,92,1,9.7,0.0
22114,5547,79,1,16.86,0.0
22115,5548,11,3,10.32,0.0
22116,5548,220,2,14.33,0.0
22117,5548,37,1,16.44,0.0
22118,5549,89,2,17.61,0.0
22119,5549,15,1,11.21,0.0
22120,5550,109,3,3.95,0.4
22121,5550,23,3,14.2,0.0
22122,5551,216,3,16.32,0.0
22123,5551,165,1,5.73,0.0
22124,5551,14,3,12.02,0.0
22125,5551,87,3,10.91,1.09
22126,5552,6,1,24.22,0.0
22127,5552,139,3,5.55,0.0
22128,5552,211,3,19.85,0.0
22129,5552,22,1,16.56,1.66
22130,5552,153,2,7.5,0.0
22131,5552,26,3,10.08,0.0
22132,5553,172,1,23.49,0.0
22133,5553,21,2,3.76,0.0
22134,5553,38,2,12.67,0.0
22135,5554,35,3,3.73,0.0
22136,5554,249,1,5.07,0.0
22137,5554,7,1,5.95,0.0
22138,5554,18,3,19.15,0.0
22139,5554,89,2,17.61,0.0
22140,5555,26,2,10.08,0.0
22141,5555,27,1,24.04,0.0
22142,5555,12,1,12.04,0.0
22143,5556,137,2,16.21,0.0
22144,5556,75,2,20.65,0.0
22145,5556,206,2,6.96,0.0
22146,5556,148,2,24.3,2.43
22147,5556,151,2,20.03,0.0
22148,5557,16,2,3.81,0.38
22149,5557,247,2,15.38,0.0
22150,5557,28,2,16.85,0.0
22151,5557,30,2,4.36,0.0
22152,5557,223,2,18.53,0.0
22153,5558,36,3,23.88,0.0
22154,5558,46,1,24.33,0.0
22155,5559,33,1,5.52,0.0
22156,5559,3,1,16.72,0.0
22157,5559,37,3,16.44,0.0
22158,5559,13,1,4.43,0.0
22159,5559,240,1,10.59,0.0
22160,5559,28,1,16.85,0.0
22161,5560,161,2,19.7,0.0
22162,5560,34,3,19.46,0.0
22163,5560,35,2,3.73,0.0
22164,5560,9,2,12.58,0.0
22165,5560,15,3,11.21,1.12
22166,5560,153,1,7.5,0.0
22167,5561,32,1,5.99,0.0
22168,5561,12,3,12.04,0.0
22169,5561,30,2,4.36,0.0
22170,5561,23,3,14.2,0.0
22171,5562,29,1,5.4,0.0
22172,5562,6,2,24.22,0.0
22173,5562,15,1,11.21,1.12
22174,5563,24,3,6.46,0.0
22175,5563,29,3,5.4,0.0
22176,5563,143,1,22.76,0.0
22177,5564,39,3,14.97,0.0
22178,5564,168,3,22.08,0.0
22179,5564,15,1,11.21,0.0
22180,5564,23,1,14.2,0.0
22181,5564,159,2,15.12,1.51
22182,5565,2,1,11.3,0.0
22183,5565,231,2,10.29,0.0
22184,5565,201,1,19.45,0.0
22185,5565,13,1,4.43,0.0
22186,5565,205,3,2.44,0.0
22187,5566,212,1,7.47,0.0
22188,5566,174,1,13.87,0.0
22189,5566,54,2,3.71,0.0
22190,5566,63,2,10.84,0.0
22191,5567,5,1,11.32,0.0
22192,5567,27,3,24.04,0.0
22193,5567,93,3,9.58,0.96
22194,5567,222,1,15.23,0.0
22195,5567,191,2,7.16,0.72
22196,5568,58,2,8.6,0.0
22197,5568,2,3,11.3,0.0
22198,5568,6,3,24.22,0.0
22199,5569,3,1,16.72,0.0
22200,5569,70,1,6.33,0.0
22201,5569,9,1,12.58,0.0
22202,5569,176,2,3.93,0.0
22203,5569,24,2,6.46,0.65
22204,5570,37,2,16.44,0.0
22205,5570,221,1,16.53,0.0
22206,5571,40,3,15.33,0.0
22207,5571,38,2,12.67,0.0
22208,5571,30,1,4.36,0.0
22209,5571,22,3,16.56,0.0
22210,5572,32,3,5.99,0.0
22211,5572,1,2,11.87,0.0
22212,5572,42,1,22.29,0.0
22213,5572,228,2,6.31,0.0
22214,5573,38,2,12.67,0.0
22215,5573,140,3,6.16,0.0
22216,5573,19,3,7.1,0.0
22217,5573,25,1,19.85,0.0
22218,5573,30,2,4.36,0.0
22219,5574,4,1,8.66,0.0
22220,5574,84,1,16.03,0.0
22221,5575,2,2,11.3,0.0
22222,5575,172,1,23.49,0.0
22223,5575,29,3,5.4,0.0
22224,5575,15,1,11.21,0.0
22225,5576,97,3,21.59,0.0
22226,5576,3,2,16.72,0.0
22227,5576,38,3,12.67,0.0
22228,5576,12,2,12.04,0.0
22229,5576,77,2,24.59,0.0
22230,5577,11,3,10.32,0.0
22231,5577,95,1,10.89,0.0
22232,5578,5,1,11.32,1.13
22233,5578,10,1,17.86,0.0
22234,5578,14,3,12.02,0.0
22235,5578,174,3,13.87,0.0
22236,5578,21,2,3.76,0.0
22237,5578,25,2,19.85,0.0
22238,5579,13,3,4.43,0.0
22239,5579,150,2,19.3,0.0
22240,5580,192,3,9.33,0.0
22241,5580,17,2,22.02,0.0
22242,5580,34,2,19.46,0.0
22243,5581,57,3,10.48,0.0
22244,5581,1,4,11.87,0.0
22245,5582,8,2,23.8,0.0
22246,5582,27,1,24.04,0.0
22247,5582,43,1,16.79,0.0
22248,5582,6,2,24.22,2.42
22249,5583,24,2,6.46,0.0
22250,5583,19,2,7.1,0.0
22251,5583,39,3,14.97,0.0
22252,5583,23,3,14.2,0.0
22253,5584,5,3,11.32,0.0
22254,5584,38,2,12.67,0.0
22255,5584,7,2,5.95,0.0
22256,5585,33,3,5.52,0.55
22257,5585,2,2,11.3,0.0
22258,5585,4,1,8.66,0.0
22259,5585,7,2,5.95,0.0
22260,5585,14,1,12.02,0.0
22261,5586,16,2,3.81,0.0
22262,5586,114,2,18.17,0.0
22263,5586,182,3,22.94,0.0
22264,5587,32,4,5.99,0.0
22265,5587,26,3,10.08,0.0
22266,5587,4,1,8.66,0.0
22267,5588,34,3,19.46,0.0
22268,5588,4,2,8.66,0.0
22269,5588,11,2,10.32,0.0
22270,5588,15,3,11.21,0.0
22271,5588,119,3,17.42,1.74
22272,5588,28,3,16.85,0.0
22273,5589,2,1,11.3,0.0
22274,5589,229,3,17.37,0.0
22275,5589,40,2,15.33,0.0
22276,5589,23,3,14.2,0.0
22277,5589,28,2,16.85,0.0
22278,5590,32,2,5.99,0.0
22279,5590,228,3,6.31,0.0
22280,5590,4,2,8.66,0.0
22281,5590,12,1,12.04,0.0
22282,5590,239,3,10.9,0.0
22283,5590,122,1,9.1,0.91
22284,5591,2,1,11.3,1.13
22285,5591,7,1,5.95,0.0
22286,5591,14,3,12.02,0.0
22287,5591,23,3,14.2,0.0
22288,5591,94,3,14.83,1.48
22289,5591,31,2,7.89,0.79
22290,5592,178,1,12.33,0.0
22291,5592,27,3,24.04,0.0
22292,5592,92,3,9.7,0.0
22293,5592,14,1,12.02,0.0
22294,5593,24,1,6.46,0.0
22295,5593,185,1,23.4,0.0
22296,5593,36,1,23.88,0.0
22297,5593,20,3,19.92,0.0
22298,5594,2,2,11.3,0.0
22299,5594,13,2,4.43,0.0
22300,5594,15,1,11.21,0.0
22301,5594,212,1,7.47,0.0
22302,5594,28,2,16.85,0.0
22303,5595,32,3,5.99,0.0
22304,5595,232,2,23.93,0.0
22305,5595,37,1,16.44,0.0
22306,5595,63,2,10.84,0.0
22307,5596,24,1,6.46,0.0
22308,5596,131,3,13.68,0.0
22309,5596,237,3,22.09,0.0
22310,5597,6,1,24.22,0.0
22311,5597,11,1,10.32,0.0
22312,5597,17,3,22.02,0.0
22313,5597,22,2,16.56,1.66
22314,5597,23,1,14.2,0.0
22315,5598,25,2,19.85,0.0
22316,5598,138,3,15.74,0.0
22317,5598,21,1,3.76,0.0
22318,5599,24,3,6.46,0.0
22319,5599,12,4,12.04,0.0
22320,5599,127,1,25.0,0.0
22321,5600,8,3,23.8,0.0
22322,5600,11,2,10.32,0.0
22323,5600,110,1,14.86,0.0
22324,5600,22,1,16.56,0.0
22325,5600,26,2,10.08,1.01
22326,5600,31,2,7.89,0.0
22327,5601,17,3,22.02,0.0
22328,5601,27,2,24.04,2.4
22329,5601,30,2,4.36,0.0
22330,5602,33,2,5.52,0.0
22331,5602,8,2,23.8,0.0
22332,5602,11,3,10.32,0.0
22333,5602,14,3,12.02,0.0
22334,5602,18,2,19.15,0.0
22335,5602,124,3,9.86,0.99
22336,5603,11,2,10.32,0.0
22337,5603,15,3,11.21,0.0
22338,5603,219,2,13.5,0.0
22339,5603,23,3,14.2,0.0
22340,5604,33,1,5.52,0.0
22341,5604,229,1,17.37,1.74
22342,5604,139,1,5.55,0.0
22343,5604,12,1,12.04,0.0
22344,5604,18,3,19.15,0.0
22345,5605,1,2,11.87,0.0
22346,5605,2,1,11.3,0.0
22347,5605,40,2,15.33,0.0
22348,5605,8,3,23.8,0.0
22349,5605,11,3,10.32,0.0
22350,5605,13,3,4.43,0.44
22351,5606,32,1,5.99,0.0
22352,5606,21,2,3.76,0.38
22353,5607,168,2,22.08,0.0
22354,5607,9,3,12.58,0.0
22355,5607,210,2,11.73,0.0
22356,5607,116,1,24.93,0.0
22357,5607,25,1,19.85,0.0
22358,5608,136,3,22.16,0.0
22359,5608,40,2,15.33,0.0
22360,5608,56,1,2.86,0.0
22361,5608,30,3,4.36,0.44
22362,5609,99,2,15.86,1.59
22363,5609,4,1,8.66,0.0
22364,5609,233,2,14.51,0.0
22365,5609,246,2,4.38,0.0
22366,5609,23,2,14.2,0.0
22367,5609,31,3,7.89,0.79
22368,5610,9,1,12.58,0.0
22369,5610,27,3,24.04,0.0
22370,5610,12,2,12.04,0.0
22371,5610,14,2,12.02,0.0
22372,5611,16,1,3.81,0.0
22373,5611,19,3,7.1,0.0
22374,5611,20,3,19.92,0.0
22375,5611,14,3,12.02,0.0
22376,5612,147,2,18.55,0.0
22377,5612,86,3,23.11,0.0
22378,5612,22,1,16.56,0.0
22379,5613,6,1,24.22,0.0
22380,5613,199,1,12.87,0.0
22381,5613,21,1,3.76,0.0
22382,5613,24,3,6.46,0.0
22383,5613,28,2,16.85,1.69
22384,5614,36,1,23.88,0.0
22385,5614,23,2,14.2,0.0
22386,5615,2,2,11.3,0.0
22387,5615,6,2,24.22,0.0
22388,5615,20,3,19.92,0.0
22389,5615,149,1,16.04,1.6
22390,5615,86,2,23.11,0.0
22391,5616,2,3,11.3,0.0
22392,5616,100,2,5.46,0.0
22393,5616,214,2,7.48,0.0
22394,5617,25,2,19.85,1.99
22395,5617,110,1,14.86,0.0
22396,5617,57,3,10.48,0.0
22397,5618,13,3,4.43,0.0
22398,5618,15,1,11.21,1.12
22399,5618,49,2,12.79,0.0
22400,5618,19,2,7.1,0.71
22401,5618,22,1,16.56,0.0
22402,5618,62,2,15.66,0.0
22403,5619,40,3,15.33,0.0
22404,5619,25,3,19.85,0.0
22405,5620,2,3,11.3,1.13
22406,5620,4,2,8.66,0.0
22407,5620,142,2,16.37,0.0
22408,5620,115,1,23.78,0.0
22409,5620,25,2,19.85,1.99
22410,5621,49,1,12.79,0.0
22411,5621,33,2,5.52,0.0
22412,5621,6,1,24.22,2.42
22413,5621,22,2,16.56,0.0
22414,5622,33,3,5.52,0.0
22415,5622,167,1,15.91,0.0
22416,5622,108,1,18.3,0.0
22417,5622,16,1,3.81,0.38
22418,5622,214,1,7.48,0.0
22419,5623,33,3,5.52,0.0
22420,5623,98,2,24.18,0.0
22421,5623,37,1,16.44,0.0
22422,5623,181,2,4.11,0.0
22423,5623,31,3,7.89,0.0
22424,5624,25,3,19.85,0.0
22425,5624,27,1,24.04,0.0
22426,5624,219,3,13.5,0.0
22427,5624,49,1,12.79,0.0
22428,5625,16,1,3.81,0.0
22429,5625,1,2,11.87,0.0
22430,5625,30,3,4.36,0.0
22431,5625,6,1,24.22,0.0
22432,5626,2,1,11.3,0.0
22433,5626,145,1,3.0,0.0
22434,5626,18,3,19.15,0.0
22435,5626,248,1,19.4,0.0
22436,5626,24,1,6.46,0.0
22437,5626,31,1,7.89,0.0
22438,5627,5,3,11.32,0.0
22439,5627,9,3,12.58,0.0
22440,5627,106,1,17.23,0.0
22441,5627,25,2,19.85,0.0
22442,5627,26,1,10.08,0.0
22443,5628,26,2,10.08,0.0
22444,5628,10,3,17.86,0.0
22445,5628,14,1,12.02,0.0
22446,5628,25,3,19.85,0.0
22447,5628,186,1,11.54,0.0
22448,5629,160,1,12.13,0.0
22449,5629,10,2,17.86,0.0
22450,5629,11,1,10.32,0.0
22451,5629,24,3,6.46,0.0
22452,5629,28,1,16.85,0.0
22453,5629,30,1,4.36,0.0
22454,5630,4,2,8.66,0.0
22455,5630,22,3,16.56,0.0
22456,5631,32,1,5.99,0.6
22457,5631,1,1,11.87,0.0
22458,5631,37,2,16.44,1.64
22459,5631,11,3,10.32,0.0
22460,5631,159,1,15.12,0.0
22461,5632,25,3,19.85,0.0
22462,5632,9,2,12.58,1.26
22463,5633,227,3,15.13,0.0
22464,5633,18,1,19.15,0.0
22465,5633,53,3,10.09,0.0
22466,5633,22,2,16.56,1.66
22467,5633,221,1,16.53,0.0
22468,5634,32,1,5.99,0.0
22469,5634,34,2,19.46,0.0
22470,5634,238,3,3.0,0.0
22471,5634,21,2,3.76,0.0
22472,5634,30,1,4.36,0.0
22473,5634,31,2,7.89,0.0
22474,5635,81,3,18.28,0.0
22475,5635,74,1,12.36,0.0
22476,5635,50,3,16.52,0.0
22477,5635,110,1,14.86,0.0
22478,5636,227,3,15.13,0.0
22479,5636,39,1,14.97,0.0
22480,5636,107,3,4.97,0.0
22481,5636,23,2,14.2,0.0
22482,5636,28,2,16.85,1.69
22483,5637,37,2,16.44,0.0
22484,5637,8,1,23.8,0.0
22485,5637,9,1,12.58,0.0
22486,5637,14,3,12.02,0.0
22487,5637,15,2,11.21,0.0
22488,5637,183,2,20.78,0.0
22489,5638,29,1,5.4,0.0
22490,5638,84,2,16.03,0.0
22491,5638,165,2,5.73,0.0
22492,5638,7,3,5.95,0.0
22493,5639,11,2,10.32,0.0
22494,5639,141,3,17.94,0.0
22495,5639,238,2,3.0,0.0
22496,5639,20,2,19.92,0.0
22497,5639,153,3,7.5,0.0
22498,5639,27,3,24.04,0.0
22499,5640,194,3,18.44,0.0
22500,5640,135,2,17.22,0.0
22501,5641,14,1,12.02,0.0
22502,5641,207,2,5.44,0.0
22503,5642,17,3,22.02,2.2
22504,5642,146,2,10.38,1.04
22505,5642,7,3,5.95,0.6
22506,5643,26,1,10.08,0.0
22507,5643,60,2,24.48,2.45
22508,5643,5,2,11.32,0.0
22509,5644,16,1,3.81,0.0
22510,5644,238,2,3.0,0.0
22511,5644,15,2,11.21,0.0
22512,5645,38,3,12.67,1.27
22513,5645,230,2,14.04,0.0
22514,5645,174,1,13.87,0.0
22515,5645,207,1,5.44,0.0
22516,5645,27,1,24.04,0.0
22517,5645,188,3,10.6,1.06
22518,5646,32,3,5.99,0.0
22519,5646,192,2,9.33,0.93
22520,5646,227,3,15.13,0.0
22521,5646,112,2,9.55,0.96
22522,5646,17,3,22.02,0.0
22523,5646,54,1,3.71,0.0
22524,5647,37,3,16.44,0.0
22525,5647,8,3,23.8,2.38
22526,5647,42,3,22.29,0.0
22527,5647,21,2,3.76,0.0
22528,5647,57,2,10.48,0.0
22529,5647,28,1,16.85,0.0
22530,5648,24,3,6.46,0.0
22531,5648,1,1,11.87,0.0
22532,5649,35,1,3.73,0.0
22533,5649,133,1,18.99,0.0
22534,5649,40,3,15.33,0.0
22535,5649,108,2,18.3,0.0
22536,5649,21,2,3.76,0.0
22537,5649,28,2,16.85,0.0
22538,5650,234,3,20.09,0.0
22539,5650,5,1,11.32,0.0
22540,5651,137,3,16.21,0.0
22541,5651,11,2,10.32,0.0
22542,5651,29,2,5.4,0.54
22543,5651,22,3,16.56,0.0
22544,5652,175,1,4.87,0.0
22545,5652,37,2,16.44,0.0
22546,5652,183,2,20.78,0.0
22547,5653,7,1,5.95,0.0
22548,5653,139,3,5.55,0.0
22549,5653,175,1,4.87,0.0
22550,5653,23,1,14.2,0.0
22551,5653,157,1,6.46,0.0
22552,5653,31,3,7.89,0.0
22553,5654,10,2,17.86,0.0
22554,5654,13,1,4.43,0.0
22555,5654,7,2,5.95,0.0
22556,5655,4,1,8.66,0.0
22557,5655,40,1,15.33,0.0
22558,5655,12,3,12.04,0.0
22559,5655,212,1,7.47,0.0
22560,5655,25,3,19.85,0.0
22561,5655,127,1,25.0,0.0
22562,5656,13,1,4.43,0.0
22563,5656,165,3,5.73,0.0
22564,5657,34,2,19.46,0.0
22565,5657,38,3,12.67,0.0
22566,5658,33,2,5.52,0.55
22567,5658,138,3,15.74,0.0
22568,5659,32,3,5.99,0.0
22569,5659,33,2,5.52,0.0
22570,5659,34,3,19.46,0.0
22571,5659,195,1,9.71,0.0
22572,5659,12,1,12.04,0.0
22573,5659,173,3,18.36,0.0
22574,5660,1,2,11.87,0.0
22575,5660,4,3,8.66,0.0
22576,5660,16,3,3.81,0.0
22577,5660,18,2,19.15,0.0
22578,5660,22,3,16.56,0.0
22579,5660,121,1,2.42,0.24
22580,5661,4,2,8.66,0.0
22581,5661,36,2,23.88,0.0
22582,5662,176,2,3.93,0.0
22583,5662,11,3,10.32,0.0
22584,5662,30,2,4.36,0.0
22585,5663,19,3,7.1,0.0
22586,5663,245,2,17.11,0.0
22587,5664,24,2,6.46,0.0
22588,5664,11,2,10.32,0.0
22589,5664,4,1,8.66,0.0
22590,5664,22,1,16.56,0.0
22591,5665,16,3,3.81,0.0
22592,5665,19,1,7.1,0.0
22593,5665,22,1,16.56,0.0
22594,5666,2,1,11.3,0.0
22595,5666,37,2,16.44,0.0
22596,5666,158,2,17.6,0.0
22597,5667,201,1,19.45,0.0
22598,5667,37,1,16.44,0.0
22599,5667,12,2,12.04,0.0
22600,5667,5,3,11.32,0.0
22601,5668,1,1,11.87,0.0
22602,5668,66,2,19.0,0.0
22603,5668,14,1,12.02,0.0
22604,5668,20,1,19.92,0.0
22605,5668,157,1,6.46,0.0
22606,5668,126,2,6.42,0.64
22607,5669,34,2,19.46,0.0
22608,5669,36,3,23.88,0.0
22609,5669,30,1,4.36,0.44
22610,5669,23,3,14.2,0.0
22611,5670,11,2,10.32,0.0
22612,5670,12,2,12.04,0.0
22613,5670,204,3,22.83,0.0
22614,5670,213,1,4.8,0.0
22615,5670,23,2,14.2,1.42
22616,5671,1,2,11.87,0.0
22617,5671,2,3,11.3,0.0
22618,5671,7,2,5.95,0.0
22619,5671,27,2,24.04,0.0
22620,5671,28,3,16.85,0.0
22621,5672,233,3,14.51,0.0
22622,5672,2,2,11.3,0.0
22623,5672,38,1,12.67,0.0
22624,5673,36,4,23.88,0.0
22625,5673,14,2,12.02,0.0
22626,5673,23,2,14.2,0.0
22627,5674,9,2,12.58,0.0
22628,5674,14,3,12.02,0.0
22629,5675,195,1,9.71,0.0
22630,5675,197,1,2.88,0.0
22631,5675,44,3,24.69,0.0
22632,5675,109,2,3.95,0.0
22633,5675,175,2,4.87,0.0
22634,5676,32,2,5.99,0.0
22635,5676,57,3,10.48,0.0
22636,5676,207,1,5.44,0.0
22637,5677,8,3,23.8,0.0
22638,5677,25,1,19.85,0.0
22639,5677,17,2,22.02,0.0
22640,5678,65,3,23.95,0.0
22641,5678,34,3,19.46,0.0
22642,5679,131,1,13.68,1.37
22643,5679,5,2,11.32,0.0
22644,5679,134,1,14.11,0.0
22645,5679,24,3,6.46,0.65
22646,5679,157,2,6.46,0.65
22647,5679,30,2,4.36,0.0
22648,5680,40,1,15.33,0.0
22649,5680,200,1,21.12,0.0
22650,5680,21,2,3.76,0.0
22651,5680,27,2,24.04,0.0
22652,5680,157,3,6.46,0.0
22653,5681,32,3,5.99,0.0
22654,5681,40,1,15.33,0.0
22655,5681,37,2,16.44,0.0
22656,5682,123,4,23.88,0.0
22657,5682,51,4,20.32,0.0
22658,5682,21,1,3.76,0.0
22659,5682,39,2,14.97,1.5
22660,5683,33,3,5.52,0.0
22661,5683,34,3,19.46,0.0
22662,5683,6,2,24.22,0.0
22663,5683,40,3,15.33,0.0
22664,5683,22,2,16.56,0.0
22665,5683,25,2,19.85,0.0
22666,5684,137,3,16.21,1.62
22667,5684,3,2,16.72,0.0
22668,5684,182,1,22.94,0.0
22669,5684,22,1,16.56,0.0
22670,5685,3,1,16.72,0.0
22671,5685,37,2,16.44,0.0
22672,5685,102,2,17.26,0.0
22673,5685,31,3,7.89,0.0
22674,5686,243,3,3.55,0.0
22675,5686,29,2,5.4,0.54
22676,5686,79,2,16.86,1.69
22677,5687,32,1,5.99,0.0
22678,5687,18,1,19.15,0.0
22679,5688,8,3,23.8,0.0
22680,5688,18,2,19.15,0.0
22681,5689,34,1,19.46,0.0
22682,5689,195,3,9.71,0.0
22683,5689,5,3,11.32,0.0
22684,5689,197,3,2.88,0.0
22685,5689,58,3,8.6,0.0
22686,5690,125,1,19.62,0.0
22687,5690,119,3,17.42,0.0
22688,5691,97,3,21.59,0.0
22689,5691,26,2,10.08,0.0
22690,5691,21,3,3.76,0.0
22691,5691,29,2,5.4,0.0
22692,5692,27,1,24.04,0.0
22693,5692,36,2,23.88,2.39
22694,5693,1,3,11.87,1.19
22695,5693,38,3,12.67,0.0
22696,5694,2,1,11.3,0.0
22697,5694,45,1,9.43,0.0
22698,5695,32,1,5.99,0.0
22699,5695,40,3,15.33,0.0
22700,5695,18,1,19.15,0.0
22701,5695,26,3,10.08,1.01
22702,5695,27,1,24.04,0.0
22703,5695,28,3,16.85,0.0
22704,5696,80,2,2.9,0.0
22705,5696,25,3,19.85,0.0
22706,5696,109,3,3.95,0.0
22707,5697,17,2,22.02,0.0
22708,5697,12,1,12.04,0.0
22709,5697,181,3,4.11,0.41
22710,5697,30,1,4.36,0.0
22711,5698,72,3,13.53,1.35
22712,5698,137,2,16.21,0.0
22713,5698,243,1,3.55,0.0
22714,5698,35,3,3.73,0.0
22715,5699,85,1,10.37,1.04
22716,5699,30,2,4.36,0.0
22717,5699,7,1,5.95,0.0
22718,5700,36,2,23.88,2.39
22719,5700,39,1,14.97,0.0
22720,5701,131,1,13.68,0.0
22721,5701,28,3,16.85,0.0
22722,5701,20,2,19.92,0.0
22723,5701,22,2,16.56,0.0
22724,5702,166,2,6.59,0.0
22725,5702,39,2,14.97,0.0
22726,5702,11,2,10.32,0.0
22727,5702,13,1,4.43,0.0
22728,5702,45,1,9.43,0.0
22729,5703,225,3,2.04,0.0
22730,5703,229,1,17.37,0.0
22731,5704,2,2,11.3,0.0
22732,5704,34,2,19.46,0.0
22733,5704,3,3,16.72,0.0
22734,5704,9,1,12.58,0.0
22735,5704,10,1,17.86,0.0
22736,5704,20,1,19.92,1.99
22737,5705,32,3,5.99,0.0
22738,5705,35,2,3.73,0.0
22739,5705,80,3,2.9,0.0
22740,5705,211,2,19.85,0.0
22741,5705,124,2,9.86,0.0
22742,5706,35,3,3.73,0.0
22743,5706,37,1,16.44,0.0
22744,5707,1,3,11.87,0.0
22745,5707,247,1,15.38,0.0
22746,5708,34,2,19.46,0.0
22747,5708,13,2,4.43,0.0
22748,5708,14,2,12.02,0.0
22749,5708,124,1,9.86,0.0
22750,5708,30,2,4.36,0.0
22751,5709,13,1,4.43,0.0
22752,5709,46,1,24.33,0.0
22753,5709,39,3,14.97,0.0
22754,5710,1,1,11.87,0.0
22755,5710,9,3,12.58,0.0
22756,5710,49,2,12.79,0.0
22757,5710,18,3,19.15,0.0
22758,5710,150,3,19.3,0.0
22759,5710,27,2,24.04,0.0
22760,5711,196,3,5.36,0.0
22761,5711,37,1,16.44,0.0
22762,5711,137,3,16.21,0.0
22763,5711,76,3,21.26,0.0
22764,5711,12,1,12.04,0.0
22765,5711,176,2,3.93,0.0
22766,5712,36,2,23.88,0.0
22767,5712,30,2,4.36,0.0
22768,5712,239,1,10.9,0.0
22769,5713,57,3,10.48,0.0
22770,5713,58,2,8.6,0.0
22771,5713,101,3,3.87,0.0
22772,5713,39,2,14.97,0.0
22773,5714,3,1,16.72,0.0
22774,5714,37,1,16.44,0.0
22775,5714,14,2,12.02,0.0
22776,5714,21,3,3.76,0.38
22777,5714,28,2,16.85,0.0
22778,5715,3,1,16.72,0.0
22779,5715,9,1,12.58,0.0
22780,5715,10,3,17.86,0.0
22781,5715,106,2,17.23,0.0
22782,5715,19,1,7.1,0.71
22783,5715,22,2,16.56,0.0
22784,5716,40,1,15.33,1.53
22785,5716,93,3,9.58,0.0
22786,5716,22,3,16.56,0.0
22787,5717,64,1,15.35,0.0
22788,5717,235,2,13.68,0.0
22789,5718,196,1,5.36,0.0
22790,5718,39,3,14.97,0.0
22791,5718,12,3,12.04,0.0
22792,5718,44,2,24.69,0.0
22793,5718,121,2,2.42,0.0
22794,5719,36,3,23.88,2.39
22795,5719,37,1,16.44,0.0
22796,5719,7,3,5.95,0.0
22797,5719,12,1,12.04,0.0
22798,5719,16,3,3.81,0.0
22799,5720,109,3,3.95,0.4
22800,5720,13,1,4.43,0.0
22801,5721,124,1,9.86,0.0
22802,5721,142,2,16.37,0.0
22803,5722,35,2,3.73,0.0
22804,5722,19,2,7.1,0.0
22805,5722,173,1,18.36,0.0
22806,5723,19,2,7.1,0.71
22807,5723,33,3,5.52,0.0
22808,5723,3,2,16.72,0.0
22809,5723,12,3,12.04,0.0
22810,5724,2,3,11.3,0.0
22811,5724,62,1,15.66,0.0
22812,5724,6,2,24.22,0.0
22813,5725,32,2,5.99,0.6
22814,5725,1,2,11.87,0.0
22815,5725,27,1,24.04,2.4
22816,5726,101,1,3.87,0.0
22817,5726,9,1,12.58,0.0
22818,5726,10,1,17.86,0.0
22819,5726,13,1,4.43,0.0
22820,5726,31,2,7.89,0.79
22821,5727,9,3,12.58,0.0
22822,5727,2,1,11.3,0.0
22823,5727,82,2,24.79,0.0
22824,5727,39,1,14.97,0.0
22825,5728,64,3,15.35,0.0
22826,5728,3,2,16.72,0.0
22827,5728,9,2,12.58,0.0
22828,5728,16,1,3.81,0.0
22829,5728,246,2,4.38,0.0
22830,5728,29,2,5.4,0.0
22831,5729,36,1,23.88,0.0
22832,5729,178,1,12.33,0.0
22833,5729,19,2,7.1,0.0
22834,5729,117,2,22.99,0.0
22835,5729,118,3,4.15,0.0
22836,5729,29,3,5.4,0.0
22837,5730,129,4,8.8,0.88
22838,5730,7,1,5.95,0.0
22839,5730,60,1,24.48,0.0
22840,5730,15,3,11.21,0.0
22841,5731,2,2,11.3,0.0
22842,5731,38,1,12.67,1.27
22843,5731,8,1,23.8,0.0
22844,5731,104,3,9.14,0.0
22845,5731,10,1,17.86,0.0
22846,5731,22,3,16.56,0.0
22847,5732,35,2,3.73,0.0
22848,5732,37,1,16.44,0.0
22849,5732,71,2,15.92,1.59
22850,5732,181,3,4.11,0.0
22851,5732,184,2,22.35,0.0
22852,5733,196,2,5.36,0.54
22853,5733,18,2,19.15,0.0
22854,5733,19,3,7.1,0.0
22855,5733,24,1,6.46,0.65
22856,5733,58,2,8.6,0.86
22857,5733,29,3,5.4,0.54
22858,5734,6,3,24.22,0.0
22859,5734,74,2,12.36,0.0
22860,5734,18,3,19.15,0.0
22861,5734,51,2,20.32,2.03
22862,5734,22,3,16.56,0.0
22863,5734,30,2,4.36,0.0
22864,5735,193,1,4.28,0.0
22865,5735,130,1,20.13,0.0
22866,5735,67,1,2.94,0.0
22867,5735,40,3,15.33,0.0
22868,5735,23,1,14.2,1.42
22869,5735,159,3,15.12,0.0
22870,5736,96,1,7.8,0.0
22871,5736,16,3,3.81,0.0
22872,5736,225,1,2.04,0.2
22873,5736,22,3,16.56,0.0
22874,5737,197,3,2.88,0.0
22875,5737,38,3,12.67,0.0
22876,5737,18,2,19.15,0.0
22877,5737,23,1,14.2,1.42
22878,5737,249,2,5.07,0.0
22879,5738,50,2,16.52,0.0
22880,5738,2,3,11.3,0.0
22881,5739,24,1,6.46,0.0
22882,5739,9,3,12.58,0.0
22883,5739,28,2,16.85,0.0
22884,5739,17,2,22.02,0.0
22885,5740,33,1,5.52,0.0
22886,5740,4,1,8.66,0.0
22887,5740,11,2,10.32,1.03
22888,5740,12,3,12.04,0.0
22889,5740,171,2,10.54,0.0
22890,5741,32,3,5.99,0.0
22891,5741,7,3,5.95,0.0
22892,5741,10,3,17.86,0.0
22893,5741,138,3,15.74,0.0
22894,5741,240,2,10.59,0.0
22895,5742,1,2,11.87,0.0
22896,5742,134,3,14.11,0.0
22897,5742,18,1,19.15,0.0
22898,5742,55,1,12.62,0.0
22899,5742,29,3,5.4,0.0
22900,5743,177,1,5.69,0.0
22901,5743,35,2,3.73,0.0
22902,5743,247,2,15.38,0.0
22903,5743,31,3,7.89,0.0
22904,5744,38,1,12.67,0.0
22905,5744,6,3,24.22,0.0
22906,5744,10,1,17.86,0.0
22907,5744,250,3,10.1,0.0
22908,5744,27,2,24.04,0.0
22909,5744,30,1,4.36,0.0
22910,5745,64,2,15.35,0.0
22911,5745,20,1,19.92,0.0
22912,5746,96,1,7.8,0.0
22913,5746,35,2,3.73,0.0
22914,5746,13,3,4.43,0.0
22915,5747,11,3,10.32,1.03
22916,5747,35,2,3.73,0.0
22917,5747,10,3,17.86,0.0
22918,5747,27,2,24.04,2.4
22919,5748,1,2,11.87,0.0
22920,5748,37,3,16.44,0.0
22921,5748,6,2,24.22,0.0
22922,5749,224,3,8.7,0.0
22923,5749,1,4,11.87,0.0
22924,5749,70,4,6.33,0.63
22925,5749,8,4,23.8,0.0
22926,5749,22,3,16.56,0.0
22927,5750,16,1,3.81,0.0
22928,5750,90,3,3.2,0.0
22929,5750,3,2,16.72,0.0
22930,5751,4,1,8.66,0.0
22931,5751,30,2,4.36,0.0
22932,5752,3,1,16.72,0.0
22933,5752,12,3,12.04,0.0
22934,5752,13,1,4.43,0.0
22935,5752,18,1,19.15,0.0
22936,5752,181,3,4.11,0.0
22937,5752,29,3,5.4,0.0
22938,5753,34,3,19.46,0.0
22939,5753,19,1,7.1,0.0
22940,5754,33,1,5.52,0.0
22941,5754,37,3,16.44,0.0
22942,5754,13,3,4.43,0.0
22943,5755,65,1,23.95,0.0
22944,5755,76,1,21.26,0.0
22945,5755,177,1,5.69,0.0
22946,5755,25,2,19.85,0.0
22947,5755,27,1,24.04,0.0
22948,5756,18,1,19.15,0.0
22949,5756,141,3,17.94,0.0
22950,5757,24,1,6.46,0.0
22951,5757,240,2,10.59,0.0
22952,5757,230,3,14.04,0.0
22953,5758,1,1,11.87,0.0
22954,5758,38,3,12.67,0.0
22955,5758,39,2,14.97,1.5
22956,5758,200,2,21.12,0.0
22957,5758,13,2,4.43,0.0
22958,5758,21,3,3.76,0.0
22959,5759,162,3,19.9,0.0
22960,5759,19,1,7.1,0.0
22961,5759,203,2,16.15,0.0
22962,5760,16,1,3.81,0.0
22963,5760,18,1,19.15,0.0
22964,5761,24,3,6.46,0.0
22965,5761,147,4,18.55,0.0
22966,5761,132,3,14.41,0.0
22967,5761,7,3,5.95,0.0
22968,5762,203,3,16.15,0.0
22969,5762,13,3,4.43,0.0
22970,5762,47,1,9.27,0.0
22971,5762,15,3,11.21,0.0
22972,5762,28,1,16.85,0.0
22973,5762,63,3,10.84,0.0
22974,5763,40,1,15.33,0.0
22975,5763,13,2,4.43,0.0
22976,5763,21,1,3.76,0.0
22977,5763,118,1,4.15,0.0
22978,5763,27,3,24.04,0.0
22979,5764,132,3,14.41,0.0
22980,5764,229,2,17.37,0.0
22981,5764,39,2,14.97,1.5
22982,5764,77,1,24.59,2.46
22983,5764,15,2,11.21,0.0
22984,5765,240,1,10.59,1.06
22985,5765,5,3,11.32,0.0
22986,5766,32,3,5.99,0.0
22987,5766,5,3,11.32,1.13
22988,5766,38,2,12.67,0.0
22989,5766,18,3,19.15,0.0
22990,5766,22,2,16.56,1.66
22991,5767,177,1,5.69,0.57
22992,5767,247,1,15.38,0.0
22993,5767,12,3,12.04,0.0
22994,5767,31,2,7.89,0.0
22995,5768,1,3,11.87,0.0
22996,5768,7,1,5.95,0.0
22997,5769,172,2,23.49,0.0
22998,5769,189,3,10.88,0.0
22999,5769,215,3,16.7,0.0
23000,5770,1,3,11.87,0.0
23001,5770,35,1,3.73,0.0
23002,5770,12,3,12.04,0.0
23003,5770,14,1,12.02,0.0
23004,5770,151,1,20.03,0.0
23005,5770,217,3,3.44,0.0
23006,5771,104,3,9.14,0.0
23007,5771,2,3,11.3,0.0
23008,5771,54,3,3.71,0.0
23009,5772,8,3,23.8,0.0
23010,5772,34,1,19.46,0.0
23011,5772,36,2,23.88,2.39
23012,5772,30,2,4.36,0.0
23013,5773,20,1,19.92,0.0
23014,5773,18,3,19.15,1.92
23015,5773,156,3,22.79,0.0
23016,5773,109,1,3.95,0.0
23017,5774,34,1,19.46,0.0
23018,5774,230,3,14.04,0.0
23019,5774,73,3,24.03,0.0
23020,5774,205,3,2.44,0.0
23021,5774,20,2,19.92,0.0
23022,5774,118,1,4.15,0.0
23023,5775,2,2,11.3,0.0
23024,5775,34,1,19.46,0.0
23025,5775,6,2,24.22,0.0
23026,5775,183,2,20.78,0.0
23027,5776,64,1,15.35,1.54
23028,5776,10,3,17.86,0.0
23029,5776,143,3,22.76,0.0
23030,5776,119,2,17.42,0.0
23031,5776,30,3,4.36,0.0
23032,5777,163,3,13.57,0.0
23033,5777,228,3,6.31,0.0
23034,5777,17,3,22.02,2.2
23035,5777,27,1,24.04,0.0
23036,5777,30,2,4.36,0.0
23037,5778,4,3,8.66,0.0
23038,5778,72,4,13.53,0.0
23039,5778,139,4,5.55,0.0
23040,5778,12,4,12.04,1.2
23041,5778,31,1,7.89,0.0
23042,5779,144,3,18.59,0.0
23043,5779,27,1,24.04,0.0
23044,5779,60,1,24.48,0.0
23045,5779,20,2,19.92,0.0
23046,5780,163,3,13.57,0.0
23047,5780,20,3,19.92,0.0
23048,5781,32,3,5.99,0.0
23049,5781,3,3,16.72,0.0
23050,5781,207,1,5.44,0.0
23051,5781,82,3,24.79,0.0
23052,5781,25,1,19.85,0.0
23053,5781,60,1,24.48,0.0
23054,5782,184,2,22.35,0.0
23055,5782,20,3,19.92,0.0
23056,5782,5,1,11.32,0.0
23057,5783,34,2,19.46,1.95
23058,5783,37,3,16.44,0.0
23059,5783,40,1,15.33,0.0
23060,5783,19,3,7.1,0.0
23061,5783,94,2,14.83,0.0
23062,5784,74,3,12.36,0.0
23063,5784,13,3,4.43,0.0
23064,5784,205,2,2.44,0.0
23065,5784,144,2,18.59,0.0
23066,5784,218,2,21.24,0.0
23067,5784,27,3,24.04,0.0
23068,5785,26,3,10.08,1.01
23069,5785,23,4,14.2,0.0
23070,5785,30,1,4.36,0.0
23071,5785,39,1,14.97,0.0
23072,5786,5,2,11.32,0.0
23073,5786,14,4,12.02,0.0
23074,5786,15,3,11.21,0.0
23075,5786,144,1,18.59,0.0
23076,5786,17,4,22.02,0.0
23077,5786,190,1,3.88,0.0
23078,5787,121,3,2.42,0.0
23079,5787,11,1,10.32,0.0
23080,5788,88,3,19.81,0.0
23081,5788,17,2,22.02,0.0
23082,5789,24,1,6.46,0.0
23083,5789,17,2,22.02,0.0
23084,5789,2,2,11.3,0.0
23085,5789,163,3,13.57,0.0
23086,5790,5,2,11.32,1.13
23087,5790,12,3,12.04,0.0
23088,5790,31,2,7.89,0.0
23089,5790,78,3,3.94,0.0
23090,5790,60,2,24.48,0.0
23091,5790,191,3,7.16,0.0
23092,5791,38,2,12.67,0.0
23093,5791,9,1,12.58,0.0
23094,5791,6,2,24.22,0.0
23095,5792,232,2,23.93,0.0
23096,5792,1,2,11.87,0.0
23097,5792,36,1,23.88,2.39
23098,5792,205,3,2.44,0.0
23099,5793,96,2,7.8,0.0
23100,5793,42,3,22.29,0.0
23101,5793,14,3,12.02,0.0
23102,5793,18,2,19.15,0.0
23103,5793,22,3,16.56,0.0
23104,5794,2,1,11.3,0.0
23105,5794,37,1,16.44,0.0
23106,5795,120,1,13.7,0.0
23107,5795,16,2,3.81,0.0
23108,5795,34,2,19.46,0.0
23109,5795,28,1,16.85,0.0
23110,5796,32,2,5.99,0.0
23111,5796,129,1,8.8,0.88
23112,5796,38,1,12.67,0.0
23113,5796,8,3,23.8,0.0
23114,5796,12,3,12.04,0.0
23115,5796,27,2,24.04,0.0
23116,5797,25,2,19.85,0.0
23117,5797,23,1,14.2,1.42
23118,5798,64,3,15.35,0.0
23119,5798,129,2,8.8,0.0
23120,5798,226,2,10.11,0.0
23121,5798,166,3,6.59,0.0
23122,5798,7,2,5.95,0.6
23123,5799,34,1,19.46,0.0
23124,5799,45,3,9.43,0.0
23125,5800,12,2,12.04,0.0
23126,5800,14,1,12.02,0.0
23127,5800,16,3,3.81,0.0
23128,5800,25,3,19.85,0.0
23129,5800,30,2,4.36,0.0
23130,5800,57,2,10.48,0.0
23131,5801,18,2,19.15,1.92
23132,5801,43,3,16.79,0.0
23133,5801,14,2,12.02,0.0
23134,5802,33,2,5.52,0.0
23135,5802,98,3,24.18,0.0
23136,5802,6,1,24.22,0.0
23137,5802,19,3,7.1,0.71
23138,5802,28,4,16.85,0.0
23139,5803,32,2,5.99,0.0
23140,5803,11,2,10.32,0.0
23141,5803,84,3,16.03,0.0
23142,5803,181,2,4.11,0.0
23143,5803,222,2,15.23,0.0
23144,5804,26,3,10.08,0.0
23145,5804,37,2,16.44,0.0
23146,5805,193,3,4.28,0.0
23147,5805,173,2,18.36,0.0
23148,5805,146,1,10.38,0.0
23149,5805,84,2,16.03,0.0
23150,5805,22,1,16.56,0.0
23151,5806,1,1,11.87,0.0
23152,5806,4,2,8.66,0.0
23153,5806,12,1,12.04,0.0
23154,5806,147,3,18.55,0.0
23155,5806,22,3,16.56,0.0
23156,5807,237,3,22.09,0.0
23157,5807,29,2,5.4,0.54
23158,5807,12,3,12.04,0.0
23159,5807,13,3,4.43,0.0
23160,5808,6,2,24.22,0.0
23161,5808,40,3,15.33,0.0
23162,5808,15,3,11.21,0.0
23163,5808,155,3,20.04,0.0
23164,5808,124,3,9.86,0.0
23165,5809,32,2,5.99,0.0
23166,5809,6,3,24.22,0.0
23167,5809,9,3,12.58,0.0
23168,5809,208,2,23.63,0.0
23169,5809,216,2,16.32,0.0
23170,5809,28,1,16.85,0.0
23171,5810,143,2,22.76,0.0
23172,5810,175,1,4.87,0.0
23173,5810,88,1,19.81,0.0
23174,5810,121,3,2.42,0.0
23175,5810,223,3,18.53,0.0
23176,5811,171,1,10.54,0.0
23177,5811,21,2,3.76,0.0
23178,5811,186,3,11.54,0.0
23179,5811,60,2,24.48,0.0
23180,5811,221,3,16.53,0.0
23181,5812,1,3,11.87,0.0
23182,5812,5,3,11.32,0.0
23183,5812,6,1,24.22,0.0
23184,5812,165,1,5.73,0.0
23185,5812,221,3,16.53,1.65
23186,5813,80,3,2.9,0.0
23187,5813,218,3,21.24,2.12
23188,5813,21,3,3.76,0.0
23189,5814,249,1,5.07,0.0
23190,5814,33,2,5.52,0.0
23191,5814,110,3,14.86,0.0
23192,5814,15,3,11.21,0.0
23193,5815,100,1,5.46,0.0
23194,5815,1,2,11.87,1.19
23195,5815,36,2,23.88,0.0
23196,5815,134,3,14.11,0.0
23197,5816,98,3,24.18,0.0
23198,5816,37,1,16.44,0.0
23199,5816,29,3,5.4,0.0
23200,5817,7,1,5.95,0.0
23201,5817,235,3,13.68,0.0
23202,5817,12,1,12.04,0.0
23203,5817,242,2,10.21,1.02
23204,5817,31,1,7.89,0.0
23205,5817,127,1,25.0,2.5
23206,5818,25,2,19.85,0.0
23207,5818,17,2,22.02,0.0
23208,5819,18,1,19.15,0.0
23209,5819,95,2,10.89,0.0
23210,5820,37,2,16.44,0.0
23211,5820,23,2,14.2,0.0
23212,5821,234,3,20.09,0.0
23213,5821,5,3,11.32,1.13
23214,5822,21,1,3.76,0.0
23215,5822,6,1,24.22,2.42
23216,5823,27,1,24.04,0.0
23217,5823,12,2,12.04,0.0
23218,5823,94,1,14.83,0.0
23219,5823,14,3,12.02,0.0
23220,5824,2,3,11.3,0.0
23221,5824,12,2,12.04,0.0
23222,5824,13,1,4.43,0.0
23223,5824,113,1,4.94,0.0
23224,5824,90,3,3.2,0.0
23225,5825,13,3,4.43,0.0
23226,5825,37,3,16.44,1.64
23227,5825,38,1,12.67,0.0
23228,5826,8,1,23.8,0.0
23229,5826,11,3,10.32,0.0
23230,5826,19,3,7.1,0.0
23231,5826,212,1,7.47,0.75
23232,5826,24,3,6.46,0.0
23233,5826,30,3,4.36,0.0
23234,5827,67,3,2.94,0.0
23235,5827,21,2,3.76,0.0
23236,5827,230,3,14.04,0.0
23237,5827,31,2,7.89,0.0
23238,5828,33,2,5.52,0.0
23239,5828,40,3,15.33,0.0
23240,5828,16,2,3.81,0.0
23241,5828,182,3,22.94,0.0
23242,5828,154,3,24.21,0.0
23243,5829,20,4,19.92,0.0
23244,5829,31,2,7.89,0.0
23245,5829,36,3,23.88,0.0
23246,5829,23,3,14.2,0.0
23247,5830,6,2,24.22,0.0
23248,5830,241,3,19.19,0.0
23249,5830,147,2,18.55,0.0
23250,5830,25,2,19.85,0.0
23251,5830,26,1,10.08,0.0
23252,5830,188,2,10.6,0.0
23253,5831,17,1,22.02,0.0
23254,5831,91,2,16.51,0.0
23255,5831,94,3,14.83,0.0
23256,5832,38,3,12.67,1.27
23257,5832,21,1,3.76,0.0
23258,5832,229,3,17.37,0.0
23259,5832,134,1,14.11,0.0
23260,5833,40,1,15.33,0.0
23261,5833,105,1,17.09,0.0
23262,5833,156,2,22.79,0.0
23263,5833,229,2,17.37,0.0
23264,5834,224,2,8.7,0.0
23265,5834,1,1,11.87,0.0
23266,5834,137,1,16.21,0.0
23267,5834,24,2,6.46,0.0
23268,5834,57,3,10.48,0.0
23269,5835,144,1,18.59,0.0
23270,5835,187,1,11.12,0.0
23271,5835,22,4,16.56,0.0
23272,5836,33,1,5.52,0.0
23273,5836,40,3,15.33,0.0
23274,5836,10,2,17.86,0.0
23275,5836,19,2,7.1,0.0
23276,5836,120,3,13.7,0.0
23277,5836,31,2,7.89,0.0
23278,5837,32,1,5.99,0.6
23279,5837,40,2,15.33,0.0
23280,5837,14,1,12.02,0.0
23281,5837,183,1,20.78,0.0
23282,5837,24,1,6.46,0.0
23283,5838,37,3,16.44,0.0
23284,5838,7,1,5.95,0.6
23285,5838,9,2,12.58,0.0
23286,5838,13,2,4.43,0.0
23287,5838,121,2,2.42,0.24
23288,5839,26,3,10.08,1.01
23289,5839,244,2,7.55,0.0
23290,5840,1,2,11.87,0.0
23291,5840,3,3,16.72,0.0
23292,5840,4,1,8.66,0.0
23293,5840,11,1,10.32,0.0
23294,5840,119,1,17.42,0.0
23295,5840,154,3,24.21,0.0
23296,5841,16,2,3.81,0.0
23297,5841,31,1,7.89,0.0
23298,5842,64,2,15.35,0.0
23299,5842,34,1,19.46,0.0
23300,5842,21,1,3.76,0.38
23301,5842,189,2,10.88,0.0
23302,5843,10,1,17.86,0.0
23303,5843,27,3,24.04,0.0
23304,5844,241,3,19.19,0.0
23305,5844,10,2,17.86,0.0
23306,5844,11,2,10.32,0.0
23307,5844,39,3,14.97,0.0
23308,5845,176,2,3.93,0.0
23309,5845,16,2,3.81,0.0
23310,5845,117,3,22.99,0.0
23311,5845,29,2,5.4,0.0
23312,5845,30,3,4.36,0.0
23313,5846,3,2,16.72,0.0
23314,5846,37,2,16.44,0.0
23315,5847,5,1,11.32,0.0
23316,5847,35,1,3.73,0.0
23317,5847,21,1,3.76,0.0
23318,5848,241,1,19.19,0.0
23319,5848,23,3,14.2,0.0
23320,5849,9,3,12.58,0.0
23321,5849,13,3,4.43,0.44
23322,5849,237,1,22.09,0.0
23323,5849,79,3,16.86,0.0
23324,5849,19,1,7.1,0.71
23325,5850,18,1,19.15,1.92
23326,5850,20,3,19.92,0.0
23327,5850,23,1,14.2,1.42
23328,5851,1,3,11.87,1.19
23329,5851,135,3,17.22,0.0
23330,5851,21,2,3.76,0.0
23331,5851,25,1,19.85,0.0
23332,5851,95,3,10.89,0.0
23333,5851,127,1,25.0,0.0
23334,5852,92,2,9.7,0.0
23335,5852,37,3,16.44,0.0
23336,5853,2,1,11.3,0.0
23337,5853,124,2,9.86,0.0
23338,5853,246,3,4.38,0.44
23339,5854,1,1,11.87,0.0
23340,5854,171,2,10.54,0.0
23341,5854,78,3,3.94,0.0
23342,5854,17,3,22.02,0.0
23343,5854,28,1,16.85,1.69
23344,5854,30,1,4.36,0.0
23345,5855,97,2,21.59,0.0
23346,5855,26,3,10.08,0.0
23347,5855,243,3,3.55,0.0
23348,5855,244,3,7.55,0.0
23349,5856,226,2,10.11,1.01
23350,5856,38,2,12.67,0.0
23351,5856,103,2,23.09,0.0
23352,5856,13,3,4.43,0.0
23353,5856,17,1,22.02,0.0
23354,5856,27,1,24.04,0.0
23355,5857,224,3,8.7,0.0
23356,5857,38,2,12.67,0.0
23357,5857,105,3,17.09,0.0
23358,5857,11,1,10.32,0.0
23359,5857,12,3,12.04,1.2
23360,5858,5,2,11.32,0.0
23361,5858,10,3,17.86,1.79
23362,5858,21,2,3.76,0.38
23363,5858,23,3,14.2,0.0
23364,5858,25,3,19.85,0.0
23365,5858,157,1,6.46,0.0
23366,5859,34,3,19.46,0.0
23367,5859,3,1,16.72,0.0
23368,5859,6,1,24.22,0.0
23369,5859,8,3,23.8,0.0
23370,5859,11,1,10.32,0.0
23371,5860,36,1,23.88,0.0
23372,5860,45,1,9.43,0.0
23373,5860,13,3,4.43,0.0
23374,5860,17,3,22.02,0.0
23375,5860,28,3,16.85,0.0
23376,5861,33,1,5.52,0.0
23377,5861,5,2,11.32,0.0
23378,5861,168,4,22.08,0.0
23379,5861,19,4,7.1,0.0
23380,5861,20,4,19.92,0.0
23381,5861,21,2,3.76,0.0
23382,5862,34,3,19.46,0.0
23383,5862,4,2,8.66,0.0
23384,5862,6,3,24.22,0.0
23385,5863,231,2,10.29,0.0
23386,5863,168,1,22.08,0.0
23387,5863,21,1,3.76,0.0
23388,5863,26,2,10.08,0.0
23389,5863,27,1,24.04,0.0
23390,5864,9,4,12.58,0.0
23391,5864,36,1,23.88,0.0
23392,5864,37,4,16.44,0.0
23393,5864,30,4,4.36,0.0
23394,5865,16,2,3.81,0.0
23395,5865,210,3,11.73,0.0
23396,5865,12,3,12.04,0.0
23397,5865,22,2,16.56,1.66
23398,5866,24,2,6.46,0.0
23399,5866,10,2,17.86,0.0
23400,5867,168,2,22.08,0.0
23401,5867,11,1,10.32,0.0
23402,5867,5,1,11.32,0.0
23403,5867,39,1,14.97,0.0
23404,5868,17,1,22.02,2.2
23405,5868,34,1,19.46,0.0
23406,5868,227,3,15.13,0.0
23407,5868,84,1,16.03,0.0
23408,5869,139,1,5.55,0.0
23409,5869,125,2,19.62,0.0
23410,5869,22,3,16.56,0.0
23411,5870,59,2,16.83,0.0
23412,5870,221,3,16.53,0.0
23413,5871,130,1,20.13,0.0
23414,5871,3,1,16.72,0.0
23415,5871,7,1,5.95,0.0
23416,5871,168,3,22.08,0.0
23417,5871,75,3,20.65,0.0
23418,5872,168,2,22.08,0.0
23419,5872,25,3,19.85,1.99
23420,5872,27,3,24.04,0.0
23421,5873,97,2,21.59,0.0
23422,5873,140,1,6.16,0.62
23423,5873,238,3,3.0,0.0
23424,5874,33,1,5.52,0.0
23425,5874,219,3,13.5,0.0
23426,5875,161,1,19.7,0.0
23427,5875,14,1,12.02,0.0
23428,5876,39,2,14.97,0.0
23429,5876,6,4,24.22,0.0
23430,5876,7,1,5.95,0.0
23431,5877,32,2,5.99,0.0
23432,5877,25,1,19.85,0.0
23433,5878,40,2,15.33,0.0
23434,5878,41,3,17.67,0.0
23435,5878,20,3,19.92,0.0
23436,5878,27,2,24.04,0.0
23437,5878,190,2,3.88,0.0
23438,5879,32,3,5.99,0.0
23439,5879,104,1,9.14,0.0
23440,5879,39,1,14.97,1.5
23441,5879,31,2,7.89,0.0
23442,5880,121,2,2.42,0.0
23443,5880,134,1,14.11,0.0
23444,5881,102,3,17.26,0.0
23445,5881,223,1,18.53,1.85
23446,5882,32,1,5.99,0.0
23447,5882,34,3,19.46,0.0
23448,5882,3,3,16.72,0.0
23449,5882,198,2,23.1,0.0
23450,5882,39,3,14.97,0.0
23451,5883,17,3,22.02,2.2
23452,5883,10,2,17.86,0.0
23453,5883,34,3,19.46,1.95
23454,5883,109,1,3.95,0.0
23455,5884,19,3,7.1,0.0
23456,5884,35,2,3.73,0.0
23457,5884,4,2,8.66,0.0
23458,5884,21,3,3.76,0.0
23459,5885,8,3,23.8,0.0
23460,5885,102,1,17.26,0.0
23461,5885,29,3,5.4,0.0
23462,5885,30,2,4.36,0.44
23463,5886,96,2,7.8,0.0
23464,5886,201,2,19.45,0.0
23465,5886,172,3,23.49,0.0
23466,5886,83,3,14.05,0.0
23467,5886,148,2,24.3,0.0
23468,5887,5,2,11.32,0.0
23469,5887,8,3,23.8,0.0
23470,5887,241,3,19.19,0.0
23471,5887,115,3,23.78,0.0
23472,5887,222,3,15.23,0.0
23473,5887,31,3,7.89,0.0
23474,5888,10,1,17.86,0.0
23475,5888,13,3,4.43,0.0
23476,5889,160,3,12.13,0.0
23477,5889,35,1,3.73,0.0
23478,5889,9,3,12.58,0.0
23479,5889,23,1,14.2,0.0
23480,5889,24,3,6.46,0.65
23481,5889,31,1,7.89,0.0
23482,5890,32,1,5.99,0.0
23483,5890,24,2,6.46,0.0
23484,5890,147,3,18.55,0.0
23485,5890,113,3,4.94,0.0
23486,5891,17,3,22.02,0.0
23487,5891,5,2,11.32,0.0
23488,5891,6,3,24.22,0.0
23489,5892,8,1,23.8,0.0
23490,5892,2,1,11.3,0.0
23491,5893,26,2,10.08,0.0
23492,5893,34,1,19.46,0.0
23493,5893,30,1,4.36,0.0
23494,5894,17,1,22.02,0.0
23495,5894,90,1,3.2,0.0
23496,5894,13,2,4.43,0.0
23497,5894,15,2,11.21,0.0
23498,5895,4,1,8.66,0.0
23499,5895,37,3,16.44,0.0
23500,5895,22,3,16.56,0.0
23501,5895,220,3,14.33,0.0
23502,5895,29,1,5.4,0.0
23503,5896,3,3,16.72,0.0
23504,5896,6,3,24.22,0.0
23505,5896,20,3,19.92,0.0
23506,5896,21,1,3.76,0.0
23507,5896,27,1,24.04,0.0
23508,5897,17,1,22.02,2.2
23509,5897,33,1,5.52,0.0
23510,5897,39,3,14.97,0.0
23511,5898,16,2,3.81,0.0
23512,5898,2,3,11.3,0.0
23513,5898,10,2,17.86,0.0
23514,5898,35,1,3.73,0.0
23515,5899,97,1,21.59,0.0
23516,5899,34,1,19.46,0.0
23517,5899,203,2,16.15,0.0
23518,5899,13,2,4.43,0.0
23519,5899,20,2,19.92,0.0
23520,5899,91,1,16.51,0.0
23521,5900,1,3,11.87,0.0
23522,5900,39,1,14.97,0.0
23523,5900,201,1,19.45,0.0
23524,5900,14,3,12.02,0.0
23525,5900,85,1,10.37,0.0
23526,5900,24,3,6.46,0.0
23527,5901,26,1,10.08,0.0
23528,5901,27,3,24.04,0.0
23529,5901,140,3,6.16,0.0
23530,5901,221,1,16.53,0.0
23531,5902,3,3,16.72,0.0
23532,5902,20,1,19.92,0.0
23533,5903,32,2,5.99,0.0
23534,5903,2,2,11.3,0.0
23535,5903,7,2,5.95,0.0
23536,5903,76,2,21.26,0.0
23537,5903,123,3,23.88,0.0
23538,5903,28,3,16.85,0.0
23539,5904,32,3,5.99,0.0
23540,5904,66,3,19.0,0.0
23541,5904,39,3,14.97,0.0
23542,5904,209,2,16.0,0.0
23543,5904,21,1,3.76,0.0
23544,5905,24,4,6.46,0.0
23545,5905,152,1,7.38,0.0
23546,5905,15,3,11.21,0.0
23547,5906,67,1,2.94,0.29
23548,5906,37,1,16.44,1.64
23549,5906,39,3,14.97,0.0
23550,5906,7,1,5.95,0.0
23551,5906,209,3,16.0,0.0
23552,5906,216,2,16.32,0.0
23553,5907,1,1,11.87,0.0
23554,5907,38,3,12.67,1.27
23555,5907,10,2,17.86,0.0
23556,5907,203,2,16.15,1.61
23557,5907,27,3,24.04,0.0
23558,5907,28,3,16.85,0.0
23559,5908,11,1,10.32,1.03
23560,5908,20,3,19.92,0.0
23561,5909,1,1,11.87,0.0
23562,5909,29,3,5.4,0.0
23563,5910,38,3,12.67,0.0
23564,5910,135,1,17.22,0.0
23565,5910,15,3,11.21,0.0
23566,5910,82,1,24.79,0.0
23567,5910,181,1,4.11,0.41
23568,5911,13,3,4.43,0.0
23569,5911,30,4,4.36,0.44
23570,5912,1,2,11.87,0.0
23571,5912,8,2,23.8,0.0
23572,5912,9,1,12.58,0.0
23573,5912,11,1,10.32,0.0
23574,5912,207,3,5.44,0.0
23575,5913,200,3,21.12,0.0
23576,5913,8,2,23.8,0.0
23577,5913,114,3,18.17,0.0
23578,5913,23,3,14.2,0.0
23579,5913,26,1,10.08,0.0
23580,5914,39,2,14.97,0.0
23581,5914,16,2,3.81,0.0
23582,5914,48,1,12.11,0.0
23583,5914,19,3,7.1,0.0
23584,5914,30,3,4.36,0.0
23585,5915,32,3,5.99,0.0
23586,5915,24,2,6.46,0.0
23587,5915,35,3,3.73,0.0
23588,5915,239,1,10.9,0.0
23589,5916,34,3,19.46,0.0
23590,5916,36,2,23.88,0.0
23591,5916,38,2,12.67,0.0
23592,5916,6,3,24.22,0.0
23593,5916,18,1,19.15,0.0
23594,5916,21,3,3.76,0.0
23595,5917,1,2,11.87,0.0
23596,5917,200,3,21.12,0.0
23597,5917,9,3,12.58,0.0
23598,5917,14,1,12.02,1.2
23599,5917,212,2,7.47,0.75
23600,5917,21,3,3.76,0.0
23601,5918,136,1,22.16,0.0
23602,5918,19,1,7.1,0.0
23603,5918,86,3,23.11,2.31
23604,5918,23,2,14.2,0.0
23605,5918,185,2,23.4,2.34
23606,5919,32,2,5.99,0.0
23607,5919,35,3,3.73,0.0
23608,5919,30,1,4.36,0.0
23609,5919,39,2,14.97,0.0
23610,5920,162,3,19.9,0.0
23611,5920,2,1,11.3,0.0
23612,5920,37,1,16.44,0.0
23613,5920,204,2,22.83,0.0
23614,5920,14,1,12.02,0.0
23615,5920,18,2,19.15,0.0
23616,5921,89,2,17.61,0.0
23617,5921,57,3,10.48,0.0
23618,5921,186,2,11.54,0.0
23619,5922,4,2,8.66,0.0
23620,5922,22,1,16.56,0.0
23621,5922,30,1,4.36,0.0
23622,5922,76,2,21.26,0.0
23623,5923,13,3,4.43,0.0
23624,5923,71,3,15.92,0.0
23625,5924,204,3,22.83,2.28
23626,5924,51,1,20.32,0.0
23627,5924,36,1,23.88,0.0
23628,5925,34,1,19.46,0.0
23629,5925,35,2,3.73,0.0
23630,5925,36,2,23.88,0.0
23631,5925,39,2,14.97,0.0
23632,5926,33,3,5.52,0.0
23633,5926,34,1,19.46,0.0
23634,5926,36,2,23.88,0.0
23635,5927,12,1,12.04,0.0
23636,5927,38,3,12.67,0.0
23637,5928,96,3,7.8,0.0
23638,5928,197,2,2.88,0.0
23639,5928,18,1,19.15,0.0
23640,5928,115,2,23.78,0.0
23641,5928,63,1,10.84,0.0
23642,5929,106,1,17.23,0.0
23643,5929,12,2,12.04,0.0
23644,5929,29,2,5.4,0.0
23645,5930,32,1,5.99,0.0
23646,5930,20,2,19.92,0.0
23647,5930,206,1,6.96,0.7
23648,5931,96,1,7.8,0.0
23649,5931,21,3,3.76,0.0
23650,5931,45,1,9.43,0.0
23651,5932,96,2,7.8,0.0
23652,5932,34,3,19.46,0.0
23653,5932,70,1,6.33,0.0
23654,5932,46,2,24.33,0.0
23655,5932,29,1,5.4,0.54
23656,5933,2,3,11.3,0.0
23657,5933,30,3,4.36,0.0
23658,5934,24,2,6.46,0.0
23659,5934,187,3,11.12,1.11
23660,5934,72,3,13.53,0.0
23661,5934,5,2,11.32,0.0
23662,5935,24,4,6.46,0.0
23663,5935,18,3,19.15,0.0
23664,5935,37,3,16.44,0.0
23665,5936,32,1,5.99,0.6
23666,5936,2,3,11.3,0.0
23667,5936,38,3,12.67,0.0
23668,5936,137,1,16.21,0.0
23669,5936,16,2,3.81,0.0
23670,5936,186,3,11.54,0.0
23671,5937,64,2,15.35,0.0
23672,5937,97,2,21.59,0.0
23673,5937,224,2,8.7,0.87
23674,5937,3,2,16.72,0.0
23675,5937,163,3,13.57,0.0
23676,5937,12,3,12.04,0.0
23677,5938,75,1,20.65,0.0
23678,5938,12,3,12.04,1.2
23679,5938,173,1,18.36,1.84
23680,5938,174,3,13.87,0.0
23681,5938,19,1,7.1,0.0
23682,5939,56,1,2.86,0.29
23683,5939,240,3,10.59,0.0
23684,5939,19,1,7.1,0.71
23685,5940,8,3,23.8,0.0
23686,5940,56,1,2.86,0.0
23687,5940,36,1,23.88,0.0
23688,5941,46,1,24.33,0.0
23689,5941,7,1,5.95,0.0
23690,5942,33,1,5.52,0.0
23691,5942,35,1,3.73,0.0
23692,5942,38,3,12.67,0.0
23693,5943,32,2,5.99,0.6
23694,5943,34,3,19.46,0.0
23695,5943,35,3,3.73,0.0
23696,5943,238,1,3.0,0.0
23697,5943,219,3,13.5,0.0
23698,5943,221,2,16.53,0.0
23699,5944,34,3,19.46,0.0
23700,5944,133,1,18.99,0.0
23701,5944,15,2,11.21,0.0
23702,5944,16,2,3.81,0.0
23703,5944,27,2,24.04,0.0
23704,5945,34,1,19.46,0.0
23705,5945,13,1,4.43,0.0
23706,5945,37,3,16.44,0.0
23707,5945,38,2,12.67,0.0
23708,5946,32,3,5.99,0.0
23709,5946,37,3,16.44,0.0
23710,5946,12,1,12.04,0.0
23711,5946,15,3,11.21,0.0
23712,5946,25,1,19.85,0.0
23713,5946,27,2,24.04,0.0
23714,5947,48,1,12.11,0.0
23715,5947,26,3,10.08,0.0
23716,5947,12,2,12.04,0.0
23717,5948,218,1,21.24,0.0
23718,5948,2,1,11.3,0.0
23719,5948,14,1,12.02,0.0
23720,5949,16,1,3.81,0.0
23721,5949,19,1,7.1,0.0
23722,5949,12,1,12.04,0.0
23723,5950,34,1,19.46,0.0
23724,5950,219,1,13.5,0.0
23725,5950,12,1,12.04,0.0
23726,5950,159,2,15.12,0.0
23727,5951,9,1,12.58,0.0
23728,5951,29,2,5.4,0.54
23729,5951,33,2,5.52,0.0
23730,5952,4,1,8.66,0.0
23731,5952,5,2,11.32,0.0
23732,5952,79,3,16.86,0.0
23733,5953,5,1,11.32,0.0
23734,5953,31,3,7.89,0.0
23735,5954,8,2,23.8,0.0
23736,5954,33,1,5.52,0.0
23737,5954,20,4,19.92,0.0
23738,5955,27,3,24.04,0.0
23739,5955,35,2,3.73,0.0
23740,5955,155,2,20.04,0.0
23741,5955,246,2,4.38,0.0
23742,5956,24,4,6.46,0.65
23743,5956,89,2,17.61,0.0
23744,5957,202,1,12.79,0.0
23745,5957,3,1,16.72,0.0
23746,5957,15,3,11.21,1.12
23747,5958,34,2,19.46,0.0
23748,5958,18,3,19.15,0.0
23749,5959,37,1,16.44,0.0
23750,5959,38,3,12.67,0.0
23751,5960,14,3,12.02,0.0
23752,5960,18,2,19.15,0.0
23753,5960,117,3,22.99,0.0
23754,5960,59,1,16.83,0.0
23755,5960,190,3,3.88,0.0
23756,5961,16,1,3.81,0.38
23757,5961,37,3,16.44,0.0
23758,5962,5,3,11.32,0.0
23759,5962,20,3,19.92,0.0
23760,5962,4,3,8.66,0.0
23761,5962,39,3,14.97,0.0
23762,5963,194,2,18.44,0.0
23763,5963,250,3,10.1,0.0
23764,5963,68,2,22.91,0.0
23765,5963,14,2,12.02,0.0
23766,5964,19,3,7.1,0.0
23767,5964,12,3,12.04,0.0
23768,5965,11,2,10.32,0.0
23769,5965,15,2,11.21,0.0
23770,5965,18,2,19.15,0.0
23771,5965,146,2,10.38,0.0
23772,5965,30,3,4.36,0.0
23773,5966,82,1,24.79,2.48
23774,5966,108,2,18.3,0.0
23775,5966,13,3,4.43,0.0
23776,5966,22,2,16.56,0.0
23777,5967,24,2,6.46,0.0
23778,5967,26,1,10.08,0.0
23779,5967,21,2,3.76,0.0
23780,5967,6,2,24.22,0.0
23781,5968,51,1,20.32,0.0
23782,5968,35,3,3.73,0.0
23783,5968,14,1,12.02,0.0
23784,5968,25,4,19.85,1.99
23785,5969,40,1,15.33,0.0
23786,5969,169,1,3.2,0.32
23787,5969,106,4,17.23,0.0
23788,5969,3,2,16.72,0.0
23789,5970,8,2,23.8,0.0
23790,5970,17,1,22.02,0.0
23791,5970,25,1,19.85,0.0
23792,5970,59,1,16.83,0.0
23793,5970,28,1,16.85,0.0
23794,5971,24,1,6.46,0.0
23795,5971,16,1,3.81,0.0
23796,5971,37,3,16.44,0.0
23797,5971,7,2,5.95,0.0
23798,5972,1,3,11.87,0.0
23799,5972,5,3,11.32,0.0
23800,5973,250,1,10.1,0.0
23801,5973,116,1,24.93,0.0
23802,5974,193,2,4.28,0.0
23803,5974,7,2,5.95,0.6
23804,5975,8,2,23.8,2.38
23805,5975,11,4,10.32,1.03
23806,5976,35,2,3.73,0.37
23807,5976,4,1,8.66,0.0
23808,5976,40,1,15.33,0.0
23809,5976,13,1,4.43,0.0
23810,5976,20,2,19.92,0.0
23811,5976,93,2,9.58,0.0
23812,5977,4,3,8.66,0.0
23813,5977,36,2,23.88,0.0
23814,5977,168,1,22.08,0.0
23815,5977,9,2,12.58,0.0
23816,5977,140,2,6.16,0.0
23817,5977,19,2,7.1,0.0
23818,5978,23,2,14.2,0.0
23819,5978,4,2,8.66,0.0
23820,5978,31,2,7.89,0.0
23821,5979,34,2,19.46,0.0
23822,5979,73,3,24.03,2.4
23823,5979,20,3,19.92,0.0
23824,5979,150,2,19.3,0.0
23825,5979,27,1,24.04,0.0
23826,5980,33,1,5.52,0.0
23827,5980,34,2,19.46,0.0
23828,5980,215,2,16.7,0.0
23829,5981,11,2,10.32,0.0
23830,5981,28,1,16.85,0.0
23831,5981,171,3,10.54,1.05
23832,5981,31,3,7.89,0.79
23833,5982,4,3,8.66,0.0
23834,5982,199,3,12.87,0.0
23835,5982,40,3,15.33,1.53
23836,5982,10,3,17.86,1.79
23837,5982,12,1,12.04,0.0
23838,5982,23,3,14.2,1.42
23839,5983,36,3,23.88,0.0
23840,5983,8,3,23.8,0.0
23841,5983,51,2,20.32,0.0
23842,5983,26,1,10.08,0.0
23843,5983,29,1,5.4,0.0
23844,5984,40,1,15.33,0.0
23845,5984,121,1,2.42,0.24
23846,5984,181,1,4.11,0.0
23847,5984,231,2,10.29,0.0
23848,5985,144,1,18.59,0.0
23849,5985,222,1,15.23,0.0
23850,5985,199,1,12.87,0.0
23851,5986,129,1,8.8,0.0
23852,5986,3,2,16.72,0.0
23853,5986,164,2,11.63,0.0
23854,5986,198,1,23.1,0.0
23855,5986,102,3,17.26,0.0
23856,5986,214,2,7.48,0.0
23857,5987,32,1,5.99,0.0
23858,5987,33,3,5.52,0.55
23859,5987,204,2,22.83,0.0
23860,5987,46,1,24.33,0.0
23861,5987,14,2,12.02,0.0
23862,5987,24,3,6.46,0.0
23863,5988,155,1,20.04,0.0
23864,5988,29,2,5.4,0.54
23865,5989,8,2,23.8,0.0
23866,5989,21,3,3.76,0.38
23867,5989,246,1,4.38,0.0
23868,5990,8,1,23.8,0.0
23869,5990,9,2,12.58,0.0
23870,5990,12,3,12.04,0.0
23871,5990,141,2,17.94,0.0
23872,5990,20,2,19.92,0.0
23873,5990,248,3,19.4,0.0
23874,5991,193,3,4.28,0.0
23875,5991,132,1,14.41,0.0
23876,5991,165,1,5.73,0.0
23877,5991,38,3,12.67,0.0
23878,5992,98,1,24.18,0.0
23879,5992,231,3,10.29,0.0
23880,5993,32,2,5.99,0.0
23881,5993,20,1,19.92,0.0
23882,5993,37,2,16.44,0.0
23883,5994,107,1,4.97,0.0
23884,5994,140,3,6.16,0.0
23885,5994,239,3,10.9,0.0
23886,5994,18,2,19.15,0.0
23887,5994,58,2,8.6,0.0
23888,5995,224,3,8.7,0.0
23889,5995,18,3,19.15,0.0
23890,5995,11,3,10.32,0.0
23891,5995,13,3,4.43,0.0
23892,5996,33,4,5.52,0.0
23893,5996,3,1,16.72,0.0
23894,5996,17,4,22.02,0.0
23895,5996,150,4,19.3,0.0
23896,5996,186,4,11.54,0.0
23897,5996,27,2,24.04,2.4
23898,5997,26,3,10.08,0.0
23899,5997,28,1,16.85,1.69
23900,5997,149,2,16.04,0.0
23901,5997,23,1,14.2,0.0
23902,5998,1,2,11.87,0.0
23903,5998,170,2,13.05,0.0
23904,5998,15,1,11.21,0.0
23905,5998,53,2,10.09,0.0
23906,5998,153,1,7.5,0.0
23907,5998,58,2,8.6,0.0
23908,5999,39,1,14.97,0.0
23909,5999,7,4,5.95,0.6
23910,5999,12,4,12.04,0.0
23911,5999,21,4,3.76,0.0
23912,5999,26,3,10.08,0.0
23913,6000,32,1,5.99,0.0
23914,6000,36,2,23.88,0.0
23915,6000,5,3,11.32,0.0
23916,6000,40,1,15.33,0.0
23917,6000,95,1,10.89,0.0
23918,6001,239,3,10.9,0.0
23919,6001,28,2,16.85,0.0
23920,6001,37,3,16.44,0.0
23921,6001,92,3,9.7,0.0
23922,6002,90,3,3.2,0.32
23923,6002,19,3,7.1,0.0
23924,6002,12,3,12.04,0.0
23925,6002,29,1,5.4,0.0
23926,6003,129,3,8.8,0.0
23927,6003,233,2,14.51,0.0
23928,6003,12,2,12.04,0.0
23929,6003,243,3,3.55,0.0
23930,6003,24,2,6.46,0.0
23931,6004,16,1,3.81,0.0
23932,6004,34,2,19.46,1.95
23933,6004,243,3,3.55,0.0
23934,6004,68,3,22.91,0.0
23935,6005,221,3,16.53,0.0
23936,6005,33,1,5.52,0.0
23937,6005,109,2,3.95,0.0
23938,6005,38,2,12.67,0.0
23939,6006,32,2,5.99,0.0
23940,6006,39,3,14.97,0.0
23941,6006,12,2,12.04,0.0
23942,6006,15,2,11.21,0.0
23943,6006,17,2,22.02,0.0
23944,6007,40,1,15.33,1.53
23945,6007,22,1,16.56,0.0
23946,6007,23,3,14.2,0.0
23947,6007,26,2,10.08,0.0
23948,6007,29,2,5.4,0.54
23949,6008,91,1,16.51,1.65
23950,6008,10,2,17.86,1.79
23951,6008,11,1,10.32,0.0
23952,6008,237,1,22.09,0.0
23953,6009,249,3,5.07,0.0
23954,6009,22,2,16.56,0.0
23955,6010,32,1,5.99,0.0
23956,6010,35,2,3.73,0.0
23957,6010,39,2,14.97,0.0
23958,6010,17,2,22.02,0.0
23959,6010,244,2,7.55,0.0
23960,6010,30,3,4.36,0.0
23961,6011,34,1,19.46,0.0
23962,6011,2,4,11.3,0.0
23963,6011,105,4,17.09,0.0
23964,6011,42,2,22.29,0.0
23965,6011,28,3,16.85,1.69
23966,6011,30,2,4.36,0.44
23967,6012,24,3,6.46,0.0
23968,6012,11,3,10.32,0.0
23969,6012,52,3,15.6,0.0
23970,6012,39,2,14.97,0.0
23971,6013,120,2,13.7,0.0
23972,6013,74,2,12.36,0.0
23973,6013,10,2,17.86,1.79
23974,6013,21,2,3.76,0.0
23975,6014,210,2,11.73,0.0
23976,6014,35,1,3.73,0.0
23977,6015,4,2,8.66,0.0
23978,6015,39,1,14.97,0.0
23979,6015,104,3,9.14,0.0
23980,6015,10,1,17.86,0.0
23981,6015,11,3,10.32,0.0
23982,6016,1,2,11.87,0.0
23983,6016,3,1,16.72,0.0
23984,6016,199,3,12.87,0.0
23985,6017,2,1,11.3,0.0
23986,6017,39,1,14.97,0.0
23987,6017,22,2,16.56,0.0
23988,6017,184,1,22.35,0.0
23989,6017,28,2,16.85,0.0
23990,6017,95,2,10.89,0.0
23991,6018,16,3,3.81,0.38
23992,6018,9,1,12.58,0.0
23993,6018,27,1,24.04,0.0
23994,6018,5,1,11.32,0.0
23995,6019,2,3,11.3,0.0
23996,6019,36,2,23.88,0.0
23997,6019,29,1,5.4,0.0
23998,6020,32,2,5.99,0.0
23999,6020,34,1,19.46,0.0
24000,6020,39,1,14.97,1.5
24001,6020,10,2,17.86,0.0
24002,6020,209,3,16.0,0.0
24003,6020,18,2,19.15,0.0
24004,6021,195,2,9.71,0.0
24005,6021,245,2,17.11,0.0
24006,6022,20,3,19.92,0.0
24007,6022,30,1,4.36,0.0
24008,6023,34,3,19.46,0.0
24009,6023,18,1,19.15,0.0
24010,6023,4,3,8.66,0.0
24011,6023,63,2,10.84,0.0
24012,6024,10,2,17.86,0.0
24013,6024,222,1,15.23,0.0
24014,6024,7,2,5.95,0.0
24015,6025,18,1,19.15,0.0
24016,6025,20,3,19.92,0.0
24017,6025,39,2,14.97,0.0
24018,6025,135,3,17.22,0.0
24019,6026,5,2,11.32,0.0
24020,6026,10,3,17.86,0.0
24021,6026,47,2,9.27,0.0
24022,6026,18,3,19.15,0.0
24023,6026,61,2,4.08,0.0
24024,6027,3,3,16.72,0.0
24025,6027,172,2,23.49,0.0
24026,6027,19,2,7.1,0.0
24027,6027,21,3,3.76,0.0
24028,6027,61,2,4.08,0.0
24029,6028,9,2,12.58,0.0
24030,6028,13,2,4.43,0.0
24031,6028,237,1,22.09,0.0
24032,6028,18,1,19.15,0.0
24033,6028,59,3,16.83,0.0
24034,6029,160,1,12.13,0.0
24035,6029,104,2,9.14,0.0
24036,6029,9,2,12.58,0.0
24037,6029,17,1,22.02,0.0
24038,6029,23,3,14.2,0.0
24039,6029,57,3,10.48,0.0
24040,6030,224,1,8.7,0.0
24041,6030,1,3,11.87,0.0
24042,6030,218,1,21.24,2.12
24043,6031,24,2,6.46,0.0
24044,6031,2,2,11.3,1.13
24045,6031,142,1,16.37,0.0
24046,6031,119,2,17.42,1.74
24047,6032,38,1,12.67,0.0
24048,6032,108,1,18.3,0.0
24049,6032,14,1,12.02,0.0
24050,6033,223,3,18.53,0.0
24051,6033,100,2,5.46,0.0
24052,6033,15,1,11.21,0.0
24053,6034,41,1,17.67,0.0
24054,6034,26,2,10.08,0.0
24055,6034,38,3,12.67,0.0
24056,6035,32,2,5.99,0.0
24057,6035,1,3,11.87,0.0
24058,6035,35,2,3.73,0.37
24059,6035,126,1,6.42,0.0
24060,6036,3,3,16.72,0.0
24061,6036,4,3,8.66,0.0
24062,6036,137,2,16.21,0.0
24063,6036,210,1,11.73,0.0
24064,6036,27,2,24.04,0.0
24065,6037,2,1,11.3,0.0
24066,6037,13,1,4.43,0.0
24067,6037,15,2,11.21,0.0
24068,6038,40,3,15.33,1.53
24069,6038,124,3,9.86,0.0
24070,6039,4,2,8.66,0.0
24071,6039,12,3,12.04,0.0
24072,6040,25,2,19.85,0.0
24073,6040,139,2,5.55,0.0
24074,6040,17,2,22.02,0.0
24075,6040,79,3,16.86,0.0
24076,6041,113,2,4.94,0.0
24077,6041,20,1,19.92,0.0
24078,6041,6,1,24.22,2.42
24079,6042,3,3,16.72,0.0
24080,6042,37,1,16.44,0.0
24081,6042,38,3,12.67,0.0
24082,6042,20,2,19.92,0.0
24083,6042,24,1,6.46,0.0
24084,6042,25,1,19.85,0.0
24085,6043,68,1,22.91,0.0
24086,6043,197,2,2.88,0.0
24087,6044,150,1,19.3,0.0
24088,6044,30,3,4.36,0.0
24089,6045,32,1,5.99,0.6
24090,6045,161,2,19.7,0.0
24091,6045,39,3,14.97,0.0
24092,6045,8,2,23.8,0.0
24093,6045,20,1,19.92,0.0
24094,6046,24,1,6.46,0.0
24095,6046,91,3,16.51,0.0
24096,6046,36,1,23.88,0.0
24097,6046,39,1,14.97,0.0
24098,6047,208,2,23.63,0.0
24099,6047,20,1,19.92,0.0
24100,6047,15,2,11.21,0.0
24101,6048,33,2,5.52,0.0
24102,6048,170,2,13.05,0.0
24103,6048,123,1,23.88,0.0
24104,6048,27,3,24.04,2.4
24105,6048,31,3,7.89,0.0
24106,6049,11,2,10.32,0.0
24107,6049,28,3,16.85,0.0
24108,6049,101,3,3.87,0.0
24109,6049,36,3,23.88,2.39
24110,6050,1,1,11.87,0.0
24111,6050,35,1,3.73,0.0
24112,6050,7,2,5.95,0.0
24113,6050,20,2,19.92,0.0
24114,6050,30,1,4.36,0.0
24115,6051,209,3,16.0,0.0
24116,6051,183,1,20.78,0.0
24117,6052,36,3,23.88,0.0
24118,6052,38,1,12.67,0.0
24119,6052,7,3,5.95,0.0
24120,6052,10,2,17.86,0.0
24121,6052,118,3,4.15,0.0
24122,6052,26,2,10.08,0.0
24123,6053,209,1,16.0,0.0
24124,6053,244,3,7.55,0.0
24125,6053,7,3,5.95,0.6
24126,6054,150,1,19.3,0.0
24127,6054,140,1,6.16,0.0
24128,6054,38,1,12.67,0.0
24129,6054,143,3,22.76,2.28
24130,6055,105,3,17.09,1.71
24131,6055,4,2,8.66,0.0
24132,6055,12,1,12.04,0.0
24133,6056,27,1,24.04,0.0
24134,6056,196,1,5.36,0.0
24135,6056,155,2,20.04,0.0
24136,6056,54,1,3.71,0.0
24137,6057,67,2,2.94,0.0
24138,6057,135,3,17.22,0.0
24139,6057,16,3,3.81,0.0
24140,6057,19,3,7.1,0.0
24141,6057,24,3,6.46,0.0
24142,6058,4,1,8.66,0.0
24143,6058,77,1,24.59,0.0
24144,6059,216,3,16.32,0.0
24145,6059,36,2,23.88,0.0
24146,6059,21,1,3.76,0.0
24147,6059,31,3,7.89,0.0
24148,6060,40,2,15.33,0.0
24149,6060,25,3,19.85,0.0
24150,6060,29,3,5.4,0.0
24151,6061,2,1,11.3,0.0
24152,6061,98,2,24.18,0.0
24153,6061,202,3,12.79,0.0
24154,6061,12,3,12.04,1.2
24155,6061,236,1,2.47,0.0
24156,6061,20,3,19.92,0.0
24157,6062,179,1,13.81,0.0
24158,6062,31,3,7.89,0.0
24159,6063,154,3,24.21,0.0
24160,6063,28,3,16.85,0.0
24161,6064,2,2,11.3,0.0
24162,6064,61,1,4.08,0.0
24163,6065,102,1,17.26,1.73
24164,6065,234,3,20.09,0.0
24165,6065,14,1,12.02,0.0
24166,6065,15,1,11.21,0.0
24167,6065,52,2,15.6,0.0
24168,6066,193,2,4.28,0.0
24169,6066,189,2,10.88,0.0
24170,6067,8,1,23.8,0.0
24171,6067,9,3,12.58,0.0
24172,6067,35,2,3.73,0.0
24173,6067,3,3,16.72,0.0
24174,6068,1,1,11.87,0.0
24175,6068,54,2,3.71,0.0
24176,6069,96,2,7.8,0.0
24177,6069,33,3,5.52,0.0
24178,6069,34,3,19.46,0.0
24179,6069,201,1,19.45,0.0
24180,6069,145,3,3.0,0.0
24181,6070,8,2,23.8,0.0
24182,6070,40,3,15.33,0.0
24183,6070,156,3,22.79,0.0
24184,6071,40,2,15.33,0.0
24185,6071,29,2,5.4,0.0
24186,6071,6,1,24.22,0.0
24187,6071,30,3,4.36,0.0
24188,6072,33,1,5.52,0.0
24189,6072,36,2,23.88,0.0
24190,6072,10,4,17.86,0.0
24191,6072,205,4,2.44,0.0
24192,6072,20,4,19.92,0.0
24193,6072,27,3,24.04,0.0
24194,6073,10,1,17.86,0.0
24195,6073,20,2,19.92,0.0
24196,6073,4,2,8.66,0.87
24197,6073,150,1,19.3,0.0
24198,6074,5,2,11.32,0.0
24199,6074,143,1,22.76,0.0
24200,6074,20,1,19.92,0.0
24201,6074,182,1,22.94,0.0
24202,6074,25,3,19.85,1.99
24203,6074,30,3,4.36,0.0
24204,6075,40,2,15.33,0.0
24205,6075,10,1,17.86,0.0
24206,6075,51,3,20.32,0.0
24207,6075,21,2,3.76,0.38
24208,6075,215,1,16.7,1.67
24209,6076,128,3,5.56,0.0
24210,6076,38,3,12.67,0.0
24211,6076,8,2,23.8,0.0
24212,6076,49,3,12.79,0.0
24213,6076,51,1,20.32,0.0
24214,6076,19,1,7.1,0.0
24215,6077,197,2,2.88,0.29
24216,6077,170,2,13.05,0.0
24217,6077,13,3,4.43,0.44
24218,6077,21,2,3.76,0.0
24219,6077,249,3,5.07,0.0
24220,6077,27,2,24.04,0.0
24221,6078,7,1,5.95,0.0
24222,6078,136,3,22.16,0.0
24223,6078,9,3,12.58,1.26
24224,6078,182,2,22.94,0.0
24225,6078,218,3,21.24,0.0
24226,6078,93,3,9.58,0.0
24227,6079,3,3,16.72,0.0
24228,6079,36,1,23.88,0.0
24229,6079,40,1,15.33,1.53
24230,6079,15,1,11.21,0.0
24231,6079,20,3,19.92,0.0
24232,6079,26,2,10.08,0.0
24233,6080,154,1,24.21,0.0
24234,6080,174,1,13.87,0.0
24235,6080,15,1,11.21,0.0
24236,6081,16,1,3.81,0.0
24237,6081,34,3,19.46,0.0
24238,6081,35,1,3.73,0.0
24239,6081,38,3,12.67,0.0
24240,6082,197,2,2.88,0.0
24241,6082,70,2,6.33,0.0
24242,6082,136,3,22.16,0.0
24243,6082,172,2,23.49,0.0
24244,6082,14,2,12.02,1.2
24245,6082,85,3,10.37,0.0
24246,6083,12,1,12.04,0.0
24247,6083,21,2,3.76,0.0
24248,6083,89,3,17.61,0.0
24249,6083,27,2,24.04,0.0
24250,6083,156,3,22.79,0.0
24251,6083,29,2,5.4,0.0
24252,6084,35,3,3.73,0.0
24253,6084,9,2,12.58,0.0
24254,6084,184,3,22.35,0.0
24255,6084,248,3,19.4,1.94
24256,6084,28,1,16.85,0.0
24257,6084,30,1,4.36,0.0
24258,6085,33,2,5.52,0.0
24259,6085,2,3,11.3,0.0
24260,6085,176,2,3.93,0.0
24261,6085,21,1,3.76,0.0
24262,6085,150,3,19.3,0.0
24263,6085,27,3,24.04,2.4
24264,6086,29,2,5.4,0.0
24265,6086,31,3,7.89,0.0
24266,6087,129,1,8.8,0.0
24267,6087,20,2,19.92,0.0
24268,6087,44,3,24.69,0.0
24269,6088,38,2,12.67,0.0
24270,6088,17,3,22.02,0.0
24271,6088,23,1,14.2,0.0
24272,6088,29,2,5.4,0.0
24273,6088,30,1,4.36,0.0
24274,6089,33,1,5.52,0.0
24275,6089,6,2,24.22,0.0
24276,6089,9,2,12.58,0.0
24277,6089,140,3,6.16,0.0
24278,6089,27,3,24.04,0.0
24279,6090,35,3,3.73,0.0
24280,6090,5,1,11.32,0.0
24281,6090,39,1,14.97,0.0
24282,6090,8,1,23.8,0.0
24283,6090,20,1,19.92,0.0
24284,6090,181,2,4.11,0.0
24285,6091,9,2,12.58,0.0
24286,6091,245,2,17.11,0.0
24287,6092,193,1,4.28,0.0
24288,6092,194,1,18.44,0.0
24289,6092,35,1,3.73,0.0
24290,6092,202,2,12.79,0.0
24291,6092,94,2,14.83,0.0
24292,6093,1,3,11.87,0.0
24293,6093,36,1,23.88,0.0
24294,6093,8,1,23.8,0.0
24295,6093,19,2,7.1,0.0
24296,6093,25,1,19.85,0.0
24297,6094,92,1,9.7,0.0
24298,6094,36,4,23.88,0.0
24299,6094,39,2,14.97,0.0
24300,6095,33,3,5.52,0.0
24301,6095,42,2,22.29,0.0
24302,6095,17,3,22.02,0.0
24303,6095,87,3,10.91,0.0
24304,6095,26,2,10.08,0.0
24305,6095,29,1,5.4,0.0
24306,6096,21,2,3.76,0.0
24307,6096,39,3,14.97,1.5
24308,6097,69,3,15.15,1.52
24309,6097,76,2,21.26,0.0
24310,6097,20,3,19.92,0.0
24311,6097,22,2,16.56,0.0
24312,6097,29,2,5.4,0.0
24313,6098,34,1,19.46,0.0
24314,6098,100,1,5.46,0.0
24315,6098,30,1,4.36,0.0
24316,6098,106,1,17.23,0.0
24317,6099,11,2,10.32,0.0
24318,6099,79,2,16.86,0.0
24319,6099,54,2,3.71,0.0
24320,6099,25,3,19.85,0.0
24321,6099,26,1,10.08,0.0
24322,6099,30,1,4.36,0.0
24323,6100,241,2,19.19,0.0
24324,6100,234,3,20.09,0.0
24325,6101,8,2,23.8,2.38
24326,6101,33,3,5.52,0.0
24327,6101,250,2,10.1,0.0
24328,6101,15,1,11.21,0.0
24329,6102,21,2,3.76,0.0
24330,6102,134,1,14.11,1.41
24331,6102,30,3,4.36,0.0
24332,6103,25,1,19.85,0.0
24333,6103,198,3,23.1,0.0
24334,6104,129,3,8.8,0.0
24335,6104,30,1,4.36,0.0
24336,6105,32,3,5.99,0.0
24337,6105,20,2,19.92,0.0
24338,6105,237,2,22.09,0.0
24339,6106,106,1,17.23,0.0
24340,6106,35,2,3.73,0.0
24341,6106,28,1,16.85,0.0
24342,6107,1,1,11.87,0.0
24343,6107,36,2,23.88,0.0
24344,6107,19,2,7.1,0.0
24345,6107,20,3,19.92,0.0
24346,6107,182,3,22.94,0.0
24347,6108,24,2,6.46,0.0
24348,6108,4,3,8.66,0.0
24349,6108,36,1,23.88,0.0
24350,6108,13,1,4.43,0.44
24351,6109,33,3,5.52,0.0
24352,6109,205,1,2.44,0.0
24353,6109,13,1,4.43,0.0
24354,6109,21,2,3.76,0.0
24355,6109,27,1,24.04,0.0
24356,6110,3,3,16.72,0.0
24357,6110,107,3,4.97,0.0
24358,6110,205,2,2.44,0.0
24359,6110,17,2,22.02,0.0
24360,6110,22,1,16.56,0.0
24361,6111,36,2,23.88,0.0
24362,6111,39,1,14.97,0.0
24363,6111,184,1,22.35,0.0
24364,6111,24,2,6.46,0.0
24365,6111,26,1,10.08,0.0
24366,6111,27,3,24.04,0.0
24367,6112,12,2,12.04,0.0
24368,6112,37,1,16.44,1.64
24369,6113,233,2,14.51,0.0
24370,6113,12,3,12.04,0.0
24371,6113,14,3,12.02,0.0
24372,6113,15,1,11.21,0.0
24373,6113,24,3,6.46,0.0
24374,6114,128,1,5.56,0.0
24375,6114,35,2,3.73,0.0
24376,6114,41,2,17.67,0.0
24377,6114,25,3,19.85,0.0
24378,6114,30,1,4.36,0.0
24379,6115,36,1,23.88,0.0
24380,6115,37,1,16.44,0.0
24381,6115,7,2,5.95,0.0
24382,6115,40,3,15.33,0.0
24383,6115,14,2,12.02,0.0
24384,6115,247,1,15.38,0.0
24385,6116,5,3,11.32,0.0
24386,6116,37,2,16.44,1.64
24387,6116,9,3,12.58,0.0
24388,6116,15,2,11.21,1.12
24389,6116,85,3,10.37,1.04
24390,6116,248,2,19.4,0.0
24391,6117,218,1,21.24,0.0
24392,6117,38,1,12.67,0.0
24393,6118,64,1,15.35,0.0
24394,6118,1,3,11.87,0.0
24395,6118,5,2,11.32,0.0
24396,6118,43,2,16.79,0.0
24397,6118,23,3,14.2,0.0
24398,6119,38,2,12.67,0.0
24399,6119,3,1,16.72,0.0
24400,6119,246,1,4.38,0.0
24401,6120,3,1,16.72,0.0
24402,6120,172,1,23.49,0.0
24403,6120,14,4,12.02,0.0
24404,6120,7,3,5.95,0.0
24405,6121,11,3,10.32,0.0
24406,6121,147,3,18.55,0.0
24407,6121,30,1,4.36,0.0
24408,6122,35,2,3.73,0.0
24409,6122,6,2,24.22,0.0
24410,6122,39,4,14.97,0.0
24411,6122,104,2,9.14,0.0
24412,6122,230,4,14.04,0.0
24413,6122,177,2,5.69,0.0
24414,6123,249,2,5.07,0.0
24415,6123,6,1,24.22,0.0
24416,6124,224,1,8.7,0.0
24417,6124,29,2,5.4,0.0
24418,6124,31,1,7.89,0.0
24419,6125,39,1,14.97,0.0
24420,6125,11,3,10.32,0.0
24421,6125,80,2,2.9,0.29
24422,6125,19,3,7.1,0.0
24423,6125,24,3,6.46,0.0
24424,6126,113,2,4.94,0.0
24425,6126,50,2,16.52,0.0
24426,6126,19,3,7.1,0.0
24427,6126,180,3,21.11,0.0
24428,6126,24,3,6.46,0.0
24429,6127,200,3,21.12,0.0
24430,6127,9,1,12.58,0.0
24431,6127,74,1,12.36,0.0
24432,6127,138,2,15.74,0.0
24433,6127,13,3,4.43,0.0
24434,6127,83,3,14.05,0.0
24435,6128,120,2,13.7,0.0
24436,6128,53,1,10.09,0.0
24437,6129,4,1,8.66,0.0
24438,6129,37,2,16.44,0.0
24439,6129,14,2,12.02,0.0
24440,6129,7,1,5.95,0.0
24441,6130,199,1,12.87,1.29
24442,6130,105,1,17.09,0.0
24443,6130,11,2,10.32,0.0
24444,6130,16,3,3.81,0.0
24445,6130,21,2,3.76,0.0
24446,6130,181,2,4.11,0.0
24447,6131,34,3,19.46,0.0
24448,6131,5,1,11.32,0.0
24449,6131,39,3,14.97,0.0
24450,6131,40,2,15.33,0.0
24451,6131,16,3,3.81,0.0
24452,6131,26,1,10.08,0.0
24453,6132,35,3,3.73,0.0
24454,6132,27,2,24.04,0.0
24455,6132,12,3,12.04,0.0
24456,6132,13,2,4.43,0.0
24457,6132,18,1,19.15,0.0
24458,6132,155,3,20.04,0.0
24459,6133,33,1,5.52,0.0
24460,6133,6,3,24.22,0.0
24461,6133,74,3,12.36,1.24
24462,6133,16,3,3.81,0.38
24463,6133,22,1,16.56,0.0
24464,6133,23,3,14.2,0.0
24465,6134,10,2,17.86,0.0
24466,6134,11,1,10.32,0.0
24467,6134,36,2,23.88,0.0
24468,6134,30,2,4.36,0.0
24469,6135,26,2,10.08,0.0
24470,6135,5,2,11.32,0.0
24471,6135,15,2,11.21,0.0
24472,6136,154,3,24.21,0.0
24473,6136,27,2,24.04,0.0
24474,6136,132,2,14.41,0.0
24475,6136,37,3,16.44,0.0
24476,6137,3,1,16.72,0.0
24477,6137,234,1,20.09,0.0
24478,6137,15,1,11.21,0.0
24479,6137,16,1,3.81,0.0
24480,6137,21,2,3.76,0.0
24481,6138,193,3,4.28,0.0
24482,6138,3,2,16.72,0.0
24483,6138,110,3,14.86,0.0
24484,6138,181,1,4.11,0.0
24485,6138,22,2,16.56,0.0
24486,6138,31,3,7.89,0.0
24487,6139,8,3,23.8,0.0
24488,6139,9,2,12.58,1.26
24489,6139,233,2,14.51,1.45
24490,6139,174,1,13.87,1.39
24491,6139,188,2,10.6,0.0
24492,6140,1,1,11.87,0.0
24493,6140,27,2,24.04,0.0
24494,6140,12,1,12.04,0.0
24495,6140,6,1,24.22,0.0
24496,6141,10,3,17.86,0.0
24497,6141,14,2,12.02,0.0
24498,6141,18,2,19.15,0.0
24499,6141,22,2,16.56,0.0
24500,6141,216,1,16.32,0.0
24501,6141,60,2,24.48,0.0
24502,6142,5,1,11.32,0.0
24503,6142,9,2,12.58,0.0
24504,6142,14,3,12.02,0.0
24505,6142,20,3,19.92,0.0
24506,6142,222,1,15.23,0.0
24507,6143,7,2,5.95,0.6
24508,6143,40,1,15.33,0.0
24509,6143,12,2,12.04,0.0
24510,6143,78,2,3.94,0.0
24511,6143,183,2,20.78,0.0
24512,6143,31,2,7.89,0.0
24513,6144,7,3,5.95,0.0
24514,6144,61,1,4.08,0.0
24515,6144,22,2,16.56,0.0
24516,6144,39,2,14.97,0.0
24517,6145,4,1,8.66,0.0
24518,6145,36,1,23.88,0.0
24519,6145,6,1,24.22,0.0
24520,6145,8,1,23.8,0.0
24521,6145,17,3,22.02,0.0
24522,6146,67,3,2.94,0.0
24523,6146,238,3,3.0,0.0
24524,6146,176,2,3.93,0.0
24525,6146,178,3,12.33,0.0
24526,6146,122,1,9.1,0.0
24527,6147,21,2,3.76,0.0
24528,6147,55,2,12.62,0.0
24529,6148,1,3,11.87,0.0
24530,6148,67,2,2.94,0.0
24531,6148,131,3,13.68,0.0
24532,6148,190,3,3.88,0.0
24533,6149,196,2,5.36,0.0
24534,6149,197,2,2.88,0.0
24535,6150,193,3,4.28,0.0
24536,6150,232,3,23.93,0.0
24537,6150,12,2,12.04,0.0
24538,6150,22,3,16.56,0.0
24539,6150,120,2,13.7,0.0
24540,6150,123,2,23.88,0.0
24541,6151,3,2,16.72,0.0
24542,6151,4,2,8.66,0.0
24543,6151,39,1,14.97,0.0
24544,6151,7,3,5.95,0.0
24545,6151,9,3,12.58,0.0
24546,6151,51,2,20.32,2.03
24547,6152,28,1,16.85,0.0
24548,6152,21,2,3.76,0.0
24549,6153,204,2,22.83,0.0
24550,6153,5,3,11.32,0.0
24551,6154,2,1,11.3,1.13
24552,6154,197,1,2.88,0.0
24553,6154,6,2,24.22,0.0
24554,6154,9,1,12.58,0.0
24555,6154,157,1,6.46,0.0
24556,6155,24,3,6.46,0.65
24557,6155,181,1,4.11,0.0
24558,6156,17,2,22.02,0.0
24559,6156,13,1,4.43,0.0
24560,6156,87,3,10.91,1.09
24561,6157,8,3,23.8,0.0
24562,6157,109,1,3.95,0.0
24563,6157,100,4,5.46,0.0
24564,6157,189,1,10.88,1.09
24565,6158,12,1,12.04,0.0
24566,6158,14,1,12.02,0.0
24567,6159,5,1,11.32,0.0
24568,6159,6,3,24.22,0.0
24569,6159,159,2,15.12,0.0
24570,6160,34,2,19.46,0.0
24571,6160,18,1,19.15,0.0
24572,6160,37,2,16.44,0.0
24573,6161,11,2,10.32,0.0
24574,6161,245,2,17.11,0.0
24575,6162,24,1,6.46,0.0
24576,6162,10,1,17.86,0.0
24577,6162,51,2,20.32,2.03
24578,6162,29,2,5.4,0.0
24579,6163,185,3,23.4,0.0
24580,6163,35,1,3.73,0.0
24581,6163,36,4,23.88,0.0
24582,6163,20,1,19.92,0.0
24583,6164,40,2,15.33,0.0
24584,6164,24,3,6.46,0.0
24585,6164,106,3,17.23,1.72
24586,6164,33,3,5.52,0.0
24587,6165,36,3,23.88,2.39
24588,6165,5,3,11.32,0.0
24589,6165,38,3,12.67,0.0
24590,6165,22,3,16.56,0.0
24591,6165,30,1,4.36,0.0
24592,6165,31,2,7.89,0.0
24593,6166,18,1,19.15,0.0
24594,6166,11,3,10.32,0.0
24595,6166,15,2,11.21,0.0
24596,6167,16,3,3.81,0.0
24597,6167,154,3,24.21,0.0
24598,6167,38,2,12.67,0.0
24599,6168,11,3,10.32,0.0
24600,6168,12,1,12.04,1.2
24601,6168,113,1,4.94,0.0
24602,6168,148,2,24.3,0.0
24603,6168,56,1,2.86,0.0
24604,6169,2,3,11.3,0.0
24605,6169,22,1,16.56,0.0
24606,6170,6,1,24.22,0.0
24607,6170,10,3,17.86,0.0
24608,6170,20,1,19.92,1.99
24609,6170,21,2,3.76,0.0
24610,6170,31,1,7.89,0.0
24611,6171,16,2,3.81,0.0
24612,6171,1,1,11.87,0.0
24613,6172,96,2,7.8,0.0
24614,6172,161,2,19.7,0.0
24615,6172,4,1,8.66,0.0
24616,6172,143,1,22.76,0.0
24617,6172,184,1,22.35,0.0
24618,6172,59,2,16.83,0.0
24619,6173,16,1,3.81,0.0
24620,6173,33,1,5.52,0.0
24621,6173,157,2,6.46,0.0
24622,6174,19,3,7.1,0.0
24623,6174,60,2,24.48,0.0
24624,6174,37,2,16.44,0.0
24625,6174,31,1,7.89,0.0
24626,6175,207,3,5.44,0.0
24627,6175,28,3,16.85,0.0
24628,6175,87,2,10.91,0.0
24629,6175,15,2,11.21,0.0
24630,6176,3,1,16.72,0.0
24631,6176,12,1,12.04,0.0
24632,6176,15,3,11.21,0.0
24633,6176,116,1,24.93,0.0
24634,6176,20,1,19.92,0.0
24635,6176,28,3,16.85,0.0
24636,6177,3,2,16.72,0.0
24637,6177,37,3,16.44,0.0
24638,6177,12,3,12.04,1.2
24639,6177,14,1,12.02,0.0
24640,6177,89,2,17.61,1.76
24641,6178,208,1,23.63,0.0
24642,6178,27,1,24.04,0.0
24643,6178,235,2,13.68,0.0
24644,6178,79,1,16.86,1.69
24645,6179,28,2,16.85,1.69
24646,6179,7,3,5.95,0.0
24647,6180,8,2,23.8,0.0
24648,6180,157,1,6.46,0.0
24649,6181,232,2,23.93,2.39
24650,6181,10,3,17.86,0.0
24651,6181,12,2,12.04,0.0
24652,6181,118,2,4.15,0.0
24653,6181,22,2,16.56,0.0
24654,6182,126,3,6.42,0.0
24655,6182,35,1,3.73,0.37
24656,6182,20,3,19.92,0.0
24657,6182,158,3,17.6,0.0
24658,6183,184,1,22.35,2.24
24659,6183,193,3,4.28,0.0
24660,6183,52,3,15.6,0.0
24661,6184,6,3,24.22,0.0
24662,6184,40,3,15.33,0.0
24663,6184,12,1,12.04,0.0
24664,6184,21,3,3.76,0.0
24665,6184,30,3,4.36,0.0
24666,6184,31,3,7.89,0.0
24667,6185,3,2,16.72,0.0
24668,6185,81,1,18.28,1.83
24669,6185,119,1,17.42,0.0
24670,6185,29,1,5.4,0.0
24671,6185,31,1,7.89,0.0
24672,6186,36,3,23.88,0.0
24673,6186,7,1,5.95,0.0
24674,6186,17,3,22.02,0.0
24675,6186,23,2,14.2,0.0
24676,6186,220,1,14.33,0.0
24677,6187,88,2,19.81,0.0
24678,6187,202,2,12.79,0.0
24679,6187,3,2,16.72,0.0
24680,6187,31,3,7.89,0.0
24681,6188,100,2,5.46,0.0
24682,6188,5,2,11.32,0.0
24683,6188,236,1,2.47,0.0
24684,6188,23,1,14.2,0.0
24685,6188,248,2,19.4,0.0
24686,6188,30,3,4.36,0.44
24687,6189,249,3,5.07,0.0
24688,6189,13,1,4.43,0.0
24689,6190,176,3,3.93,0.0
24690,6190,13,2,4.43,0.0
24691,6191,48,3,12.11,0.0
24692,6191,9,2,12.58,0.0
24693,6191,82,1,24.79,0.0
24694,6191,11,2,10.32,0.0
24695,6192,177,3,5.69,0.0
24696,6192,31,2,7.89,0.0
24697,6192,15,2,11.21,0.0
24698,6193,96,2,7.8,0.0
24699,6193,26,1,10.08,1.01
24700,6193,35,1,3.73,0.37
24701,6193,4,2,8.66,0.0
24702,6194,225,1,2.04,0.0
24703,6194,86,2,23.11,0.0
24704,6195,230,2,14.04,0.0
24705,6195,73,2,24.03,0.0
24706,6195,18,3,19.15,0.0
24707,6195,24,3,6.46,0.0
24708,6195,153,2,7.5,0.0
24709,6195,31,2,7.89,0.0
24710,6196,2,3,11.3,0.0
24711,6196,83,1,14.05,0.0
24712,6197,15,2,11.21,0.0
24713,6197,38,2,12.67,0.0
24714,6197,135,2,17.22,0.0
24715,6198,17,2,22.02,0.0
24716,6198,31,2,7.89,0.0
24717,6198,29,2,5.4,0.0
24718,6198,143,3,22.76,0.0
24719,6199,25,1,19.85,0.0
24720,6199,4,2,8.66,0.0
24721,6199,6,1,24.22,0.0
24722,6200,34,2,19.46,0.0
24723,6200,2,3,11.3,0.0
24724,6200,61,1,4.08,0.0
24725,6201,18,2,19.15,0.0
24726,6201,15,1,11.21,0.0
24727,6201,21,4,3.76,0.0
24728,6201,159,2,15.12,0.0
24729,6202,35,2,3.73,0.0
24730,6202,135,2,17.22,0.0
24731,6202,49,2,12.79,0.0
24732,6202,210,2,11.73,0.0
24733,6202,21,2,3.76,0.0
24734,6203,32,3,5.99,0.0
24735,6203,1,3,11.87,0.0
24736,6203,226,3,10.11,0.0
24737,6203,9,3,12.58,0.0
24738,6203,10,3,17.86,0.0
24739,6203,141,2,17.94,0.0
24740,6204,38,2,12.67,0.0
24741,6204,39,1,14.97,0.0
24742,6204,9,3,12.58,1.26
24743,6204,11,1,10.32,0.0
24744,6204,246,3,4.38,0.0
24745,6204,30,2,4.36,0.0
24746,6205,141,3,17.94,1.79
24747,6205,95,2,10.89,0.0
24748,6205,7,2,5.95,0.0
24749,6206,1,2,11.87,1.19
24750,6206,179,2,13.81,0.0
24751,6207,35,2,3.73,0.0
24752,6207,101,1,3.87,0.39
24753,6207,5,2,11.32,0.0
24754,6207,71,3,15.92,0.0
24755,6207,18,3,19.15,0.0
24756,6207,30,1,4.36,0.0
24757,6208,4,3,8.66,0.0
24758,6208,13,3,4.43,0.0
24759,6208,159,2,15.12,1.51
24760,6209,240,1,10.59,0.0
24761,6209,226,3,10.11,0.0
24762,6209,87,3,10.91,0.0
24763,6210,202,2,12.79,0.0
24764,6210,7,1,5.95,0.0
24765,6211,33,3,5.52,0.0
24766,6211,36,3,23.88,0.0
24767,6212,229,1,17.37,0.0
24768,6212,40,2,15.33,0.0
24769,6212,136,1,22.16,0.0
24770,6212,19,3,7.1,0.0
24771,6212,27,1,24.04,0.0
24772,6212,189,1,10.88,0.0
24773,6213,170,1,13.05,0.0
24774,6213,4,3,8.66,0.87
24775,6213,15,3,11.21,0.0
24776,6214,19,1,7.1,0.0
24777,6214,27,3,24.04,0.0
24778,6214,166,3,6.59,0.0
24779,6215,193,4,4.28,0.0
24780,6215,34,3,19.46,0.0
24781,6215,7,2,5.95,0.0
24782,6215,11,1,10.32,1.03
24783,6215,23,2,14.2,0.0
24784,6215,26,4,10.08,0.0
24785,6216,85,1,10.37,0.0
24786,6216,46,1,24.33,0.0
24787,6216,30,2,4.36,0.0
24788,6217,177,3,5.69,0.0
24789,6217,29,1,5.4,0.0
24790,6218,16,4,3.81,0.0
24791,6218,209,1,16.0,1.6
24792,6218,2,2,11.3,1.13
24793,6219,3,2,16.72,0.0
24794,6219,8,1,23.8,0.0
24795,6219,10,2,17.86,0.0
24796,6219,15,1,11.21,0.0
24797,6219,17,1,22.02,0.0
24798,6219,182,3,22.94,0.0
24799,6220,12,1,12.04,0.0
24800,6220,37,4,16.44,0.0
24801,6220,6,3,24.22,0.0
24802,6221,25,1,19.85,0.0
24803,6221,43,1,16.79,0.0
24804,6221,21,2,3.76,0.0
24805,6222,108,2,18.3,0.0
24806,6222,68,2,22.91,0.0
24807,6222,133,2,18.99,0.0
24808,6222,30,1,4.36,0.0
24809,6223,8,2,23.8,0.0
24810,6223,13,3,4.43,0.0
24811,6223,14,3,12.02,0.0
24812,6223,148,3,24.3,2.43
24813,6223,124,2,9.86,0.0
24814,6224,128,2,5.56,0.0
24815,6224,6,3,24.22,0.0
24816,6224,39,3,14.97,0.0
24817,6224,8,1,23.8,2.38
24818,6224,12,3,12.04,1.2
24819,6224,29,1,5.4,0.0
24820,6225,2,1,11.3,0.0
24821,6225,35,1,3.73,0.0
24822,6225,36,1,23.88,0.0
24823,6225,9,1,12.58,0.0
24824,6225,25,1,19.85,0.0
24825,6225,30,2,4.36,0.0
24826,6226,218,1,21.24,0.0
24827,6226,13,2,4.43,0.0
24828,6226,22,2,16.56,0.0
24829,6227,244,3,7.55,0.76
24830,6227,6,3,24.22,2.42
24831,6227,38,2,12.67,0.0
24832,6227,31,1,7.89,0.0
24833,6228,248,1,19.4,0.0
24834,6228,8,1,23.8,0.0
24835,6228,240,3,10.59,0.0
24836,6228,19,1,7.1,0.0
24837,6228,24,3,6.46,0.0
24838,6229,97,2,21.59,0.0
24839,6229,34,1,19.46,0.0
24840,6229,197,3,2.88,0.0
24841,6229,169,4,3.2,0.0
24842,6229,10,1,17.86,0.0
24843,6229,16,3,3.81,0.0
24844,6230,225,3,2.04,0.0
24845,6230,1,3,11.87,0.0
24846,6230,165,3,5.73,0.0
24847,6230,15,2,11.21,0.0
24848,6230,18,2,19.15,1.92
24849,6230,51,1,20.32,0.0
24850,6231,9,3,12.58,0.0
24851,6231,20,1,19.92,0.0
24852,6232,153,3,7.5,0.0
24853,6232,2,2,11.3,0.0
24854,6232,14,3,12.02,0.0
24855,6232,208,1,23.63,0.0
24856,6232,57,2,10.48,0.0
24857,6233,1,1,11.87,1.19
24858,6233,34,2,19.46,1.95
24859,6233,2,2,11.3,0.0
24860,6233,157,4,6.46,0.65
24861,6234,5,1,11.32,0.0
24862,6234,35,2,3.73,0.0
24863,6234,29,3,5.4,0.0
24864,6234,183,2,20.78,0.0
24865,6235,40,2,15.33,0.0
24866,6235,2,1,11.3,0.0
24867,6235,19,1,7.1,0.0
24868,6235,29,2,5.4,0.0
24869,6236,27,1,24.04,0.0
24870,6236,46,3,24.33,0.0
24871,6237,32,1,5.99,0.0
24872,6237,249,3,5.07,0.0
24873,6237,68,3,22.91,0.0
24874,6237,23,3,14.2,0.0
24875,6238,91,3,16.51,0.0
24876,6238,183,2,20.78,0.0
24877,6239,33,2,5.52,0.55
24878,6239,5,1,11.32,0.0
24879,6239,6,1,24.22,0.0
24880,6239,39,3,14.97,0.0
24881,6239,14,3,12.02,0.0
24882,6240,4,2,8.66,0.0
24883,6240,13,1,4.43,0.0
24884,6240,38,2,12.67,0.0
24885,6240,7,3,5.95,0.0
24886,6241,17,1,22.02,0.0
24887,6241,33,2,5.52,0.0
24888,6242,4,3,8.66,0.87
24889,6242,7,1,5.95,0.0
24890,6242,12,3,12.04,0.0
24891,6242,220,3,14.33,0.0
24892,6242,245,3,17.11,0.0
24893,6242,60,3,24.48,0.0
24894,6243,19,1,7.1,0.71
24895,6243,12,1,12.04,0.0
24896,6244,149,1,16.04,0.0
24897,6244,94,2,14.83,1.48
24898,6244,22,2,16.56,0.0
24899,6245,18,2,19.15,0.0
24900,6245,182,3,22.94,0.0
24901,6245,38,3,12.67,0.0
24902,6246,112,2,9.55,0.0
24903,6246,25,1,19.85,0.0
24904,6246,218,3,21.24,0.0
24905,6246,235,1,13.68,1.37
24906,6247,24,3,6.46,0.0
24907,6247,33,2,5.52,0.0
24908,6247,12,1,12.04,0.0
24909,6247,37,1,16.44,0.0
24910,6248,35,3,3.73,0.0
24911,6248,230,3,14.04,0.0
24912,6248,13,1,4.43,0.0
24913,6248,23,3,14.2,0.0
24914,6248,27,4,24.04,0.0
24915,6248,188,4,10.6,0.0
24916,6249,3,1,16.72,0.0
24917,6249,14,3,12.02,0.0
24918,6249,38,1,12.67,0.0
24919,6249,30,2,4.36,0.0
24920,6250,35,1,3.73,0.0
24921,6250,134,3,14.11,1.41
24922,6250,7,2,5.95,0.0
24923,6250,187,2,11.12,0.0
24924,6250,27,2,24.04,0.0
24925,6250,31,1,7.89,0.0
24926,6251,33,2,5.52,0.0
24927,6251,138,1,15.74,0.0
24928,6251,16,2,3.81,0.0
24929,6251,118,3,4.15,0.0
24930,6251,22,1,16.56,0.0
24931,6252,34,3,19.46,0.0
24932,6252,37,1,16.44,0.0
24933,6252,76,1,21.26,0.0
24934,6252,18,2,19.15,0.0
24935,6252,29,1,5.4,0.0
24936,6253,33,2,5.52,0.0
24937,6253,5,2,11.32,0.0
24938,6254,13,1,4.43,0.44
24939,6254,5,1,11.32,0.0
24940,6254,54,3,3.71,0.0
24941,6254,6,3,24.22,0.0
24942,6255,33,1,5.52,0.0
24943,6255,132,2,14.41,0.0
24944,6255,75,3,20.65,0.0
24945,6255,246,2,4.38,0.0
24946,6255,30,2,4.36,0.0
24947,6256,65,3,23.95,0.0
24948,6256,233,2,14.51,0.0
24949,6256,21,2,3.76,0.0
24950,6256,24,2,6.46,0.0
24951,6257,8,2,23.8,0.0
24952,6257,16,1,3.81,0.0
24953,6257,150,3,19.3,0.0
24954,6257,54,2,3.71,0.0
24955,6257,25,1,19.85,0.0
24956,6258,34,2,19.46,0.0
24957,6258,35,1,3.73,0.0
24958,6258,37,2,16.44,0.0
24959,6258,240,1,10.59,0.0
24960,6258,114,3,18.17,0.0
24961,6258,223,2,18.53,0.0
24962,6259,1,2,11.87,0.0
24963,6259,26,1,10.08,0.0
24964,6259,34,3,19.46,0.0
24965,6260,36,1,23.88,0.0
24966,6260,40,2,15.33,0.0
24967,6260,138,3,15.74,0.0
24968,6260,15,1,11.21,0.0
24969,6260,20,2,19.92,0.0
24970,6260,24,1,6.46,0.0
24971,6261,1,2,11.87,0.0
24972,6261,4,3,8.66,0.0
24973,6261,7,1,5.95,0.0
24974,6261,239,3,10.9,0.0
24975,6261,30,2,4.36,0.0
24976,6262,8,1,23.8,0.0
24977,6262,10,2,17.86,0.0
24978,6262,59,1,16.83,1.68
24979,6262,14,3,12.02,0.0
24980,6263,73,1,24.03,0.0
24981,6263,10,1,17.86,0.0
24982,6263,11,2,10.32,0.0
24983,6263,86,4,23.11,0.0
24984,6263,24,1,6.46,0.65
24985,6263,156,4,22.79,0.0
24986,6264,37,3,16.44,0.0
24987,6264,140,1,6.16,0.0
24988,6264,13,3,4.43,0.0
24989,6264,22,1,16.56,0.0
24990,6264,26,1,10.08,0.0
24991,6264,29,3,5.4,0.0
24992,6265,37,1,16.44,0.0
24993,6265,133,1,18.99,0.0
24994,6265,39,2,14.97,0.0
24995,6265,8,3,23.8,0.0
24996,6265,15,2,11.21,0.0
24997,6265,19,3,7.1,0.0
24998,6266,35,1,3.73,0.37
24999,6266,23,1,14.2,0.0
25000,6266,21,2,3.76,0.0
25001,6266,22,3,16.56,0.0
25002,6266,247,1,15.38,0.0
25003,6267,58,1,8.6,0.0
25004,6267,2,1,11.3,0.0
25005,6267,85,1,10.37,0.0
25006,6267,7,2,5.95,0.0
25007,6268,12,2,12.04,1.2
25008,6268,28,3,16.85,0.0
25009,6269,29,1,5.4,0.54
25010,6269,36,1,23.88,2.39
25011,6269,28,3,16.85,0.0
25012,6270,27,2,24.04,0.0
25013,6270,7,1,5.95,0.0
25014,6271,34,2,19.46,0.0
25015,6271,37,2,16.44,0.0
25016,6271,40,3,15.33,0.0
25017,6271,9,2,12.58,0.0
25018,6271,175,2,4.87,0.0
25019,6271,214,2,7.48,0.0
25020,6272,6,1,24.22,0.0
25021,6272,40,2,15.33,0.0
25022,6272,73,3,24.03,0.0
25023,6272,20,3,19.92,0.0
25024,6272,29,1,5.4,0.0
25025,6272,30,2,4.36,0.0
25026,6273,3,3,16.72,0.0
25027,6273,31,2,7.89,0.0
25028,6274,130,3,20.13,0.0
25029,6274,40,2,15.33,0.0
25030,6274,14,2,12.02,0.0
25031,6274,20,1,19.92,0.0
25032,6274,27,2,24.04,0.0
25033,6274,28,2,16.85,0.0
25034,6275,33,2,5.52,0.0
25035,6275,35,1,3.73,0.0
25036,6275,38,1,12.67,0.0
25037,6275,13,2,4.43,0.0
25038,6275,19,3,7.1,0.71
25039,6275,27,2,24.04,0.0
25040,6276,22,3,16.56,0.0
25041,6276,30,3,4.36,0.0
25042,6277,11,1,10.32,0.0
25043,6277,84,1,16.03,0.0
25044,6277,23,2,14.2,1.42
25045,6277,153,1,7.5,0.0
25046,6277,31,3,7.89,0.0
25047,6278,131,1,13.68,0.0
25048,6278,4,1,8.66,0.0
25049,6278,6,2,24.22,0.0
25050,6279,197,2,2.88,0.0
25051,6279,7,3,5.95,0.0
25052,6279,18,2,19.15,0.0
25053,6279,21,3,3.76,0.0
25054,6279,63,2,10.84,0.0
25055,6280,40,1,15.33,0.0
25056,6280,17,3,22.02,2.2
25057,6280,4,3,8.66,0.0
25058,6280,38,1,12.67,0.0
25059,6281,162,1,19.9,0.0
25060,6281,4,2,8.66,0.0
25061,6281,40,1,15.33,0.0
25062,6281,10,1,17.86,0.0
25063,6281,22,2,16.56,0.0
25064,6281,25,2,19.85,0.0
25065,6282,25,1,19.85,0.0
25066,6282,19,2,7.1,0.0
25067,6283,36,1,23.88,2.39
25068,6283,231,1,10.29,0.0
25069,6283,20,1,19.92,0.0
25070,6283,54,2,3.71,0.0
25071,6283,26,1,10.08,0.0
25072,6283,30,1,4.36,0.0
25073,6284,4,2,8.66,0.0
25074,6284,68,3,22.91,0.0
25075,6284,36,1,23.88,2.39
25076,6284,21,3,3.76,0.0
25077,6284,117,3,22.99,0.0
25078,6285,24,2,6.46,0.0
25079,6285,1,2,11.87,0.0
25080,6285,13,1,4.43,0.44
25081,6285,6,3,24.22,0.0
25082,6286,32,1,5.99,0.0
25083,6286,226,3,10.11,0.0
25084,6286,196,3,5.36,0.0
25085,6286,6,3,24.22,0.0
25086,6286,202,1,12.79,1.28
25087,6286,20,1,19.92,0.0
25088,6287,102,1,17.26,0.0
25089,6287,233,3,14.51,0.0
25090,6287,12,1,12.04,0.0
25091,6287,24,2,6.46,0.0
25092,6287,25,3,19.85,0.0
25093,6288,14,2,12.02,0.0
25094,6288,143,3,22.76,0.0
25095,6288,149,1,16.04,0.0
25096,6288,22,2,16.56,1.66
25097,6288,250,2,10.1,0.0
25098,6288,189,2,10.88,0.0
25099,6289,1,3,11.87,0.0
25100,6289,3,2,16.72,0.0
25101,6289,36,3,23.88,0.0
25102,6289,37,3,16.44,0.0
25103,6289,10,2,17.86,0.0
25104,6289,212,2,7.47,0.0
25105,6290,40,1,15.33,0.0
25106,6290,18,3,19.15,0.0
25107,6290,5,1,11.32,0.0
25108,6290,31,2,7.89,0.0
25109,6291,187,1,11.12,0.0
25110,6291,134,2,14.11,0.0
25111,6292,218,3,21.24,0.0
25112,6292,18,1,19.15,0.0
25113,6292,110,1,14.86,0.0
25114,6293,209,1,16.0,0.0
25115,6293,28,3,16.85,0.0
25116,6293,134,3,14.11,0.0
25117,6294,37,3,16.44,0.0
25118,6294,6,1,24.22,2.42
25119,6294,233,1,14.51,0.0
25120,6294,15,1,11.21,0.0
25121,6294,18,3,19.15,0.0
25122,6295,16,3,3.81,0.0
25123,6295,161,2,19.7,0.0
25124,6295,5,2,11.32,0.0
25125,6295,31,2,7.89,0.79
25126,6296,8,2,23.8,0.0
25127,6296,10,3,17.86,0.0
25128,6296,92,1,9.7,0.0
25129,6296,166,3,6.59,0.0
25130,6297,32,2,5.99,0.0
25131,6297,226,3,10.11,0.0
25132,6297,232,3,23.93,0.0
25133,6297,74,1,12.36,0.0
25134,6297,204,1,22.83,0.0
25135,6297,145,2,3.0,0.3
25136,6298,36,2,23.88,0.0
25137,6298,21,1,3.76,0.0
25138,6299,121,3,2.42,0.0
25139,6299,2,2,11.3,0.0
25140,6299,13,3,4.43,0.0
25141,6300,3,3,16.72,0.0
25142,6300,166,2,6.59,0.0
25143,6300,203,1,16.15,0.0
25144,6300,145,2,3.0,0.0
25145,6300,146,1,10.38,0.0
25146,6300,23,3,14.2,0.0
25147,6301,2,1,11.3,0.0
25148,6301,38,2,12.67,0.0
25149,6301,46,3,24.33,0.0
25150,6301,80,3,2.9,0.0
25151,6301,22,3,16.56,0.0
25152,6302,9,2,12.58,0.0
25153,6302,28,1,16.85,0.0
25154,6302,158,2,17.6,0.0
25155,6303,34,1,19.46,0.0
25156,6303,42,1,22.29,0.0
25157,6303,20,1,19.92,0.0
25158,6303,26,2,10.08,0.0
25159,6303,31,3,7.89,0.0
25160,6304,8,2,23.8,0.0
25161,6304,28,3,16.85,0.0
25162,6305,34,2,19.46,0.0
25163,6305,6,1,24.22,0.0
25164,6305,7,1,5.95,0.0
25165,6305,17,1,22.02,0.0
25166,6305,155,2,20.04,2.0
25167,6306,37,1,16.44,0.0
25168,6306,44,3,24.69,0.0
25169,6306,20,1,19.92,0.0
25170,6306,117,3,22.99,0.0
25171,6306,27,1,24.04,0.0
25172,6307,9,3,12.58,0.0
25173,6307,36,3,23.88,2.39
25174,6308,75,1,20.65,0.0
25175,6308,179,1,13.81,0.0
25176,6308,28,1,16.85,0.0
25177,6308,31,1,7.89,0.0
25178,6309,98,3,24.18,0.0
25179,6309,2,1,11.3,0.0
25180,6309,34,3,19.46,0.0
25181,6309,202,3,12.79,0.0
25182,6309,26,2,10.08,0.0
25183,6309,30,1,4.36,0.0
25184,6310,33,3,5.52,0.0
25185,6310,2,1,11.3,0.0
25186,6310,5,3,11.32,0.0
25187,6310,15,2,11.21,0.0
25188,6310,189,1,10.88,0.0
25189,6310,30,1,4.36,0.0
25190,6311,1,4,11.87,0.0
25191,6311,10,2,17.86,0.0
25192,6311,205,3,2.44,0.0
25193,6311,46,1,24.33,0.0
25194,6311,185,3,23.4,0.0
25195,6311,30,2,4.36,0.0
25196,6312,7,3,5.95,0.0
25197,6312,145,2,3.0,0.0
25198,6312,22,2,16.56,0.0
25199,6312,189,3,10.88,0.0
25200,6312,29,1,5.4,0.54
25201,6313,37,1,16.44,0.0
25202,6313,40,2,15.33,0.0
25203,6313,12,3,12.04,0.0
25204,6313,17,2,22.02,0.0
25205,6313,182,2,22.94,0.0
25206,6314,194,2,18.44,0.0
25207,6314,2,2,11.3,0.0
25208,6314,7,2,5.95,0.0
25209,6314,139,2,5.55,0.0
25210,6314,204,3,22.83,0.0
25211,6314,18,2,19.15,0.0
25212,6315,81,1,18.28,1.83
25213,6315,17,2,22.02,0.0
25214,6316,19,3,7.1,0.0
25215,6316,30,2,4.36,0.0
25216,6316,159,3,15.12,0.0
25217,6317,3,3,16.72,0.0
25218,6317,179,3,13.81,0.0
25219,6317,21,2,3.76,0.0
25220,6317,23,1,14.2,0.0
25221,6317,61,2,4.08,0.0
25222,6318,32,4,5.99,0.0
25223,6318,12,2,12.04,0.0
25224,6318,16,1,3.81,0.0
25225,6318,53,1,10.09,0.0
25226,6318,85,1,10.37,0.0
25227,6318,219,2,13.5,1.35
25228,6319,8,1,23.8,0.0
25229,6319,12,1,12.04,1.2
25230,6319,109,3,3.95,0.0
25231,6319,20,1,19.92,0.0
25232,6319,121,3,2.42,0.24
25233,6319,28,1,16.85,0.0
25234,6320,36,3,23.88,2.39
25235,6320,202,1,12.79,0.0
25236,6320,10,1,17.86,0.0
25237,6320,29,3,5.4,0.0
25238,6320,30,1,4.36,0.0
25239,6321,34,1,19.46,1.95
25240,6321,7,1,5.95,0.0
25241,6321,232,3,23.93,0.0
25242,6321,10,3,17.86,0.0
25243,6321,146,1,10.38,0.0
25244,6321,27,2,24.04,0.0
25245,6322,41,3,17.67,0.0
25246,6322,35,1,3.73,0.0
25247,6322,44,2,24.69,2.47
25248,6323,68,2,22.91,0.0
25249,6323,37,3,16.44,0.0
25250,6323,38,1,12.67,0.0
25251,6323,9,1,12.58,0.0
25252,6323,17,3,22.02,0.0
25253,6324,2,2,11.3,1.13
25254,6324,28,2,16.85,0.0
25255,6324,4,3,8.66,0.0
25256,6324,31,2,7.89,0.0
25257,6325,10,2,17.86,0.0
25258,6325,12,2,12.04,0.0
25259,6325,13,3,4.43,0.0
25260,6325,14,2,12.02,0.0
25261,6326,32,1,5.99,0.0
25262,6326,2,3,11.3,0.0
25263,6326,35,2,3.73,0.0
25264,6326,110,2,14.86,0.0
25265,6326,177,2,5.69,0.0
25266,6326,22,3,16.56,0.0
25267,6327,16,2,3.81,0.0
25268,6327,209,1,16.0,0.0
25269,6327,19,3,7.1,0.0
25270,6327,20,2,19.92,0.0
25271,6328,67,1,2.94,0.0
25272,6328,4,1,8.66,0.0
25273,6328,10,1,17.86,0.0
25274,6328,20,3,19.92,0.0
25275,6328,21,3,3.76,0.38
25276,6328,30,2,4.36,0.0
25277,6329,35,3,3.73,0.0
25278,6329,13,2,4.43,0.0
25279,6329,54,1,3.71,0.0
25280,6330,41,1,17.67,0.0
25281,6330,25,3,19.85,0.0
25282,6330,33,2,5.52,0.0
25283,6331,4,3,8.66,0.0
25284,6331,7,4,5.95,0.6
25285,6331,141,3,17.94,1.79
25286,6331,114,1,18.17,0.0
25287,6331,27,1,24.04,0.0
25288,6331,60,2,24.48,0.0
25289,6332,37,2,16.44,0.0
25290,6332,12,3,12.04,0.0
25291,6332,21,1,3.76,0.0
25292,6332,27,3,24.04,2.4
25293,6332,28,1,16.85,0.0
25294,6333,4,2,8.66,0.0
25295,6333,117,2,22.99,0.0
25296,6334,16,1,3.81,0.0
25297,6334,22,3,16.56,0.0
25298,6335,3,3,16.72,0.0
25299,6335,171,3,10.54,0.0
25300,6335,44,1,24.69,0.0
25301,6335,4,2,8.66,0.0
25302,6336,200,3,21.12,0.0
25303,6336,10,1,17.86,0.0
25304,6336,173,3,18.36,0.0
25305,6337,227,1,15.13,0.0
25306,6337,38,2,12.67,0.0
25307,6337,137,2,16.21,0.0
25308,6337,19,1,7.1,0.0
25309,6337,25,2,19.85,1.99
25310,6337,29,3,5.4,0.0
25311,6338,32,3,5.99,0.0
25312,6338,8,3,23.8,0.0
25313,6338,16,3,3.81,0.0
25314,6338,27,2,24.04,0.0
25315,6338,30,3,4.36,0.0
25316,6339,40,2,15.33,0.0
25317,6339,25,1,19.85,0.0
25318,6339,27,3,24.04,2.4
25319,6339,16,1,3.81,0.0
25320,6340,11,3,10.32,0.0
25321,6340,249,3,5.07,0.0
25322,6340,107,3,4.97,0.0
25323,6340,5,1,11.32,0.0
25324,6341,40,2,15.33,0.0
25325,6341,239,3,10.9,0.0
25326,6341,212,3,7.47,0.0
25327,6341,58,1,8.6,0.0
25328,6341,27,1,24.04,0.0
25329,6342,38,3,12.67,0.0
25330,6342,213,3,4.8,0.0
25331,6342,246,1,4.38,0.0
25332,6343,33,3,5.52,0.0
25333,6343,36,2,23.88,0.0
25334,6343,38,3,12.67,0.0
25335,6343,79,2,16.86,0.0
25336,6343,17,2,22.02,0.0
25337,6343,220,2,14.33,1.43
25338,6344,20,2,19.92,0.0
25339,6344,5,1,11.32,0.0
25340,6344,22,3,16.56,0.0
25341,6345,8,3,23.8,0.0
25342,6345,33,3,5.52,0.0
25343,6345,4,3,8.66,0.0
25344,6345,23,3,14.2,0.0
25345,6346,32,3,5.99,0.0
25346,6346,3,1,16.72,0.0
25347,6346,6,2,24.22,0.0
25348,6346,7,1,5.95,0.0
25349,6346,15,3,11.21,0.0
25350,6346,16,2,3.81,0.0
25351,6347,96,2,7.8,0.0
25352,6347,33,3,5.52,0.0
25353,6347,18,2,19.15,0.0
25354,6347,249,3,5.07,0.51
25355,6347,250,2,10.1,0.0
25356,6348,33,2,5.52,0.0
25357,6348,2,3,11.3,0.0
25358,6348,228,3,6.31,0.0
25359,6348,70,3,6.33,0.0
25360,6348,11,3,10.32,1.03
25361,6349,24,2,6.46,0.0
25362,6349,9,3,12.58,0.0
25363,6350,26,1,10.08,0.0
25364,6350,35,2,3.73,0.0
25365,6351,195,1,9.71,0.0
25366,6351,110,1,14.86,1.49
25367,6352,130,2,20.13,0.0
25368,6352,19,3,7.1,0.0
25369,6353,1,3,11.87,0.0
25370,6353,22,1,16.56,0.0
25371,6353,25,2,19.85,1.99
25372,6353,26,2,10.08,0.0
25373,6353,157,1,6.46,0.0
25374,6354,34,3,19.46,1.95
25375,6354,10,3,17.86,0.0
25376,6354,13,3,4.43,0.0
25377,6354,18,3,19.15,0.0
25378,6354,22,1,16.56,0.0
25379,6354,30,2,4.36,0.0
25380,6355,18,1,19.15,1.92
25381,6355,5,4,11.32,0.0
25382,6356,35,2,3.73,0.0
25383,6356,8,1,23.8,0.0
25384,6356,172,2,23.49,0.0
25385,6356,76,3,21.26,0.0
25386,6356,14,3,12.02,0.0
25387,6356,13,3,4.43,0.44
25388,6357,3,3,16.72,1.67
25389,6357,20,3,19.92,0.0
25390,6358,227,2,15.13,0.0
25391,6358,201,1,19.45,0.0
25392,6358,20,1,19.92,0.0
25393,6358,22,3,16.56,0.0
25394,6358,25,3,19.85,0.0
25395,6359,32,1,5.99,0.0
25396,6359,37,3,16.44,0.0
25397,6359,5,3,11.32,0.0
25398,6359,8,2,23.8,0.0
25399,6359,25,2,19.85,0.0
25400,6359,29,1,5.4,0.0
25401,6360,3,3,16.72,0.0
25402,6360,84,1,16.03,0.0
25403,6361,140,2,6.16,0.0
25404,6361,5,3,11.32,0.0
25405,6361,215,1,16.7,0.0
25406,6362,107,1,4.97,0.0
25407,6362,36,1,23.88,0.0
25408,6362,21,3,3.76,0.0
25409,6363,5,3,11.32,0.0
25410,6363,40,1,15.33,0.0
25411,6363,9,1,12.58,0.0
25412,6363,50,2,16.52,0.0
25413,6363,148,2,24.3,0.0
25414,6363,26,2,10.08,0.0
25415,6364,13,3,4.43,0.0
25416,6364,3,3,16.72,0.0
25417,6364,132,1,14.41,0.0
25418,6364,237,1,22.09,0.0
25419,6365,216,3,16.32,0.0
25420,6365,231,3,10.29,0.0
25421,6365,111,1,16.8,0.0
25422,6365,199,3,12.87,0.0
25423,6366,192,2,9.33,0.0
25424,6366,32,2,5.99,0.0
25425,6366,18,1,19.15,0.0
25426,6366,243,2,3.55,0.0
25427,6366,20,3,19.92,1.99
25428,6366,24,3,6.46,0.65
25429,6367,8,3,23.8,0.0
25430,6367,16,3,3.81,0.0
25431,6367,34,3,19.46,0.0
25432,6368,39,3,14.97,0.0
25433,6368,14,1,12.02,0.0
25434,6368,24,2,6.46,0.0
25435,6368,27,3,24.04,0.0
25436,6368,30,1,4.36,0.0
25437,6368,31,1,7.89,0.0
25438,6369,245,3,17.11,0.0
25439,6369,22,1,16.56,0.0
25440,6370,34,2,19.46,0.0
25441,6370,18,3,19.15,0.0
25442,6370,36,1,23.88,0.0
25443,6370,127,2,25.0,0.0
25444,6371,2,3,11.3,0.0
25445,6371,35,3,3.73,0.0
25446,6371,34,3,19.46,0.0
25447,6371,21,2,3.76,0.0
25448,6371,23,2,14.2,0.0
25449,6371,30,3,4.36,0.0
25450,6372,2,1,11.3,0.0
25451,6372,34,1,19.46,0.0
25452,6372,36,1,23.88,0.0
25453,6372,19,2,7.1,0.0
25454,6372,26,1,10.08,0.0
25455,6372,29,1,5.4,0.0
25456,6373,185,3,23.4,0.0
25457,6373,9,1,12.58,1.26
25458,6373,11,2,10.32,0.0
25459,6373,77,1,24.59,0.0
25460,6374,167,1,15.91,0.0
25461,6374,8,1,23.8,0.0
25462,6374,21,3,3.76,0.0
25463,6374,25,1,19.85,0.0
25464,6374,92,2,9.7,0.0
25465,6375,38,2,12.67,0.0
25466,6375,9,2,12.58,1.26
25467,6375,154,1,24.21,0.0
25468,6375,150,3,19.3,0.0
25469,6376,64,1,15.35,0.0
25470,6376,38,1,12.67,0.0
25471,6376,23,2,14.2,1.42
25472,6376,26,2,10.08,0.0
25473,6376,191,3,7.16,0.72
25474,6377,138,2,15.74,0.0
25475,6377,2,1,11.3,0.0
25476,6377,14,2,12.02,0.0
25477,6377,15,3,11.21,0.0
25478,6378,40,2,15.33,0.0
25479,6378,33,3,5.52,0.0
25480,6378,39,2,14.97,1.5
25481,6379,40,3,15.33,0.0
25482,6379,197,2,2.88,0.0
25483,6379,39,2,14.97,0.0
25484,6380,34,2,19.46,0.0
25485,6380,28,3,16.85,0.0
25486,6381,83,2,14.05,1.41
25487,6381,35,1,3.73,0.0
25488,6381,37,2,16.44,0.0
25489,6381,195,1,9.71,0.0
25490,6382,227,3,15.13,0.0
25491,6382,196,3,5.36,0.0
25492,6382,6,1,24.22,0.0
25493,6382,16,2,3.81,0.0
25494,6382,18,3,19.15,0.0
25495,6383,2,2,11.3,0.0
25496,6383,3,2,16.72,0.0
25497,6383,204,3,22.83,0.0
25498,6383,116,3,24.93,0.0
25499,6383,21,1,3.76,0.0
25500,6383,118,3,4.15,0.0
25501,6384,16,3,3.81,0.0
25502,6384,89,3,17.61,1.76
25503,6385,82,1,24.79,0.0
25504,6385,85,3,10.37,0.0
25505,6386,179,1,13.81,0.0
25506,6386,30,2,4.36,0.0
25507,6387,36,3,23.88,0.0
25508,6387,137,3,16.21,0.0
25509,6387,26,3,10.08,1.01
25510,6387,219,1,13.5,0.0
25511,6387,28,1,16.85,0.0
25512,6388,4,2,8.66,0.0
25513,6388,22,3,16.56,0.0
25514,6388,55,3,12.62,0.0
25515,6389,8,3,23.8,0.0
25516,6389,24,1,6.46,0.0
25517,6389,32,1,5.99,0.0
25518,6389,28,2,16.85,0.0
25519,6390,1,2,11.87,0.0
25520,6390,7,1,5.95,0.0
25521,6390,203,4,16.15,0.0
25522,6390,19,2,7.1,0.0
25523,6390,22,1,16.56,0.0
25524,6390,126,1,6.42,0.0
25525,6391,4,1,8.66,0.0
25526,6391,11,1,10.32,0.0
25527,6391,142,2,16.37,0.0
25528,6391,14,1,12.02,0.0
25529,6391,29,2,5.4,0.0
25530,6392,18,4,19.15,0.0
25531,6392,114,2,18.17,0.0
25532,6393,32,1,5.99,0.0
25533,6393,26,3,10.08,0.0
25534,6393,20,3,19.92,0.0
25535,6393,15,2,11.21,0.0
25536,6394,1,4,11.87,0.0
25537,6394,6,2,24.22,0.0
25538,6394,33,4,5.52,0.0
25539,6395,8,1,23.8,0.0
25540,6395,35,1,3.73,0.37
25541,6395,204,3,22.83,0.0
25542,6395,22,2,16.56,0.0
25543,6396,35,2,3.73,0.0
25544,6396,94,3,14.83,0.0
25545,6396,23,3,14.2,0.0
25546,6397,64,3,15.35,0.0
25547,6397,5,1,11.32,0.0
25548,6397,7,4,5.95,0.0
25549,6397,15,2,11.21,0.0
25550,6397,54,3,3.71,0.0
25551,6398,1,2,11.87,0.0
25552,6398,162,2,19.9,0.0
25553,6398,36,1,23.88,0.0
25554,6398,8,1,23.8,0.0
25555,6398,147,3,18.55,0.0
25556,6398,56,3,2.86,0.29
25557,6399,24,3,6.46,0.0
25558,6399,121,1,2.42,0.0
25559,6399,34,1,19.46,0.0
25560,6399,25,3,19.85,0.0
25561,6400,24,2,6.46,0.0
25562,6400,63,2,10.84,0.0
25563,6401,161,3,19.7,0.0
25564,6401,178,2,12.33,0.0
25565,6401,1,1,11.87,0.0
25566,6402,33,3,5.52,0.0
25567,6402,165,2,5.73,0.0
25568,6402,232,3,23.93,2.39
25569,6402,50,3,16.52,0.0
25570,6402,20,1,19.92,0.0
25571,6402,26,2,10.08,0.0
25572,6403,136,2,22.16,0.0
25573,6403,33,2,5.52,0.0
25574,6403,15,3,11.21,0.0
25575,6404,185,1,23.4,2.34
25576,6404,20,4,19.92,0.0
25577,6404,28,3,16.85,0.0
25578,6404,39,3,14.97,1.5
25579,6405,35,3,3.73,0.0
25580,6405,18,3,19.15,0.0
25581,6405,214,2,7.48,0.0
25582,6405,247,1,15.38,0.0
25583,6405,249,3,5.07,0.0
25584,6405,29,3,5.4,0.0
25585,6406,197,2,2.88,0.0
25586,6406,6,3,24.22,2.42
25587,6407,3,2,16.72,0.0
25588,6407,59,3,16.83,0.0
25589,6407,10,1,17.86,0.0
25590,6407,145,3,3.0,0.0
25591,6407,123,1,23.88,0.0
25592,6407,63,1,10.84,0.0
25593,6408,32,3,5.99,0.6
25594,6408,58,3,8.6,0.0
25595,6408,11,3,10.32,0.0
25596,6408,78,1,3.94,0.0
25597,6409,22,1,16.56,0.0
25598,6409,215,4,16.7,0.0
25599,6410,98,1,24.18,0.0
25600,6410,4,2,8.66,0.87
25601,6410,19,1,7.1,0.0
25602,6410,148,2,24.3,0.0
25603,6410,88,1,19.81,0.0
25604,6410,91,3,16.51,0.0
25605,6411,10,1,17.86,0.0
25606,6411,18,3,19.15,0.0
25607,6412,16,3,3.81,0.0
25608,6412,36,2,23.88,0.0
25609,6412,37,2,16.44,0.0
25610,6413,34,3,19.46,0.0
25611,6413,101,1,3.87,0.0
25612,6413,13,2,4.43,0.0
25613,6413,111,3,16.8,0.0
25614,6413,15,3,11.21,0.0
25615,6413,18,1,19.15,0.0
25616,6414,73,2,24.03,0.0
25617,6414,3,3,16.72,0.0
25618,6414,164,1,11.63,0.0
25619,6415,134,2,14.11,0.0
25620,6415,6,2,24.22,0.0
25621,6415,40,1,15.33,0.0
25622,6415,20,3,19.92,0.0
25623,6415,118,2,4.15,0.0
25624,6416,33,3,5.52,0.0
25625,6416,19,3,7.1,0.0
25626,6416,12,3,12.04,0.0
25627,6417,1,3,11.87,0.0
25628,6417,3,2,16.72,0.0
25629,6417,36,3,23.88,0.0
25630,6417,11,3,10.32,0.0
25631,6417,27,1,24.04,0.0
25632,6417,95,1,10.89,0.0
25633,6418,72,1,13.53,0.0
25634,6418,125,3,19.62,0.0
25635,6419,40,2,15.33,0.0
25636,6419,36,3,23.88,0.0
25637,6420,27,2,24.04,0.0
25638,6420,172,3,23.49,0.0
25639,6421,240,1,10.59,0.0
25640,6421,23,3,14.2,0.0
25641,6422,34,3,19.46,1.95
25642,6422,38,2,12.67,0.0
25643,6423,233,1,14.51,0.0
25644,6423,11,1,10.32,0.0
25645,6423,14,3,12.02,0.0
25646,6423,16,1,3.81,0.0
25647,6423,31,2,7.89,0.0
25648,6424,11,1,10.32,0.0
25649,6424,22,3,16.56,0.0
25650,6425,130,2,20.13,0.0
25651,6425,36,2,23.88,0.0
25652,6425,29,3,5.4,0.0
25653,6425,6,1,24.22,0.0
25654,6426,1,4,11.87,0.0
25655,6426,194,4,18.44,0.0
25656,6426,118,4,4.15,0.0
25657,6426,25,2,19.85,0.0
25658,6426,30,3,4.36,0.0
25659,6427,21,2,3.76,0.0
25660,6427,27,1,24.04,0.0
25661,6427,149,1,16.04,1.6
25662,6427,31,1,7.89,0.0
25663,6428,2,1,11.3,0.0
25664,6428,5,1,11.32,1.13
25665,6428,22,1,16.56,0.0
25666,6429,34,3,19.46,0.0
25667,6429,12,1,12.04,1.2
25668,6429,237,1,22.09,0.0
25669,6429,177,1,5.69,0.57
25670,6429,123,2,23.88,0.0
25671,6430,32,3,5.99,0.0
25672,6430,8,2,23.8,0.0
25673,6430,9,3,12.58,1.26
25674,6430,11,1,10.32,0.0
25675,6430,25,1,19.85,0.0
25676,6431,218,1,21.24,0.0
25677,6431,5,2,11.32,0.0
25678,6432,43,2,16.79,0.0
25679,6432,19,2,7.1,0.0
25680,6433,12,1,12.04,0.0
25681,6433,210,1,11.73,0.0
25682,6433,243,2,3.55,0.0
25683,6433,24,1,6.46,0.0
25684,6433,185,3,23.4,0.0
25685,6434,90,1,3.2,0.0
25686,6434,19,2,7.1,0.0
25687,6434,213,3,4.8,0.0
25688,6435,32,3,5.99,0.0
25689,6435,37,3,16.44,1.64
25690,6435,204,1,22.83,0.0
25691,6435,20,2,19.92,0.0
25692,6435,31,3,7.89,0.0
25693,6436,66,1,19.0,0.0
25694,6436,3,3,16.72,0.0
25695,6436,167,3,15.91,0.0
25696,6436,39,3,14.97,0.0
25697,6436,85,2,10.37,0.0
25698,6437,104,2,9.14,0.0
25699,6437,203,2,16.15,0.0
25700,6437,189,2,10.88,1.09
25701,6437,31,2,7.89,0.0
25702,6438,40,1,15.33,0.0
25703,6438,114,1,18.17,0.0
25704,6438,51,3,20.32,0.0
25705,6438,116,1,24.93,0.0
25706,6438,27,3,24.04,0.0
25707,6439,32,2,5.99,0.6
25708,6439,1,1,11.87,0.0
25709,6439,225,1,2.04,0.0
25710,6439,4,3,8.66,0.0
25711,6439,47,2,9.27,0.0
25712,6439,124,2,9.86,0.0
25713,6440,153,3,7.5,0.0
25714,6440,4,3,8.66,0.0
25715,6440,5,2,11.32,0.0
25716,6440,17,2,22.02,0.0
25717,6441,17,1,22.02,0.0
25718,6441,164,1,11.63,0.0
25719,6441,198,2,23.1,0.0
25720,6442,104,1,9.14,0.0
25721,6442,8,1,23.8,0.0
25722,6442,138,3,15.74,0.0
25723,6442,204,1,22.83,0.0
25724,6442,23,1,14.2,1.42
25725,6442,28,3,16.85,0.0
25726,6443,16,3,3.81,0.0
25727,6443,56,1,2.86,0.0
25728,6443,26,1,10.08,1.01
25729,6443,189,3,10.88,0.0
25730,6443,31,2,7.89,0.0
25731,6444,32,2,5.99,0.0
25732,6444,36,1,23.88,2.39
25733,6444,7,3,5.95,0.0
25734,6444,9,1,12.58,0.0
25735,6444,23,2,14.2,0.0
25736,6444,25,1,19.85,0.0
25737,6445,16,1,3.81,0.0
25738,6445,35,2,3.73,0.0
25739,6445,175,2,4.87,0.0
25740,6446,32,2,5.99,0.0
25741,6446,189,3,10.88,0.0
25742,6446,165,2,5.73,0.0
25743,6446,7,1,5.95,0.0
25744,6447,1,3,11.87,0.0
25745,6447,107,1,4.97,0.0
25746,6447,181,3,4.11,0.0
25747,6448,24,2,6.46,0.65
25748,6448,139,2,5.55,0.0
25749,6448,84,3,16.03,0.0
25750,6448,30,2,4.36,0.0
25751,6449,4,2,8.66,0.0
25752,6449,38,2,12.67,0.0
25753,6449,79,3,16.86,0.0
25754,6449,179,3,13.81,0.0
25755,6449,248,1,19.4,0.0
25756,6450,8,1,23.8,0.0
25757,6450,10,3,17.86,0.0
25758,6450,23,1,14.2,1.42
25759,6451,11,3,10.32,0.0
25760,6451,221,2,16.53,0.0
25761,6451,54,2,3.71,0.0
25762,6451,103,1,23.09,0.0
25763,6452,24,3,6.46,0.65
25764,6452,250,3,10.1,0.0
25765,6452,90,1,3.2,0.0
25766,6452,38,2,12.67,1.27
25767,6453,25,3,19.85,0.0
25768,6453,20,3,19.92,0.0
25769,6453,30,3,4.36,0.44
25770,6454,38,2,12.67,0.0
25771,6454,30,1,4.36,0.0
25772,6455,40,1,15.33,1.53
25773,6455,28,3,16.85,0.0
25774,6455,109,1,3.95,0.0
25775,6455,14,1,12.02,1.2
25776,6456,4,3,8.66,0.0
25777,6456,8,1,23.8,0.0
25778,6456,9,3,12.58,0.0
25779,6456,48,1,12.11,0.0
25780,6456,18,2,19.15,0.0
25781,6456,27,3,24.04,0.0
25782,6457,2,3,11.3,0.0
25783,6457,35,1,3.73,0.0
25784,6457,43,3,16.79,0.0
25785,6457,13,3,4.43,0.0
25786,6457,239,1,10.9,0.0
25787,6458,98,2,24.18,0.0
25788,6458,38,1,12.67,0.0
25789,6459,34,1,19.46,1.95
25790,6459,8,3,23.8,0.0
25791,6459,10,2,17.86,0.0
25792,6459,139,3,5.55,0.0
25793,6459,48,1,12.11,1.21
25794,6459,20,3,19.92,1.99
25795,6460,1,3,11.87,0.0
25796,6460,3,2,16.72,0.0
25797,6460,40,2,15.33,0.0
25798,6460,205,3,2.44,0.0
25799,6460,22,1,16.56,1.66
25800,6461,1,3,11.87,0.0
25801,6461,12,3,12.04,1.2
25802,6461,142,1,16.37,0.0
25803,6461,213,1,4.8,0.0
25804,6461,31,2,7.89,0.0
25805,6462,107,1,4.97,0.0
25806,6462,51,3,20.32,0.0
25807,6462,165,2,5.73,0.0
25808,6462,14,3,12.02,0.0
25809,6463,8,1,23.8,0.0
25810,6463,18,3,19.15,0.0
25811,6463,31,3,7.89,0.0
25812,6464,8,1,23.8,0.0
25813,6464,11,1,10.32,0.0
25814,6464,19,3,7.1,0.0
25815,6464,245,1,17.11,0.0
25816,6464,150,2,19.3,0.0
25817,6464,94,2,14.83,0.0
25818,6465,232,1,23.93,0.0
25819,6465,155,2,20.04,0.0
25820,6465,36,3,23.88,0.0
25821,6466,9,3,12.58,0.0
25822,6466,13,1,4.43,0.0
25823,6466,23,2,14.2,0.0
25824,6466,185,1,23.4,0.0
25825,6466,31,3,7.89,0.0
25826,6467,81,3,18.28,0.0
25827,6467,17,3,22.02,0.0
25828,6467,26,1,10.08,0.0
25829,6468,1,3,11.87,0.0
25830,6468,4,3,8.66,0.0
25831,6468,132,1,14.41,0.0
25832,6468,8,3,23.8,0.0
25833,6468,29,3,5.4,0.0
25834,6468,223,3,18.53,0.0
25835,6469,169,1,3.2,0.0
25836,6469,61,3,4.08,0.0
25837,6470,26,1,10.08,0.0
25838,6470,6,1,24.22,0.0
25839,6471,8,2,23.8,0.0
25840,6471,27,2,24.04,0.0
25841,6472,224,1,8.7,0.0
25842,6472,9,2,12.58,0.0
25843,6472,16,1,3.81,0.0
25844,6472,81,1,18.28,0.0
25845,6472,24,1,6.46,0.0
25846,6472,184,1,22.35,0.0
25847,6473,189,1,10.88,0.0
25848,6473,22,1,16.56,0.0
25849,6473,231,3,10.29,1.03
25850,6474,120,1,13.7,0.0
25851,6474,11,3,10.32,0.0
25852,6474,35,1,3.73,0.0
25853,6475,3,3,16.72,0.0
25854,6475,10,2,17.86,1.79
25855,6475,20,3,19.92,1.99
25856,6475,24,3,6.46,0.0
25857,6475,125,2,19.62,0.0
25858,6476,5,2,11.32,1.13
25859,6476,69,3,15.15,0.0
25860,6476,37,2,16.44,1.64
25861,6476,36,2,23.88,0.0
25862,6477,16,3,3.81,0.0
25863,6477,17,1,22.02,0.0
25864,6477,37,2,16.44,0.0
25865,6478,25,1,19.85,1.99
25866,6478,147,2,18.55,0.0
25867,6479,10,2,17.86,0.0
25868,6479,28,2,16.85,0.0
25869,6479,77,3,24.59,0.0
25870,6480,16,1,3.81,0.0
25871,6480,11,1,10.32,0.0
25872,6480,15,3,11.21,0.0
25873,6481,4,3,8.66,0.0
25874,6481,12,3,12.04,0.0
25875,6481,23,2,14.2,0.0
25876,6481,7,3,5.95,0.0
25877,6482,185,1,23.4,0.0
25878,6482,34,2,19.46,0.0
25879,6482,21,2,3.76,0.0
25880,6482,55,1,12.62,0.0
25881,6483,4,3,8.66,0.0
25882,6483,11,3,10.32,0.0
25883,6483,241,1,19.19,0.0
25884,6483,25,3,19.85,0.0
25885,6483,30,3,4.36,0.44
25886,6484,181,1,4.11,0.0
25887,6484,111,3,16.8,0.0
25888,6485,33,1,5.52,0.0
25889,6485,162,3,19.9,0.0
25890,6485,2,1,11.3,0.0
25891,6485,38,2,12.67,0.0
25892,6485,25,2,19.85,0.0
25893,6485,30,1,4.36,0.0
25894,6486,195,2,9.71,0.0
25895,6486,36,1,23.88,0.0
25896,6486,8,3,23.8,0.0
25897,6486,9,3,12.58,0.0
25898,6486,16,3,3.81,0.0
25899,6486,31,3,7.89,0.0
25900,6487,193,3,4.28,0.43
25901,6487,36,2,23.88,0.0
25902,6487,12,1,12.04,0.0
25903,6487,6,1,24.22,0.0
25904,6488,2,2,11.3,0.0
25905,6488,196,3,5.36,0.0
25906,6488,13,1,4.43,0.0
25907,6488,7,1,5.95,0.0
25908,6489,25,3,19.85,0.0
25909,6489,242,1,10.21,0.0
25910,6489,22,3,16.56,1.66
25911,6490,32,1,5.99,0.0
25912,6490,17,1,22.02,0.0
25913,6490,51,1,20.32,2.03
25914,6490,57,2,10.48,0.0
25915,6490,186,2,11.54,0.0
25916,6490,28,1,16.85,0.0
25917,6491,32,2,5.99,0.0
25918,6491,8,2,23.8,2.38
25919,6491,18,3,19.15,0.0
25920,6492,24,1,6.46,0.0
25921,6492,36,2,23.88,0.0
25922,6493,32,1,5.99,0.6
25923,6493,1,3,11.87,0.0
25924,6493,39,2,14.97,0.0
25925,6493,10,1,17.86,0.0
25926,6493,17,1,22.02,0.0
25927,6493,26,3,10.08,0.0
25928,6494,2,1,11.3,0.0
25929,6494,20,2,19.92,0.0
25930,6494,22,3,16.56,0.0
25931,6494,15,1,11.21,0.0
25932,6495,10,3,17.86,0.0
25933,6495,15,2,11.21,0.0
25934,6495,23,2,14.2,0.0
25935,6495,24,3,6.46,0.65
25936,6495,29,3,5.4,0.0
25937,6496,1,2,11.87,0.0
25938,6496,36,1,23.88,0.0
25939,6496,111,1,16.8,0.0
25940,6496,114,1,18.17,0.0
25941,6496,19,2,7.1,0.0
25942,6497,161,1,19.7,0.0
25943,6497,69,1,15.15,0.0
25944,6497,14,1,12.02,0.0
25945,6497,116,2,24.93,0.0
25946,6497,22,3,16.56,0.0
25947,6498,9,3,12.58,0.0
25948,6498,18,2,19.15,0.0
25949,6498,38,3,12.67,1.27
25950,6499,34,1,19.46,0.0
25951,6499,232,3,23.93,0.0
25952,6499,18,3,19.15,0.0
25953,6499,217,1,3.44,0.0
25954,6499,30,1,4.36,0.0
25955,6500,25,3,19.85,0.0
25956,6500,29,2,5.4,0.0
25957,6500,79,2,16.86,0.0
25958,6500,39,3,14.97,0.0
25959,6501,38,2,12.67,0.0
25960,6501,40,3,15.33,0.0
25961,6501,15,1,11.21,0.0
25962,6501,17,2,22.02,0.0
25963,6501,27,3,24.04,0.0
25964,6502,9,3,12.58,0.0
25965,6502,28,3,16.85,0.0
25966,6503,36,2,23.88,2.39
25967,6503,229,1,17.37,0.0
25968,6503,10,2,17.86,0.0
25969,6503,11,1,10.32,0.0
25970,6503,24,1,6.46,0.65
25971,6503,30,3,4.36,0.0
25972,6504,40,3,15.33,0.0
25973,6504,13,2,4.43,0.0
25974,6504,211,1,19.85,0.0
25975,6504,21,3,3.76,0.0
25976,6504,30,2,4.36,0.0
25977,6505,136,3,22.16,0.0
25978,6505,17,2,22.02,2.2
25979,6505,166,2,6.59,0.0
25980,6505,14,1,12.02,0.0
25981,6506,100,1,5.46,0.0
25982,6506,13,1,4.43,0.0
25983,6507,8,3,23.8,0.0
25984,6507,249,1,5.07,0.0
25985,6507,164,3,11.63,0.0
25986,6508,1,1,11.87,0.0
25987,6508,3,3,16.72,0.0
25988,6508,36,3,23.88,0.0
25989,6508,175,2,4.87,0.0
25990,6508,21,1,3.76,0.38
25991,6508,29,3,5.4,0.0
25992,6509,17,2,22.02,0.0
25993,6509,186,1,11.54,0.0
25994,6509,45,3,9.43,0.0
25995,6510,71,1,15.92,0.0
25996,6510,7,3,5.95,0.6
25997,6510,30,3,4.36,0.0
25998,6510,39,1,14.97,0.0
25999,6511,17,3,22.02,0.0
26000,6511,150,2,19.3,0.0
26001,6511,24,1,6.46,0.0
26002,6511,25,1,19.85,0.0
26003,6511,158,2,17.6,0.0
26004,6512,32,3,5.99,0.0
26005,6512,147,1,18.55,0.0
26006,6512,12,2,12.04,0.0
26007,6512,222,2,15.23,0.0
26008,6513,90,2,3.2,0.0
26009,6513,134,3,14.11,0.0
26010,6513,20,3,19.92,0.0
26011,6513,26,1,10.08,0.0
26012,6513,31,3,7.89,0.0
26013,6514,59,3,16.83,0.0
26014,6514,36,1,23.88,0.0
26015,6514,38,1,12.67,0.0
26016,6515,128,3,5.56,0.0
26017,6515,2,1,11.3,0.0
26018,6515,69,4,15.15,0.0
26019,6515,248,2,19.4,0.0
26020,6515,25,1,19.85,0.0
26021,6516,3,3,16.72,0.0
26022,6516,18,3,19.15,0.0
26023,6516,19,1,7.1,0.0
26024,6516,20,2,19.92,0.0
26025,6516,21,3,3.76,0.0
26026,6516,153,2,7.5,0.0
26027,6517,40,3,15.33,0.0
26028,6517,34,2,19.46,0.0
26029,6517,250,1,10.1,0.0
26030,6517,135,3,17.22,0.0
26031,6518,32,2,5.99,0.0
26032,6518,217,3,3.44,0.0
26033,6518,235,2,13.68,0.0
26034,6518,60,1,24.48,0.0
26035,6519,1,2,11.87,0.0
26036,6519,164,1,11.63,0.0
26037,6520,197,1,2.88,0.0
26038,6520,39,1,14.97,0.0
26039,6521,1,2,11.87,0.0
26040,6521,108,2,18.3,1.83
26041,6521,19,2,7.1,0.71
26042,6521,217,1,3.44,0.0
26043,6521,26,1,10.08,1.01
26044,6521,25,3,19.85,0.0
26045,6522,40,3,15.33,0.0
26046,6522,225,1,2.04,0.0
26047,6522,4,1,8.66,0.0
26048,6522,37,3,16.44,0.0
26049,6523,36,3,23.88,0.0
26050,6523,135,4,17.22,0.0
26051,6523,75,4,20.65,0.0
26052,6523,174,2,13.87,0.0
26053,6523,55,4,12.62,0.0
26054,6523,28,3,16.85,0.0
26055,6524,33,1,5.52,0.0
26056,6524,37,3,16.44,0.0
26057,6524,231,1,10.29,0.0
26058,6524,72,2,13.53,0.0
26059,6524,8,2,23.8,0.0
26060,6524,23,1,14.2,0.0
26061,6525,32,1,5.99,0.0
26062,6525,9,1,12.58,0.0
26063,6525,70,3,6.33,0.0
26064,6526,33,2,5.52,0.0
26065,6526,36,1,23.88,0.0
26066,6526,16,1,3.81,0.0
26067,6526,18,1,19.15,1.92
26068,6526,27,2,24.04,2.4
26069,6526,159,3,15.12,0.0
26070,6527,8,3,23.8,0.0
26071,6527,122,2,9.1,0.0
26072,6527,102,3,17.26,0.0
26073,6528,40,1,15.33,0.0
26074,6528,45,2,9.43,0.0
26075,6528,120,2,13.7,0.0
26076,6528,24,3,6.46,0.0
26077,6528,28,2,16.85,0.0
26078,6528,30,2,4.36,0.0
26079,6529,4,3,8.66,0.0
26080,6529,238,1,3.0,0.0
26081,6530,2,2,11.3,0.0
26082,6530,35,3,3.73,0.37
26083,6530,39,2,14.97,1.5
26084,6530,11,1,10.32,0.0
26085,6530,240,2,10.59,0.0
26086,6530,24,2,6.46,0.0
26087,6531,33,2,5.52,0.0
26088,6531,36,3,23.88,0.0
26089,6531,39,3,14.97,0.0
26090,6531,74,2,12.36,0.0
26091,6531,208,2,23.63,0.0
26092,6531,22,3,16.56,0.0
26093,6532,8,3,23.8,0.0
26094,6532,9,2,12.58,0.0
26095,6532,40,3,15.33,0.0
26096,6532,13,3,4.43,0.0
26097,6532,83,2,14.05,0.0
26098,6533,32,3,5.99,0.0
26099,6533,2,3,11.3,0.0
26100,6533,158,2,17.6,0.0
26101,6534,25,1,19.85,1.99
26102,6534,187,1,11.12,0.0
26103,6534,30,2,4.36,0.0
26104,6535,2,2,11.3,1.13
26105,6535,6,1,24.22,0.0
26106,6535,9,4,12.58,1.26
26107,6535,75,1,20.65,0.0
26108,6535,26,3,10.08,0.0
26109,6535,27,1,24.04,0.0
26110,6536,32,2,5.99,0.0
26111,6536,1,1,11.87,0.0
26112,6536,66,2,19.0,0.0
26113,6536,35,2,3.73,0.0
26114,6536,54,2,3.71,0.0
26115,6537,24,4,6.46,0.0
26116,6537,2,3,11.3,0.0
26117,6537,191,3,7.16,0.0
26118,6538,107,1,4.97,0.0
26119,6538,3,3,16.72,0.0
26120,6538,100,3,5.46,0.0
26121,6538,15,3,11.21,0.0
26122,6539,33,3,5.52,0.0
26123,6539,27,2,24.04,2.4
26124,6539,148,1,24.3,0.0
26125,6539,135,3,17.22,0.0
26126,6540,33,2,5.52,0.0
26127,6540,5,2,11.32,0.0
26128,6540,168,3,22.08,0.0
26129,6540,12,3,12.04,0.0
26130,6540,122,2,9.1,0.0
26131,6540,31,1,7.89,0.0
26132,6541,68,2,22.91,0.0
26133,6541,30,2,4.36,0.0
26134,6541,7,3,5.95,0.0
26135,6542,40,1,15.33,0.0
26136,6542,19,1,7.1,0.0
26137,6542,38,1,12.67,0.0
26138,6543,52,1,15.6,0.0
26139,6543,189,3,10.88,0.0
26140,6543,36,3,23.88,0.0
26141,6543,6,1,24.22,0.0
26142,6544,38,1,12.67,0.0
26143,6544,7,1,5.95,0.0
26144,6544,206,2,6.96,0.0
26145,6544,23,3,14.2,0.0
26146,6544,27,2,24.04,0.0
26147,6544,158,3,17.6,0.0
26148,6545,1,3,11.87,0.0
26149,6545,98,1,24.18,0.0
26150,6545,28,1,16.85,1.69
26151,6545,101,2,3.87,0.0
26152,6546,10,3,17.86,1.79
26153,6546,18,3,19.15,0.0
26154,6547,1,1,11.87,0.0
26155,6547,33,2,5.52,0.0
26156,6547,8,2,23.8,0.0
26157,6547,235,3,13.68,0.0
26158,6547,26,1,10.08,0.0
26159,6548,6,1,24.22,0.0
26160,6548,7,3,5.95,0.0
26161,6548,8,2,23.8,0.0
26162,6548,203,1,16.15,0.0
26163,6548,15,1,11.21,0.0
26164,6548,190,1,3.88,0.0
26165,6549,1,3,11.87,0.0
26166,6549,198,1,23.1,0.0
26167,6549,6,3,24.22,0.0
26168,6549,191,2,7.16,0.0
26169,6550,42,1,22.29,0.0
26170,6550,19,3,7.1,0.0
26171,6550,4,3,8.66,0.0
26172,6550,22,2,16.56,0.0
26173,6551,32,1,5.99,0.0
26174,6551,38,3,12.67,0.0
26175,6551,71,1,15.92,1.59
26176,6551,9,1,12.58,0.0
26177,6551,110,2,14.86,0.0
26178,6551,17,3,22.02,0.0
26179,6552,245,1,17.11,0.0
26180,6552,99,2,15.86,0.0
26181,6552,213,1,4.8,0.0
26182,6552,9,2,12.58,0.0
26183,6553,1,3,11.87,0.0
26184,6553,230,3,14.04,0.0
26185,6553,184,3,22.35,0.0
26186,6553,61,1,4.08,0.41
26187,6553,31,1,7.89,0.0
26188,6554,6,1,24.22,0.0
26189,6554,8,2,23.8,0.0
26190,6554,24,1,6.46,0.0
26191,6554,186,2,11.54,1.15
26192,6554,27,3,24.04,2.4
26193,6555,224,2,8.7,0.0
26194,6555,7,1,5.95,0.0
26195,6555,16,1,3.81,0.0
26196,6555,151,3,20.03,0.0
26197,6555,24,3,6.46,0.0
26198,6556,192,3,9.33,0.0
26199,6556,207,4,5.44,0.0
26200,6556,20,1,19.92,1.99
26201,6556,239,1,10.9,0.0
26202,6557,66,1,19.0,0.0
26203,6557,164,2,11.63,0.0
26204,6557,4,3,8.66,0.0
26205,6557,38,1,12.67,0.0
26206,6557,7,2,5.95,0.0
26207,6557,13,2,4.43,0.0
26208,6558,81,2,18.28,0.0
26209,6558,218,2,21.24,0.0
26210,6558,35,2,3.73,0.0
26211,6559,40,3,15.33,0.0
26212,6559,12,2,12.04,0.0
26213,6559,141,2,17.94,0.0
26214,6559,83,1,14.05,0.0
26215,6559,22,2,16.56,0.0
26216,6559,219,1,13.5,0.0
26217,6560,26,1,10.08,0.0
26218,6560,15,1,11.21,0.0
26219,6560,61,1,4.08,0.0
26220,6560,167,4,15.91,0.0
26221,6561,38,2,12.67,0.0
26222,6561,32,3,5.99,0.0
26223,6561,156,1,22.79,0.0
26224,6561,14,2,12.02,0.0
26225,6562,3,1,16.72,0.0
26226,6562,6,2,24.22,0.0
26227,6562,138,3,15.74,0.0
26228,6562,140,2,6.16,0.0
26229,6562,52,3,15.6,0.0
26230,6563,3,2,16.72,0.0
26231,6563,29,2,5.4,0.0
26232,6564,218,1,21.24,0.0
26233,6564,4,3,8.66,0.0
26234,6565,184,2,22.35,0.0
26235,6565,12,2,12.04,0.0
26236,6565,60,1,24.48,2.45
26237,6566,129,3,8.8,0.0
26238,6566,8,1,23.8,0.0
26239,6566,18,3,19.15,1.92
26240,6566,24,3,6.46,0.0
26241,6566,152,3,7.38,0.0
26242,6567,25,3,19.85,0.0
26243,6567,205,2,2.44,0.0
26244,6567,30,2,4.36,0.0
26245,6568,33,3,5.52,0.55
26246,6568,10,2,17.86,0.0
26247,6568,147,2,18.55,0.0
26248,6568,29,3,5.4,0.0
26249,6568,191,4,7.16,0.0
26250,6569,169,3,3.2,0.0
26251,6569,154,2,24.21,0.0
26252,6569,27,1,24.04,0.0
26253,6569,12,2,12.04,0.0
26254,6570,32,1,5.99,0.0
26255,6570,194,1,18.44,0.0
26256,6570,73,3,24.03,0.0
26257,6570,16,3,3.81,0.0
26258,6570,149,1,16.04,0.0
26259,6570,182,1,22.94,0.0
26260,6571,16,3,3.81,0.0
26261,6571,25,1,19.85,0.0
26262,6571,78,3,3.94,0.0
26263,6571,22,2,16.56,0.0
26264,6572,24,1,6.46,0.0
26265,6572,33,3,5.52,0.0
26266,6572,234,3,20.09,0.0
26267,6573,3,3,16.72,0.0
26268,6573,36,3,23.88,0.0
26269,6573,145,3,3.0,0.0
26270,6573,18,2,19.15,1.92
26271,6573,27,1,24.04,0.0
26272,6574,241,2,19.19,0.0
26273,6574,39,1,14.97,0.0
26274,6574,135,1,17.22,0.0
26275,6575,32,1,5.99,0.0
26276,6575,33,4,5.52,0.0
26277,6575,169,3,3.2,0.0
26278,6575,10,3,17.86,0.0
26279,6575,15,3,11.21,0.0
26280,6575,240,3,10.59,0.0
26281,6576,200,1,21.12,2.11
26282,6576,193,1,4.28,0.0
26283,6576,37,3,16.44,0.0
26284,6577,88,1,19.81,0.0
26285,6577,177,3,5.69,0.0
26286,6577,37,3,16.44,0.0
26287,6577,38,2,12.67,0.0
26288,6578,154,2,24.21,0.0
26289,6578,230,2,14.04,0.0
26290,6578,7,3,5.95,0.0
26291,6579,8,2,23.8,0.0
26292,6579,226,1,10.11,0.0
26293,6580,25,1,19.85,0.0
26294,6580,2,2,11.3,1.13
26295,6580,10,3,17.86,0.0
26296,6580,22,1,16.56,0.0
26297,6581,193,2,4.28,0.0
26298,6581,250,1,10.1,0.0
26299,6581,11,2,10.32,0.0
26300,6581,38,2,12.67,0.0
26301,6582,33,3,5.52,0.0
26302,6582,140,2,6.16,0.0
26303,6582,109,3,3.95,0.4
26304,6582,21,2,3.76,0.0
26305,6582,22,1,16.56,0.0
26306,6583,121,3,2.42,0.0
26307,6583,39,1,14.97,0.0
26308,6584,2,1,11.3,0.0
26309,6584,15,3,11.21,0.0
26310,6584,17,3,22.02,0.0
26311,6584,18,3,19.15,0.0
26312,6584,31,2,7.89,0.0
26313,6585,226,2,10.11,0.0
26314,6585,125,2,19.62,0.0
26315,6585,22,1,16.56,0.0
26316,6585,39,1,14.97,0.0
26317,6586,34,1,19.46,0.0
26318,6586,3,3,16.72,0.0
26319,6586,8,3,23.8,0.0
26320,6586,148,2,24.3,0.0
26321,6586,151,2,20.03,0.0
26322,6587,32,1,5.99,0.0
26323,6587,25,3,19.85,0.0
26324,6587,27,2,24.04,0.0
26325,6588,32,1,5.99,0.0
26326,6588,5,2,11.32,0.0
26327,6588,149,3,16.04,0.0
26328,6589,32,1,5.99,0.0
26329,6589,35,3,3.73,0.0
26330,6589,3,1,16.72,0.0
26331,6589,143,3,22.76,0.0
26332,6590,161,2,19.7,1.97
26333,6590,231,1,10.29,0.0
26334,6590,17,1,22.02,0.0
26335,6590,27,1,24.04,0.0
26336,6590,158,2,17.6,0.0
26337,6591,3,2,16.72,0.0
26338,6591,9,3,12.58,0.0
26339,6591,77,3,24.59,0.0
26340,6591,114,1,18.17,0.0
26341,6591,27,3,24.04,0.0
26342,6592,18,2,19.15,0.0
26343,6592,44,2,24.69,0.0
26344,6592,5,1,11.32,0.0
26345,6593,25,3,19.85,0.0
26346,6593,125,1,19.62,1.96
26347,6594,25,2,19.85,1.99
26348,6594,10,2,17.86,0.0
26349,6594,20,3,19.92,0.0
26350,6594,207,3,5.44,0.54
26351,6595,8,2,23.8,0.0
26352,6595,116,2,24.93,0.0
26353,6595,6,3,24.22,0.0
26354,6596,201,1,19.45,0.0
26355,6596,4,3,8.66,0.0
26356,6596,22,1,16.56,0.0
26357,6597,166,2,6.59,0.0
26358,6597,38,1,12.67,0.0
26359,6598,40,3,15.33,0.0
26360,6598,22,1,16.56,0.0
26361,6599,11,2,10.32,0.0
26362,6599,43,1,16.79,0.0
26363,6599,13,4,4.43,0.0
26364,6599,235,3,13.68,0.0
26365,6599,125,3,19.62,0.0
26366,6599,30,2,4.36,0.44
26367,6600,114,2,18.17,0.0
26368,6600,115,2,23.78,0.0
26369,6600,14,3,12.02,0.0
26370,6600,23,1,14.2,0.0
26371,6601,5,1,11.32,0.0
26372,6601,8,2,23.8,0.0
26373,6601,15,1,11.21,0.0
26374,6601,81,1,18.28,0.0
26375,6601,184,2,22.35,0.0
26376,6602,24,2,6.46,0.0
26377,6602,116,1,24.93,2.49
26378,6602,29,3,5.4,0.0
26379,6602,7,1,5.95,0.0
26380,6603,32,2,5.99,0.0
26381,6603,12,1,12.04,0.0
26382,6604,33,3,5.52,0.0
26383,6604,6,1,24.22,0.0
26384,6604,8,3,23.8,0.0
26385,6604,200,2,21.12,0.0
26386,6604,40,3,15.33,0.0
26387,6604,23,2,14.2,0.0
26388,6605,16,1,3.81,0.0
26389,6605,8,2,23.8,2.38
26390,6605,35,1,3.73,0.0
26391,6605,151,3,20.03,0.0
26392,6606,7,1,5.95,0.0
26393,6606,8,1,23.8,0.0
26394,6606,105,2,17.09,0.0
26395,6606,154,1,24.21,0.0
26396,6606,30,1,4.36,0.0
26397,6607,156,3,22.79,0.0
26398,6607,29,1,5.4,0.0
26399,6608,120,1,13.7,0.0
26400,6608,1,1,11.87,0.0
26401,6608,26,4,10.08,0.0
26402,6609,188,3,10.6,0.0
26403,6609,37,3,16.44,0.0
26404,6609,126,2,6.42,0.0
26405,6609,199,3,12.87,1.29
26406,6610,8,1,23.8,0.0
26407,6610,202,2,12.79,0.0
26408,6610,10,2,17.86,0.0
26409,6611,33,2,5.52,0.55
26410,6611,34,1,19.46,0.0
26411,6611,6,2,24.22,0.0
26412,6611,232,2,23.93,0.0
26413,6611,121,3,2.42,0.0
26414,6611,250,3,10.1,0.0
26415,6612,97,2,21.59,0.0
26416,6612,2,3,11.3,0.0
26417,6612,100,3,5.46,0.55
26418,6612,36,1,23.88,0.0
26419,6612,13,2,4.43,0.0
26420,6612,22,2,16.56,0.0
26421,6613,218,3,21.24,0.0
26422,6613,37,1,16.44,0.0
26423,6614,220,4,14.33,0.0
26424,6614,3,3,16.72,0.0
26425,6614,4,4,8.66,0.0
26426,6614,29,4,5.4,0.54
26427,6615,8,3,23.8,0.0
26428,6615,9,3,12.58,0.0
26429,6616,18,2,19.15,0.0
26430,6616,175,3,4.87,0.49
26431,6617,99,1,15.86,0.0
26432,6617,229,3,17.37,0.0
26433,6617,15,2,11.21,0.0
26434,6617,20,1,19.92,0.0
26435,6617,21,3,3.76,0.0
26436,6617,149,1,16.04,0.0
26437,6618,2,3,11.3,0.0
26438,6618,36,2,23.88,0.0
26439,6618,10,1,17.86,0.0
26440,6618,25,1,19.85,0.0
26441,6618,31,2,7.89,0.0
26442,6619,17,3,22.02,0.0
26443,6619,10,1,17.86,0.0
26444,6619,172,2,23.49,0.0
26445,6619,236,2,2.47,0.0
26446,6620,32,2,5.99,0.0
26447,6620,4,3,8.66,0.87
26448,6620,19,3,7.1,0.0
26449,6620,156,3,22.79,0.0
26450,6620,30,1,4.36,0.0
26451,6621,4,2,8.66,0.0
26452,6621,42,3,22.29,0.0
26453,6621,18,1,19.15,0.0
26454,6621,21,3,3.76,0.0
26455,6621,182,3,22.94,0.0
26456,6621,30,3,4.36,0.0
26457,6622,246,2,4.38,0.0
26458,6622,23,1,14.2,0.0
26459,6623,27,3,24.04,2.4
26460,6623,55,2,12.62,0.0
26461,6624,5,2,11.32,1.13
26462,6624,10,3,17.86,0.0
26463,6624,111,2,16.8,0.0
26464,6624,16,3,3.81,0.38
26465,6624,27,2,24.04,2.4
26466,6624,30,2,4.36,0.0
26467,6625,83,2,14.05,0.0
26468,6625,219,1,13.5,0.0
26469,6625,13,2,4.43,0.44
26470,6625,190,1,3.88,0.0
26471,6626,131,2,13.68,0.0
26472,6626,36,2,23.88,0.0
26473,6626,198,3,23.1,0.0
26474,6626,38,2,12.67,0.0
26475,6626,187,3,11.12,0.0
26476,6626,30,3,4.36,0.0
26477,6627,33,2,5.52,0.0
26478,6627,194,3,18.44,0.0
26479,6627,3,1,16.72,0.0
26480,6627,48,3,12.11,0.0
26481,6627,18,2,19.15,0.0
26482,6627,151,2,20.03,0.0
26483,6628,34,2,19.46,0.0
26484,6628,31,2,7.89,0.0
26485,6629,34,3,19.46,0.0
26486,6629,3,3,16.72,0.0
26487,6629,134,2,14.11,0.0
26488,6629,17,3,22.02,2.2
26489,6629,21,2,3.76,0.0
26490,6630,40,2,15.33,0.0
26491,6630,26,1,10.08,0.0
26492,6630,30,1,4.36,0.0
26493,6631,3,3,16.72,1.67
26494,6631,2,2,11.3,0.0
26495,6631,11,1,10.32,0.0
26496,6631,6,2,24.22,0.0
26497,6632,28,2,16.85,0.0
26498,6632,39,3,14.97,0.0
26499,6633,32,1,5.99,0.0
26500,6633,34,1,19.46,1.95
26501,6633,98,3,24.18,0.0
26502,6633,232,2,23.93,0.0
26503,6633,107,2,4.97,0.0
26504,6633,12,1,12.04,0.0
26505,6634,37,2,16.44,0.0
26506,6634,10,2,17.86,0.0
26507,6634,20,3,19.92,0.0
26508,6634,23,2,14.2,0.0
26509,6634,56,3,2.86,0.0
26510,6634,28,1,16.85,1.69
26511,6635,79,2,16.86,0.0
26512,6635,39,1,14.97,0.0
26513,6635,174,1,13.87,0.0
26514,6635,31,1,7.89,0.79
26515,6636,37,1,16.44,0.0
26516,6636,40,1,15.33,0.0
26517,6636,10,2,17.86,0.0
26518,6636,11,3,10.32,0.0
26519,6636,14,3,12.02,0.0
26520,6636,16,2,3.81,0.0
26521,6637,36,1,23.88,0.0
26522,6637,5,1,11.32,1.13
26523,6637,10,3,17.86,0.0
26524,6637,45,2,9.43,0.94
26525,6637,247,2,15.38,0.0
26526,6637,25,3,19.85,0.0
26527,6638,35,3,3.73,0.0
26528,6638,7,1,5.95,0.6
26529,6638,106,2,17.23,0.0
26530,6638,20,3,19.92,0.0
26531,6638,25,2,19.85,0.0
26532,6639,97,1,21.59,0.0
26533,6639,36,1,23.88,0.0
26534,6639,38,3,12.67,0.0
26535,6639,6,3,24.22,0.0
26536,6639,9,1,12.58,0.0
26537,6639,122,2,9.1,0.0
26538,6640,39,2,14.97,0.0
26539,6640,8,3,23.8,0.0
26540,6640,11,2,10.32,0.0
26541,6640,208,1,23.63,0.0
26542,6640,22,1,16.56,0.0
26543,6640,28,3,16.85,0.0
26544,6641,34,1,19.46,0.0
26545,6641,3,2,16.72,0.0
26546,6641,4,2,8.66,0.0
26547,6641,5,3,11.32,0.0
26548,6641,39,3,14.97,0.0
26549,6641,183,3,20.78,2.08
26550,6642,32,3,5.99,0.0
26551,6642,21,1,3.76,0.0
26552,6642,6,1,24.22,0.0
26553,6643,1,1,11.87,0.0
26554,6643,35,1,3.73,0.0
26555,6643,22,3,16.56,0.0
26556,6643,30,2,4.36,0.0
26557,6644,16,1,3.81,0.0
26558,6644,35,1,3.73,0.0
26559,6644,37,3,16.44,0.0
26560,6645,1,1,11.87,0.0
26561,6645,34,2,19.46,0.0
26562,6645,37,2,16.44,0.0
26563,6645,141,1,17.94,0.0
26564,6645,21,1,3.76,0.0
26565,6645,61,2,4.08,0.0
26566,6646,99,3,15.86,0.0
26567,6646,190,1,3.88,0.0
26568,6646,22,1,16.56,0.0
26569,6647,1,1,11.87,0.0
26570,6647,18,3,19.15,0.0
26571,6648,32,1,5.99,0.0
26572,6648,17,2,22.02,2.2
26573,6648,101,3,3.87,0.0
26574,6648,29,2,5.4,0.0
26575,6649,7,3,5.95,0.0
26576,6649,21,1,3.76,0.0
26577,6649,198,1,23.1,0.0
26578,6649,30,3,4.36,0.0
26579,6650,40,2,15.33,0.0
26580,6650,9,2,12.58,0.0
26581,6650,38,4,12.67,0.0
26582,6650,199,1,12.87,0.0
26583,6651,13,2,4.43,0.0
26584,6651,12,1,12.04,0.0
26585,6651,4,1,8.66,0.0
26586,6652,39,1,14.97,0.0
26587,6652,9,2,12.58,1.26
26588,6652,12,2,12.04,0.0
26589,6652,20,2,19.92,0.0
26590,6652,52,2,15.6,0.0
26591,6653,225,3,2.04,0.0
26592,6653,29,2,5.4,0.0
26593,6654,49,2,12.79,0.0
26594,6654,116,1,24.93,0.0
26595,6654,20,2,19.92,0.0
26596,6654,24,2,6.46,0.0
26597,6654,158,1,17.6,0.0
26598,6655,31,4,7.89,0.0
26599,6655,215,3,16.7,0.0
26600,6656,8,1,23.8,0.0
26601,6656,113,1,4.94,0.0
26602,6656,210,2,11.73,0.0
26603,6656,51,1,20.32,0.0
26604,6656,24,1,6.46,0.0
26605,6656,90,3,3.2,0.32
26606,6657,17,3,22.02,0.0
26607,6657,19,3,7.1,0.0
26608,6658,33,3,5.52,0.0
26609,6658,5,1,11.32,0.0
26610,6658,25,3,19.85,0.0
26611,6659,59,3,16.83,0.0
26612,6659,20,1,19.92,1.99
26613,6659,6,2,24.22,0.0
26614,6659,23,3,14.2,0.0
26615,6660,91,2,16.51,0.0
26616,6660,3,1,16.72,0.0
26617,6660,39,1,14.97,0.0
26618,6660,15,2,11.21,0.0
26619,6661,11,2,10.32,0.0
26620,6661,84,3,16.03,0.0
26621,6662,34,2,19.46,0.0
26622,6662,226,3,10.11,0.0
26623,6662,9,3,12.58,0.0
26624,6662,15,1,11.21,0.0
26625,6662,19,2,7.1,0.0
26626,6663,24,3,6.46,0.0
26627,6663,34,2,19.46,0.0
26628,6663,147,2,18.55,0.0
26629,6664,227,1,15.13,0.0
26630,6664,23,3,14.2,0.0
26631,6664,5,2,11.32,0.0
26632,6664,39,2,14.97,0.0
26633,6665,4,2,8.66,0.0
26634,6665,6,3,24.22,0.0
26635,6665,168,2,22.08,0.0
26636,6665,11,2,10.32,0.0
26637,6665,205,3,2.44,0.0
26638,6665,187,3,11.12,0.0
26639,6666,223,1,18.53,1.85
26640,6666,102,3,17.26,0.0
26641,6666,20,1,19.92,0.0
26642,6666,24,1,6.46,0.65
26643,6666,28,3,16.85,1.69
26644,6666,31,1,7.89,0.0
26645,6667,1,4,11.87,0.0
26646,6667,36,2,23.88,0.0
26647,6667,28,3,16.85,0.0
26648,6668,50,1,16.52,0.0
26649,6668,3,1,16.72,0.0
26650,6668,244,3,7.55,0.0
26651,6668,22,2,16.56,0.0
26652,6669,10,3,17.86,0.0
26653,6669,35,3,3.73,0.0
26654,6669,13,3,4.43,0.0
26655,6669,110,2,14.86,0.0
26656,6670,32,3,5.99,0.6
26657,6670,18,2,19.15,0.0
26658,6671,93,2,9.58,0.0
26659,6671,31,2,7.89,0.0
26660,6671,13,1,4.43,0.0
26661,6671,23,3,14.2,0.0
26662,6672,8,1,23.8,0.0
26663,6672,17,1,22.02,0.0
26664,6672,26,3,10.08,0.0
26665,6672,30,2,4.36,0.0
26666,6673,1,3,11.87,0.0
26667,6673,4,2,8.66,0.87
26668,6673,207,3,5.44,0.0
26669,6673,156,1,22.79,0.0
26670,6673,220,1,14.33,0.0
26671,6674,2,2,11.3,0.0
26672,6674,230,1,14.04,0.0
26673,6674,13,1,4.43,0.44
26674,6674,83,1,14.05,0.0
26675,6674,21,2,3.76,0.0
26676,6675,8,1,23.8,0.0
26677,6675,113,2,4.94,0.0
26678,6675,180,1,21.11,0.0
26679,6676,3,1,16.72,0.0
26680,6676,38,3,12.67,0.0
26681,6676,10,1,17.86,0.0
26682,6676,13,3,4.43,0.0
26683,6676,57,3,10.48,0.0
26684,6677,91,3,16.51,0.0
26685,6677,4,3,8.66,0.0
26686,6677,30,2,4.36,0.44
26687,6678,19,2,7.1,0.0
26688,6678,54,2,3.71,0.0
26689,6679,152,2,7.38,0.0
26690,6679,18,3,19.15,1.92
26691,6679,220,1,14.33,0.0
26692,6679,6,3,24.22,0.0
26693,6680,36,1,23.88,0.0
26694,6680,12,1,12.04,0.0
26695,6680,17,3,22.02,0.0
26696,6680,118,2,4.15,0.0
26697,6680,22,1,16.56,0.0
26698,6681,226,3,10.11,0.0
26699,6681,19,3,7.1,0.71
26700,6682,5,2,11.32,0.0
26701,6682,6,3,24.22,0.0
26702,6682,8,1,23.8,0.0
26703,6682,10,3,17.86,0.0
26704,6682,16,2,3.81,0.0
26705,6682,18,3,19.15,1.92
26706,6683,5,3,11.32,0.0
26707,6683,182,2,22.94,0.0
26708,6683,223,1,18.53,1.85
26709,6684,36,3,23.88,0.0
26710,6684,31,3,7.89,0.0
26711,6685,9,2,12.58,0.0
26712,6685,11,3,10.32,0.0
26713,6685,110,1,14.86,0.0
26714,6685,122,1,9.1,0.0
26715,6685,27,2,24.04,0.0
26716,6686,40,1,15.33,0.0
26717,6686,60,3,24.48,0.0
26718,6687,32,2,5.99,0.0
26719,6687,36,3,23.88,0.0
26720,6687,7,3,5.95,0.0
26721,6687,39,2,14.97,1.5
26722,6687,13,3,4.43,0.0
26723,6687,17,3,22.02,0.0
26724,6688,8,3,23.8,0.0
26725,6688,70,3,6.33,0.0
26726,6688,14,1,12.02,0.0
26727,6689,175,3,4.87,0.0
26728,6689,26,3,10.08,0.0
26729,6689,14,2,12.02,0.0
26730,6689,39,1,14.97,0.0
26731,6690,16,3,3.81,0.38
26732,6690,20,3,19.92,0.0
26733,6690,30,3,4.36,0.0
26734,6691,240,3,10.59,0.0
26735,6691,153,1,7.5,0.0
26736,6691,22,3,16.56,0.0
26737,6692,39,1,14.97,0.0
26738,6692,8,2,23.8,0.0
26739,6692,11,1,10.32,0.0
26740,6692,15,3,11.21,0.0
26741,6692,23,2,14.2,0.0
26742,6692,249,3,5.07,0.0
26743,6693,34,1,19.46,0.0
26744,6693,2,2,11.3,0.0
26745,6693,6,1,24.22,0.0
26746,6693,11,2,10.32,0.0
26747,6693,122,1,9.1,0.0
26748,6693,30,3,4.36,0.0
26749,6694,32,3,5.99,0.0
26750,6694,68,2,22.91,2.29
26751,6694,39,2,14.97,0.0
26752,6694,11,2,10.32,0.0
26753,6694,17,1,22.02,0.0
26754,6694,217,1,3.44,0.0
26755,6695,20,2,19.92,0.0
26756,6695,205,2,2.44,0.0
26757,6695,214,3,7.48,0.0
26758,6696,201,2,19.45,0.0
26759,6696,26,3,10.08,1.01
26760,6696,35,2,3.73,0.0
26761,6696,14,2,12.02,0.0
26762,6697,33,2,5.52,0.55
26763,6697,99,2,15.86,0.0
26764,6697,22,2,16.56,0.0
26765,6698,24,2,6.46,0.0
26766,6698,187,3,11.12,0.0
26767,6698,5,1,11.32,0.0
26768,6699,88,1,19.81,0.0
26769,6699,11,3,10.32,0.0
26770,6699,108,1,18.3,0.0
26771,6699,5,3,11.32,0.0
26772,6700,9,3,12.58,0.0
26773,6700,11,1,10.32,0.0
26774,6700,15,2,11.21,0.0
26775,6701,34,3,19.46,0.0
26776,6701,20,2,19.92,0.0
26777,6701,30,1,4.36,0.0
26778,6701,238,2,3.0,0.0
26779,6702,224,2,8.7,0.0
26780,6702,4,1,8.66,0.0
26781,6702,14,3,12.02,0.0
26782,6702,22,1,16.56,0.0
26783,6703,104,1,9.14,0.0
26784,6703,35,2,3.73,0.0
26785,6703,75,3,20.65,0.0
26786,6703,11,1,10.32,0.0
26787,6704,18,1,19.15,0.0
26788,6704,13,2,4.43,0.0
26789,6704,23,2,14.2,0.0
26790,6705,32,3,5.99,0.0
26791,6705,34,3,19.46,0.0
26792,6705,10,2,17.86,0.0
26793,6705,23,1,14.2,0.0
26794,6705,24,2,6.46,0.0
26795,6705,124,3,9.86,0.0
26796,6706,10,3,17.86,0.0
26797,6706,159,3,15.12,0.0
26798,6707,27,1,24.04,0.0
26799,6707,13,2,4.43,0.44
26800,6707,127,2,25.0,0.0
26801,6708,249,2,5.07,0.0
26802,6708,230,3,14.04,0.0
26803,6709,3,2,16.72,0.0
26804,6709,68,2,22.91,0.0
26805,6709,13,2,4.43,0.0
26806,6709,22,1,16.56,0.0
26807,6709,29,3,5.4,0.0
26808,6710,224,2,8.7,0.0
26809,6710,3,1,16.72,1.67
26810,6710,30,2,4.36,0.44
26811,6711,18,1,19.15,0.0
26812,6711,155,2,20.04,0.0
26813,6711,20,2,19.92,0.0
26814,6711,86,1,23.11,2.31
26815,6712,112,1,9.55,0.0
26816,6712,1,3,11.87,1.19
26817,6712,194,2,18.44,1.84
26818,6712,14,3,12.02,0.0
26819,6713,40,1,15.33,0.0
26820,6713,113,3,4.94,0.0
26821,6713,25,2,19.85,0.0
26822,6714,165,2,5.73,0.57
26823,6714,11,2,10.32,0.0
26824,6714,16,1,3.81,0.0
26825,6714,243,2,3.55,0.0
26826,6714,85,3,10.37,0.0
26827,6715,196,2,5.36,0.0
26828,6715,20,1,19.92,0.0
26829,6715,36,2,23.88,0.0
26830,6715,247,3,15.38,0.0
26831,6716,128,1,5.56,0.0
26832,6716,33,3,5.52,0.0
26833,6716,247,2,15.38,0.0
26834,6716,31,1,7.89,0.0
26835,6717,2,3,11.3,0.0
26836,6717,34,2,19.46,0.0
26837,6717,230,1,14.04,0.0
26838,6717,113,3,4.94,0.0
26839,6717,18,1,19.15,0.0
26840,6717,28,3,16.85,0.0
26841,6718,4,1,8.66,0.0
26842,6718,37,1,16.44,0.0
26843,6719,214,3,7.48,0.0
26844,6719,6,2,24.22,0.0
26845,6720,2,1,11.3,0.0
26846,6720,230,1,14.04,0.0
26847,6720,143,2,22.76,0.0
26848,6720,25,3,19.85,0.0
26849,6720,28,2,16.85,0.0
26850,6721,130,3,20.13,0.0
26851,6721,35,1,3.73,0.0
26852,6721,20,3,19.92,1.99
26853,6722,66,4,19.0,0.0
26854,6722,38,3,12.67,0.0
26855,6722,46,3,24.33,0.0
26856,6722,14,4,12.02,0.0
26857,6722,82,3,24.79,0.0
26858,6723,33,1,5.52,0.0
26859,6723,164,1,11.63,0.0
26860,6723,9,1,12.58,0.0
26861,6723,246,1,4.38,0.0
26862,6723,30,2,4.36,0.0
26863,6723,31,2,7.89,0.0
26864,6724,33,1,5.52,0.0
26865,6724,3,1,16.72,0.0
26866,6724,10,2,17.86,0.0
26867,6724,77,2,24.59,0.0
26868,6724,55,2,12.62,0.0
26869,6724,25,1,19.85,0.0
26870,6725,106,3,17.23,0.0
26871,6725,15,2,11.21,0.0
26872,6725,85,3,10.37,0.0
26873,6725,222,3,15.23,0.0
26874,6725,30,2,4.36,0.0
26875,6726,33,2,5.52,0.0
26876,6726,1,2,11.87,0.0
26877,6726,139,1,5.55,0.56
26878,6726,146,2,10.38,0.0
26879,6726,154,2,24.21,0.0
26880,6727,52,2,15.6,0.0
26881,6727,6,1,24.22,0.0
26882,6728,57,3,10.48,0.0
26883,6728,14,2,12.02,0.0
26884,6729,221,3,16.53,0.0
26885,6729,14,2,12.02,0.0
26886,6730,10,1,17.86,0.0
26887,6730,171,3,10.54,0.0
26888,6731,16,1,3.81,0.0
26889,6731,23,3,14.2,0.0
26890,6731,31,2,7.89,0.79
26891,6732,17,3,22.02,0.0
26892,6732,18,2,19.15,0.0
26893,6732,3,2,16.72,0.0
26894,6732,25,1,19.85,0.0
26895,6733,17,2,22.02,0.0
26896,6733,4,1,8.66,0.0
26897,6733,63,1,10.84,0.0
26898,6734,35,1,3.73,0.0
26899,6734,70,1,6.33,0.0
26900,6734,40,3,15.33,0.0
26901,6734,233,1,14.51,0.0
26902,6734,140,3,6.16,0.0
26903,6734,24,1,6.46,0.0
26904,6735,3,4,16.72,0.0
26905,6735,43,3,16.79,1.68
26906,6735,102,3,17.26,0.0
26907,6736,48,3,12.11,0.0
26908,6736,8,3,23.8,0.0
26909,6736,50,2,16.52,0.0
26910,6736,180,3,21.11,0.0
26911,6737,132,2,14.41,0.0
26912,6737,101,3,3.87,0.0
26913,6737,5,1,11.32,0.0
26914,6737,6,3,24.22,2.42
26915,6737,19,2,7.1,0.0
26916,6737,248,3,19.4,0.0
26917,6738,40,3,15.33,0.0
26918,6738,22,2,16.56,0.0
26919,6739,25,2,19.85,0.0
26920,6739,140,1,6.16,0.0
26921,6739,28,1,16.85,0.0
26922,6740,18,1,19.15,0.0
26923,6740,239,2,10.9,0.0
26924,6741,1,2,11.87,0.0
26925,6741,211,1,19.85,0.0
26926,6741,209,2,16.0,0.0
26927,6742,48,3,12.11,0.0
26928,6742,68,3,22.91,0.0
26929,6742,13,2,4.43,0.0
26930,6742,78,3,3.94,0.39
26931,6743,192,1,9.33,0.0
26932,6743,35,2,3.73,0.37
26933,6743,36,3,23.88,0.0
26934,6743,55,3,12.62,0.0
26935,6743,31,1,7.89,0.0
26936,6744,227,2,15.13,0.0
26937,6744,5,2,11.32,0.0
26938,6744,39,3,14.97,1.5
26939,6744,40,3,15.33,0.0
26940,6744,26,1,10.08,0.0
26941,6744,28,1,16.85,0.0
26942,6745,6,2,24.22,0.0
26943,6745,7,1,5.95,0.0
26944,6745,40,3,15.33,0.0
26945,6745,43,1,16.79,0.0
26946,6745,154,1,24.21,0.0
26947,6746,28,3,16.85,0.0
26948,6746,36,2,23.88,0.0
26949,6746,39,3,14.97,0.0
26950,6747,25,2,19.85,0.0
26951,6747,11,3,10.32,0.0
26952,6747,148,3,24.3,0.0
26953,6747,198,2,23.1,0.0
26954,6748,36,3,23.88,0.0
26955,6748,70,3,6.33,0.0
26956,6748,12,2,12.04,1.2
26957,6748,173,1,18.36,0.0
26958,6748,58,2,8.6,0.86
26959,6748,27,2,24.04,0.0
26960,6749,160,3,12.13,0.0
26961,6749,193,1,4.28,0.0
26962,6749,3,2,16.72,0.0
26963,6749,6,2,24.22,0.0
26964,6749,39,2,14.97,1.5
26965,6749,15,3,11.21,0.0
26966,6750,64,2,15.35,0.0
26967,6750,36,2,23.88,0.0
26968,6750,23,2,14.2,0.0
26969,6751,37,2,16.44,0.0
26970,6751,46,1,24.33,0.0
26971,6751,147,1,18.55,0.0
26972,6751,21,1,3.76,0.0
26973,6751,26,3,10.08,0.0
26974,6752,5,3,11.32,0.0
26975,6752,17,1,22.02,0.0
26976,6752,19,1,7.1,0.0
26977,6752,20,3,19.92,0.0
26978,6752,25,3,19.85,1.99
26979,6752,30,3,4.36,0.0
26980,6753,33,1,5.52,0.55
26981,6753,30,2,4.36,0.0
26982,6754,56,3,2.86,0.0
26983,6754,18,2,19.15,0.0
26984,6754,3,1,16.72,0.0
26985,6754,29,1,5.4,0.0
26986,6755,21,1,3.76,0.0
26987,6755,7,2,5.95,0.0
26988,6756,3,2,16.72,0.0
26989,6756,179,1,13.81,0.0
26990,6756,39,4,14.97,0.0
26991,6757,37,3,16.44,0.0
26992,6757,13,3,4.43,0.0
26993,6757,38,1,12.67,0.0
26994,6758,17,1,22.02,0.0
26995,6758,12,2,12.04,0.0
26996,6758,233,4,14.51,0.0
26997,6758,39,4,14.97,0.0
26998,6759,25,2,19.85,0.0
26999,6759,185,3,23.4,0.0
27000,6759,5,2,11.32,0.0
27001,6759,15,3,11.21,0.0
27002,6760,32,2,5.99,0.0
27003,6760,27,3,24.04,2.4
27004,6760,39,2,14.97,0.0
27005,6761,2,1,11.3,0.0
27006,6761,39,2,14.97,0.0
27007,6762,8,1,23.8,0.0
27008,6762,25,2,19.85,0.0
27009,6762,205,3,2.44,0.0
27010,6762,14,1,12.02,0.0
27011,6763,32,1,5.99,0.0
27012,6763,34,1,19.46,0.0
27013,6763,67,1,2.94,0.0
27014,6763,234,1,20.09,0.0
27015,6763,18,3,19.15,0.0
27016,6764,40,2,15.33,0.0
27017,6764,20,1,19.92,0.0
27018,6765,65,2,23.95,0.0
27019,6765,203,3,16.15,0.0
27020,6766,26,1,10.08,1.01
27021,6766,3,3,16.72,0.0
27022,6766,143,1,22.76,0.0
27023,6767,21,3,3.76,0.0
27024,6767,6,3,24.22,2.42
27025,6768,4,1,8.66,0.0
27026,6768,38,3,12.67,0.0
27027,6768,16,2,3.81,0.0
27028,6768,147,2,18.55,0.0
27029,6768,27,3,24.04,0.0
27030,6768,94,3,14.83,0.0
27031,6769,32,3,5.99,0.0
27032,6769,2,3,11.3,0.0
27033,6769,20,1,19.92,0.0
27034,6769,27,2,24.04,0.0
27035,6769,28,1,16.85,0.0
27036,6770,37,1,16.44,1.64
27037,6770,38,1,12.67,0.0
27038,6770,7,2,5.95,0.0
27039,6770,73,1,24.03,2.4
27040,6770,13,2,4.43,0.0
27041,6770,16,2,3.81,0.0
27042,6771,1,1,11.87,0.0
27043,6771,177,3,5.69,0.0
27044,6771,222,2,15.23,0.0
27045,6771,39,3,14.97,1.5
27046,6772,87,3,10.91,0.0
27047,6772,7,3,5.95,0.0
27048,6773,32,1,5.99,0.0
27049,6773,3,3,16.72,0.0
27050,6773,5,2,11.32,0.0
27051,6773,6,3,24.22,0.0
27052,6773,39,3,14.97,0.0
27053,6773,18,1,19.15,0.0
27054,6774,8,3,23.8,0.0
27055,6774,235,2,13.68,0.0
27056,6774,16,2,3.81,0.0
27057,6774,82,3,24.79,0.0
27058,6774,26,1,10.08,0.0
27059,6774,157,1,6.46,0.0
27060,6775,6,2,24.22,0.0
27061,6775,9,1,12.58,0.0
27062,6775,11,3,10.32,0.0
27063,6775,18,1,19.15,0.0
27064,6775,84,1,16.03,0.0
27065,6775,31,2,7.89,0.0
27066,6776,117,1,22.99,0.0
27067,6776,54,2,3.71,0.0
27068,6776,22,3,16.56,0.0
27069,6776,25,3,19.85,0.0
27070,6776,90,2,3.2,0.0
27071,6777,39,3,14.97,0.0
27072,6777,12,2,12.04,1.2
27073,6777,16,3,3.81,0.0
27074,6777,179,3,13.81,0.0
27075,6777,28,3,16.85,0.0
27076,6777,30,2,4.36,0.0
27077,6778,19,2,7.1,0.0
27078,6778,20,2,19.92,0.0
27079,6778,22,1,16.56,1.66
27080,6779,35,1,3.73,0.37
27081,6779,165,1,5.73,0.0
27082,6779,236,2,2.47,0.0
27083,6779,21,1,3.76,0.0
27084,6779,22,3,16.56,0.0
27085,6780,139,2,5.55,0.0
27086,6780,19,2,7.1,0.0
27087,6780,68,1,22.91,0.0
27088,6780,29,1,5.4,0.0
27089,6781,32,1,5.99,0.0
27090,6781,36,1,23.88,2.39
27091,6781,38,1,12.67,0.0
27092,6781,7,1,5.95,0.0
27093,6781,20,2,19.92,1.99
27094,6782,130,3,20.13,0.0
27095,6782,7,2,5.95,0.0
27096,6782,8,1,23.8,0.0
27097,6782,19,2,7.1,0.0
27098,6782,22,3,16.56,0.0
27099,6782,183,3,20.78,0.0
27100,6783,216,2,16.32,0.0
27101,6783,28,2,16.85,0.0
27102,6784,56,1,2.86,0.0
27103,6784,154,3,24.21,0.0
27104,6784,77,3,24.59,0.0
27105,6784,39,1,14.97,1.5
27106,6785,33,3,5.52,0.0
27107,6785,26,1,10.08,0.0
27108,6785,69,3,15.15,0.0
27109,6785,24,1,6.46,0.0
27110,6785,218,1,21.24,0.0
27111,6785,27,1,24.04,2.4
27112,6786,35,3,3.73,0.37
27113,6786,5,2,11.32,0.0
27114,6786,37,2,16.44,0.0
27115,6786,15,3,11.21,0.0
27116,6786,18,3,19.15,0.0
27117,6786,31,2,7.89,0.0
27118,6787,132,1,14.41,0.0
27119,6787,4,1,8.66,0.0
27120,6787,14,2,12.02,0.0
27121,6787,21,1,3.76,0.0
27122,6787,188,2,10.6,0.0
27123,6788,185,1,23.4,0.0
27124,6788,141,2,17.94,0.0
27125,6788,25,2,19.85,0.0
27126,6788,14,1,12.02,0.0
27127,6789,35,1,3.73,0.0
27128,6789,37,2,16.44,0.0
27129,6789,6,2,24.22,0.0
27130,6789,20,1,19.92,0.0
27131,6789,30,1,4.36,0.0
27132,6790,88,3,19.81,0.0
27133,6790,26,2,10.08,1.01
27134,6790,40,3,15.33,0.0
27135,6790,13,2,4.43,0.0
27136,6791,33,1,5.52,0.0
27137,6791,4,2,8.66,0.0
27138,6791,87,1,10.91,0.0
27139,6791,39,2,14.97,0.0
27140,6792,8,3,23.8,0.0
27141,6792,219,3,13.5,1.35
27142,6793,33,3,5.52,0.0
27143,6793,14,2,12.02,0.0
27144,6793,102,1,17.26,0.0
27145,6793,1,1,11.87,0.0
27146,6794,8,1,23.8,0.0
27147,6794,12,1,12.04,0.0
27148,6794,20,2,19.92,0.0
27149,6794,149,2,16.04,0.0
27150,6794,23,3,14.2,0.0
27151,6795,73,2,24.03,0.0
27152,6795,13,3,4.43,0.0
27153,6795,14,2,12.02,0.0
27154,6795,239,2,10.9,0.0
27155,6795,16,2,3.81,0.0
27156,6795,90,2,3.2,0.0
27157,6796,32,2,5.99,0.0
27158,6796,38,2,12.67,1.27
27159,6796,3,1,16.72,0.0
27160,6796,14,2,12.02,0.0
27161,6797,147,2,18.55,0.0
27162,6797,12,2,12.04,0.0
27163,6797,53,2,10.09,1.01
27164,6797,23,2,14.2,0.0
27165,6798,16,3,3.81,0.38
27166,6798,28,2,16.85,0.0
27167,6798,30,3,4.36,0.44
27168,6798,7,2,5.95,0.6
27169,6799,192,1,9.33,0.0
27170,6799,33,1,5.52,0.0
27171,6799,170,1,13.05,0.0
27172,6799,183,1,20.78,0.0
27173,6799,26,2,10.08,0.0
27174,6800,2,1,11.3,0.0
27175,6800,13,2,4.43,0.44
27176,6800,30,2,4.36,0.0
27177,6801,34,2,19.46,0.0
27178,6801,31,1,7.89,0.0
27179,6801,38,3,12.67,0.0
27180,6801,23,2,14.2,0.0
27181,6802,38,1,12.67,0.0
27182,6802,6,2,24.22,0.0
27183,6802,21,1,3.76,0.0
27184,6802,23,2,14.2,1.42
27185,6802,27,1,24.04,2.4
27186,6802,29,1,5.4,0.0
27187,6803,8,2,23.8,2.38
27188,6803,43,1,16.79,0.0
27189,6803,14,1,12.02,0.0
27190,6803,17,2,22.02,0.0
27191,6803,22,2,16.56,0.0
27192,6804,3,1,16.72,1.67
27193,6804,105,1,17.09,0.0
27194,6804,184,2,22.35,0.0
27195,6804,26,3,10.08,0.0
27196,6804,92,2,9.7,0.0
27197,6805,35,3,3.73,0.0
27198,6805,7,2,5.95,0.0
27199,6805,16,3,3.81,0.0
27200,6805,145,3,3.0,0.0
27201,6805,22,1,16.56,0.0
27202,6806,11,2,10.32,1.03
27203,6806,30,2,4.36,0.44
27204,6807,139,1,5.55,0.0
27205,6807,36,4,23.88,0.0
27206,6807,6,3,24.22,0.0
27207,6807,247,1,15.38,0.0
27208,6808,39,2,14.97,0.0
27209,6808,11,1,10.32,0.0
27210,6808,79,1,16.86,0.0
27211,6808,244,2,7.55,0.0
27212,6808,27,1,24.04,0.0
27213,6809,10,3,17.86,0.0
27214,6809,29,1,5.4,0.0
27215,6810,9,1,12.58,0.0
27216,6810,19,1,7.1,0.71
27217,6810,7,2,5.95,0.0
27218,6810,31,2,7.89,0.0
27219,6811,32,3,5.99,0.6
27220,6811,9,1,12.58,0.0
27221,6811,3,2,16.72,0.0
27222,6811,36,2,23.88,0.0
27223,6812,37,1,16.44,0.0
27224,6812,6,1,24.22,0.0
27225,6812,40,3,15.33,0.0
27226,6812,232,3,23.93,2.39
27227,6812,20,1,19.92,1.99
27228,6813,16,1,3.81,0.0
27229,6813,169,3,3.2,0.0
27230,6813,13,1,4.43,0.0
27231,6814,8,2,23.8,0.0
27232,6814,25,3,19.85,0.0
27233,6814,194,3,18.44,0.0
27234,6814,29,1,5.4,0.0
27235,6815,1,3,11.87,0.0
27236,6815,4,2,8.66,0.87
27237,6815,70,3,6.33,0.0
27238,6815,15,1,11.21,0.0
27239,6815,176,3,3.93,0.39
27240,6815,20,3,19.92,0.0
27241,6816,198,1,23.1,0.0
27242,6816,73,1,24.03,0.0
27243,6816,9,3,12.58,0.0
27244,6816,21,1,3.76,0.0
27245,6816,24,1,6.46,0.0
27246,6816,27,3,24.04,0.0
27247,6817,34,1,19.46,0.0
27248,6817,15,2,11.21,0.0
27249,6818,153,2,7.5,0.75
27250,6818,10,3,17.86,0.0
27251,6818,180,1,21.11,0.0
27252,6818,190,3,3.88,0.0
27253,6819,28,2,16.85,0.0
27254,6819,6,2,24.22,0.0
27255,6820,218,2,21.24,0.0
27256,6820,180,1,21.11,2.11
27257,6820,145,2,3.0,0.0
27258,6820,28,3,16.85,0.0
27259,6821,122,1,9.1,0.0
27260,6821,60,2,24.48,0.0
27261,6821,14,1,12.02,0.0
27262,6822,33,3,5.52,0.0
27263,6822,21,2,3.76,0.0
27264,6822,23,2,14.2,0.0
27265,6823,16,1,3.81,0.0
27266,6823,2,3,11.3,0.0
27267,6823,66,2,19.0,0.0
27268,6824,33,3,5.52,0.0
27269,6824,3,1,16.72,0.0
27270,6824,68,1,22.91,0.0
27271,6824,31,2,7.89,0.0
27272,6825,80,2,2.9,0.0
27273,6825,21,3,3.76,0.0
27274,6825,37,1,16.44,0.0
27275,6825,15,3,11.21,1.12
27276,6826,32,2,5.99,0.0
27277,6826,153,2,7.5,0.0
27278,6826,98,1,24.18,0.0
27279,6826,118,3,4.15,0.0
27280,6827,10,2,17.86,0.0
27281,6827,11,1,10.32,1.03
27282,6827,14,3,12.02,0.0
27283,6827,16,3,3.81,0.0
27284,6827,184,3,22.35,0.0
27285,6827,30,2,4.36,0.0
27286,6828,98,2,24.18,0.0
27287,6828,37,2,16.44,0.0
27288,6828,12,1,12.04,0.0
27289,6828,25,2,19.85,1.99
27290,6828,218,1,21.24,0.0
27291,6828,31,3,7.89,0.0
27292,6829,210,3,11.73,0.0
27293,6829,75,1,20.65,0.0
27294,6829,179,3,13.81,0.0
27295,6829,31,3,7.89,0.0
27296,6830,32,1,5.99,0.0
27297,6830,3,3,16.72,0.0
27298,6830,4,1,8.66,0.0
27299,6830,20,1,19.92,0.0
27300,6830,25,2,19.85,0.0
27301,6830,29,2,5.4,0.0
27302,6831,64,1,15.35,0.0
27303,6831,37,2,16.44,0.0
27304,6831,14,2,12.02,0.0
27305,6831,244,2,7.55,0.0
27306,6831,30,3,4.36,0.0
27307,6832,24,3,6.46,0.0
27308,6832,17,1,22.02,0.0
27309,6832,146,1,10.38,0.0
27310,6832,7,1,5.95,0.0
27311,6833,26,1,10.08,0.0
27312,6833,206,3,6.96,0.0
27313,6834,2,3,11.3,1.13
27314,6834,211,1,19.85,0.0
27315,6834,230,3,14.04,0.0
27316,6835,4,2,8.66,0.0
27317,6835,30,2,4.36,0.0
27318,6836,134,4,14.11,0.0
27319,6836,80,3,2.9,0.0
27320,6836,85,1,10.37,0.0
27321,6836,23,1,14.2,0.0
27322,6836,28,2,16.85,0.0
27323,6837,42,1,22.29,0.0
27324,6837,189,1,10.88,0.0
27325,6838,38,3,12.67,1.27
27326,6838,9,1,12.58,0.0
27327,6838,205,1,2.44,0.0
27328,6838,213,3,4.8,0.0
27329,6838,26,2,10.08,0.0
27330,6839,33,1,5.52,0.0
27331,6839,69,2,15.15,1.52
27332,6839,15,2,11.21,0.0
27333,6839,18,1,19.15,0.0
27334,6839,26,2,10.08,0.0
27335,6840,10,2,17.86,0.0
27336,6840,115,3,23.78,0.0
27337,6840,135,1,17.22,0.0
27338,6841,32,2,5.99,0.0
27339,6841,1,2,11.87,1.19
27340,6841,80,3,2.9,0.29
27341,6841,208,2,23.63,0.0
27342,6841,95,2,10.89,1.09
27343,6842,10,2,17.86,1.79
27344,6842,13,2,4.43,0.0
27345,6842,38,2,12.67,0.0
27346,6843,26,3,10.08,0.0
27347,6843,37,3,16.44,0.0
27348,6843,15,2,11.21,0.0
27349,6844,201,1,19.45,1.95
27350,6844,26,1,10.08,0.0
27351,6844,18,3,19.15,0.0
27352,6845,32,1,5.99,0.0
27353,6845,1,3,11.87,0.0
27354,6845,5,3,11.32,0.0
27355,6845,38,2,12.67,0.0
27356,6845,10,3,17.86,0.0
27357,6846,36,2,23.88,0.0
27358,6846,8,4,23.8,0.0
27359,6846,142,4,16.37,0.0
27360,6846,14,4,12.02,0.0
27361,6846,20,2,19.92,0.0
27362,6846,22,1,16.56,0.0
27363,6847,33,2,5.52,0.0
27364,6847,3,1,16.72,1.67
27365,6847,37,3,16.44,1.64
27366,6847,8,1,23.8,0.0
27367,6847,19,3,7.1,0.0
27368,6847,217,3,3.44,0.0
27369,6848,33,3,5.52,0.0
27370,6848,3,1,16.72,0.0
27371,6848,28,3,16.85,0.0
27372,6849,14,2,12.02,0.0
27373,6849,30,1,4.36,0.0
27374,6850,41,2,17.67,0.0
27375,6850,12,1,12.04,0.0
27376,6850,29,1,5.4,0.0
27377,6850,31,3,7.89,0.79
27378,6851,25,1,19.85,0.0
27379,6851,3,1,16.72,0.0
27380,6851,29,3,5.4,0.0
27381,6852,38,1,12.67,0.0
27382,6852,103,3,23.09,0.0
27383,6852,40,2,15.33,1.53
27384,6852,10,1,17.86,0.0
27385,6852,21,2,3.76,0.0
27386,6852,119,2,17.42,0.0
27387,6853,2,3,11.3,0.0
27388,6853,35,1,3.73,0.0
27389,6853,3,1,16.72,0.0
27390,6853,8,2,23.8,0.0
27391,6853,140,1,6.16,0.0
27392,6854,96,2,7.8,0.0
27393,6854,27,1,24.04,0.0
27394,6854,37,2,16.44,0.0
27395,6854,133,1,18.99,0.0
27396,6855,1,3,11.87,0.0
27397,6855,40,1,15.33,0.0
27398,6855,11,3,10.32,0.0
27399,6855,27,1,24.04,0.0
27400,6855,31,2,7.89,0.0
27401,6856,32,1,5.99,0.0
27402,6856,57,1,10.48,0.0
27403,6856,226,2,10.11,0.0
27404,6856,23,1,14.2,0.0
27405,6857,1,2,11.87,0.0
27406,6857,39,2,14.97,0.0
27407,6857,9,1,12.58,0.0
27408,6857,13,2,4.43,0.0
27409,6857,177,2,5.69,0.0
27410,6857,155,1,20.04,0.0
27411,6858,65,2,23.95,0.0
27412,6858,152,2,7.38,0.0
27413,6858,25,1,19.85,1.99
27414,6858,29,1,5.4,0.0
27415,6858,31,3,7.89,0.0
27416,6859,1,3,11.87,0.0
27417,6859,34,1,19.46,1.95
27418,6859,11,1,10.32,0.0
27419,6859,244,3,7.55,0.0
27420,6859,54,3,3.71,0.0
27421,6859,95,1,10.89,0.0
27422,6860,6,2,24.22,0.0
27423,6860,140,3,6.16,0.62
27424,6860,19,2,7.1,0.0
27425,6860,216,1,16.32,0.0
27426,6860,27,2,24.04,0.0
27427,6860,189,3,10.88,0.0
27428,6861,16,3,3.81,0.0
27429,6861,25,1,19.85,0.0
27430,6862,195,2,9.71,0.0
27431,6862,4,2,8.66,0.0
27432,6862,227,2,15.13,1.51
27433,6862,109,3,3.95,0.0
27434,6862,23,4,14.2,0.0
27435,6863,17,2,22.02,0.0
27436,6863,229,3,17.37,0.0
27437,6863,23,1,14.2,0.0
27438,6864,2,1,11.3,0.0
27439,6864,40,2,15.33,0.0
27440,6864,13,3,4.43,0.0
27441,6864,22,3,16.56,0.0
27442,6864,184,2,22.35,2.24
27443,6865,168,3,22.08,0.0
27444,6865,162,3,19.9,0.0
27445,6865,181,1,4.11,0.0
27446,6865,15,2,11.21,0.0
27447,6866,1,2,11.87,1.19
27448,6866,161,3,19.7,0.0
27449,6866,14,3,12.02,0.0
27450,6867,3,1,16.72,0.0
27451,6867,4,3,8.66,0.0
27452,6867,14,3,12.02,0.0
27453,6867,15,1,11.21,0.0
27454,6867,57,1,10.48,0.0
27455,6867,30,3,4.36,0.0
27456,6868,37,1,16.44,0.0
27457,6868,6,2,24.22,0.0
27458,6868,7,3,5.95,0.0
27459,6868,42,1,22.29,0.0
27460,6868,13,2,4.43,0.0
27461,6868,25,3,19.85,0.0
27462,6869,25,3,19.85,0.0
27463,6869,68,1,22.91,0.0
27464,6869,165,3,5.73,0.0
27465,6869,111,1,16.8,0.0
27466,6870,7,1,5.95,0.0
27467,6870,171,3,10.54,0.0
27468,6870,15,2,11.21,0.0
27469,6870,19,2,7.1,0.0
27470,6870,60,2,24.48,0.0
27471,6870,31,3,7.89,0.0
27472,6871,33,1,5.52,0.0
27473,6871,26,4,10.08,0.0
27474,6871,43,2,16.79,0.0
27475,6872,136,4,22.16,0.0
27476,6872,126,1,6.42,0.0
27477,6872,38,2,12.67,0.0
27478,6873,64,3,15.35,0.0
27479,6873,5,1,11.32,1.13
27480,6874,9,3,12.58,0.0
27481,6874,172,1,23.49,0.0
27482,6874,21,3,3.76,0.0
27483,6874,30,1,4.36,0.0
27484,6875,9,3,12.58,0.0
27485,6875,82,1,24.79,0.0
27486,6875,41,2,17.67,0.0
27487,6875,31,1,7.89,0.0
27488,6876,80,2,2.9,0.0
27489,6876,97,3,21.59,0.0
27490,6876,5,3,11.32,0.0
27491,6876,17,1,22.02,0.0
27492,6877,20,2,19.92,0.0
27493,6877,12,2,12.04,0.0
27494,6877,38,2,12.67,0.0
27495,6877,14,2,12.02,0.0
27496,6878,20,2,19.92,0.0
27497,6878,30,1,4.36,0.0
27498,6879,50,4,16.52,0.0
27499,6879,67,3,2.94,0.0
27500,6880,27,2,24.04,0.0
27501,6880,23,2,14.2,0.0
27502,6881,32,1,5.99,0.0
27503,6881,13,2,4.43,0.0
27504,6882,16,1,3.81,0.0
27505,6882,3,3,16.72,1.67
27506,6882,5,2,11.32,0.0
27507,6882,6,3,24.22,0.0
27508,6883,1,1,11.87,0.0
27509,6883,34,3,19.46,0.0
27510,6883,35,3,3.73,0.0
27511,6883,236,1,2.47,0.0
27512,6883,245,1,17.11,0.0
27513,6883,22,1,16.56,0.0
27514,6884,32,3,5.99,0.0
27515,6884,6,4,24.22,2.42
27516,6884,18,4,19.15,0.0
27517,6884,22,4,16.56,1.66
27518,6884,25,2,19.85,0.0
27519,6885,1,2,11.87,0.0
27520,6885,5,3,11.32,0.0
27521,6885,15,2,11.21,0.0
27522,6885,17,1,22.02,0.0
27523,6885,250,3,10.1,0.0
27524,6885,27,3,24.04,0.0
27525,6886,8,2,23.8,2.38
27526,6886,40,2,15.33,0.0
27527,6886,173,3,18.36,0.0
27528,6887,101,2,3.87,0.0
27529,6887,5,1,11.32,0.0
27530,6887,15,1,11.21,0.0
27531,6887,120,1,13.7,0.0
27532,6887,28,1,16.85,0.0
27533,6888,18,3,19.15,0.0
27534,6888,142,2,16.37,0.0
27535,6889,106,2,17.23,0.0
27536,6889,2,1,11.3,1.13
27537,6889,58,3,8.6,0.86
27538,6890,161,1,19.7,0.0
27539,6890,18,1,19.15,0.0
27540,6890,19,1,7.1,0.0
27541,6890,17,2,22.02,0.0
27542,6891,1,3,11.87,0.0
27543,6891,2,1,11.3,0.0
27544,6891,99,1,15.86,0.0
27545,6891,101,1,3.87,0.39
27546,6892,161,3,19.7,0.0
27547,6892,110,1,14.86,0.0
27548,6892,30,1,4.36,0.44
27549,6893,1,1,11.87,0.0
27550,6893,142,3,16.37,0.0
27551,6893,22,2,16.56,0.0
27552,6894,5,1,11.32,0.0
27553,6894,39,3,14.97,0.0
27554,6895,10,2,17.86,0.0
27555,6895,11,1,10.32,0.0
27556,6895,13,1,4.43,0.0
27557,6895,19,3,7.1,0.0
27558,6895,28,2,16.85,0.0
27559,6895,29,2,5.4,0.0
27560,6896,8,2,23.8,0.0
27561,6896,240,2,10.59,0.0
27562,6896,113,4,4.94,0.0
27563,6896,23,2,14.2,0.0
27564,6896,61,4,4.08,0.0
27565,6897,193,1,4.28,0.0
27566,6897,1,3,11.87,0.0
27567,6897,4,2,8.66,0.0
27568,6897,38,3,12.67,0.0
27569,6897,24,2,6.46,0.0
27570,6898,16,1,3.81,0.0
27571,6898,27,1,24.04,0.0
27572,6899,225,2,2.04,0.0
27573,6899,19,2,7.1,0.0
27574,6899,22,1,16.56,0.0
27575,6900,6,2,24.22,0.0
27576,6900,7,1,5.95,0.0
27577,6900,9,2,12.58,1.26
27578,6900,10,3,17.86,0.0
27579,6900,14,2,12.02,0.0
27580,6900,25,1,19.85,0.0
27581,6901,8,2,23.8,0.0
27582,6901,16,1,3.81,0.0
27583,6901,25,2,19.85,0.0
27584,6901,58,3,8.6,0.0
27585,6901,124,3,9.86,0.0
27586,6902,34,1,19.46,0.0
27587,6902,195,2,9.71,0.0
27588,6902,98,2,24.18,0.0
27589,6902,5,2,11.32,0.0
27590,6902,144,3,18.59,0.0
27591,6902,27,1,24.04,0.0
27592,6903,27,1,24.04,0.0
27593,6903,12,3,12.04,0.0
27594,6903,71,3,15.92,0.0
27595,6904,48,1,12.11,0.0
27596,6904,19,4,7.1,0.0
27597,6904,12,4,12.04,0.0
27598,6904,110,1,14.86,0.0
27599,6905,34,2,19.46,0.0
27600,6905,67,1,2.94,0.0
27601,6905,36,1,23.88,0.0
27602,6905,41,3,17.67,0.0
27603,6905,178,3,12.33,1.23
27604,6905,59,3,16.83,0.0
27605,6906,32,3,5.99,0.0
27606,6906,14,3,12.02,0.0
27607,6906,155,2,20.04,0.0
27608,6906,28,1,16.85,0.0
27609,6906,31,2,7.89,0.0
27610,6907,40,2,15.33,0.0
27611,6907,21,1,3.76,0.0
27612,6907,7,3,5.95,0.0
27613,6908,8,1,23.8,2.38
27614,6908,18,3,19.15,0.0
27615,6908,168,3,22.08,0.0
27616,6908,23,2,14.2,0.0
27617,6909,90,1,3.2,0.0
27618,6909,10,2,17.86,0.0
27619,6909,18,3,19.15,0.0
27620,6909,23,3,14.2,1.42
27621,6909,26,2,10.08,0.0
27622,6910,32,2,5.99,0.0
27623,6910,235,4,13.68,0.0
27624,6910,229,4,17.37,0.0
27625,6910,22,3,16.56,0.0
27626,6911,1,2,11.87,0.0
27627,6911,226,3,10.11,0.0
27628,6911,35,1,3.73,0.0
27629,6911,202,1,12.79,1.28
27630,6911,118,2,4.15,0.0
27631,6911,27,2,24.04,0.0
27632,6912,248,3,19.4,1.94
27633,6912,34,3,19.46,0.0
27634,6912,12,1,12.04,0.0
27635,6912,117,3,22.99,2.3
27636,6913,56,1,2.86,0.0
27637,6913,49,1,12.79,0.0
27638,6913,94,1,14.83,0.0
27639,6914,19,2,7.1,0.0
27640,6914,1,1,11.87,0.0
27641,6914,243,2,3.55,0.35
27642,6914,100,2,5.46,0.0
27643,6915,2,2,11.3,1.13
27644,6915,18,3,19.15,0.0
27645,6915,35,3,3.73,0.0
27646,6915,31,2,7.89,0.0
27647,6916,216,1,16.32,0.0
27648,6916,15,1,11.21,0.0
27649,6917,9,1,12.58,0.0
27650,6917,28,3,16.85,1.69
27651,6917,68,3,22.91,0.0
27652,6918,160,2,12.13,0.0
27653,6918,17,3,22.02,0.0
27654,6918,26,1,10.08,0.0
27655,6918,12,2,12.04,0.0
27656,6919,3,1,16.72,0.0
27657,6919,235,4,13.68,0.0
27658,6919,37,3,16.44,0.0
27659,6920,35,1,3.73,0.0
27660,6920,39,1,14.97,0.0
27661,6921,26,3,10.08,0.0
27662,6921,228,1,6.31,0.0
27663,6921,77,3,24.59,0.0
27664,6921,95,1,10.89,0.0
27665,6922,19,2,7.1,0.0
27666,6922,109,2,3.95,0.0
27667,6923,250,2,10.1,0.0
27668,6923,5,3,11.32,0.0
27669,6924,8,2,23.8,0.0
27670,6924,14,1,12.02,0.0
27671,6924,18,2,19.15,0.0
27672,6924,19,3,7.1,0.0
27673,6924,56,3,2.86,0.0
27674,6925,98,2,24.18,2.42
27675,6925,72,3,13.53,0.0
27676,6925,40,1,15.33,1.53
27677,6925,47,1,9.27,0.0
27678,6925,19,3,7.1,0.0
27679,6926,33,3,5.52,0.0
27680,6926,34,3,19.46,0.0
27681,6926,40,3,15.33,0.0
27682,6926,136,3,22.16,0.0
27683,6926,10,3,17.86,0.0
27684,6926,15,3,11.21,0.0
27685,6927,100,2,5.46,0.0
27686,6927,71,1,15.92,0.0
27687,6927,20,2,19.92,1.99
27688,6927,21,3,3.76,0.0
27689,6927,91,1,16.51,0.0
27690,6928,35,1,3.73,0.0
27691,6928,36,3,23.88,0.0
27692,6928,237,3,22.09,0.0
27693,6928,22,2,16.56,0.0
27694,6929,5,3,11.32,0.0
27695,6929,39,1,14.97,0.0
27696,6929,170,3,13.05,0.0
27697,6929,17,3,22.02,0.0
27698,6929,23,1,14.2,0.0
27699,6929,218,3,21.24,0.0
27700,6930,17,3,22.02,0.0
27701,6930,90,1,3.2,0.0
27702,6931,8,1,23.8,0.0
27703,6931,74,3,12.36,0.0
27704,6931,6,3,24.22,2.42
27705,6932,170,3,13.05,1.31
27706,6932,174,2,13.87,0.0
27707,6932,176,3,3.93,0.0
27708,6932,19,2,7.1,0.0
27709,6932,28,3,16.85,0.0
27710,6933,16,1,3.81,0.0
27711,6933,51,3,20.32,0.0
27712,6933,36,2,23.88,0.0
27713,6933,39,3,14.97,0.0
27714,6934,8,3,23.8,0.0
27715,6934,154,2,24.21,0.0
27716,6934,11,2,10.32,0.0
27717,6935,24,3,6.46,0.65
27718,6935,1,3,11.87,0.0
27719,6935,20,1,19.92,0.0
27720,6935,41,1,17.67,1.77
27721,6936,9,1,12.58,0.0
27722,6936,4,1,8.66,0.0
27723,6937,34,2,19.46,0.0
27724,6937,3,2,16.72,0.0
27725,6937,134,2,14.11,0.0
27726,6937,9,2,12.58,0.0
27727,6937,11,1,10.32,0.0
27728,6937,19,3,7.1,0.0
27729,6938,17,1,22.02,0.0
27730,6938,13,2,4.43,0.0
27731,6938,9,2,12.58,0.0
27732,6939,225,2,2.04,0.0
27733,6939,40,3,15.33,0.0
27734,6939,181,3,4.11,0.0
27735,6939,188,1,10.6,1.06
27736,6939,94,1,14.83,0.0
27737,6940,1,2,11.87,0.0
27738,6940,26,1,10.08,0.0
27739,6940,34,3,19.46,0.0
27740,6940,142,1,16.37,0.0
27741,6941,121,2,2.42,0.0
27742,6941,27,1,24.04,0.0
27743,6941,12,3,12.04,0.0
27744,6941,30,2,4.36,0.0
27745,6942,35,1,3.73,0.0
27746,6942,14,3,12.02,0.0
27747,6943,128,3,5.56,0.56
27748,6943,4,3,8.66,0.0
27749,6943,8,3,23.8,0.0
27750,6943,15,3,11.21,1.12
27751,6943,210,2,11.73,0.0
27752,6943,148,3,24.3,0.0
27753,6944,158,4,17.6,0.0
27754,6944,39,3,14.97,1.5
27755,6944,86,1,23.11,2.31
27756,6944,14,3,12.02,0.0
27757,6945,98,3,24.18,0.0
27758,6945,4,1,8.66,0.0
27759,6945,37,1,16.44,0.0
27760,6945,23,2,14.2,0.0
27761,6946,128,1,5.56,0.0
27762,6946,67,1,2.94,0.0
27763,6946,122,3,9.1,0.0
27764,6946,28,3,16.85,0.0
27765,6946,223,1,18.53,0.0
27766,6947,25,3,19.85,1.99
27767,6947,26,2,10.08,0.0
27768,6947,244,1,7.55,0.0
27769,6948,8,1,23.8,2.38
27770,6948,17,1,22.02,0.0
27771,6948,20,3,19.92,0.0
27772,6948,22,2,16.56,0.0
27773,6949,57,3,10.48,0.0
27774,6949,26,1,10.08,0.0
27775,6949,27,2,24.04,0.0
27776,6949,13,1,4.43,0.0
27777,6950,48,3,12.11,0.0
27778,6950,17,3,22.02,0.0
27779,6950,67,3,2.94,0.0
27780,6951,92,2,9.7,0.97
27781,6951,22,1,16.56,1.66
27782,6952,5,3,11.32,1.13
27783,6952,105,3,17.09,0.0
27784,6952,14,3,12.02,0.0
27785,6952,22,3,16.56,1.66
27786,6952,27,2,24.04,0.0
27787,6953,24,2,6.46,0.0
27788,6953,4,3,8.66,0.0
27789,6953,31,2,7.89,0.0
27790,6954,96,2,7.8,0.0
27791,6954,37,1,16.44,1.64
27792,6954,140,3,6.16,0.0
27793,6954,49,1,12.79,0.0
27794,6954,55,2,12.62,0.0
27795,6954,31,1,7.89,0.0
27796,6955,10,1,17.86,0.0
27797,6955,13,1,4.43,0.0
27798,6955,15,2,11.21,0.0
27799,6955,20,1,19.92,0.0
27800,6955,56,3,2.86,0.0
27801,6956,16,2,3.81,0.0
27802,6956,18,3,19.15,0.0
27803,6957,228,2,6.31,0.0
27804,6957,39,2,14.97,0.0
27805,6957,112,3,9.55,0.0
27806,6957,19,4,7.1,0.71
27807,6957,21,1,3.76,0.0
27808,6957,29,4,5.4,0.0
27809,6958,36,1,23.88,0.0
27810,6958,13,1,4.43,0.0
27811,6958,20,1,19.92,0.0
27812,6958,52,1,15.6,1.56
27813,6958,189,3,10.88,0.0
27814,6959,199,3,12.87,0.0
27815,6959,203,2,16.15,0.0
27816,6959,86,3,23.11,2.31
27817,6959,26,2,10.08,0.0
27818,6959,28,3,16.85,0.0
27819,6960,39,2,14.97,0.0
27820,6960,168,1,22.08,0.0
27821,6960,12,1,12.04,0.0
27822,6960,14,3,12.02,0.0
27823,6960,87,2,10.91,0.0
27824,6961,11,1,10.32,0.0
27825,6961,13,2,4.43,0.0
27826,6961,79,3,16.86,0.0
27827,6961,117,2,22.99,0.0
27828,6961,30,1,4.36,0.0
27829,6962,8,2,23.8,0.0
27830,6962,204,1,22.83,0.0
27831,6962,12,4,12.04,0.0
27832,6962,21,1,3.76,0.0
27833,6962,23,2,14.2,0.0
27834,6963,25,2,19.85,0.0
27835,6963,18,3,19.15,0.0
27836,6963,13,1,4.43,0.0
27837,6963,142,1,16.37,0.0
27838,6964,136,2,22.16,0.0
27839,6964,13,1,4.43,0.0
27840,6964,143,1,22.76,0.0
27841,6964,114,3,18.17,0.0
27842,6964,28,2,16.85,0.0
27843,6965,32,3,5.99,0.0
27844,6965,240,3,10.59,1.06
27845,6965,10,3,17.86,1.79
27846,6965,30,3,4.36,0.0
27847,6966,35,1,3.73,0.0
27848,6966,11,3,10.32,0.0
27849,6966,29,3,5.4,0.0
27850,6966,31,2,7.89,0.0
27851,6967,38,1,12.67,0.0
27852,6967,7,2,5.95,0.6
27853,6967,19,3,7.1,0.0
27854,6967,20,1,19.92,0.0
27855,6967,157,1,6.46,0.0
27856,6967,159,3,15.12,1.51
27857,6968,51,2,20.32,0.0
27858,6968,19,1,7.1,0.0
27859,6968,4,1,8.66,0.0
27860,6968,39,1,14.97,0.0
27861,6969,40,2,15.33,0.0
27862,6969,182,3,22.94,0.0
27863,6970,32,3,5.99,0.0
27864,6970,9,3,12.58,1.26
27865,6970,15,2,11.21,0.0
27866,6971,25,2,19.85,1.99
27867,6971,242,1,10.21,0.0
27868,6972,26,2,10.08,0.0
27869,6972,30,1,4.36,0.0
27870,6972,15,2,11.21,0.0
27871,6973,12,4,12.04,1.2
27872,6973,21,3,3.76,0.0
27873,6973,54,4,3.71,0.0
27874,6974,17,3,22.02,0.0
27875,6974,26,2,10.08,0.0
27876,6974,204,2,22.83,0.0
27877,6974,92,2,9.7,0.0
27878,6975,130,3,20.13,0.0
27879,6975,11,1,10.32,0.0
27880,6975,39,1,14.97,0.0
27881,6976,83,2,14.05,0.0
27882,6976,29,1,5.4,0.0
27883,6976,63,1,10.84,0.0
27884,6977,4,3,8.66,0.0
27885,6977,21,3,3.76,0.0
27886,6978,4,1,8.66,0.0
27887,6978,29,1,5.4,0.0
27888,6979,28,1,16.85,0.0
27889,6979,29,3,5.4,0.54
27890,6980,134,1,14.11,0.0
27891,6980,21,2,3.76,0.0
27892,6980,22,2,16.56,0.0
27893,6981,82,2,24.79,0.0
27894,6981,235,2,13.68,0.0
27895,6981,102,2,17.26,0.0
27896,6981,31,3,7.89,0.0
27897,6982,115,3,23.78,0.0
27898,6982,103,1,23.09,0.0
27899,6982,39,1,14.97,0.0
27900,6983,48,2,12.11,0.0
27901,6983,26,1,10.08,0.0
27902,6983,35,1,3.73,0.0
27903,6983,30,2,4.36,0.0
27904,6984,196,1,5.36,0.0
27905,6984,31,3,7.89,0.0
27906,6985,19,3,7.1,0.0
27907,6985,21,3,3.76,0.0
27908,6985,31,2,7.89,0.0
27909,6986,1,2,11.87,0.0
27910,6986,19,2,7.1,0.0
27911,6986,14,1,12.02,0.0
27912,6987,32,1,5.99,0.0
27913,6987,1,1,11.87,0.0
27914,6987,3,1,16.72,0.0
27915,6987,13,2,4.43,0.0
27916,6987,19,3,7.1,0.0
27917,6988,16,3,3.81,0.0
27918,6988,218,1,21.24,2.12
27919,6988,30,2,4.36,0.0
27920,6988,31,3,7.89,0.0
27921,6989,7,1,5.95,0.0
27922,6989,93,1,9.58,0.0
27923,6989,239,2,10.9,0.0
27924,6990,101,2,3.87,0.0
27925,6990,38,3,12.67,0.0
27926,6990,141,2,17.94,0.0
27927,6990,26,2,10.08,0.0
27928,6990,29,3,5.4,0.0
27929,6991,36,3,23.88,0.0
27930,6991,37,3,16.44,0.0
27931,6991,17,1,22.02,0.0
27932,6991,81,3,18.28,0.0
27933,6991,153,3,7.5,0.0
27934,6991,31,2,7.89,0.0
27935,6992,73,2,24.03,0.0
27936,6992,18,1,19.15,0.0
27937,6992,3,2,16.72,0.0
27938,6992,15,3,11.21,0.0
27939,6993,2,1,11.3,0.0
27940,6993,28,2,16.85,0.0
27941,6994,59,2,16.83,0.0
27942,6994,27,2,24.04,0.0
27943,6994,4,2,8.66,0.0
27944,6994,35,3,3.73,0.0
27945,6995,35,1,3.73,0.0
27946,6995,15,2,11.21,1.12
27947,6996,32,3,5.99,0.0
27948,6996,238,2,3.0,0.0
27949,6996,19,1,7.1,0.0
27950,6996,25,3,19.85,0.0
27951,6996,28,1,16.85,0.0
27952,6996,29,1,5.4,0.54
27953,6997,153,4,7.5,0.0
27954,6997,11,2,10.32,0.0
27955,6997,221,2,16.53,0.0
27956,6997,113,2,4.94,0.0
27957,6998,2,2,11.3,0.0
27958,6998,43,2,16.79,0.0
27959,6998,204,1,22.83,0.0
27960,6998,70,1,6.33,0.0
27961,6999,36,2,23.88,0.0
27962,6999,8,1,23.8,0.0
27963,6999,17,2,22.02,0.0
27964,6999,151,3,20.03,0.0
27965,6999,186,3,11.54,0.0
27966,7000,38,3,12.67,0.0
27967,7000,74,2,12.36,0.0
27968,7000,243,1,3.55,0.0
27969,7000,118,2,4.15,0.0
